{
  "jsonapi": {
    "version": "1.0",
    "meta": {
      "links": {
        "self": {
          "href": "http://jsonapi.org/format/1.0/"
        }
      }
    }
  },
  "data": {},
  "included": [
    {
      "type": "taxonomy_term--quiz_action",
      "id": "cf021369-7aac-4c53-981d-f94871a7240e",
      "links": {
        "self": {
          "href": "https://prod1ckyxqa9.main-fe.acsf.baywsf.com/jsonapi/taxonomy_term/quiz_action/cf021369-7aac-4c53-981d-f94871a7240e"
        }
      },
      "attributes": {
        "drupal_internal__tid": 256,
        "drupal_internal__revision_id": 256,
        "langcode": "es",
        "revision_created": "2021-03-16T06:23:09+00:00",
        "revision_log_message": null,
        "status": true,
        "name": "Próxima Pregunta",
        "description": null,
        "weight": 0,
        "changed": "2021-03-16T06:27:32+00:00",
        "default_langcode": true,
        "revision_translation_affected": true,
        "metatag": null,
        "path": {
          "alias": null,
          "pid": null,
          "langcode": "es"
        },
        "content_translation_source": "und",
        "content_translation_outdated": false,
        "content_translation_created": "2021-03-16T06:23:09+00:00"
      },
      "relationships": {
        "vid": {
          "data": {
            "type": "taxonomy_vocabulary--taxonomy_vocabulary",
            "id": "3792edc5-69f2-4b0c-80a6-821e5d0b388d"
          },
          "links": {
            "related": {
              "href": "https://prod1ckyxqa9.main-fe.acsf.baywsf.com/jsonapi/taxonomy_term/quiz_action/cf021369-7aac-4c53-981d-f94871a7240e/vid"
            },
            "self": {
              "href": "https://prod1ckyxqa9.main-fe.acsf.baywsf.com/jsonapi/taxonomy_term/quiz_action/cf021369-7aac-4c53-981d-f94871a7240e/relationships/vid"
            }
          }
        },
        "revision_user": {
          "data": null,
          "links": {
            "related": {
              "href": "https://prod1ckyxqa9.main-fe.acsf.baywsf.com/jsonapi/taxonomy_term/quiz_action/cf021369-7aac-4c53-981d-f94871a7240e/revision_user"
            },
            "self": {
              "href": "https://prod1ckyxqa9.main-fe.acsf.baywsf.com/jsonapi/taxonomy_term/quiz_action/cf021369-7aac-4c53-981d-f94871a7240e/relationships/revision_user"
            }
          }
        },
        "parent": {
          "data": [
            {
              "type": "taxonomy_term--quiz_action",
              "id": "virtual",
              "meta": {
                "links": {
                  "help": {
                    "href": "https://www.drupal.org/docs/8/modules/json-api/core-concepts#virtual",
                    "meta": {
                      "about": "Usage and meaning of the 'virtual' resource identifier."
                    }
                  }
                }
              }
            }
          ],
          "links": {
            "related": {
              "href": "https://prod1ckyxqa9.main-fe.acsf.baywsf.com/jsonapi/taxonomy_term/quiz_action/cf021369-7aac-4c53-981d-f94871a7240e/parent"
            },
            "self": {
              "href": "https://prod1ckyxqa9.main-fe.acsf.baywsf.com/jsonapi/taxonomy_term/quiz_action/cf021369-7aac-4c53-981d-f94871a7240e/relationships/parent"
            }
          }
        },
        "content_translation_uid": {
          "data": {
            "type": "user--user",
            "id": "b9586583-7d7f-400e-8406-b907d2fae496"
          },
          "links": {
            "related": {
              "href": "https://prod1ckyxqa9.main-fe.acsf.baywsf.com/jsonapi/taxonomy_term/quiz_action/cf021369-7aac-4c53-981d-f94871a7240e/content_translation_uid"
            },
            "self": {
              "href": "https://prod1ckyxqa9.main-fe.acsf.baywsf.com/jsonapi/taxonomy_term/quiz_action/cf021369-7aac-4c53-981d-f94871a7240e/relationships/content_translation_uid"
            }
          }
        }
      }
    }
  ],
  "links": {
    "self": {
      "href": "https://prod1ckyxqa9.main-fe.acsf.baywsf.com/jsonapi/node/question/d45b9a52-e665-4eea-8f2f-a6ed69167d1d?include=field_actions"
    }
  }
}
