{
  "jsonapi": {
    "version": "1.0",
    "meta": {
      "links": {
        "self": {
          "href": "http://jsonapi.org/format/1.0/"
        }
      }
    }
  },
  "data": [
    {
      "type": "node--result",
      "id": "2bcd6f4c-f681-4699-bb1e-42396e3c22e3",
      "links": {
        "self": {
          "href": "https://prodnvbq7vbe.main-fe.acsf.baywsf.com/jsonapi/node/result/2bcd6f4c-f681-4699-bb1e-42396e3c22e3?resourceVersion=id%3A32321"
        }
      },
      "attributes": {
        "drupal_internal__nid": 1221,
        "drupal_internal__vid": 32321,
        "langcode": "de",
        "revision_timestamp": "2021-02-14T08:21:21+00:00",
        "revision_log": null,
        "status": true,
        "title": "Ihre Antworten weisen auf eine Vaginalmykose hin",
        "created": "2021-02-14T08:13:49+00:00",
        "changed": "2021-02-14T08:17:33+00:00",
        "promote": false,
        "sticky": false,
        "default_langcode": true,
        "revision_translation_affected": null,
        "moderation_state": null,
        "metatag": null,
        "path": {
          "alias": null,
          "pid": null,
          "langcode": "de"
        },
        "private": false,
        "field_metatags": null,
        "content_translation_source": "und",
        "content_translation_outdated": false,
        "published_at": "2021-02-14T08:13:49+00:00",
        "field_error": null,
        "field_instruction": {
          "value": "<p>Eine Vaginalmykose, auch Scheidenpilz genannt, ist eine Pilzinfektion in Ihrer Vagina. Hefepilze und Bakterien leben auch in einer gesunden Scheidenhaut, doch wenn der Hefepilz Candida albicans stark vermehrt, kann dies zu einer Vaginalmykose führen. Es ist möglich, dass sich der Pilz vermehrt, wenn Ihr Immunsystem geschwächt ist oder gutartige Bakterien, Laktobazillen genannt, den Pilz nicht mehr kontrollieren können. Zu Ihrer Info: Vaginalmykose ist nicht sexuell übertragbar.</p>\r\n\r\n<p>Die Infektion kann sehr unangenehm sein, ist in den meisten Fällen jedoch zu behandeln.</p>\r\n\r\n<p>Um die Diagnose der Vaginalmykose abzusichern, suchen Sie Ihre Apotheke oder Drogerie auf.</p>\r\n\r\n<p class=\"listResult\">Wir empfehlen Ihnen, Ihren Arzt aufzusuchen, falls:</p>\r\n\r\n<ul>\r\n\t<li>Sie zum ersten Mal an Vaginalmykose erkrankt sind.</li>\r\n\t<li>Ihre bisherigen Behandlungen nicht erfolgreich waren.</li>\r\n\t<li>Sie in den letzten sechs Monaten öfter als zwei Mal an Vaginalmykose erkrankt sind.</li>\r\n\t<li>Sie unter 18 oder über 60 Jahre alt sind.</li>\r\n</ul>\r\n",
          "format": "cohesion_without_glossify",
          "processed": "<p>Eine Vaginalmykose, auch Scheidenpilz genannt, ist eine Pilzinfektion in Ihrer Vagina. Hefepilze und Bakterien leben auch in einer gesunden Scheidenhaut, doch wenn der Hefepilz Candida albicans stark vermehrt, kann dies zu einer Vaginalmykose führen. Es ist möglich, dass sich der Pilz vermehrt, wenn Ihr Immunsystem geschwächt ist oder gutartige Bakterien, Laktobazillen genannt, den Pilz nicht mehr kontrollieren können. Zu Ihrer Info: Vaginalmykose ist nicht sexuell übertragbar.</p>\n\n<p>Die Infektion kann sehr unangenehm sein, ist in den meisten Fällen jedoch zu behandeln.</p>\n\n<p>Um die Diagnose der Vaginalmykose abzusichern, suchen Sie Ihre Apotheke oder Drogerie auf.</p>\n\n<p class=\"listResult\">Wir empfehlen Ihnen, Ihren Arzt aufzusuchen, falls:</p>\n\n<ul><li>Sie zum ersten Mal an Vaginalmykose erkrankt sind.</li>\n\t<li>Ihre bisherigen Behandlungen nicht erfolgreich waren.</li>\n\t<li>Sie in den letzten sechs Monaten öfter als zwei Mal an Vaginalmykose erkrankt sind.</li>\n\t<li>Sie unter 18 oder über 60 Jahre alt sind.</li>\n</ul>"
        },
        "field_references": {
          "value": "<p>{\"indication\":\"thrush\",\"category\":\"canSwitzerland\",\"result\":\"1\"}</p>\r\n",
          "format": "cohesion_without_glossify",
          "processed": "<p>{\"indication\":\"thrush\",\"category\":\"canSwitzerland\"}</p>\n"
        }
      },
      "relationships": {
        "node_type": {
          "data": {
            "type": "node_type--node_type",
            "id": "c1aa7a26-ea4d-403b-9942-a00c297f8b2f"
          },
          "links": {
            "related": {
              "href": "https://prodnvbq7vbe.main-fe.acsf.baywsf.com/jsonapi/node/result/2bcd6f4c-f681-4699-bb1e-42396e3c22e3/node_type?resourceVersion=id%3A32321"
            },
            "self": {
              "href": "https://prodnvbq7vbe.main-fe.acsf.baywsf.com/jsonapi/node/result/2bcd6f4c-f681-4699-bb1e-42396e3c22e3/relationships/node_type?resourceVersion=id%3A32321"
            }
          }
        },
        "revision_uid": {
          "data": {
            "type": "user--user",
            "id": "c48aba71-438d-44c8-a315-2803a8380004"
          },
          "links": {
            "related": {
              "href": "https://prodnvbq7vbe.main-fe.acsf.baywsf.com/jsonapi/node/result/2bcd6f4c-f681-4699-bb1e-42396e3c22e3/revision_uid?resourceVersion=id%3A32321"
            },
            "self": {
              "href": "https://prodnvbq7vbe.main-fe.acsf.baywsf.com/jsonapi/node/result/2bcd6f4c-f681-4699-bb1e-42396e3c22e3/relationships/revision_uid?resourceVersion=id%3A32321"
            }
          }
        },
        "uid": {
          "data": {
            "type": "user--user",
            "id": "c48aba71-438d-44c8-a315-2803a8380004"
          },
          "links": {
            "related": {
              "href": "https://prodnvbq7vbe.main-fe.acsf.baywsf.com/jsonapi/node/result/2bcd6f4c-f681-4699-bb1e-42396e3c22e3/uid?resourceVersion=id%3A32321"
            },
            "self": {
              "href": "https://prodnvbq7vbe.main-fe.acsf.baywsf.com/jsonapi/node/result/2bcd6f4c-f681-4699-bb1e-42396e3c22e3/relationships/uid?resourceVersion=id%3A32321"
            }
          }
        },
        "field_schema_json_ld_file": {
          "data": null,
          "links": {
            "related": {
              "href": "https://prodnvbq7vbe.main-fe.acsf.baywsf.com/jsonapi/node/result/2bcd6f4c-f681-4699-bb1e-42396e3c22e3/field_schema_json_ld_file?resourceVersion=id%3A32321"
            },
            "self": {
              "href": "https://prodnvbq7vbe.main-fe.acsf.baywsf.com/jsonapi/node/result/2bcd6f4c-f681-4699-bb1e-42396e3c22e3/relationships/field_schema_json_ld_file?resourceVersion=id%3A32321"
            }
          }
        },
        "field_actions": {
          "data": [
            {
              "type": "taxonomy_term--quiz_action",
              "id": "63f2b9fb-2e2c-4516-bdae-a5bc67996744"
            }
          ],
          "links": {
            "related": {
              "href": "https://prodnvbq7vbe.main-fe.acsf.baywsf.com/jsonapi/node/result/2bcd6f4c-f681-4699-bb1e-42396e3c22e3/field_actions?resourceVersion=id%3A32321"
            },
            "self": {
              "href": "https://prodnvbq7vbe.main-fe.acsf.baywsf.com/jsonapi/node/result/2bcd6f4c-f681-4699-bb1e-42396e3c22e3/relationships/field_actions?resourceVersion=id%3A32321"
            }
          }
        }
      }
    },
    {
      "type": "node--result",
      "id": "158ea275-88a7-4fec-b3ac-45cf15e13bdb",
      "links": {
        "self": {
          "href": "https://prodnvbq7vbe.main-fe.acsf.baywsf.com/jsonapi/node/result/158ea275-88a7-4fec-b3ac-45cf15e13bdb?resourceVersion=id%3A32341"
        }
      },
      "attributes": {
        "drupal_internal__nid": 1226,
        "drupal_internal__vid": 32341,
        "langcode": "de",
        "revision_timestamp": "2021-02-14T08:35:48+00:00",
        "revision_log": null,
        "status": true,
        "title": "Ihre Antworten weisen auf eine Bakterielle Vaginose hin",
        "created": "2021-02-14T08:26:27+00:00",
        "changed": "2021-02-14T08:34:23+00:00",
        "promote": false,
        "sticky": false,
        "default_langcode": true,
        "revision_translation_affected": null,
        "moderation_state": null,
        "metatag": null,
        "path": {
          "alias": null,
          "pid": null,
          "langcode": "de"
        },
        "private": false,
        "field_metatags": null,
        "content_translation_source": "und",
        "content_translation_outdated": false,
        "published_at": "2021-02-14T08:26:27+00:00",
        "field_error": null,
        "field_instruction": {
          "value": "<p>Bakterielle Vaginose klingt vielleicht anstrengend, kommt aber häufig vor und ist zu behandeln. Wenn Sie an einer solchen erkranken, denken Sie daran, dass Sie damit nicht alleine sind. Die bakterielle Vaginose ist die häufigste Ursache vaginaler Infektionen bei Frauen im gebärfähigen Alter. Normalerweise ist Ihre Vagina säurehaltig, was dabei hilft, dem Wachstum schädlicher Bakterien vorzubeugen und das Level gutartiger Bakterien, Laktobazillen genannt, aufrechtzuerhalten. Wenn der pH-Wert weniger sauer wird, kann sich dies auf die Gesundheit Ihrer Scheide auswirken. Viele Frauen wissen nicht, dass vaginale Infektionen meist durch Bakterien verursacht werden und nicht durch Pilze (wie im Falle von Vaginalmykose) und Trichomoniasis (als sexuell übertragbare Infektion).</p>\r\n\r\n<p>Um die Diagnose der bakteriellen Vaginose abzusichern, suchen Sie eine Fachperson auf.</p>\r\n\r\n<p class=\"listResult\">Wir empfehlen Ihnen, Ihren Arzt aufzusuchen, falls:</p>\r\n\r\n<ul>\r\n\t<li>Ihre Symptome sich verschlimmern oder nach der Behandlung mit einem Medikament nicht aufgehört haben</li>\r\n\t<li>Ihr Ausfluss blutig ist</li>\r\n\t<li>Ihr Ausfluss während der Menopause auftritt.</li>\r\n</ul>\r\n",
          "format": "cohesion_without_glossify",
          "processed": "<p>Bakterielle Vaginose klingt vielleicht anstrengend, kommt aber häufig vor und ist zu behandeln. Wenn Sie an einer solchen erkranken, denken Sie daran, dass Sie damit nicht alleine sind. Die bakterielle Vaginose ist die häufigste Ursache vaginaler Infektionen bei Frauen im gebärfähigen Alter. Normalerweise ist Ihre Vagina säurehaltig, was dabei hilft, dem Wachstum schädlicher Bakterien vorzubeugen und das Level gutartiger Bakterien, Laktobazillen genannt, aufrechtzuerhalten. Wenn der pH-Wert weniger sauer wird, kann sich dies auf die Gesundheit Ihrer Scheide auswirken. Viele Frauen wissen nicht, dass vaginale Infektionen meist durch Bakterien verursacht werden und nicht durch Pilze (wie im Falle von Vaginalmykose) und Trichomoniasis (als sexuell übertragbare Infektion).</p>\n\n<p>Um die Diagnose der bakteriellen Vaginose abzusichern, suchen Sie eine Fachperson auf.</p>\n\n<p class=\"listResult\">Wir empfehlen Ihnen, Ihren Arzt aufzusuchen, falls:</p>\n\n<ul><li>Ihre Symptome sich verschlimmern oder nach der Behandlung mit einem Medikament nicht aufgehört haben</li>\n\t<li>Ihr Ausfluss blutig ist</li>\n\t<li>Ihr Ausfluss während der Menopause auftritt.</li>\n</ul>"
        },
        "field_references": {
          "value": "<p>{\"indication\":\"bv\",\"category\":\"canSwitzerland\",\"result\":\"2\"}</p>\r\n",
          "format": "cohesion_without_glossify",
          "processed": "<p>{\"indication\":\"bv\",\"category\":\"canSwitzerland\"}</p>\n"
        }
      },
      "relationships": {
        "node_type": {
          "data": {
            "type": "node_type--node_type",
            "id": "c1aa7a26-ea4d-403b-9942-a00c297f8b2f"
          },
          "links": {
            "related": {
              "href": "https://prodnvbq7vbe.main-fe.acsf.baywsf.com/jsonapi/node/result/158ea275-88a7-4fec-b3ac-45cf15e13bdb/node_type?resourceVersion=id%3A32341"
            },
            "self": {
              "href": "https://prodnvbq7vbe.main-fe.acsf.baywsf.com/jsonapi/node/result/158ea275-88a7-4fec-b3ac-45cf15e13bdb/relationships/node_type?resourceVersion=id%3A32341"
            }
          }
        },
        "revision_uid": {
          "data": {
            "type": "user--user",
            "id": "c48aba71-438d-44c8-a315-2803a8380004"
          },
          "links": {
            "related": {
              "href": "https://prodnvbq7vbe.main-fe.acsf.baywsf.com/jsonapi/node/result/158ea275-88a7-4fec-b3ac-45cf15e13bdb/revision_uid?resourceVersion=id%3A32341"
            },
            "self": {
              "href": "https://prodnvbq7vbe.main-fe.acsf.baywsf.com/jsonapi/node/result/158ea275-88a7-4fec-b3ac-45cf15e13bdb/relationships/revision_uid?resourceVersion=id%3A32341"
            }
          }
        },
        "uid": {
          "data": {
            "type": "user--user",
            "id": "c48aba71-438d-44c8-a315-2803a8380004"
          },
          "links": {
            "related": {
              "href": "https://prodnvbq7vbe.main-fe.acsf.baywsf.com/jsonapi/node/result/158ea275-88a7-4fec-b3ac-45cf15e13bdb/uid?resourceVersion=id%3A32341"
            },
            "self": {
              "href": "https://prodnvbq7vbe.main-fe.acsf.baywsf.com/jsonapi/node/result/158ea275-88a7-4fec-b3ac-45cf15e13bdb/relationships/uid?resourceVersion=id%3A32341"
            }
          }
        },
        "field_schema_json_ld_file": {
          "data": null,
          "links": {
            "related": {
              "href": "https://prodnvbq7vbe.main-fe.acsf.baywsf.com/jsonapi/node/result/158ea275-88a7-4fec-b3ac-45cf15e13bdb/field_schema_json_ld_file?resourceVersion=id%3A32341"
            },
            "self": {
              "href": "https://prodnvbq7vbe.main-fe.acsf.baywsf.com/jsonapi/node/result/158ea275-88a7-4fec-b3ac-45cf15e13bdb/relationships/field_schema_json_ld_file?resourceVersion=id%3A32341"
            }
          }
        },
        "field_actions": {
          "data": [
            {
              "type": "taxonomy_term--quiz_action",
              "id": "63f2b9fb-2e2c-4516-bdae-a5bc67996744"
            }
          ],
          "links": {
            "related": {
              "href": "https://prodnvbq7vbe.main-fe.acsf.baywsf.com/jsonapi/node/result/158ea275-88a7-4fec-b3ac-45cf15e13bdb/field_actions?resourceVersion=id%3A32341"
            },
            "self": {
              "href": "https://prodnvbq7vbe.main-fe.acsf.baywsf.com/jsonapi/node/result/158ea275-88a7-4fec-b3ac-45cf15e13bdb/relationships/field_actions?resourceVersion=id%3A32341"
            }
          }
        }
      }
    },
    {
      "type": "node--result",
      "id": "c0431fb9-3dea-4bdd-803b-6351bf3d3c6c",
      "links": {
        "self": {
          "href": "https://prodnvbq7vbe.main-fe.acsf.baywsf.com/jsonapi/node/result/c0431fb9-3dea-4bdd-803b-6351bf3d3c6c?resourceVersion=id%3A32351"
        }
      },
      "attributes": {
        "drupal_internal__nid": 1231,
        "drupal_internal__vid": 32351,
        "langcode": "de",
        "revision_timestamp": "2021-02-14T08:42:13+00:00",
        "revision_log": null,
        "status": true,
        "title": "Ihre Antworten weisen auf eine Trichomoniasis hin",
        "created": "2021-02-14T08:39:53+00:00",
        "changed": "2021-02-14T08:39:53+00:00",
        "promote": false,
        "sticky": false,
        "default_langcode": true,
        "revision_translation_affected": null,
        "moderation_state": null,
        "metatag": null,
        "path": {
          "alias": null,
          "pid": null,
          "langcode": "de"
        },
        "private": false,
        "field_metatags": null,
        "content_translation_source": "und",
        "content_translation_outdated": false,
        "published_at": "2021-02-14T08:39:53+00:00",
        "field_error": null,
        "field_instruction": {
          "value": "<p>Trichomoniasis ist eine sexuell übertragbare Infektion (STD), verursacht durch einen Parasiten namens Trichomonas vaginalis.</p>\r\n\r\n<p>Um die Diagnose der Trichomoniasis abzusichern, suchen Sie Ihren Arzt auf.</p>\r\n",
          "format": "cohesion_without_glossify",
          "processed": "<p>Trichomoniasis ist eine sexuell übertragbare Infektion (STD), verursacht durch einen Parasiten namens Trichomonas vaginalis.</p>\n\n<p>Um die Diagnose der Trichomoniasis abzusichern, suchen Sie Ihren Arzt auf.</p>\n"
        },
        "field_references": {
          "value": "<p>{\"indication\":\"Thrichomoniasis\",\"category\":\"canSwitzerland\",\"result\":\"3\"}</p>\r\n",
          "format": "cohesion_without_glossify",
          "processed": "<p>{\"indication\":\"Thrichomoniasis\",\"category\":\"canSwitzerland\"}</p>\n"
        }
      },
      "relationships": {
        "node_type": {
          "data": {
            "type": "node_type--node_type",
            "id": "c1aa7a26-ea4d-403b-9942-a00c297f8b2f"
          },
          "links": {
            "related": {
              "href": "https://prodnvbq7vbe.main-fe.acsf.baywsf.com/jsonapi/node/result/c0431fb9-3dea-4bdd-803b-6351bf3d3c6c/node_type?resourceVersion=id%3A32351"
            },
            "self": {
              "href": "https://prodnvbq7vbe.main-fe.acsf.baywsf.com/jsonapi/node/result/c0431fb9-3dea-4bdd-803b-6351bf3d3c6c/relationships/node_type?resourceVersion=id%3A32351"
            }
          }
        },
        "revision_uid": {
          "data": {
            "type": "user--user",
            "id": "c48aba71-438d-44c8-a315-2803a8380004"
          },
          "links": {
            "related": {
              "href": "https://prodnvbq7vbe.main-fe.acsf.baywsf.com/jsonapi/node/result/c0431fb9-3dea-4bdd-803b-6351bf3d3c6c/revision_uid?resourceVersion=id%3A32351"
            },
            "self": {
              "href": "https://prodnvbq7vbe.main-fe.acsf.baywsf.com/jsonapi/node/result/c0431fb9-3dea-4bdd-803b-6351bf3d3c6c/relationships/revision_uid?resourceVersion=id%3A32351"
            }
          }
        },
        "uid": {
          "data": {
            "type": "user--user",
            "id": "c48aba71-438d-44c8-a315-2803a8380004"
          },
          "links": {
            "related": {
              "href": "https://prodnvbq7vbe.main-fe.acsf.baywsf.com/jsonapi/node/result/c0431fb9-3dea-4bdd-803b-6351bf3d3c6c/uid?resourceVersion=id%3A32351"
            },
            "self": {
              "href": "https://prodnvbq7vbe.main-fe.acsf.baywsf.com/jsonapi/node/result/c0431fb9-3dea-4bdd-803b-6351bf3d3c6c/relationships/uid?resourceVersion=id%3A32351"
            }
          }
        },
        "field_schema_json_ld_file": {
          "data": null,
          "links": {
            "related": {
              "href": "https://prodnvbq7vbe.main-fe.acsf.baywsf.com/jsonapi/node/result/c0431fb9-3dea-4bdd-803b-6351bf3d3c6c/field_schema_json_ld_file?resourceVersion=id%3A32351"
            },
            "self": {
              "href": "https://prodnvbq7vbe.main-fe.acsf.baywsf.com/jsonapi/node/result/c0431fb9-3dea-4bdd-803b-6351bf3d3c6c/relationships/field_schema_json_ld_file?resourceVersion=id%3A32351"
            }
          }
        },
        "field_actions": {
          "data": [
            {
              "type": "taxonomy_term--quiz_action",
              "id": "63f2b9fb-2e2c-4516-bdae-a5bc67996744"
            }
          ],
          "links": {
            "related": {
              "href": "https://prodnvbq7vbe.main-fe.acsf.baywsf.com/jsonapi/node/result/c0431fb9-3dea-4bdd-803b-6351bf3d3c6c/field_actions?resourceVersion=id%3A32351"
            },
            "self": {
              "href": "https://prodnvbq7vbe.main-fe.acsf.baywsf.com/jsonapi/node/result/c0431fb9-3dea-4bdd-803b-6351bf3d3c6c/relationships/field_actions?resourceVersion=id%3A32351"
            }
          }
        }
      }
    },
    {
      "type": "node--result",
      "id": "29f74cab-fb5f-4eeb-8f6d-e699d42386b6",
      "links": {
        "self": {
          "href": "https://prodnvbq7vbe.main-fe.acsf.baywsf.com/jsonapi/node/result/29f74cab-fb5f-4eeb-8f6d-e699d42386b6?resourceVersion=id%3A32361"
        }
      },
      "attributes": {
        "drupal_internal__nid": 1236,
        "drupal_internal__vid": 32361,
        "langcode": "de",
        "revision_timestamp": "2021-02-14T08:47:05+00:00",
        "revision_log": null,
        "status": true,
        "title": "Canesten 6-day pessary ",
        "created": "2021-02-14T08:45:45+00:00",
        "changed": "2021-02-14T08:45:45+00:00",
        "promote": false,
        "sticky": false,
        "default_langcode": true,
        "revision_translation_affected": null,
        "moderation_state": null,
        "metatag": null,
        "path": {
          "alias": null,
          "pid": null,
          "langcode": "de"
        },
        "private": false,
        "field_metatags": null,
        "content_translation_source": "und",
        "content_translation_outdated": false,
        "published_at": "2021-02-14T08:45:45+00:00",
        "field_error": null,
        "field_instruction": {
          "value": "<p>… zumindest zeigen Sie keine Symptome. Für eine weitere Beratung wenden Sie sich an Ihre Apotheke oder Drogerie.</p>\r\n",
          "format": "cohesion_without_glossify",
          "processed": "<p>… zumindest zeigen Sie keine Symptome. Für eine weitere Beratung wenden Sie sich an Ihre Apotheke oder Drogerie.</p>\n"
        },
        "field_references": {
          "value": "<p>{\"indication\":\"none\",\"category\":\"canSwitzerland\",\"result\":\"yes\"}</p>\r\n",
          "format": "cohesion_without_glossify",
          "processed": "<p>{\"indication\":\"none\",\"category\":\"canSwitzerland\"}</p>\n"
        }
      },
      "relationships": {
        "node_type": {
          "data": {
            "type": "node_type--node_type",
            "id": "c1aa7a26-ea4d-403b-9942-a00c297f8b2f"
          },
          "links": {
            "related": {
              "href": "https://prodnvbq7vbe.main-fe.acsf.baywsf.com/jsonapi/node/result/29f74cab-fb5f-4eeb-8f6d-e699d42386b6/node_type?resourceVersion=id%3A32361"
            },
            "self": {
              "href": "https://prodnvbq7vbe.main-fe.acsf.baywsf.com/jsonapi/node/result/29f74cab-fb5f-4eeb-8f6d-e699d42386b6/relationships/node_type?resourceVersion=id%3A32361"
            }
          }
        },
        "revision_uid": {
          "data": {
            "type": "user--user",
            "id": "c48aba71-438d-44c8-a315-2803a8380004"
          },
          "links": {
            "related": {
              "href": "https://prodnvbq7vbe.main-fe.acsf.baywsf.com/jsonapi/node/result/29f74cab-fb5f-4eeb-8f6d-e699d42386b6/revision_uid?resourceVersion=id%3A32361"
            },
            "self": {
              "href": "https://prodnvbq7vbe.main-fe.acsf.baywsf.com/jsonapi/node/result/29f74cab-fb5f-4eeb-8f6d-e699d42386b6/relationships/revision_uid?resourceVersion=id%3A32361"
            }
          }
        },
        "uid": {
          "data": {
            "type": "user--user",
            "id": "c48aba71-438d-44c8-a315-2803a8380004"
          },
          "links": {
            "related": {
              "href": "https://prodnvbq7vbe.main-fe.acsf.baywsf.com/jsonapi/node/result/29f74cab-fb5f-4eeb-8f6d-e699d42386b6/uid?resourceVersion=id%3A32361"
            },
            "self": {
              "href": "https://prodnvbq7vbe.main-fe.acsf.baywsf.com/jsonapi/node/result/29f74cab-fb5f-4eeb-8f6d-e699d42386b6/relationships/uid?resourceVersion=id%3A32361"
            }
          }
        },
        "field_schema_json_ld_file": {
          "data": null,
          "links": {
            "related": {
              "href": "https://prodnvbq7vbe.main-fe.acsf.baywsf.com/jsonapi/node/result/29f74cab-fb5f-4eeb-8f6d-e699d42386b6/field_schema_json_ld_file?resourceVersion=id%3A32361"
            },
            "self": {
              "href": "https://prodnvbq7vbe.main-fe.acsf.baywsf.com/jsonapi/node/result/29f74cab-fb5f-4eeb-8f6d-e699d42386b6/relationships/field_schema_json_ld_file?resourceVersion=id%3A32361"
            }
          }
        },
        "field_actions": {
          "data": [
            {
              "type": "taxonomy_term--quiz_action",
              "id": "63f2b9fb-2e2c-4516-bdae-a5bc67996744"
            }
          ],
          "links": {
            "related": {
              "href": "https://prodnvbq7vbe.main-fe.acsf.baywsf.com/jsonapi/node/result/29f74cab-fb5f-4eeb-8f6d-e699d42386b6/field_actions?resourceVersion=id%3A32361"
            },
            "self": {
              "href": "https://prodnvbq7vbe.main-fe.acsf.baywsf.com/jsonapi/node/result/29f74cab-fb5f-4eeb-8f6d-e699d42386b6/relationships/field_actions?resourceVersion=id%3A32361"
            }
          }
        }
      }
    },
    {
      "type": "node--result",
      "id": "f78df530-82f8-45af-983c-86064787842c",
      "links": {
        "self": {
          "href": "https://prodnvbq7vbe.main-fe.acsf.baywsf.com/jsonapi/node/result/f78df530-82f8-45af-983c-86064787842c?resourceVersion=id%3A32371"
        }
      },
      "attributes": {
        "drupal_internal__nid": 1241,
        "drupal_internal__vid": 32371,
        "langcode": "de",
        "revision_timestamp": "2021-02-14T08:54:31+00:00",
        "revision_log": null,
        "status": true,
        "title": "Ihre Antworten sind nicht eindeutig",
        "created": "2021-02-14T08:51:48+00:00",
        "changed": "2021-02-14T08:51:48+00:00",
        "promote": false,
        "sticky": false,
        "default_langcode": true,
        "revision_translation_affected": null,
        "moderation_state": null,
        "metatag": null,
        "path": {
          "alias": null,
          "pid": null,
          "langcode": "de"
        },
        "private": false,
        "field_metatags": null,
        "content_translation_source": "und",
        "content_translation_outdated": false,
        "published_at": "2021-02-14T08:51:48+00:00",
        "field_error": null,
        "field_instruction": {
          "value": "<p>Für eine weitere Beratung wenden Sie sich an Ihre Apotheke oder Drogerie.</p>\r\n",
          "format": "cohesion_without_glossify",
          "processed": "<p>Für eine weitere Beratung wenden Sie sich an Ihre Apotheke oder Drogerie.</p>\n"
        },
        "field_references": {
          "value": "<p>{\"indication\":\"unclear\",\"category\":\"canSwitzerland\"}</p>\r\n",
          "format": "cohesion_without_glossify",
          "processed": "<p>{\"indication\":\"unclear\",\"category\":\"canSwitzerland\"}</p>\n"
        }
      },
      "relationships": {
        "node_type": {
          "data": {
            "type": "node_type--node_type",
            "id": "c1aa7a26-ea4d-403b-9942-a00c297f8b2f"
          },
          "links": {
            "related": {
              "href": "https://prodnvbq7vbe.main-fe.acsf.baywsf.com/jsonapi/node/result/f78df530-82f8-45af-983c-86064787842c/node_type?resourceVersion=id%3A32371"
            },
            "self": {
              "href": "https://prodnvbq7vbe.main-fe.acsf.baywsf.com/jsonapi/node/result/f78df530-82f8-45af-983c-86064787842c/relationships/node_type?resourceVersion=id%3A32371"
            }
          }
        },
        "revision_uid": {
          "data": {
            "type": "user--user",
            "id": "c48aba71-438d-44c8-a315-2803a8380004"
          },
          "links": {
            "related": {
              "href": "https://prodnvbq7vbe.main-fe.acsf.baywsf.com/jsonapi/node/result/f78df530-82f8-45af-983c-86064787842c/revision_uid?resourceVersion=id%3A32371"
            },
            "self": {
              "href": "https://prodnvbq7vbe.main-fe.acsf.baywsf.com/jsonapi/node/result/f78df530-82f8-45af-983c-86064787842c/relationships/revision_uid?resourceVersion=id%3A32371"
            }
          }
        },
        "uid": {
          "data": {
            "type": "user--user",
            "id": "c48aba71-438d-44c8-a315-2803a8380004"
          },
          "links": {
            "related": {
              "href": "https://prodnvbq7vbe.main-fe.acsf.baywsf.com/jsonapi/node/result/f78df530-82f8-45af-983c-86064787842c/uid?resourceVersion=id%3A32371"
            },
            "self": {
              "href": "https://prodnvbq7vbe.main-fe.acsf.baywsf.com/jsonapi/node/result/f78df530-82f8-45af-983c-86064787842c/relationships/uid?resourceVersion=id%3A32371"
            }
          }
        },
        "field_schema_json_ld_file": {
          "data": null,
          "links": {
            "related": {
              "href": "https://prodnvbq7vbe.main-fe.acsf.baywsf.com/jsonapi/node/result/f78df530-82f8-45af-983c-86064787842c/field_schema_json_ld_file?resourceVersion=id%3A32371"
            },
            "self": {
              "href": "https://prodnvbq7vbe.main-fe.acsf.baywsf.com/jsonapi/node/result/f78df530-82f8-45af-983c-86064787842c/relationships/field_schema_json_ld_file?resourceVersion=id%3A32371"
            }
          }
        },
        "field_actions": {
          "data": [
            {
              "type": "taxonomy_term--quiz_action",
              "id": "63f2b9fb-2e2c-4516-bdae-a5bc67996744"
            }
          ],
          "links": {
            "related": {
              "href": "https://prodnvbq7vbe.main-fe.acsf.baywsf.com/jsonapi/node/result/f78df530-82f8-45af-983c-86064787842c/field_actions?resourceVersion=id%3A32371"
            },
            "self": {
              "href": "https://prodnvbq7vbe.main-fe.acsf.baywsf.com/jsonapi/node/result/f78df530-82f8-45af-983c-86064787842c/relationships/field_actions?resourceVersion=id%3A32371"
            }
          }
        }
      }
    },
    {
      "type": "node--result",
      "id": "efc8fac4-24b8-499d-8de7-39f2af5bbb82",
      "links": {
        "self": {
          "href": "https://prodnvbq7vbe.main-fe.acsf.baywsf.com/jsonapi/node/result/efc8fac4-24b8-499d-8de7-39f2af5bbb82?resourceVersion=id%3A37746"
        }
      },
      "attributes": {
        "drupal_internal__nid": 1761,
        "drupal_internal__vid": 37746,
        "langcode": "de",
        "revision_timestamp": "2021-03-03T20:09:02+00:00",
        "revision_log": null,
        "status": true,
        "title": "Herzlichen Glückwunsch zu Ihrem Ergebnis!",
        "created": "2021-03-03T20:01:21+00:00",
        "changed": "2021-03-03T20:01:21+00:00",
        "promote": false,
        "sticky": false,
        "default_langcode": true,
        "revision_translation_affected": null,
        "moderation_state": null,
        "metatag": null,
        "path": {
          "alias": null,
          "pid": null,
          "langcode": "de"
        },
        "private": false,
        "field_metatags": null,
        "content_translation_source": "und",
        "content_translation_outdated": false,
        "published_at": "2021-03-03T20:01:21+00:00",
        "field_error": null,
        "field_instruction": {
          "value": "<p>Noch mehr zu weiblichen Intimerkrankungen, von Symptomen bis Vorbeugung, erfahren Sie auf unserer <a href=\"/intimgesundheit\" target=\"_parent\">Seite zur Intimgesundheit.</a></p>\r\n\r\n<p>Sie wissen mehr über <a href=\"/intimgesundheit/scheidenpilz\" target=\"_parent\">Scheidenpilz</a></p>\r\n",
          "format": "cohesion_without_glossify",
          "processed": "<p>Noch mehr zu weiblichen Intimerkrankungen, von Symptomen bis Vorbeugung, erfahren Sie auf unserer <a href=\"/intimgesundheit\">Seite zur Intimgesundheit.</a></p>\n\n<p>Sie wissen mehr über <a href=\"/intimgesundheit/scheidenpilz\">Scheidenpilz</a></p>\n"
        },
        "field_references": {
          "value": "<p>{ \"result\" : \"2\" }&nbsp;</p>\r\n",
          "format": "cohesion_without_glossify",
          "processed": "<p>{ \"result\" : \"2\" } </p>\n"
        }
      },
      "relationships": {
        "node_type": {
          "data": {
            "type": "node_type--node_type",
            "id": "c1aa7a26-ea4d-403b-9942-a00c297f8b2f"
          },
          "links": {
            "related": {
              "href": "https://prodnvbq7vbe.main-fe.acsf.baywsf.com/jsonapi/node/result/efc8fac4-24b8-499d-8de7-39f2af5bbb82/node_type?resourceVersion=id%3A37746"
            },
            "self": {
              "href": "https://prodnvbq7vbe.main-fe.acsf.baywsf.com/jsonapi/node/result/efc8fac4-24b8-499d-8de7-39f2af5bbb82/relationships/node_type?resourceVersion=id%3A37746"
            }
          }
        },
        "revision_uid": {
          "data": {
            "type": "user--user",
            "id": "c48aba71-438d-44c8-a315-2803a8380004"
          },
          "links": {
            "related": {
              "href": "https://prodnvbq7vbe.main-fe.acsf.baywsf.com/jsonapi/node/result/efc8fac4-24b8-499d-8de7-39f2af5bbb82/revision_uid?resourceVersion=id%3A37746"
            },
            "self": {
              "href": "https://prodnvbq7vbe.main-fe.acsf.baywsf.com/jsonapi/node/result/efc8fac4-24b8-499d-8de7-39f2af5bbb82/relationships/revision_uid?resourceVersion=id%3A37746"
            }
          }
        },
        "uid": {
          "data": {
            "type": "user--user",
            "id": "c48aba71-438d-44c8-a315-2803a8380004"
          },
          "links": {
            "related": {
              "href": "https://prodnvbq7vbe.main-fe.acsf.baywsf.com/jsonapi/node/result/efc8fac4-24b8-499d-8de7-39f2af5bbb82/uid?resourceVersion=id%3A37746"
            },
            "self": {
              "href": "https://prodnvbq7vbe.main-fe.acsf.baywsf.com/jsonapi/node/result/efc8fac4-24b8-499d-8de7-39f2af5bbb82/relationships/uid?resourceVersion=id%3A37746"
            }
          }
        },
        "field_schema_json_ld_file": {
          "data": null,
          "links": {
            "related": {
              "href": "https://prodnvbq7vbe.main-fe.acsf.baywsf.com/jsonapi/node/result/efc8fac4-24b8-499d-8de7-39f2af5bbb82/field_schema_json_ld_file?resourceVersion=id%3A37746"
            },
            "self": {
              "href": "https://prodnvbq7vbe.main-fe.acsf.baywsf.com/jsonapi/node/result/efc8fac4-24b8-499d-8de7-39f2af5bbb82/relationships/field_schema_json_ld_file?resourceVersion=id%3A37746"
            }
          }
        },
        "field_actions": {
          "data": [],
          "links": {
            "related": {
              "href": "https://prodnvbq7vbe.main-fe.acsf.baywsf.com/jsonapi/node/result/efc8fac4-24b8-499d-8de7-39f2af5bbb82/field_actions?resourceVersion=id%3A37746"
            },
            "self": {
              "href": "https://prodnvbq7vbe.main-fe.acsf.baywsf.com/jsonapi/node/result/efc8fac4-24b8-499d-8de7-39f2af5bbb82/relationships/field_actions?resourceVersion=id%3A37746"
            }
          }
        }
      }
    },
    {
      "type": "node--result",
      "id": "9b7f95dd-4ac9-4a04-a1fe-cfde52fd05ac",
      "links": {
        "self": {
          "href": "https://prodnvbq7vbe.main-fe.acsf.baywsf.com/jsonapi/node/result/9b7f95dd-4ac9-4a04-a1fe-cfde52fd05ac?resourceVersion=id%3A37756"
        }
      },
      "attributes": {
        "drupal_internal__nid": 1766,
        "drupal_internal__vid": 37756,
        "langcode": "de",
        "revision_timestamp": "2021-03-03T20:18:09+00:00",
        "revision_log": null,
        "status": true,
        "title": "Herzlichen Glückwunsch zu Ihrem Ergebnis! 2",
        "created": "2021-03-03T20:13:24+00:00",
        "changed": "2021-03-03T20:13:24+00:00",
        "promote": false,
        "sticky": false,
        "default_langcode": true,
        "revision_translation_affected": null,
        "moderation_state": null,
        "metatag": null,
        "path": {
          "alias": null,
          "pid": null,
          "langcode": "de"
        },
        "private": false,
        "field_metatags": null,
        "content_translation_source": "und",
        "content_translation_outdated": false,
        "published_at": "2021-03-03T20:13:24+00:00",
        "field_error": null,
        "field_instruction": {
          "value": "<p>Viele Frauen sind der Meinung, dass es generell mehr Wissen über Intimgesundheit braucht, und wir alle wissen, dass es manchmal schwer ist, Tatsachen und Gerüchte auseinanderzuhalten. Wenn Sie mehr über <a href=\"/intimgesundheit/scheidenpilz\">Scheidenpilz</a> und andere Intimerkrankungen erfahren möchten, besuchen Sie unsere <a href=\"/intimgesundheit\">Seite zur Intimgesundheit</a>.</p>\r\n",
          "format": "cohesion_without_glossify",
          "processed": "<p>Viele Frauen sind der Meinung, dass es generell mehr Wissen über Intimgesundheit braucht, und wir alle wissen, dass es manchmal schwer ist, Tatsachen und Gerüchte auseinanderzuhalten. Wenn Sie mehr über <a href=\"/intimgesundheit/scheidenpilz\">Scheidenpilz</a> und andere Intimerkrankungen erfahren möchten, besuchen Sie unsere <a href=\"/intimgesundheit\">Seite zur Intimgesundheit</a>.</p>\n"
        },
        "field_references": {
          "value": "<p>{ \"result\" : \"1\" }&nbsp;</p>\r\n",
          "format": "cohesion_without_glossify",
          "processed": "<p>{ \"result\" : \"1\" } </p>\n"
        }
      },
      "relationships": {
        "node_type": {
          "data": {
            "type": "node_type--node_type",
            "id": "c1aa7a26-ea4d-403b-9942-a00c297f8b2f"
          },
          "links": {
            "related": {
              "href": "https://prodnvbq7vbe.main-fe.acsf.baywsf.com/jsonapi/node/result/9b7f95dd-4ac9-4a04-a1fe-cfde52fd05ac/node_type?resourceVersion=id%3A37756"
            },
            "self": {
              "href": "https://prodnvbq7vbe.main-fe.acsf.baywsf.com/jsonapi/node/result/9b7f95dd-4ac9-4a04-a1fe-cfde52fd05ac/relationships/node_type?resourceVersion=id%3A37756"
            }
          }
        },
        "revision_uid": {
          "data": {
            "type": "user--user",
            "id": "c48aba71-438d-44c8-a315-2803a8380004"
          },
          "links": {
            "related": {
              "href": "https://prodnvbq7vbe.main-fe.acsf.baywsf.com/jsonapi/node/result/9b7f95dd-4ac9-4a04-a1fe-cfde52fd05ac/revision_uid?resourceVersion=id%3A37756"
            },
            "self": {
              "href": "https://prodnvbq7vbe.main-fe.acsf.baywsf.com/jsonapi/node/result/9b7f95dd-4ac9-4a04-a1fe-cfde52fd05ac/relationships/revision_uid?resourceVersion=id%3A37756"
            }
          }
        },
        "uid": {
          "data": {
            "type": "user--user",
            "id": "c48aba71-438d-44c8-a315-2803a8380004"
          },
          "links": {
            "related": {
              "href": "https://prodnvbq7vbe.main-fe.acsf.baywsf.com/jsonapi/node/result/9b7f95dd-4ac9-4a04-a1fe-cfde52fd05ac/uid?resourceVersion=id%3A37756"
            },
            "self": {
              "href": "https://prodnvbq7vbe.main-fe.acsf.baywsf.com/jsonapi/node/result/9b7f95dd-4ac9-4a04-a1fe-cfde52fd05ac/relationships/uid?resourceVersion=id%3A37756"
            }
          }
        },
        "field_schema_json_ld_file": {
          "data": null,
          "links": {
            "related": {
              "href": "https://prodnvbq7vbe.main-fe.acsf.baywsf.com/jsonapi/node/result/9b7f95dd-4ac9-4a04-a1fe-cfde52fd05ac/field_schema_json_ld_file?resourceVersion=id%3A37756"
            },
            "self": {
              "href": "https://prodnvbq7vbe.main-fe.acsf.baywsf.com/jsonapi/node/result/9b7f95dd-4ac9-4a04-a1fe-cfde52fd05ac/relationships/field_schema_json_ld_file?resourceVersion=id%3A37756"
            }
          }
        },
        "field_actions": {
          "data": [],
          "links": {
            "related": {
              "href": "https://prodnvbq7vbe.main-fe.acsf.baywsf.com/jsonapi/node/result/9b7f95dd-4ac9-4a04-a1fe-cfde52fd05ac/field_actions?resourceVersion=id%3A37756"
            },
            "self": {
              "href": "https://prodnvbq7vbe.main-fe.acsf.baywsf.com/jsonapi/node/result/9b7f95dd-4ac9-4a04-a1fe-cfde52fd05ac/relationships/field_actions?resourceVersion=id%3A37756"
            }
          }
        }
      }
    }
  ],
  "links": {
    "self": {
      "href": "https://prodnvbq7vbe.main-fe.acsf.baywsf.com/jsonapi/node/result"
    }
  }
}
