[
	{
		"type": "node--result",
		"id": "negative",
		"title": "RESULT_NEGATIVE.TITLE",
		"field_instruction": "RESULT_NEGATIVE.INSTRUCTION"
	},
	{
		"id": "positive",
		"type": "node--result-ext",
		"title": "RESULT_POSITIVE.TITLE",
		"field_instruction": "RESULT_POSITIVE.INSTRUCTION",
		"sub_headline_1": {
			"title": "RESULT_POSITIVE.SUB_HEADLINE_1.TITLE",
			"body": [
				"RESULT_POSITIVE.SUB_HEADLINE_1.BODY.P1",
				"RESULT_POSITIVE.SUB_HEADLINE_1.BODY.P2",
				"RESULT_POSITIVE.SUB_HEADLINE_1.BODY.P3",
				"RESULT_POSITIVE.SUB_HEADLINE_1.BODY.P4",
				"RESULT_POSITIVE.SUB_HEADLINE_1.BODY.P5",
				"RESULT_POSITIVE.SUB_HEADLINE_1.BODY.P6",
				"RESULT_POSITIVE.SUB_HEADLINE_1.BODY.P7"
			]
		},
		"headline_2": {
			"title": "RESULT_POSITIVE.HEADLINE_2.TITLE",
			"body": "RESULT_POSITIVE.HEADLINE_2.BODY"
		},
		"sub_headline_2": {
			"title": "RESULT_POSITIVE.SUB_HEADLINE_2.TITLE",
			"body": "RESULT_POSITIVE.SUB_HEADLINE_2.BODY"
		}
	}
]
