{
  "jsonapi": {
    "version": "1.0",
    "meta": {
      "links": { "self": { "href": "http://jsonapi.org/format/1.0/" } }
    }
  },
  "data": {
    "type": "node--quiz",
    "id": "6158ffed-2d0e-4d1e-b0d1-c536aa547659",
    "links": {
      "self": {
        "href": "https://prod3acc9ym8.main.acsf.baywsf.com/jsonapi/node/quiz/6158ffed-2d0e-4d1e-b0d1-c536aa547659?resourceVersion=id%3A61801"
      }
    },
    "attributes": {
      "drupal_internal__nid": 1336,
      "drupal_internal__vid": 61801,
      "langcode": "it",
      "revision_timestamp": "2023-06-15T17:21:57+00:00",
      "revision_log": null,
      "status": false,
      "title": "TROVA IL PALLERODOTTO PIU\u2019 ADATTO TUE ESIGENZE",
      "created": "2023-05-23T14:01:48+00:00",
      "changed": "2023-06-15T17:21:57+00:00",
      "promote": false,
      "sticky": false,
      "default_langcode": true,
      "revision_translation_affected": true,
      "moderation_state": "needs_approval",
      "metatag": null,
      "path": { "alias": null, "pid": null, "langcode": "it" },
      "private": false,
      "field_metatags": null,
      "content_translation_source": "und",
      "content_translation_outdated": false,
      "published_at": "2038-01-19T03:14:07+00:00",
      "field_disclaimer": null,
      "field_instruction": null,
      "field_quiz_type": "linear",
      "field_references": null
    },
    "relationships": {
      "node_type": {
        "data": {
          "type": "node_type--node_type",
          "id": "ec122f28-fffe-4e8b-8548-28b633a03d94",
          "meta": { "drupal_internal__target_id": "quiz" }
        },
        "links": {
          "related": {
            "href": "https://prod3acc9ym8.main.acsf.baywsf.com/jsonapi/node/quiz/6158ffed-2d0e-4d1e-b0d1-c536aa547659/node_type?resourceVersion=id%3A61801"
          },
          "self": {
            "href": "https://prod3acc9ym8.main.acsf.baywsf.com/jsonapi/node/quiz/6158ffed-2d0e-4d1e-b0d1-c536aa547659/relationships/node_type?resourceVersion=id%3A61801"
          }
        }
      },
      "revision_uid": {
        "data": {
          "type": "user--user",
          "id": "9131ddbc-9152-4466-9af1-b7cbe7f92c9a",
          "meta": { "drupal_internal__target_id": 3091 }
        },
        "links": {
          "related": {
            "href": "https://prod3acc9ym8.main.acsf.baywsf.com/jsonapi/node/quiz/6158ffed-2d0e-4d1e-b0d1-c536aa547659/revision_uid?resourceVersion=id%3A61801"
          },
          "self": {
            "href": "https://prod3acc9ym8.main.acsf.baywsf.com/jsonapi/node/quiz/6158ffed-2d0e-4d1e-b0d1-c536aa547659/relationships/revision_uid?resourceVersion=id%3A61801"
          }
        }
      },
      "uid": {
        "data": {
          "type": "user--user",
          "id": "9131ddbc-9152-4466-9af1-b7cbe7f92c9a",
          "meta": { "drupal_internal__target_id": 3091 }
        },
        "links": {
          "related": {
            "href": "https://prod3acc9ym8.main.acsf.baywsf.com/jsonapi/node/quiz/6158ffed-2d0e-4d1e-b0d1-c536aa547659/uid?resourceVersion=id%3A61801"
          },
          "self": {
            "href": "https://prod3acc9ym8.main.acsf.baywsf.com/jsonapi/node/quiz/6158ffed-2d0e-4d1e-b0d1-c536aa547659/relationships/uid?resourceVersion=id%3A61801"
          }
        }
      },
      "field_schema_json_ld_file": {
        "data": null,
        "links": {
          "related": {
            "href": "https://prod3acc9ym8.main.acsf.baywsf.com/jsonapi/node/quiz/6158ffed-2d0e-4d1e-b0d1-c536aa547659/field_schema_json_ld_file?resourceVersion=id%3A61801"
          },
          "self": {
            "href": "https://prod3acc9ym8.main.acsf.baywsf.com/jsonapi/node/quiz/6158ffed-2d0e-4d1e-b0d1-c536aa547659/relationships/field_schema_json_ld_file?resourceVersion=id%3A61801"
          }
        }
      },
      "field_actions": {
        "data": [],
        "links": {
          "related": {
            "href": "https://prod3acc9ym8.main.acsf.baywsf.com/jsonapi/node/quiz/6158ffed-2d0e-4d1e-b0d1-c536aa547659/field_actions?resourceVersion=id%3A61801"
          },
          "self": {
            "href": "https://prod3acc9ym8.main.acsf.baywsf.com/jsonapi/node/quiz/6158ffed-2d0e-4d1e-b0d1-c536aa547659/relationships/field_actions?resourceVersion=id%3A61801"
          }
        }
      },
      "field_quiz_question": {
        "data": [
          {
            "type": "node--question",
            "id": "6f9f7f1c-7c91-421b-ac02-a253daa7563f",
            "meta": { "drupal_internal__target_id": 1331 }
          },
          {
            "type": "node--question",
            "id": "70f31355-ecc4-4c80-ae96-a4347f5d19b3",
            "meta": { "drupal_internal__target_id": 1346 }
          },
          {
            "type": "node--question",
            "id": "66d28607-2c33-44d2-8363-b41e79faf4c0",
            "meta": { "drupal_internal__target_id": 1361 }
          },
          {
            "type": "node--question",
            "id": "aa71603c-0935-4819-adfa-18110f988efa",
            "meta": { "drupal_internal__target_id": 1401 }
          },
          {
            "type": "node--question",
            "id": "d7e9fe60-6eb9-4718-8d4b-44022af3a26e",
            "meta": { "drupal_internal__target_id": 1416 }
          },
          {
            "type": "node--question",
            "id": "e9f40901-c081-4a28-b34c-2a2a775ec1b4",
            "meta": { "drupal_internal__target_id": 1436 }
          },
          {
            "type": "node--question",
            "id": "be2a84c4-4031-437d-9898-7dee4f2e4dc2",
            "meta": { "drupal_internal__target_id": 1451 }
          },
          {
            "type": "node--question",
            "id": "1ba50a1d-7ec5-4332-bee6-9710a09acdf1",
            "meta": { "drupal_internal__target_id": 1466 }
          }
        ],
        "links": {
          "related": {
            "href": "https://prod3acc9ym8.main.acsf.baywsf.com/jsonapi/node/quiz/6158ffed-2d0e-4d1e-b0d1-c536aa547659/field_quiz_question?resourceVersion=id%3A61801"
          },
          "self": {
            "href": "https://prod3acc9ym8.main.acsf.baywsf.com/jsonapi/node/quiz/6158ffed-2d0e-4d1e-b0d1-c536aa547659/relationships/field_quiz_question?resourceVersion=id%3A61801"
          }
        }
      },
      "field_result": {
        "data": null,
        "links": {
          "related": {
            "href": "https://prod3acc9ym8.main.acsf.baywsf.com/jsonapi/node/quiz/6158ffed-2d0e-4d1e-b0d1-c536aa547659/field_result?resourceVersion=id%3A61801"
          },
          "self": {
            "href": "https://prod3acc9ym8.main.acsf.baywsf.com/jsonapi/node/quiz/6158ffed-2d0e-4d1e-b0d1-c536aa547659/relationships/field_result?resourceVersion=id%3A61801"
          }
        }
      }
    }
  },
  "included": [
    {
      "type": "node--question",
      "id": "6f9f7f1c-7c91-421b-ac02-a253daa7563f",
      "links": {
        "self": {
          "href": "https://prod3acc9ym8.main.acsf.baywsf.com/jsonapi/node/question/6f9f7f1c-7c91-421b-ac02-a253daa7563f?resourceVersion=id%3A61241"
        }
      },
      "attributes": {
        "drupal_internal__nid": 1331,
        "drupal_internal__vid": 61241,
        "langcode": "it",
        "revision_timestamp": "2023-05-23T14:06:00+00:00",
        "revision_log": null,
        "status": true,
        "title": "Qual \u00e8 il sintomo che si vuole trattare?",
        "created": "2023-05-23T14:06:00+00:00",
        "changed": "2023-05-23T14:06:00+00:00",
        "promote": false,
        "sticky": false,
        "default_langcode": true,
        "revision_translation_affected": true,
        "moderation_state": null,
        "metatag": null,
        "path": { "alias": null, "pid": null, "langcode": "it" },
        "private": false,
        "field_metatags": null,
        "content_translation_source": "und",
        "content_translation_outdated": false,
        "published_at": "2023-05-23T14:06:00+00:00",
        "field_error": null,
        "field_explanation": null,
        "field_instruction": null,
        "field_references": null
      },
      "relationships": {
        "node_type": {
          "data": {
            "type": "node_type--node_type",
            "id": "b36305cf-d6a4-4b58-94fd-9bd56dc48d0a",
            "meta": { "drupal_internal__target_id": "question" }
          },
          "links": {
            "related": {
              "href": "https://prod3acc9ym8.main.acsf.baywsf.com/jsonapi/node/question/6f9f7f1c-7c91-421b-ac02-a253daa7563f/node_type?resourceVersion=id%3A61241"
            },
            "self": {
              "href": "https://prod3acc9ym8.main.acsf.baywsf.com/jsonapi/node/question/6f9f7f1c-7c91-421b-ac02-a253daa7563f/relationships/node_type?resourceVersion=id%3A61241"
            }
          }
        },
        "revision_uid": {
          "data": {
            "type": "user--user",
            "id": "9131ddbc-9152-4466-9af1-b7cbe7f92c9a",
            "meta": { "drupal_internal__target_id": 3091 }
          },
          "links": {
            "related": {
              "href": "https://prod3acc9ym8.main.acsf.baywsf.com/jsonapi/node/question/6f9f7f1c-7c91-421b-ac02-a253daa7563f/revision_uid?resourceVersion=id%3A61241"
            },
            "self": {
              "href": "https://prod3acc9ym8.main.acsf.baywsf.com/jsonapi/node/question/6f9f7f1c-7c91-421b-ac02-a253daa7563f/relationships/revision_uid?resourceVersion=id%3A61241"
            }
          }
        },
        "uid": {
          "data": {
            "type": "user--user",
            "id": "9131ddbc-9152-4466-9af1-b7cbe7f92c9a",
            "meta": { "drupal_internal__target_id": 3091 }
          },
          "links": {
            "related": {
              "href": "https://prod3acc9ym8.main.acsf.baywsf.com/jsonapi/node/question/6f9f7f1c-7c91-421b-ac02-a253daa7563f/uid?resourceVersion=id%3A61241"
            },
            "self": {
              "href": "https://prod3acc9ym8.main.acsf.baywsf.com/jsonapi/node/question/6f9f7f1c-7c91-421b-ac02-a253daa7563f/relationships/uid?resourceVersion=id%3A61241"
            }
          }
        },
        "field_schema_json_ld_file": {
          "data": null,
          "links": {
            "related": {
              "href": "https://prod3acc9ym8.main.acsf.baywsf.com/jsonapi/node/question/6f9f7f1c-7c91-421b-ac02-a253daa7563f/field_schema_json_ld_file?resourceVersion=id%3A61241"
            },
            "self": {
              "href": "https://prod3acc9ym8.main.acsf.baywsf.com/jsonapi/node/question/6f9f7f1c-7c91-421b-ac02-a253daa7563f/relationships/field_schema_json_ld_file?resourceVersion=id%3A61241"
            }
          }
        },
        "field_actions": {
          "data": [],
          "links": {
            "related": {
              "href": "https://prod3acc9ym8.main.acsf.baywsf.com/jsonapi/node/question/6f9f7f1c-7c91-421b-ac02-a253daa7563f/field_actions?resourceVersion=id%3A61241"
            },
            "self": {
              "href": "https://prod3acc9ym8.main.acsf.baywsf.com/jsonapi/node/question/6f9f7f1c-7c91-421b-ac02-a253daa7563f/relationships/field_actions?resourceVersion=id%3A61241"
            }
          }
        },
        "field_answer": {
          "data": [
            {
              "type": "node--answer",
              "id": "66b6ac2a-3205-4505-8620-d39e35b61139",
              "meta": { "drupal_internal__target_id": 1316 }
            },
            {
              "type": "node--answer",
              "id": "b4a09897-4606-41d1-b2cd-bad1e13be4e1",
              "meta": { "drupal_internal__target_id": 1321 }
            },
            {
              "type": "node--answer",
              "id": "35923780-c9e1-4b55-bfdd-de0bf217cdd9",
              "meta": { "drupal_internal__target_id": 1326 }
            }
          ],
          "links": {
            "related": {
              "href": "https://prod3acc9ym8.main.acsf.baywsf.com/jsonapi/node/question/6f9f7f1c-7c91-421b-ac02-a253daa7563f/field_answer?resourceVersion=id%3A61241"
            },
            "self": {
              "href": "https://prod3acc9ym8.main.acsf.baywsf.com/jsonapi/node/question/6f9f7f1c-7c91-421b-ac02-a253daa7563f/relationships/field_answer?resourceVersion=id%3A61241"
            }
          }
        },
        "field_correct": {
          "data": [],
          "links": {
            "related": {
              "href": "https://prod3acc9ym8.main.acsf.baywsf.com/jsonapi/node/question/6f9f7f1c-7c91-421b-ac02-a253daa7563f/field_correct?resourceVersion=id%3A61241"
            },
            "self": {
              "href": "https://prod3acc9ym8.main.acsf.baywsf.com/jsonapi/node/question/6f9f7f1c-7c91-421b-ac02-a253daa7563f/relationships/field_correct?resourceVersion=id%3A61241"
            }
          }
        },
        "field_question_group": {
          "data": [],
          "links": {
            "related": {
              "href": "https://prod3acc9ym8.main.acsf.baywsf.com/jsonapi/node/question/6f9f7f1c-7c91-421b-ac02-a253daa7563f/field_question_group?resourceVersion=id%3A61241"
            },
            "self": {
              "href": "https://prod3acc9ym8.main.acsf.baywsf.com/jsonapi/node/question/6f9f7f1c-7c91-421b-ac02-a253daa7563f/relationships/field_question_group?resourceVersion=id%3A61241"
            }
          }
        }
      }
    },
    {
      "type": "node--question",
      "id": "70f31355-ecc4-4c80-ae96-a4347f5d19b3",
      "links": {
        "self": {
          "href": "https://prod3acc9ym8.main.acsf.baywsf.com/jsonapi/node/question/70f31355-ecc4-4c80-ae96-a4347f5d19b3?resourceVersion=id%3A61601"
        }
      },
      "attributes": {
        "drupal_internal__nid": 1346,
        "drupal_internal__vid": 61601,
        "langcode": "it",
        "revision_timestamp": "2023-06-15T12:28:10+00:00",
        "revision_log": null,
        "status": true,
        "title": "Quanti anni ha la persona con i sintomi?",
        "created": "2023-06-15T12:28:10+00:00",
        "changed": "2023-06-15T12:32:50+00:00",
        "promote": false,
        "sticky": false,
        "default_langcode": true,
        "revision_translation_affected": true,
        "moderation_state": null,
        "metatag": null,
        "path": { "alias": null, "pid": null, "langcode": "it" },
        "private": false,
        "field_metatags": null,
        "content_translation_source": "und",
        "content_translation_outdated": false,
        "published_at": "2023-06-15T12:28:39+00:00",
        "field_error": null,
        "field_explanation": null,
        "field_instruction": null,
        "field_references": null
      },
      "relationships": {
        "node_type": {
          "data": {
            "type": "node_type--node_type",
            "id": "b36305cf-d6a4-4b58-94fd-9bd56dc48d0a",
            "meta": { "drupal_internal__target_id": "question" }
          },
          "links": {
            "related": {
              "href": "https://prod3acc9ym8.main.acsf.baywsf.com/jsonapi/node/question/70f31355-ecc4-4c80-ae96-a4347f5d19b3/node_type?resourceVersion=id%3A61601"
            },
            "self": {
              "href": "https://prod3acc9ym8.main.acsf.baywsf.com/jsonapi/node/question/70f31355-ecc4-4c80-ae96-a4347f5d19b3/relationships/node_type?resourceVersion=id%3A61601"
            }
          }
        },
        "revision_uid": {
          "data": {
            "type": "user--user",
            "id": "9131ddbc-9152-4466-9af1-b7cbe7f92c9a",
            "meta": { "drupal_internal__target_id": 3091 }
          },
          "links": {
            "related": {
              "href": "https://prod3acc9ym8.main.acsf.baywsf.com/jsonapi/node/question/70f31355-ecc4-4c80-ae96-a4347f5d19b3/revision_uid?resourceVersion=id%3A61601"
            },
            "self": {
              "href": "https://prod3acc9ym8.main.acsf.baywsf.com/jsonapi/node/question/70f31355-ecc4-4c80-ae96-a4347f5d19b3/relationships/revision_uid?resourceVersion=id%3A61601"
            }
          }
        },
        "uid": {
          "data": {
            "type": "user--user",
            "id": "9131ddbc-9152-4466-9af1-b7cbe7f92c9a",
            "meta": { "drupal_internal__target_id": 3091 }
          },
          "links": {
            "related": {
              "href": "https://prod3acc9ym8.main.acsf.baywsf.com/jsonapi/node/question/70f31355-ecc4-4c80-ae96-a4347f5d19b3/uid?resourceVersion=id%3A61601"
            },
            "self": {
              "href": "https://prod3acc9ym8.main.acsf.baywsf.com/jsonapi/node/question/70f31355-ecc4-4c80-ae96-a4347f5d19b3/relationships/uid?resourceVersion=id%3A61601"
            }
          }
        },
        "field_schema_json_ld_file": {
          "data": null,
          "links": {
            "related": {
              "href": "https://prod3acc9ym8.main.acsf.baywsf.com/jsonapi/node/question/70f31355-ecc4-4c80-ae96-a4347f5d19b3/field_schema_json_ld_file?resourceVersion=id%3A61601"
            },
            "self": {
              "href": "https://prod3acc9ym8.main.acsf.baywsf.com/jsonapi/node/question/70f31355-ecc4-4c80-ae96-a4347f5d19b3/relationships/field_schema_json_ld_file?resourceVersion=id%3A61601"
            }
          }
        },
        "field_actions": {
          "data": [],
          "links": {
            "related": {
              "href": "https://prod3acc9ym8.main.acsf.baywsf.com/jsonapi/node/question/70f31355-ecc4-4c80-ae96-a4347f5d19b3/field_actions?resourceVersion=id%3A61601"
            },
            "self": {
              "href": "https://prod3acc9ym8.main.acsf.baywsf.com/jsonapi/node/question/70f31355-ecc4-4c80-ae96-a4347f5d19b3/relationships/field_actions?resourceVersion=id%3A61601"
            }
          }
        },
        "field_answer": {
          "data": [
            {
              "type": "node--answer",
              "id": "f2a07d0b-bece-4e82-90c4-1266645ce0da",
              "meta": { "drupal_internal__target_id": 1341 }
            },
            {
              "type": "node--answer",
              "id": "98e03874-cfe8-426b-88ff-fd903681b382",
              "meta": { "drupal_internal__target_id": 1351 }
            }
          ],
          "links": {
            "related": {
              "href": "https://prod3acc9ym8.main.acsf.baywsf.com/jsonapi/node/question/70f31355-ecc4-4c80-ae96-a4347f5d19b3/field_answer?resourceVersion=id%3A61601"
            },
            "self": {
              "href": "https://prod3acc9ym8.main.acsf.baywsf.com/jsonapi/node/question/70f31355-ecc4-4c80-ae96-a4347f5d19b3/relationships/field_answer?resourceVersion=id%3A61601"
            }
          }
        },
        "field_correct": {
          "data": [],
          "links": {
            "related": {
              "href": "https://prod3acc9ym8.main.acsf.baywsf.com/jsonapi/node/question/70f31355-ecc4-4c80-ae96-a4347f5d19b3/field_correct?resourceVersion=id%3A61601"
            },
            "self": {
              "href": "https://prod3acc9ym8.main.acsf.baywsf.com/jsonapi/node/question/70f31355-ecc4-4c80-ae96-a4347f5d19b3/relationships/field_correct?resourceVersion=id%3A61601"
            }
          }
        },
        "field_question_group": {
          "data": [],
          "links": {
            "related": {
              "href": "https://prod3acc9ym8.main.acsf.baywsf.com/jsonapi/node/question/70f31355-ecc4-4c80-ae96-a4347f5d19b3/field_question_group?resourceVersion=id%3A61601"
            },
            "self": {
              "href": "https://prod3acc9ym8.main.acsf.baywsf.com/jsonapi/node/question/70f31355-ecc4-4c80-ae96-a4347f5d19b3/relationships/field_question_group?resourceVersion=id%3A61601"
            }
          }
        }
      }
    },
    {
      "type": "node--question",
      "id": "66d28607-2c33-44d2-8363-b41e79faf4c0",
      "links": {
        "self": {
          "href": "https://prod3acc9ym8.main.acsf.baywsf.com/jsonapi/node/question/66d28607-2c33-44d2-8363-b41e79faf4c0?resourceVersion=id%3A61626"
        }
      },
      "attributes": {
        "drupal_internal__nid": 1361,
        "drupal_internal__vid": 61626,
        "langcode": "it",
        "revision_timestamp": "2023-06-15T12:37:31+00:00",
        "revision_log": null,
        "status": true,
        "title": "Qual \u00e8 il sintomo prevalente che prova e che vuoi trattare?",
        "created": "2023-06-15T12:37:31+00:00",
        "changed": "2023-06-15T12:48:44+00:00",
        "promote": false,
        "sticky": false,
        "default_langcode": true,
        "revision_translation_affected": true,
        "moderation_state": null,
        "metatag": null,
        "path": { "alias": null, "pid": null, "langcode": "it" },
        "private": false,
        "field_metatags": null,
        "content_translation_source": "und",
        "content_translation_outdated": false,
        "published_at": "2023-06-15T12:38:07+00:00",
        "field_error": null,
        "field_explanation": null,
        "field_instruction": null,
        "field_references": null
      },
      "relationships": {
        "node_type": {
          "data": {
            "type": "node_type--node_type",
            "id": "b36305cf-d6a4-4b58-94fd-9bd56dc48d0a",
            "meta": { "drupal_internal__target_id": "question" }
          },
          "links": {
            "related": {
              "href": "https://prod3acc9ym8.main.acsf.baywsf.com/jsonapi/node/question/66d28607-2c33-44d2-8363-b41e79faf4c0/node_type?resourceVersion=id%3A61626"
            },
            "self": {
              "href": "https://prod3acc9ym8.main.acsf.baywsf.com/jsonapi/node/question/66d28607-2c33-44d2-8363-b41e79faf4c0/relationships/node_type?resourceVersion=id%3A61626"
            }
          }
        },
        "revision_uid": {
          "data": {
            "type": "user--user",
            "id": "9131ddbc-9152-4466-9af1-b7cbe7f92c9a",
            "meta": { "drupal_internal__target_id": 3091 }
          },
          "links": {
            "related": {
              "href": "https://prod3acc9ym8.main.acsf.baywsf.com/jsonapi/node/question/66d28607-2c33-44d2-8363-b41e79faf4c0/revision_uid?resourceVersion=id%3A61626"
            },
            "self": {
              "href": "https://prod3acc9ym8.main.acsf.baywsf.com/jsonapi/node/question/66d28607-2c33-44d2-8363-b41e79faf4c0/relationships/revision_uid?resourceVersion=id%3A61626"
            }
          }
        },
        "uid": {
          "data": {
            "type": "user--user",
            "id": "9131ddbc-9152-4466-9af1-b7cbe7f92c9a",
            "meta": { "drupal_internal__target_id": 3091 }
          },
          "links": {
            "related": {
              "href": "https://prod3acc9ym8.main.acsf.baywsf.com/jsonapi/node/question/66d28607-2c33-44d2-8363-b41e79faf4c0/uid?resourceVersion=id%3A61626"
            },
            "self": {
              "href": "https://prod3acc9ym8.main.acsf.baywsf.com/jsonapi/node/question/66d28607-2c33-44d2-8363-b41e79faf4c0/relationships/uid?resourceVersion=id%3A61626"
            }
          }
        },
        "field_schema_json_ld_file": {
          "data": null,
          "links": {
            "related": {
              "href": "https://prod3acc9ym8.main.acsf.baywsf.com/jsonapi/node/question/66d28607-2c33-44d2-8363-b41e79faf4c0/field_schema_json_ld_file?resourceVersion=id%3A61626"
            },
            "self": {
              "href": "https://prod3acc9ym8.main.acsf.baywsf.com/jsonapi/node/question/66d28607-2c33-44d2-8363-b41e79faf4c0/relationships/field_schema_json_ld_file?resourceVersion=id%3A61626"
            }
          }
        },
        "field_actions": {
          "data": [],
          "links": {
            "related": {
              "href": "https://prod3acc9ym8.main.acsf.baywsf.com/jsonapi/node/question/66d28607-2c33-44d2-8363-b41e79faf4c0/field_actions?resourceVersion=id%3A61626"
            },
            "self": {
              "href": "https://prod3acc9ym8.main.acsf.baywsf.com/jsonapi/node/question/66d28607-2c33-44d2-8363-b41e79faf4c0/relationships/field_actions?resourceVersion=id%3A61626"
            }
          }
        },
        "field_answer": {
          "data": [
            {
              "type": "node--answer",
              "id": "2aa635cc-83d0-4fa0-ad6a-6da4fc0768d4",
              "meta": { "drupal_internal__target_id": 1356 }
            },
            {
              "type": "node--answer",
              "id": "3dfeab93-edef-433d-b38a-f7412fd608eb",
              "meta": { "drupal_internal__target_id": 1366 }
            },
            {
              "type": "node--answer",
              "id": "7d41bb7e-128a-4e3d-a6e6-60c162d5d93f",
              "meta": { "drupal_internal__target_id": 1371 }
            },
            {
              "type": "node--answer",
              "id": "f6e8655c-49c9-401f-a60b-7fced3fa6f65",
              "meta": { "drupal_internal__target_id": 1376 }
            }
          ],
          "links": {
            "related": {
              "href": "https://prod3acc9ym8.main.acsf.baywsf.com/jsonapi/node/question/66d28607-2c33-44d2-8363-b41e79faf4c0/field_answer?resourceVersion=id%3A61626"
            },
            "self": {
              "href": "https://prod3acc9ym8.main.acsf.baywsf.com/jsonapi/node/question/66d28607-2c33-44d2-8363-b41e79faf4c0/relationships/field_answer?resourceVersion=id%3A61626"
            }
          }
        },
        "field_correct": {
          "data": [],
          "links": {
            "related": {
              "href": "https://prod3acc9ym8.main.acsf.baywsf.com/jsonapi/node/question/66d28607-2c33-44d2-8363-b41e79faf4c0/field_correct?resourceVersion=id%3A61626"
            },
            "self": {
              "href": "https://prod3acc9ym8.main.acsf.baywsf.com/jsonapi/node/question/66d28607-2c33-44d2-8363-b41e79faf4c0/relationships/field_correct?resourceVersion=id%3A61626"
            }
          }
        },
        "field_question_group": {
          "data": [],
          "links": {
            "related": {
              "href": "https://prod3acc9ym8.main.acsf.baywsf.com/jsonapi/node/question/66d28607-2c33-44d2-8363-b41e79faf4c0/field_question_group?resourceVersion=id%3A61626"
            },
            "self": {
              "href": "https://prod3acc9ym8.main.acsf.baywsf.com/jsonapi/node/question/66d28607-2c33-44d2-8363-b41e79faf4c0/relationships/field_question_group?resourceVersion=id%3A61626"
            }
          }
        }
      }
    },
    {
      "type": "node--question",
      "id": "aa71603c-0935-4819-adfa-18110f988efa",
      "links": {
        "self": {
          "href": "https://prod3acc9ym8.main.acsf.baywsf.com/jsonapi/node/question/aa71603c-0935-4819-adfa-18110f988efa?resourceVersion=id%3A61681"
        }
      },
      "attributes": {
        "drupal_internal__nid": 1401,
        "drupal_internal__vid": 61681,
        "langcode": "it",
        "revision_timestamp": "2023-06-15T12:56:24+00:00",
        "revision_log": null,
        "status": true,
        "title": "Quanti anni ha la persona con mal di gola?",
        "created": "2023-06-15T12:56:24+00:00",
        "changed": "2023-06-15T12:56:24+00:00",
        "promote": false,
        "sticky": false,
        "default_langcode": true,
        "revision_translation_affected": true,
        "moderation_state": null,
        "metatag": null,
        "path": { "alias": null, "pid": null, "langcode": "it" },
        "private": false,
        "field_metatags": null,
        "content_translation_source": "und",
        "content_translation_outdated": false,
        "published_at": "2023-06-15T12:56:48+00:00",
        "field_error": null,
        "field_explanation": null,
        "field_instruction": null,
        "field_references": null
      },
      "relationships": {
        "node_type": {
          "data": {
            "type": "node_type--node_type",
            "id": "b36305cf-d6a4-4b58-94fd-9bd56dc48d0a",
            "meta": { "drupal_internal__target_id": "question" }
          },
          "links": {
            "related": {
              "href": "https://prod3acc9ym8.main.acsf.baywsf.com/jsonapi/node/question/aa71603c-0935-4819-adfa-18110f988efa/node_type?resourceVersion=id%3A61681"
            },
            "self": {
              "href": "https://prod3acc9ym8.main.acsf.baywsf.com/jsonapi/node/question/aa71603c-0935-4819-adfa-18110f988efa/relationships/node_type?resourceVersion=id%3A61681"
            }
          }
        },
        "revision_uid": {
          "data": {
            "type": "user--user",
            "id": "9131ddbc-9152-4466-9af1-b7cbe7f92c9a",
            "meta": { "drupal_internal__target_id": 3091 }
          },
          "links": {
            "related": {
              "href": "https://prod3acc9ym8.main.acsf.baywsf.com/jsonapi/node/question/aa71603c-0935-4819-adfa-18110f988efa/revision_uid?resourceVersion=id%3A61681"
            },
            "self": {
              "href": "https://prod3acc9ym8.main.acsf.baywsf.com/jsonapi/node/question/aa71603c-0935-4819-adfa-18110f988efa/relationships/revision_uid?resourceVersion=id%3A61681"
            }
          }
        },
        "uid": {
          "data": {
            "type": "user--user",
            "id": "9131ddbc-9152-4466-9af1-b7cbe7f92c9a",
            "meta": { "drupal_internal__target_id": 3091 }
          },
          "links": {
            "related": {
              "href": "https://prod3acc9ym8.main.acsf.baywsf.com/jsonapi/node/question/aa71603c-0935-4819-adfa-18110f988efa/uid?resourceVersion=id%3A61681"
            },
            "self": {
              "href": "https://prod3acc9ym8.main.acsf.baywsf.com/jsonapi/node/question/aa71603c-0935-4819-adfa-18110f988efa/relationships/uid?resourceVersion=id%3A61681"
            }
          }
        },
        "field_schema_json_ld_file": {
          "data": null,
          "links": {
            "related": {
              "href": "https://prod3acc9ym8.main.acsf.baywsf.com/jsonapi/node/question/aa71603c-0935-4819-adfa-18110f988efa/field_schema_json_ld_file?resourceVersion=id%3A61681"
            },
            "self": {
              "href": "https://prod3acc9ym8.main.acsf.baywsf.com/jsonapi/node/question/aa71603c-0935-4819-adfa-18110f988efa/relationships/field_schema_json_ld_file?resourceVersion=id%3A61681"
            }
          }
        },
        "field_actions": {
          "data": [],
          "links": {
            "related": {
              "href": "https://prod3acc9ym8.main.acsf.baywsf.com/jsonapi/node/question/aa71603c-0935-4819-adfa-18110f988efa/field_actions?resourceVersion=id%3A61681"
            },
            "self": {
              "href": "https://prod3acc9ym8.main.acsf.baywsf.com/jsonapi/node/question/aa71603c-0935-4819-adfa-18110f988efa/relationships/field_actions?resourceVersion=id%3A61681"
            }
          }
        },
        "field_answer": {
          "data": [
            {
              "type": "node--answer",
              "id": "079af2a7-ce68-4e14-b7bd-ad7725c9b386",
              "meta": { "drupal_internal__target_id": 1381 }
            },
            {
              "type": "node--answer",
              "id": "b416f1dd-3b95-4cb6-95f2-85538dc854fe",
              "meta": { "drupal_internal__target_id": 1386 }
            },
            {
              "type": "node--answer",
              "id": "e26a7c79-e278-4926-9365-d8cfeca69c3a",
              "meta": { "drupal_internal__target_id": 1391 }
            },
            {
              "type": "node--answer",
              "id": "68b579ef-5fb9-4317-9a98-0634b8e8848f",
              "meta": { "drupal_internal__target_id": 1396 }
            }
          ],
          "links": {
            "related": {
              "href": "https://prod3acc9ym8.main.acsf.baywsf.com/jsonapi/node/question/aa71603c-0935-4819-adfa-18110f988efa/field_answer?resourceVersion=id%3A61681"
            },
            "self": {
              "href": "https://prod3acc9ym8.main.acsf.baywsf.com/jsonapi/node/question/aa71603c-0935-4819-adfa-18110f988efa/relationships/field_answer?resourceVersion=id%3A61681"
            }
          }
        },
        "field_correct": {
          "data": [],
          "links": {
            "related": {
              "href": "https://prod3acc9ym8.main.acsf.baywsf.com/jsonapi/node/question/aa71603c-0935-4819-adfa-18110f988efa/field_correct?resourceVersion=id%3A61681"
            },
            "self": {
              "href": "https://prod3acc9ym8.main.acsf.baywsf.com/jsonapi/node/question/aa71603c-0935-4819-adfa-18110f988efa/relationships/field_correct?resourceVersion=id%3A61681"
            }
          }
        },
        "field_question_group": {
          "data": [],
          "links": {
            "related": {
              "href": "https://prod3acc9ym8.main.acsf.baywsf.com/jsonapi/node/question/aa71603c-0935-4819-adfa-18110f988efa/field_question_group?resourceVersion=id%3A61681"
            },
            "self": {
              "href": "https://prod3acc9ym8.main.acsf.baywsf.com/jsonapi/node/question/aa71603c-0935-4819-adfa-18110f988efa/relationships/field_question_group?resourceVersion=id%3A61681"
            }
          }
        }
      }
    },
    {
      "type": "node--question",
      "id": "d7e9fe60-6eb9-4718-8d4b-44022af3a26e",
      "links": {
        "self": {
          "href": "https://prod3acc9ym8.main.acsf.baywsf.com/jsonapi/node/question/d7e9fe60-6eb9-4718-8d4b-44022af3a26e?resourceVersion=id%3A61701"
        }
      },
      "attributes": {
        "drupal_internal__nid": 1416,
        "drupal_internal__vid": 61701,
        "langcode": "it",
        "revision_timestamp": "2023-06-15T13:02:15+00:00",
        "revision_log": null,
        "status": true,
        "title": "Quanto \u00e8 intenso il mal di gola?",
        "created": "2023-06-15T13:02:15+00:00",
        "changed": "2023-06-15T13:02:15+00:00",
        "promote": false,
        "sticky": false,
        "default_langcode": true,
        "revision_translation_affected": true,
        "moderation_state": null,
        "metatag": null,
        "path": { "alias": null, "pid": null, "langcode": "it" },
        "private": false,
        "field_metatags": null,
        "content_translation_source": "und",
        "content_translation_outdated": false,
        "published_at": "2023-06-15T13:02:44+00:00",
        "field_error": null,
        "field_explanation": null,
        "field_instruction": null,
        "field_references": null
      },
      "relationships": {
        "node_type": {
          "data": {
            "type": "node_type--node_type",
            "id": "b36305cf-d6a4-4b58-94fd-9bd56dc48d0a",
            "meta": { "drupal_internal__target_id": "question" }
          },
          "links": {
            "related": {
              "href": "https://prod3acc9ym8.main.acsf.baywsf.com/jsonapi/node/question/d7e9fe60-6eb9-4718-8d4b-44022af3a26e/node_type?resourceVersion=id%3A61701"
            },
            "self": {
              "href": "https://prod3acc9ym8.main.acsf.baywsf.com/jsonapi/node/question/d7e9fe60-6eb9-4718-8d4b-44022af3a26e/relationships/node_type?resourceVersion=id%3A61701"
            }
          }
        },
        "revision_uid": {
          "data": {
            "type": "user--user",
            "id": "9131ddbc-9152-4466-9af1-b7cbe7f92c9a",
            "meta": { "drupal_internal__target_id": 3091 }
          },
          "links": {
            "related": {
              "href": "https://prod3acc9ym8.main.acsf.baywsf.com/jsonapi/node/question/d7e9fe60-6eb9-4718-8d4b-44022af3a26e/revision_uid?resourceVersion=id%3A61701"
            },
            "self": {
              "href": "https://prod3acc9ym8.main.acsf.baywsf.com/jsonapi/node/question/d7e9fe60-6eb9-4718-8d4b-44022af3a26e/relationships/revision_uid?resourceVersion=id%3A61701"
            }
          }
        },
        "uid": {
          "data": {
            "type": "user--user",
            "id": "9131ddbc-9152-4466-9af1-b7cbe7f92c9a",
            "meta": { "drupal_internal__target_id": 3091 }
          },
          "links": {
            "related": {
              "href": "https://prod3acc9ym8.main.acsf.baywsf.com/jsonapi/node/question/d7e9fe60-6eb9-4718-8d4b-44022af3a26e/uid?resourceVersion=id%3A61701"
            },
            "self": {
              "href": "https://prod3acc9ym8.main.acsf.baywsf.com/jsonapi/node/question/d7e9fe60-6eb9-4718-8d4b-44022af3a26e/relationships/uid?resourceVersion=id%3A61701"
            }
          }
        },
        "field_schema_json_ld_file": {
          "data": null,
          "links": {
            "related": {
              "href": "https://prod3acc9ym8.main.acsf.baywsf.com/jsonapi/node/question/d7e9fe60-6eb9-4718-8d4b-44022af3a26e/field_schema_json_ld_file?resourceVersion=id%3A61701"
            },
            "self": {
              "href": "https://prod3acc9ym8.main.acsf.baywsf.com/jsonapi/node/question/d7e9fe60-6eb9-4718-8d4b-44022af3a26e/relationships/field_schema_json_ld_file?resourceVersion=id%3A61701"
            }
          }
        },
        "field_actions": {
          "data": [],
          "links": {
            "related": {
              "href": "https://prod3acc9ym8.main.acsf.baywsf.com/jsonapi/node/question/d7e9fe60-6eb9-4718-8d4b-44022af3a26e/field_actions?resourceVersion=id%3A61701"
            },
            "self": {
              "href": "https://prod3acc9ym8.main.acsf.baywsf.com/jsonapi/node/question/d7e9fe60-6eb9-4718-8d4b-44022af3a26e/relationships/field_actions?resourceVersion=id%3A61701"
            }
          }
        },
        "field_answer": {
          "data": [
            {
              "type": "node--answer",
              "id": "1133e4f0-b00f-443e-8705-a6fda8fca2ce",
              "meta": { "drupal_internal__target_id": 1406 }
            },
            {
              "type": "node--answer",
              "id": "f69cd860-9b98-42cd-8571-3dd08c28dcfb",
              "meta": { "drupal_internal__target_id": 1411 }
            }
          ],
          "links": {
            "related": {
              "href": "https://prod3acc9ym8.main.acsf.baywsf.com/jsonapi/node/question/d7e9fe60-6eb9-4718-8d4b-44022af3a26e/field_answer?resourceVersion=id%3A61701"
            },
            "self": {
              "href": "https://prod3acc9ym8.main.acsf.baywsf.com/jsonapi/node/question/d7e9fe60-6eb9-4718-8d4b-44022af3a26e/relationships/field_answer?resourceVersion=id%3A61701"
            }
          }
        },
        "field_correct": {
          "data": [],
          "links": {
            "related": {
              "href": "https://prod3acc9ym8.main.acsf.baywsf.com/jsonapi/node/question/d7e9fe60-6eb9-4718-8d4b-44022af3a26e/field_correct?resourceVersion=id%3A61701"
            },
            "self": {
              "href": "https://prod3acc9ym8.main.acsf.baywsf.com/jsonapi/node/question/d7e9fe60-6eb9-4718-8d4b-44022af3a26e/relationships/field_correct?resourceVersion=id%3A61701"
            }
          }
        },
        "field_question_group": {
          "data": [],
          "links": {
            "related": {
              "href": "https://prod3acc9ym8.main.acsf.baywsf.com/jsonapi/node/question/d7e9fe60-6eb9-4718-8d4b-44022af3a26e/field_question_group?resourceVersion=id%3A61701"
            },
            "self": {
              "href": "https://prod3acc9ym8.main.acsf.baywsf.com/jsonapi/node/question/d7e9fe60-6eb9-4718-8d4b-44022af3a26e/relationships/field_question_group?resourceVersion=id%3A61701"
            }
          }
        }
      }
    },
    {
      "type": "node--question",
      "id": "e9f40901-c081-4a28-b34c-2a2a775ec1b4",
      "links": {
        "self": {
          "href": "https://prod3acc9ym8.main.acsf.baywsf.com/jsonapi/node/question/e9f40901-c081-4a28-b34c-2a2a775ec1b4?resourceVersion=id%3A61726"
        }
      },
      "attributes": {
        "drupal_internal__nid": 1436,
        "drupal_internal__vid": 61726,
        "langcode": "it",
        "revision_timestamp": "2023-06-15T13:29:32+00:00",
        "revision_log": null,
        "status": true,
        "title": "Quanto \u00e8 intenso il mal di gola?",
        "created": "2023-06-15T13:29:32+00:00",
        "changed": "2023-06-15T13:29:32+00:00",
        "promote": false,
        "sticky": false,
        "default_langcode": true,
        "revision_translation_affected": true,
        "moderation_state": null,
        "metatag": null,
        "path": { "alias": null, "pid": null, "langcode": "it" },
        "private": false,
        "field_metatags": null,
        "content_translation_source": "und",
        "content_translation_outdated": false,
        "published_at": "2023-06-15T13:30:07+00:00",
        "field_error": null,
        "field_explanation": null,
        "field_instruction": null,
        "field_references": null
      },
      "relationships": {
        "node_type": {
          "data": {
            "type": "node_type--node_type",
            "id": "b36305cf-d6a4-4b58-94fd-9bd56dc48d0a",
            "meta": { "drupal_internal__target_id": "question" }
          },
          "links": {
            "related": {
              "href": "https://prod3acc9ym8.main.acsf.baywsf.com/jsonapi/node/question/e9f40901-c081-4a28-b34c-2a2a775ec1b4/node_type?resourceVersion=id%3A61726"
            },
            "self": {
              "href": "https://prod3acc9ym8.main.acsf.baywsf.com/jsonapi/node/question/e9f40901-c081-4a28-b34c-2a2a775ec1b4/relationships/node_type?resourceVersion=id%3A61726"
            }
          }
        },
        "revision_uid": {
          "data": {
            "type": "user--user",
            "id": "9131ddbc-9152-4466-9af1-b7cbe7f92c9a",
            "meta": { "drupal_internal__target_id": 3091 }
          },
          "links": {
            "related": {
              "href": "https://prod3acc9ym8.main.acsf.baywsf.com/jsonapi/node/question/e9f40901-c081-4a28-b34c-2a2a775ec1b4/revision_uid?resourceVersion=id%3A61726"
            },
            "self": {
              "href": "https://prod3acc9ym8.main.acsf.baywsf.com/jsonapi/node/question/e9f40901-c081-4a28-b34c-2a2a775ec1b4/relationships/revision_uid?resourceVersion=id%3A61726"
            }
          }
        },
        "uid": {
          "data": {
            "type": "user--user",
            "id": "9131ddbc-9152-4466-9af1-b7cbe7f92c9a",
            "meta": { "drupal_internal__target_id": 3091 }
          },
          "links": {
            "related": {
              "href": "https://prod3acc9ym8.main.acsf.baywsf.com/jsonapi/node/question/e9f40901-c081-4a28-b34c-2a2a775ec1b4/uid?resourceVersion=id%3A61726"
            },
            "self": {
              "href": "https://prod3acc9ym8.main.acsf.baywsf.com/jsonapi/node/question/e9f40901-c081-4a28-b34c-2a2a775ec1b4/relationships/uid?resourceVersion=id%3A61726"
            }
          }
        },
        "field_schema_json_ld_file": {
          "data": null,
          "links": {
            "related": {
              "href": "https://prod3acc9ym8.main.acsf.baywsf.com/jsonapi/node/question/e9f40901-c081-4a28-b34c-2a2a775ec1b4/field_schema_json_ld_file?resourceVersion=id%3A61726"
            },
            "self": {
              "href": "https://prod3acc9ym8.main.acsf.baywsf.com/jsonapi/node/question/e9f40901-c081-4a28-b34c-2a2a775ec1b4/relationships/field_schema_json_ld_file?resourceVersion=id%3A61726"
            }
          }
        },
        "field_actions": {
          "data": [],
          "links": {
            "related": {
              "href": "https://prod3acc9ym8.main.acsf.baywsf.com/jsonapi/node/question/e9f40901-c081-4a28-b34c-2a2a775ec1b4/field_actions?resourceVersion=id%3A61726"
            },
            "self": {
              "href": "https://prod3acc9ym8.main.acsf.baywsf.com/jsonapi/node/question/e9f40901-c081-4a28-b34c-2a2a775ec1b4/relationships/field_actions?resourceVersion=id%3A61726"
            }
          }
        },
        "field_answer": {
          "data": [
            {
              "type": "node--answer",
              "id": "3db51d58-467c-4b6b-9adc-2e6b25d4b84b",
              "meta": { "drupal_internal__target_id": 1421 }
            },
            {
              "type": "node--answer",
              "id": "bad2f573-de56-4e1d-81ee-e7d5c6474a5b",
              "meta": { "drupal_internal__target_id": 1426 }
            },
            {
              "type": "node--answer",
              "id": "3cf4732e-c0fa-4008-a0c2-c9114dba312e",
              "meta": { "drupal_internal__target_id": 1431 }
            }
          ],
          "links": {
            "related": {
              "href": "https://prod3acc9ym8.main.acsf.baywsf.com/jsonapi/node/question/e9f40901-c081-4a28-b34c-2a2a775ec1b4/field_answer?resourceVersion=id%3A61726"
            },
            "self": {
              "href": "https://prod3acc9ym8.main.acsf.baywsf.com/jsonapi/node/question/e9f40901-c081-4a28-b34c-2a2a775ec1b4/relationships/field_answer?resourceVersion=id%3A61726"
            }
          }
        },
        "field_correct": {
          "data": [],
          "links": {
            "related": {
              "href": "https://prod3acc9ym8.main.acsf.baywsf.com/jsonapi/node/question/e9f40901-c081-4a28-b34c-2a2a775ec1b4/field_correct?resourceVersion=id%3A61726"
            },
            "self": {
              "href": "https://prod3acc9ym8.main.acsf.baywsf.com/jsonapi/node/question/e9f40901-c081-4a28-b34c-2a2a775ec1b4/relationships/field_correct?resourceVersion=id%3A61726"
            }
          }
        },
        "field_question_group": {
          "data": [],
          "links": {
            "related": {
              "href": "https://prod3acc9ym8.main.acsf.baywsf.com/jsonapi/node/question/e9f40901-c081-4a28-b34c-2a2a775ec1b4/field_question_group?resourceVersion=id%3A61726"
            },
            "self": {
              "href": "https://prod3acc9ym8.main.acsf.baywsf.com/jsonapi/node/question/e9f40901-c081-4a28-b34c-2a2a775ec1b4/relationships/field_question_group?resourceVersion=id%3A61726"
            }
          }
        }
      }
    },
    {
      "type": "node--question",
      "id": "be2a84c4-4031-437d-9898-7dee4f2e4dc2",
      "links": {
        "self": {
          "href": "https://prod3acc9ym8.main.acsf.baywsf.com/jsonapi/node/question/be2a84c4-4031-437d-9898-7dee4f2e4dc2?resourceVersion=id%3A61746"
        }
      },
      "attributes": {
        "drupal_internal__nid": 1451,
        "drupal_internal__vid": 61746,
        "langcode": "it",
        "revision_timestamp": "2023-06-15T13:48:47+00:00",
        "revision_log": null,
        "status": true,
        "title": "Quanti anni ha la persona con dolore?",
        "created": "2023-06-15T13:48:47+00:00",
        "changed": "2023-06-15T13:48:47+00:00",
        "promote": false,
        "sticky": false,
        "default_langcode": true,
        "revision_translation_affected": true,
        "moderation_state": null,
        "metatag": null,
        "path": { "alias": null, "pid": null, "langcode": "it" },
        "private": false,
        "field_metatags": null,
        "content_translation_source": "und",
        "content_translation_outdated": false,
        "published_at": "2023-06-15T13:49:18+00:00",
        "field_error": null,
        "field_explanation": null,
        "field_instruction": null,
        "field_references": null
      },
      "relationships": {
        "node_type": {
          "data": {
            "type": "node_type--node_type",
            "id": "b36305cf-d6a4-4b58-94fd-9bd56dc48d0a",
            "meta": { "drupal_internal__target_id": "question" }
          },
          "links": {
            "related": {
              "href": "https://prod3acc9ym8.main.acsf.baywsf.com/jsonapi/node/question/be2a84c4-4031-437d-9898-7dee4f2e4dc2/node_type?resourceVersion=id%3A61746"
            },
            "self": {
              "href": "https://prod3acc9ym8.main.acsf.baywsf.com/jsonapi/node/question/be2a84c4-4031-437d-9898-7dee4f2e4dc2/relationships/node_type?resourceVersion=id%3A61746"
            }
          }
        },
        "revision_uid": {
          "data": {
            "type": "user--user",
            "id": "9131ddbc-9152-4466-9af1-b7cbe7f92c9a",
            "meta": { "drupal_internal__target_id": 3091 }
          },
          "links": {
            "related": {
              "href": "https://prod3acc9ym8.main.acsf.baywsf.com/jsonapi/node/question/be2a84c4-4031-437d-9898-7dee4f2e4dc2/revision_uid?resourceVersion=id%3A61746"
            },
            "self": {
              "href": "https://prod3acc9ym8.main.acsf.baywsf.com/jsonapi/node/question/be2a84c4-4031-437d-9898-7dee4f2e4dc2/relationships/revision_uid?resourceVersion=id%3A61746"
            }
          }
        },
        "uid": {
          "data": {
            "type": "user--user",
            "id": "9131ddbc-9152-4466-9af1-b7cbe7f92c9a",
            "meta": { "drupal_internal__target_id": 3091 }
          },
          "links": {
            "related": {
              "href": "https://prod3acc9ym8.main.acsf.baywsf.com/jsonapi/node/question/be2a84c4-4031-437d-9898-7dee4f2e4dc2/uid?resourceVersion=id%3A61746"
            },
            "self": {
              "href": "https://prod3acc9ym8.main.acsf.baywsf.com/jsonapi/node/question/be2a84c4-4031-437d-9898-7dee4f2e4dc2/relationships/uid?resourceVersion=id%3A61746"
            }
          }
        },
        "field_schema_json_ld_file": {
          "data": null,
          "links": {
            "related": {
              "href": "https://prod3acc9ym8.main.acsf.baywsf.com/jsonapi/node/question/be2a84c4-4031-437d-9898-7dee4f2e4dc2/field_schema_json_ld_file?resourceVersion=id%3A61746"
            },
            "self": {
              "href": "https://prod3acc9ym8.main.acsf.baywsf.com/jsonapi/node/question/be2a84c4-4031-437d-9898-7dee4f2e4dc2/relationships/field_schema_json_ld_file?resourceVersion=id%3A61746"
            }
          }
        },
        "field_actions": {
          "data": [],
          "links": {
            "related": {
              "href": "https://prod3acc9ym8.main.acsf.baywsf.com/jsonapi/node/question/be2a84c4-4031-437d-9898-7dee4f2e4dc2/field_actions?resourceVersion=id%3A61746"
            },
            "self": {
              "href": "https://prod3acc9ym8.main.acsf.baywsf.com/jsonapi/node/question/be2a84c4-4031-437d-9898-7dee4f2e4dc2/relationships/field_actions?resourceVersion=id%3A61746"
            }
          }
        },
        "field_answer": {
          "data": [
            {
              "type": "node--answer",
              "id": "9da2f57f-4d98-4645-9a2d-e62d73db9ab9",
              "meta": { "drupal_internal__target_id": 1441 }
            },
            {
              "type": "node--answer",
              "id": "2d5ae6e3-8ba9-4d86-b3f5-4d6d473279c8",
              "meta": { "drupal_internal__target_id": 1446 }
            }
          ],
          "links": {
            "related": {
              "href": "https://prod3acc9ym8.main.acsf.baywsf.com/jsonapi/node/question/be2a84c4-4031-437d-9898-7dee4f2e4dc2/field_answer?resourceVersion=id%3A61746"
            },
            "self": {
              "href": "https://prod3acc9ym8.main.acsf.baywsf.com/jsonapi/node/question/be2a84c4-4031-437d-9898-7dee4f2e4dc2/relationships/field_answer?resourceVersion=id%3A61746"
            }
          }
        },
        "field_correct": {
          "data": [],
          "links": {
            "related": {
              "href": "https://prod3acc9ym8.main.acsf.baywsf.com/jsonapi/node/question/be2a84c4-4031-437d-9898-7dee4f2e4dc2/field_correct?resourceVersion=id%3A61746"
            },
            "self": {
              "href": "https://prod3acc9ym8.main.acsf.baywsf.com/jsonapi/node/question/be2a84c4-4031-437d-9898-7dee4f2e4dc2/relationships/field_correct?resourceVersion=id%3A61746"
            }
          }
        },
        "field_question_group": {
          "data": [],
          "links": {
            "related": {
              "href": "https://prod3acc9ym8.main.acsf.baywsf.com/jsonapi/node/question/be2a84c4-4031-437d-9898-7dee4f2e4dc2/field_question_group?resourceVersion=id%3A61746"
            },
            "self": {
              "href": "https://prod3acc9ym8.main.acsf.baywsf.com/jsonapi/node/question/be2a84c4-4031-437d-9898-7dee4f2e4dc2/relationships/field_question_group?resourceVersion=id%3A61746"
            }
          }
        }
      }
    },
    {
      "type": "node--question",
      "id": "1ba50a1d-7ec5-4332-bee6-9710a09acdf1",
      "links": {
        "self": {
          "href": "https://prod3acc9ym8.main.acsf.baywsf.com/jsonapi/node/question/1ba50a1d-7ec5-4332-bee6-9710a09acdf1?resourceVersion=id%3A61766"
        }
      },
      "attributes": {
        "drupal_internal__nid": 1466,
        "drupal_internal__vid": 61766,
        "langcode": "it",
        "revision_timestamp": "2023-06-15T13:56:29+00:00",
        "revision_log": null,
        "status": true,
        "title": "Che caratteristiche ha il dolore?",
        "created": "2023-06-15T13:56:29+00:00",
        "changed": "2023-06-15T14:17:21+00:00",
        "promote": false,
        "sticky": false,
        "default_langcode": true,
        "revision_translation_affected": true,
        "moderation_state": null,
        "metatag": null,
        "path": { "alias": null, "pid": null, "langcode": "it" },
        "private": false,
        "field_metatags": null,
        "content_translation_source": "und",
        "content_translation_outdated": false,
        "published_at": "2023-06-15T13:58:57+00:00",
        "field_error": null,
        "field_explanation": null,
        "field_instruction": null,
        "field_references": null
      },
      "relationships": {
        "node_type": {
          "data": {
            "type": "node_type--node_type",
            "id": "b36305cf-d6a4-4b58-94fd-9bd56dc48d0a",
            "meta": { "drupal_internal__target_id": "question" }
          },
          "links": {
            "related": {
              "href": "https://prod3acc9ym8.main.acsf.baywsf.com/jsonapi/node/question/1ba50a1d-7ec5-4332-bee6-9710a09acdf1/node_type?resourceVersion=id%3A61766"
            },
            "self": {
              "href": "https://prod3acc9ym8.main.acsf.baywsf.com/jsonapi/node/question/1ba50a1d-7ec5-4332-bee6-9710a09acdf1/relationships/node_type?resourceVersion=id%3A61766"
            }
          }
        },
        "revision_uid": {
          "data": {
            "type": "user--user",
            "id": "9131ddbc-9152-4466-9af1-b7cbe7f92c9a",
            "meta": { "drupal_internal__target_id": 3091 }
          },
          "links": {
            "related": {
              "href": "https://prod3acc9ym8.main.acsf.baywsf.com/jsonapi/node/question/1ba50a1d-7ec5-4332-bee6-9710a09acdf1/revision_uid?resourceVersion=id%3A61766"
            },
            "self": {
              "href": "https://prod3acc9ym8.main.acsf.baywsf.com/jsonapi/node/question/1ba50a1d-7ec5-4332-bee6-9710a09acdf1/relationships/revision_uid?resourceVersion=id%3A61766"
            }
          }
        },
        "uid": {
          "data": {
            "type": "user--user",
            "id": "9131ddbc-9152-4466-9af1-b7cbe7f92c9a",
            "meta": { "drupal_internal__target_id": 3091 }
          },
          "links": {
            "related": {
              "href": "https://prod3acc9ym8.main.acsf.baywsf.com/jsonapi/node/question/1ba50a1d-7ec5-4332-bee6-9710a09acdf1/uid?resourceVersion=id%3A61766"
            },
            "self": {
              "href": "https://prod3acc9ym8.main.acsf.baywsf.com/jsonapi/node/question/1ba50a1d-7ec5-4332-bee6-9710a09acdf1/relationships/uid?resourceVersion=id%3A61766"
            }
          }
        },
        "field_schema_json_ld_file": {
          "data": null,
          "links": {
            "related": {
              "href": "https://prod3acc9ym8.main.acsf.baywsf.com/jsonapi/node/question/1ba50a1d-7ec5-4332-bee6-9710a09acdf1/field_schema_json_ld_file?resourceVersion=id%3A61766"
            },
            "self": {
              "href": "https://prod3acc9ym8.main.acsf.baywsf.com/jsonapi/node/question/1ba50a1d-7ec5-4332-bee6-9710a09acdf1/relationships/field_schema_json_ld_file?resourceVersion=id%3A61766"
            }
          }
        },
        "field_actions": {
          "data": [],
          "links": {
            "related": {
              "href": "https://prod3acc9ym8.main.acsf.baywsf.com/jsonapi/node/question/1ba50a1d-7ec5-4332-bee6-9710a09acdf1/field_actions?resourceVersion=id%3A61766"
            },
            "self": {
              "href": "https://prod3acc9ym8.main.acsf.baywsf.com/jsonapi/node/question/1ba50a1d-7ec5-4332-bee6-9710a09acdf1/relationships/field_actions?resourceVersion=id%3A61766"
            }
          }
        },
        "field_answer": {
          "data": [
            {
              "type": "node--answer",
              "id": "8b806aef-851b-4523-b8f4-a1a1fcee42d5",
              "meta": { "drupal_internal__target_id": 1456 }
            },
            {
              "type": "node--answer",
              "id": "195900f5-c824-4a25-a3ea-54037498c63b",
              "meta": { "drupal_internal__target_id": 1461 }
            },
            {
              "type": "node--answer",
              "id": "eb8e5615-b06e-43a6-b5a0-5bde1a84a42f",
              "meta": { "drupal_internal__target_id": 1471 }
            },
            {
              "type": "node--answer",
              "id": "435fba2e-d260-4b69-bf13-72005d889f49",
              "meta": { "drupal_internal__target_id": 1476 }
            },
            {
              "type": "node--answer",
              "id": "c3178fe0-ee93-4367-8a46-6181c60c7fed",
              "meta": { "drupal_internal__target_id": 1481 }
            }
          ],
          "links": {
            "related": {
              "href": "https://prod3acc9ym8.main.acsf.baywsf.com/jsonapi/node/question/1ba50a1d-7ec5-4332-bee6-9710a09acdf1/field_answer?resourceVersion=id%3A61766"
            },
            "self": {
              "href": "https://prod3acc9ym8.main.acsf.baywsf.com/jsonapi/node/question/1ba50a1d-7ec5-4332-bee6-9710a09acdf1/relationships/field_answer?resourceVersion=id%3A61766"
            }
          }
        },
        "field_correct": {
          "data": [],
          "links": {
            "related": {
              "href": "https://prod3acc9ym8.main.acsf.baywsf.com/jsonapi/node/question/1ba50a1d-7ec5-4332-bee6-9710a09acdf1/field_correct?resourceVersion=id%3A61766"
            },
            "self": {
              "href": "https://prod3acc9ym8.main.acsf.baywsf.com/jsonapi/node/question/1ba50a1d-7ec5-4332-bee6-9710a09acdf1/relationships/field_correct?resourceVersion=id%3A61766"
            }
          }
        },
        "field_question_group": {
          "data": [],
          "links": {
            "related": {
              "href": "https://prod3acc9ym8.main.acsf.baywsf.com/jsonapi/node/question/1ba50a1d-7ec5-4332-bee6-9710a09acdf1/field_question_group?resourceVersion=id%3A61766"
            },
            "self": {
              "href": "https://prod3acc9ym8.main.acsf.baywsf.com/jsonapi/node/question/1ba50a1d-7ec5-4332-bee6-9710a09acdf1/relationships/field_question_group?resourceVersion=id%3A61766"
            }
          }
        }
      }
    }
  ],
  "links": {
    "self": {
      "href": "https://prod3acc9ym8.main.acsf.baywsf.com/jsonapi/node/quiz/6158ffed-2d0e-4d1e-b0d1-c536aa547659?include=field_quiz_question"
    }
  }
}
