"region","pharmacy_name","map_address","lat","lng"
"CyGBA - AMBA","AZUL SUC 14 TRIBUNALES","Uruguay 479, C1015ABI CABA","-34.6031686","-58.3863965"
"CyGBA - AMBA","AZUL SUC 6 FARMAKI","Av. de Mayo 675, C1084AAB CABA","-34.6085155","-58.3758335"
"CyGBA - AMBA","AZUL SUC 3 DEL PACIFICO","Av. Córdoba 533, C1054AAE CABA","-34.5985078","-58.3746297"
"CyGBA - AMBA","AZUL SUC 15  CATALINAS","Reconquista 1015, C1003ABU CABA","-34.5959471","-58.3730281"
"CyGBA - AMBA","AZUL SUC 25 MICRO","25 de Mayo 222, C1002ABF CABA","-34.6050766","-58.3710691"
"CyGBA - AMBA","AZUL","Av. Entre Ríos 299, C1079ABC CABA","-34.6125031","-58.3919833"
"CyGBA - AMBA","AZUL SUC 9 POMPEYA","Av. Sáenz 885, C1437DOA CABA","-34.650492","-58.416683"
"CyGBA - AMBA","AZUL SUC 30 SAN MARTIN","San Martín 592, C1004 CABA","-34.6011789","-58.3741308"
"CyGBA - AMBA","FARMA PLUS SUC 13 PALERMO","San Martín de Tours 2976, C1425DND CABA","-34.5779481","-58.4040668"
"CyGBA - AMBA","AZUL SUC 11 BARRIO NORTE","Av. Pueyrredón 1428, C1118 CABA","-34.5940475","-58.4022996"
"CyGBA - AMBA","AZUL SUC 3 DE VILLACH","Av. Pueyrredón 1673, C1118AAG CABA","-34.5919718","-58.4010305"
"CyGBA - AMBA","AZUL SUC 8 BOTICA","José Andrés Pacheco de Melo 2402, C1425AUB CABA","-34.5883669","-58.3990757"
"CyGBA - AMBA","AZUL SUC 4 WESSEN","Av. Gral. Las Heras 2273, C1127AAE CABA","-34.5877629","-58.396421"
"CyGBA - AMBA","AZUL SUC 17 CLINICAS","Av. Córdoba 2501, C1120AAH CABA","-34.598824","-58.402629"
"CyGBA - AMBA","AZUL SUC 21 LAS LOMAS I","Av. Diego Carman 539, B1642AKG San Isidro, Provincia de Buenos Aires","-34.4957037","-58.5451437"
"CyGBA - AMBA","AZUL SUC 22 LAS LOMAS II","Av. Sucre 2130, B1643AQP Béccar, Provincia de Buenos Aires","-34.4781694","-58.5553918"
"CyGBA - AMBA","AZUL SUC 23 LAS LOMAS III","Av. Centenario 888, B1642CAW San Isidro, Provincia de Buenos Aires","-34.4675223","-58.5190533"
"CyGBA - AMBA","AZUL BUTI II ","Av. Cabildo 2540, C1428 AAU, Buenos Aires","-34.5581278","-58.4604592"
"CyGBA - AMBA","AZUL BUTI","Av. Cabildo 2676, C1428AAV CABA","-34.5572547","-58.4613271"
"CyGBA - AMBA","AZUL SUC 16 NUÑEZ","Av. Cabildo 3834, C1429 Buenos Aires, Provincia de Buenos Aires","-34.5480277","-58.4691939"
"CyGBA - AMBA","AZUL SUC 24 BELGRANO","Av. Juramento 2741, C1428DNU CABA","-34.5637879","-58.4598887"
"CyGBA - AMBA","AZUL SUC 5 TEGARAN","Av. Cabildo 1566, C1426ABP CABA","-34.5665527","-58.4520027"
"CyGBA - AMBA","AZUL","Av. Cabildo 2178, Buenos Aires","-34.5614683","-58.4574963"
"CyGBA - AMBA","AZUL SUC 26 ECHEVERRIA","Echeverría 3187, C1428DSE CABA","-34.5672422","-58.4633244"
"CyGBA - AMBA","AZUL SUC 34 PRIETO","Alsina 127, B1878 Quilmes, Provincia de Buenos Aires","-34.7219613","-58.2591127"
"CyGBA - AMBA","AZUL SUC 10  DEVOTO","Av. Francisco Beiró 5402, Buenos Aires","-34.615138","-58.526152"
"CyGBA - AMBA","AZUL  SUC 28 INCAS","Av Triunvirato 3749, C1427AAK CABA","-34.581314","-58.473913"
"CyGBA - AMBA","AZUL SUC 27 PODESTA","Av Triunvirato 4602, C1431FBW CABA","-34.5749617","-58.4856555"
"CyGBA - AMBA","AZUL SANTA EMILIA","Av. Nazca 2301, C1416 ASZ, Buenos Aires","-34.6087211","-58.4833497"
"CyGBA - AMBA","AZUL ","Av Triunvirato 4499, C1431FBH CABA","-34.575595","-58.4840078"
"CyGBA - AMBA","AZUL SUC 18 CABA I","Av. Rivadavia 5014, C1424 CABA","-34.6185874","-58.4367848"
"CyGBA - AMBA","AZUL SUC 20 FLORES","Av. Rivadavia 6854, Buenos Aires","-34.6287675","-58.4620435"
"CyGBA - AMBA","AZUL SUC 19 CABA II","Av. José María Moreno 99, C1424AAA CABA","-34.619301","-58.4361031"
"CyGBA - AMBA","AZUL SUC 7 GABUID","Av. Rivadavia 4718, C1424CEP CABA","-34.6164398","-58.4317376"
"CyGBA - AMBA","AZUL GEL","Tte. Gral. Juan Domingo Perón 3734, C1198 AAT, Buenos Aires","-34.6065981","-58.4190771"
"CyGBA - AMBA","SOCIAL FARMACEUTICA SAN MIGUEL ","Av. Pte. J. D. Perón 1702, B1663GDL San Miguel, Provincia de Buenos Aires","-34.5410127","-58.7135019"
"CyGBA - AMBA","CENTRAL OESTE CRAVENNA","Av. Rivadavia 18199, Morón, Provincia de Buenos Aires","-34.6491662","-58.6196602"
"CyGBA - AMBA","CENTRAL OESTE MERLO","Av. del Libertador 788, B1722 Merlo, Provincia de Buenos Aires","-34.6654872","-58.7277292"
"CyGBA - AMBA","CENTRAL OESTE MORON","Av. Rivadavia 18161, B1708 EII, Provincia de Buenos Aires","-34.6489922","-58.6192581"
"CyGBA - AMBA","CENTRAL OESTE ROSSI","Gdor. Inocencio Arias 2408, B1712CDF Morón, Provincia de Buenos Aires","-34.6511179","-58.642663"
"CyGBA - AMBA","CENTRAL OESTE NOGUERA","FUA, Pedro Noguera 23, B1718 San Antonio de Padua, Provincia de Buenos Aires","-34.6663355","-58.6998127"
"CyGBA - AMBA","CENTRAL OESTE PARA TI","Av. Rivadavia 14002, Ramos Mejía, Provincia de Buenos Aires","-34.6409356","-58.5644484"
"CyGBA - AMBA","CENTRAL OESTE LELOIR","Avenida Presidente Perón 8505, Castelar, Provincia de Buenos Aires","-34.6285707","-58.6891378"
"CyGBA - AMBA","CENTRAL OESTE HAEDO","Caseros 2, B1706EIB Haedo, Provincia de Buenos Aires","-34.644123","-58.590821"
"CyGBA - AMBA","CENTRAL OESTE ITUZAINGO","MCG, Gral. las Heras 381, B1714 Ituzaingó, Provincia de Buenos Aires","-34.6560617","-58.6670934"
"CyGBA - AMBA","CENTRAL OESTE MARTINOIA","Av. de Mayo 899, B1704BUI Ramos Mejía, Provincia de Buenos Aires","-34.6488488","-58.5641434"
"CyGBA - AMBA","CENTRAL OESTE MAREQUE","Almte. Guillermo Brown 701, Morón, Provincia de Buenos Aires","-34.6503766","-58.6186564"
"CyGBA - AMBA","CENTRAL OESTE ROMANO","Av. Pres. Dr. Arturo Umberto Illia 2302, San Justo, Provincia de Buenos Aires","-34.6746772","-58.5625735"
"CyGBA - AMBA","CENTRAL OESTE MODERNA","25 de Mayo 130, B1708JAD Morón, Provincia de Buenos Aires","-34.6496591","-58.6196796"
"CyGBA - AMBA","CENTRAL OESTE AVENIDA","Av. de Mayo 449, B1704BUE Ramos Mejía, Provincia de Buenos Aires","-34.6448925","-58.5652073"
"CyGBA - AMBA","CENTRAL OESTE SANTA ROSA","Gral. Machado 3575, B1712BLK Castelar, Provincia de Buenos Aires","-34.6409107","-58.6558664"
"CyGBA - AMBA","CENTRAL OESTE FASCINO","Buenos Aires 549, B1712JNA Castelar, Provincia de Buenos Aires","-34.653344","-58.6429905"
"CyGBA - AMBA","CENTRAL OESTE SAN RAFAEL","Independencia 165, B1708JQC Morón, Provincia de Buenos Aires","-34.646744","-58.618351"
"CyGBA - AMBA","CENTRAL OESTE HALPERN","Córdoba 303, Morón, Provincia de Buenos Aires","-34.6552402","-58.6138675"
"CyGBA - AMBA","CENTRAL OESTE FUNES","Av. del Libertador 363, B1722 Merlo, Provincia de Buenos Aires","-34.6704","-58.7249587"
"CyGBA - AMBA","DANESA CRAMER","Av. Crámer 1965, C1428CTC CABA","-34.5659083","-58.4600204"
"CyGBA - AMBA","DANESA JURAMENTO","Av. Juramento 2484, C1428 CABA","-34.5626204","-58.4573859"
"CyGBA - AMBA","DANESA CABILDO","Av. Cabildo 2171, C1428AAD CABA","-34.5613148","-58.45709"
"CyGBA - AMBA","DANESA CONGRESO","Av. Congreso 2486, C1428 BVL, Buenos Aires","-34.5559294","-58.4631952"
"CyGBA - AMBA","GUERRA","República Oriental del Uruguay 265, Morón, Provincia de Buenos Aires","-34.651253","-58.6175622"
"CyGBA - AMBA","APARICIO","Av. Pres. Juan Domingo Perón 23870, San Antonio de Padua, Provincia de Buenos Aires","-34.6659839","-58.6992056"
"CyGBA - AMBA","ESTUDIANTIL","Av. Rivadavia 13236, Ramos Mejía, Provincia de Buenos Aires","-34.640097","-58.5531563"
"CyGBA - AMBA","ESTILO SALUD","Av. de Mayo 1200, B1704BUZ Ramos Mejía, Provincia de Buenos Aires","-34.6526618","-58.5632348"
"CyGBA - AMBA","ESTILO SALUD","Dr. Gabriel Ardoino 714, Ramos Mejía, Provincia de Buenos Aires","-34.6389269","-58.5555165"
"CyGBA - AMBA","GRAN FERRARI","Av. Caseros 1990, Buenos Aires","-34.6342315","-58.39012"
"CyGBA - AMBA","MS PATRICIOS","Av. Caseros 2980, C1152 CABA","-34.6371471","-58.4047951"
"CyGBA - AMBA","PEDRIEL","Av. Caseros 1902, C1152 CABA","-34.6338858","-58.3886971"
"CyGBA - AMBA","LUPO","Av. Caseros 2680, C1264 AAT, Buenos Aires","-34.6362378","-58.4000377"
"CyGBA - AMBA","LA SANTE POMPEYA","Av. La Plata 2501, C1437DHD CABA","-34.6439213","-58.4219634"
"CyGBA - AMBA","LA SANTE ONCE","Av. Rivadavia 2453, C1034ACD CABA","-34.609671","-58.401305"
"CyGBA - AMBA","LA SANTE","Jerónimo Salguero 3297, C1425 CABA","-34.5747519","-58.402907"
"CyGBA - AMBA","LA SANTE","Marcelo Torcuato de Alvear 2408, C1122AAN CABA","-34.5964438","-58.4018831"
"CyGBA - AMBA","LA SANTE CARREFOUR","CHU, Av. Hipólito Yrigoyen 3636, B1646 San Fernando, Provincia de Buenos Aires","-34.4533768","-58.5761299"
"CyGBA - AMBA","LA SANTE JUMBO","San Lorenzo 3773, San Martín, Provincia de Buenos Aires","-34.5646246","-58.5544267"
"CyGBA - AMBA","FARMASERVICIO COLEGIALES","Av. Elcano 3380, C1426EJR CABA","-34.5754899","-58.4596811"
"CyGBA - AMBA","GRAN LINIERS","Av. Rivadavia 11552, C1408ABP CABA","-34.6393984","-58.527114"
"CyGBA - AMBA","LA SANTE DEVOTO","José Pedro Varela 4720, C1417EYX CABA","-34.6105664","-58.5157057"
"CyGBA - AMBA","LA SANTE FLORESTA","Av. Nazca 1120, C1416ASN CABA","-34.6202898","-58.4745313"
"CyGBA - AMBA","LA SANTE SAN JUSTO","Av. Pres. Dr. Arturo Umberto Illia 2251, B1754IUI San Justo, Provincia de Buenos Aires","-34.6738983","-58.5625735"
"CyGBA - AMBA","LA SANTE PHARMASTORE","Raúl Scalabrini Ortiz 328, C1414DNQ CABA","-34.5994785","-58.4383941"
"CyGBA - AMBA","LA SANTE RIVADAVIA","Av. Rivadavia 5892, Buenos Aires","-34.6235589","-58.4481825"
"CyGBA - AMBA","LA SANTE","Av. Córdoba 3199, C1187 AAF, Buenos Aires","-34.5977351","-58.4116959"
"CyGBA - AMBA","CENTRAL MUNRO ","AVDA VELEZ SARFIELD 4164","-34.527582","-58.518261"
"CyGBA - AMBA","OPENFARMA DAFLO","Av. de Mayo 839, C1084 AAD, Buenos Aires","-34.608968","-58.378258"
"CyGBA - AMBA","ORIEN (P+P)","Av. Entre Ríos 205, C1079ABC CABA","-34.611984","-58.3920055"
"CyGBA - AMBA","PERLES","Av. Entre Ríos 199, C1079 ABB, Buenos Aires","-34.6113405","-58.3920074"
"CyGBA - AMBA","Policlinico OSTE","Humberto 1º 448, C1103 CABA","-34.6207451","-58.3721288"
"CyGBA - AMBA","OPENFARMA BIKANER","Av. Corrientes 1880, C1045 AAN, Buenos Aires","-34.6045541","-58.3934929"
"CyGBA - AMBA","OPENFARMA ","Av. Córdoba 2635, C1187 AAA, Buenos Aires","-34.5979738","-58.4043355"
"CyGBA - AMBA","OPENFARMA MARTINEZ","Av. Sta Fe 2013, B1640 IFH, Provincia de Buenos Aires","-34.4898979","-58.5006609"
"CyGBA - AMBA","OPENFARMA VICENTE LOPEZ ","Av. Maipú 918, B1602AAW Vicente López, Provincia de Buenos Aires","-34.5296027","-58.4809835"
"CyGBA - AMBA","OPENFARMA DON TORCUATO ","Av. Ángel T. de Alvear 1999, B1611 AAE, Provincia de Buenos Aires","-34.4918824","-58.626807"
"CyGBA - AMBA","ZONA VITAL NORDELTA","Av. Agustín M. García 5971, Rincón de Milberg, Provincia de Buenos Aires","-34.4023138","-58.6307606"
"CyGBA - AMBA","GRAN RURAL","Av. Santa Fe 4228, C1425 BHR, Buenos Aires","-34.5810327","-58.4221987"
"CyGBA - AMBA","OPENFARMA DEVOTO","Av. Francisco Beiró 5800, C1419IAT CABA","-34.6178851","-58.5298885"
"CyGBA - AMBA","GRAN CONTEMPORAÑA","Av. Rivadavia 5444, C1424 CEW, Buenos Aires","-34.621071","-58.4417774"
"CyGBA - AMBA","GRAN SUR","Av. Entre Ríos 1177, C1080 CABA","-34.6224703","-58.3916246"
"CyGBA - AMBA","PORTEÑA CONGRESO","Rivadavia 2102, C1034ACN CABA","-34.6094775","-58.3962996"
"CyGBA - AMBA","SANTA LUCIA","Av. San Juan 2099, C1215 CABA","-34.6229578","-58.3953769"
"CyGBA - AMBA","PORTEÑA","Av. Medrano 1773, C1425 GDC, Buenos Aires","-34.5897605","-58.4181042"
"CyGBA - AMBA","PORTEÑA PUEYRREDON","Av. Pueryrredón 1186, C1118, Buenos Aires","-34.5967178","-58.4033425"
"CyGBA - AMBA","NUEVA GALVANI","Av. Dr. Ricardo Balbín, C1430AAX CABA","-34.5557419","-58.4818529"
"CyGBA - AMBA","FRANCO","Gral. Rodríguez 129, B1842DIC Monte Grande, Provincia de Buenos Aires","-34.8142532","-58.4666032"
"CyGBA - AMBA","CLEM FARM","Av. Almte. Brown 2748, Temperley, Provincia de Buenos Aires","-34.7691613","-58.3963359"
"CyGBA - AMBA","NUEVA LONGCHAMPS","Av. la Aviación 991, B1854 Longchamps, Provincia de Buenos Aires","-34.8622539","-58.3876685"
"CyGBA - AMBA","AVELLANEDA","Av. Hipólito Yrigoyen 261, B1870BME Avellaneda, Provincia de Buenos Aires","-34.6590577","-58.3733556"
"CyGBA - AMBA","RED 21 (JUNCAL)","Av. Hipolito Yrigoyen 10547, Temperley, Provincia de Buenos Aires","-34.7809878","-58.4067976"
"CyGBA - AMBA","MONTE GRANDE 2","Nuestras Malvinas 450, B1842 Monte Grande, Provincia de Buenos Aires","-34.8104805","-58.4730735"
"CyGBA - AMBA","DEL BOULEVARD","Blvd. Buenos Aires 1024, B1838AHN Luis Guillon, Provincia de Buenos Aires","-34.812429","-58.4530728"
"CyGBA - AMBA","PASCO","Av. Eva Perón 1216, Temperley, Provincia de Buenos Aires","-34.7713508","-58.3813839"
"CyGBA - AMBA","NUEVA EZEIZA","Nicolás Avellaneda 762, B1804EOP Ezeiza, Provincia de Buenos Aires","-34.8502596","-58.5299315"
"CyGBA - AMBA","PUNTO DE SALUD MORENO","Alejandro Graham Bell 2299, B1744 Moreno, Provincia de Buenos Aires","-34.6331525","-58.7652422"
"CyGBA - AMBA","NUEVA CANNING","Sargento Cabral 1804, Canning, Provincia de Buenos Aires","-34.8567098","-58.5018025"
"CyGBA - AMBA","RP WENT","Av. Corrientes 901, C1008 CABA","-34.6034539","-58.3796011"
"CyGBA - AMBA","RP LA BOTICA DE JULIAN","Carlos Pellegrini 423, C1112 CABA","-34.6033962","-58.3808159"
"CyGBA - AMBA","RP LA BOTICA DE MARTIN","Lavalle 646, C1047 AAN, Buenos Aires","-34.6023661","-58.3758545"
"CyGBA - AMBA","RP SCANNAPIECO","Esmeralda 599, C1007 ABC, Buenos Aires","-34.6013262","-58.3780363"
"CyGBA - AMBA","RP VIAMONTE","Viamonte 891, C1053 ABQ, Buenos Aires","-34.6000703","-58.3795465"
"CyGBA - AMBA","RP SEGUROS","Carlos Pellegrini 575, C1009ABK CABA","-34.6016468","-58.3809023"
"CyGBA - AMBA","CENTRAL AVELLANEDA","Av. Bartolomé Mitre 401, B1870 Avellaneda, Provincia de Buenos Aires","-34.6598446","-58.3688825"
"CyGBA - AMBA","SELMA SAN ISIDRO ","Av. Centenario 300, B1642CAP San Isidro, Provincia de Buenos Aires","-34.4719915","-58.5151077"
"CyGBA - AMBA","SELMA OLIVOS ","Avenida Maipú 3202, Olivos, Provincia de Buenos Aires","-34.5063326","-58.4932824"
"CyGBA - AMBA","SELMA MAIPU ","Av. Maipú 689, B1638AAG Vicente López, Buenos Aires","-34.5316552","-58.4791693"
"CyGBA - AMBA","SELMA LEON FARMACEUTICA","Paraná 6502, Villa Adelina, Provincia de Buenos Aires","-34.5264503","-58.5491819"
"CyGBA - AMBA","SELMA TOMKINSON ","Int. Tomkinson 2995, San Isidro, Provincia de Buenos Aires","-34.4805708","-58.5545495"
"CyGBA - AMBA","SELMA LA LUCILA ","Guillermo Rawson 3758, B1637AGL La Lucila, Provincia de Buenos Aires","-34.4974546","-58.489754"
"CyGBA - AMBA","NUEVA ANTONELLO","9 de Julio 329, B1642DLA San Isidro, Provincia de Buenos Aires","-34.4696377","-58.5112462"
"CyGBA - AMBA","SELMA MARTINEZ ","Av. Sta Fe 2698, B1640IGN San Isidro, Provincia de Buenos Aires","-34.495745","-58.497637"
"CyGBA - AMBA","SELMA SALVATORI SCS","Av. Juramento 2002, C1428DNH CABA","-34.5600949","-58.4529743"
"CyGBA - AMBA","SOY MAGA PORTAL PALERMO","Esmeralda 698, C1007ABF CABA","-34.6001559","-58.3783503"
"CyGBA - AMBA","SOY TU FARMACIA","Av. Santa Fe 1299, C1059 ABG, Buenos Aires","-34.5954674","-58.3855762"
"CyGBA - AMBA","SOY TU FARMACIA","Arenales 1302, C1061 AAN, Buenos Aires","-34.5947107","-58.3859952"
"CyGBA - AMBA","SOY TU FARMACIA","Av. de Mayo 892, C1084AAQ CABA","-34.609031","-58.379019"
"CyGBA - AMBA","SOY TU FARMACIA NUEVA ERA","Av. Caseros 999, C1152AAF CABA","-34.6283479","-58.377867"
"CyGBA - AMBA","SOY TU FARMACIA","Av. Entre Ríos 799, C1033 CABA","-34.6180043","-58.3918495"
"CyGBA - AMBA","SOY TU FARMACIA LAIGLON","Av. Callao 199, C1022 AAB, Buenos Aires","-34.6069152","-58.3918523"
"CyGBA - AMBA","SOY TU FARMACIA","Av. de Mayo 1217, C1085ABC CABA","-34.6090752","-58.3837816"
"CyGBA - AMBA","SOY TU FARMACIA","Av. del Libertador 810, C1001ABV CABA","-34.5878331","-58.3841854"
"CyGBA - AMBA","SOY NUEVA NORTE","Av. Santa Fe 2936, C1425 BGR, Buenos Aires","-34.5913922","-58.4076308"
"CyGBA - AMBA","VANTAJE / FRANCO ALEMANA","Beruti 2502, C1425BBB CABA","-34.5925599","-58.4016996"
"CyGBA - AMBA","SOY MAGA LARREA","Larrea 906, C1117 CABA","-34.5976121","-58.4021909"
"CyGBA - AMBA","SOY MAGA ARTESANAL","Av. Santa Fe 2249, C1123 AAE, Buenos Aires","-34.5950685","-58.3991021"
"CyGBA - AMBA","OBRAS","Av. del Libertador 7446, C1429BMU CABA","-34.5452601","-58.4595876"
"CyGBA - AMBA","SOY MAGA ","Av. Cabildo 810, C1426 AAV, Buenos Aires","-34.5700571","-58.4452361"
"CyGBA - AMBA","SOY CERCANIAS,","Av. del Libertador 8324, C1429 BNQ, Buenos Aires","-34.5389256","-58.4651271"
"CyGBA - AMBA","ARGENTINA","Fabián Onsari 199, B1875EJB Gran Buenos Aires, Provincia de Buenos Aires","-34.7058687","-58.3199822"
"CyGBA - AMBA","MAGA SHOP","Andrés Baranda 200, Quilmes, Provincia de Buenos Aires","-34.7183705","-58.2738407"
"CyGBA - AMBA","BELGRANO","Av. Manuel Belgrano 4600, B1874ADS Villa Dominico, Provincia de Buenos Aires","-34.6937352","-58.3351735"
"CyGBA - AMBA","SOL BERAZATEGUI","Av. Pres. Dr. Néstor Kirchner 2372, B1884EFX Berazategui, Provincia de Buenos Aires","-34.7677274","-58.1947428"
"CyGBA - AMBA","MEGA SOL","Felipe Amoedo 2300, Quilmes Oeste, Provincia de Buenos Aires","-34.7420758","-58.2793523"
"CyGBA - AMBA","SANAR 9","9 de Julio 190, Bernal Este, Provincia de Buenos Aires","-34.7126612","-58.2838942"
"CyGBA - AMBA","SANAR 1","Av. Los Quilmes 1575, Bernal Oeste, Provincia de Buenos Aires","-34.7110571","-58.3096924"
"CyGBA - AMBA","SANAR 10","Colón 147, Quilmes, Provincia de Buenos Aires","-34.7196148","-58.2606428"
"CyGBA - AMBA","SOY VARELA","Av. Gral. José de San Martín 3201, B1887 Florencio Varela, Provincia de Buenos Aires","-34.8092409","-58.2784775"
"CyGBA - AMBA","QUILMES FACTORY","Av. Calchaquí 3950, Quilmes Oeste, Provincia de Buenos Aires","-34.7587191","-58.2762427"
"CyGBA - AMBA","NUEVA 50","Andrés Baranda 388, Quilmes, Provincia de Buenos Aires","-34.7199873","-58.2729954"
"CyGBA - AMBA","MAGA DEL ALTO","IGA, Gral. Güemes 850, B1824 Gerli, Provincia de Buenos Aires","-34.6915701","-58.3857675"
"CyGBA - AMBA","SANAR 2","JRT, Av. Calchaquí 5186, B1889 Ezpeleta Oeste, Provincia de Buenos Aires","-34.7693641","-58.2707691"
"CyGBA - AMBA","QUILMES OESTE","Av. 12 de Octubre 440, Quilmes, Provincia de Buenos Aires","-34.7293019","-58.2628569"
"CyGBA - AMBA","SANAR BERNAL","9 de Julio 57, Bernal, Provincia de Buenos Aires","-34.7106523","-58.2814838"
"CyGBA - AMBA","SANAR 3","Centenario Uruguayo 1209, B1874DOY Gran Buenos Aires, Provincia de Buenos Aires","-34.7195367","-58.359758"
"CyGBA - AMBA","TOFANELLI","Av. Hipólito Yrigoyen 5230, Ezpeleta, Provincia de Buenos Aires","-34.7510578","-58.2342369"
"CyGBA - AMBA","DE LAS FLORES","Las Flores 501, B1875DDK Avellaneda, Provincia de Buenos Aires","-34.6995579","-58.3120246"
"CyGBA - AMBA","SOL WILDE","Av. Ramón Franco 5915, Wilde, Provincia de Buenos Aires","-34.6967838","-58.3151819"
"CyGBA - AMBA","SOY LUNA","Av. Mitre 4324, Ezpeleta, Provincia de Buenos Aires","-34.7408072","-58.2346635"
"CyGBA - AMBA","SOY CASEROS","Lago Aluminé 719, Bernal, Quilmes, Provincia de Buenos Aires","-34.7014722","-58.2810826"
"CyGBA - AMBA","SANAR 5","Cramer 450, B1876 Bernal, Provincia de Buenos Aires","-34.7107785","-58.2740641"
"CyGBA - AMBA","NORTE 2","Comandante Franco 850, Bernal, Provincia de Buenos Aires","-34.7143378","-58.2987565"
"CyGBA - AMBA","SANAR 8","Av. 12 de Octubre 2347, Quilmes Oeste, Provincia de Buenos Aires","-34.7386459","-58.2824357"
"CyGBA - AMBA","SOY SUR","Brandsen 650, B1878 Quilmes, Provincia de Buenos Aires","-34.722377","-58.2455696"
"CyGBA - AMBA","SOY DE QUILMES","Avenida Hipólito Yrigoyen 185, Quilmes, Provincia de Buenos Aires","-34.7164694","-58.2656779"
"CyGBA - AMBA","SANAR 52","Av. Hipólito Yrigoyen 321, B1878FNG Quilmes, Provincia de Buenos Aires","-34.7192508","-58.2636207"
"CyGBA - AMBA","SANAR 12","Avenida Carlos Pellegrini 703, Quilmes, Provincia de Buenos Aires","-34.7270292","-58.2681827"
"CyGBA - AMBA","SANAR 59","Av. Calchaquí 2748, Quilmes, Provincia de Buenos Aires","-34.7512264","-58.2851077"
"CyGBA - AMBA","SANAR 60","Av. Calchaquí 2101, B1879 Quilmes, Provincia de Buenos Aires","-34.7469902","-58.2872453"
"CyGBA - AMBA","SANAR 4","Av. Calchaquí 836, B1878 Quilmes, Provincia de Buenos Aires","-34.7357673","-58.2945045"
"CyGBA - AMBA","NUEVA VENTURA","Av. Los Quilmes 736, B1878 Quilmes, Provincia de Buenos Aires","-34.7198604","-58.3042555"
"CyGBA - AMBA","SANAR 61","Chaco 1301, B1876 Bernal, Provincia de Buenos Aires","-34.7153324","-58.3095634"
"CyGBA - AMBA","SOY ZAPIOLA","Zapiola 1057, B1876 Bernal, Provincia de Buenos Aires","-34.721872","-58.2951702"
"CyGBA - AMBA","SOY FAR","Zapiola 510, B1876 Bernal, Provincia de Buenos Aires","-34.717302","-58.2852301"
"CyGBA - AMBA","SANAR 7","Av. Dardo Rocha 427, B1876 Bernal, Provincia de Buenos Aires","-34.717508","-58.2934934"
"CyGBA - AMBA","MAGA SALUD","Cerrito 488, Bernal, Provincia de Buenos Aires","-34.7124197","-58.2943492"
"CyGBA - AMBA","SOY DEL SOL","Rodolfo López 2180, Quilmes Oeste, Provincia de Buenos Aires","-34.7313181","-58.2854251"
"CyGBA - AMBA","MAGA DIAMANDY","Av. Bartolomé Mitre 2721, B1872GFS Sarandí, Provincia de Buenos Aires","-34.6774479","-58.3478909"
"CyGBA - AMBA","SANAR 11","Las Flores 900, B1834 Temperley, Provincia de Buenos Aires","-34.6959806","-58.3082225"
"CyGBA - AMBA","SANAR 6","Cramer 952, Bernal, Provincia de Buenos Aires","-34.7083536","-58.2792401"
"CyGBA - AMBA","SOLANO 51","Calle 896 4901, Quilmes Oeste, Provincia de Buenos Aires","-34.7581725","-58.3288344"
"CyGBA - AMBA","SOY SAINT ETIENNE","Av. Rivadavia 7209, C1406GMC CABA","-34.6299099","-58.4671819"
"CyGBA - AMBA","VITAL","Av. Rivadavia 6799, C1406GLK CABA","-34.6282362","-58.4611457"
"CyGBA - AMBA","TKL AMERICA","Av. Córdoba 1402, C1055AAR CABA","-34.5994895","-58.3869735"
"CyGBA - AMBA","TKL CALLAO","Av. Callao 299, C1022AAC CABA","-34.6057224","-58.3918397"
"CyGBA - AMBA","TKL QUINTANA","Avenida Presidente Manuel Quintana, Buenos Aires","-34.5899815","-58.3879305"
"CyGBA - AMBA","TKL NAVEIRA","Av. Gral. Las Heras 2318, C1425 CABA","-34.5873016","-58.3977467"
"CyGBA - AMBA","TKL TEKIEL","Av. Santa Fe 2399, C1123 AAF, Buenos Aires","-34.5946159","-58.400934"
"CyGBA - AMBA","TKL SAN AGUSTIN","Av. Gral. Las Heras 2699, C1425ASD CABA","-34.5844748","-58.4002699"
"CyGBA - AMBA","TKL FACULTAD","Marcelo Torcuato de Alvear 2045, C1122AAE CABA","-34.5970403","-58.3966833"
"CyGBA - AMBA","TKL LA PERLA ","Vélez Sársfield 4653, B1605BQK Vicente López, Provincia de Buenos Aires","-34.530212","-58.524082"
"CyGBA - AMBA","TKL GALESA","Av. Cabildo 1631, C1426 ABD, Buenos Aires","-34.5657489","-58.452578"
"CyGBA - AMBA","TKL GONZALEZ","Av. Rivadavia 5415, C1424CEJ CABA","-34.6204394","-58.4417867"
"CyGBA - AMBA","UOMAX LANUS","Av. Hipolito Yrigoyen 4414, B1826 DQR, Provincia de Buenos Aires","-34.7056245","-58.3916068"
"CyGBA - AMBA","UOMAX MODERNA","Av. 9 de Julio 1352, B1820KJF Lanús, Provincia de Buenos Aires","-34.7094508","-58.3879359"
"CyGBA - AMBA","UOMAX DELIA","Av. San Martín 1934, B1824EKR Lanús, Provincia de Buenos Aires","-34.693075","-58.4048193"
"CyGBA - AMBA","UOMAX ALSINA","Juan Domingo Peron 2693, B1822 Valentín Alsina, Provincia de Buenos Aires","-34.6731679","-58.4064803"
"CyGBA - AMBA","UOMAX DEL PUENTE","Avenida Presidente Teniente General Juan Domingo Perón 3212, Valentín Alsina, Provincia de Buenos Aires","-34.670048","-58.410985"
"CyGBA - AMBA","UOMAX ESCALADA","Av. Hipolito Yrigoyen 6401, B1826DQL Buenos Aires, Provincia de Buenos Aires","-34.7299011","-58.3965444"
"CyGBA - AMBA","UOMAX BUSTAMANTE","Av. Hipolito Yrigoyen 2331, B1823CFA Gerli, Provincia de Buenos Aires","-34.6849928","-58.3867351"
"CyGBA - AMBA","UOMAX GERLI","Cnel. Martin Paulino Lacarra 1556, B1869CQL Gerli, Provincia de Buenos Aires","-34.6840874","-58.3729057"
"CyGBA - AMBA","UOMAX GORRITI","Av. Hipolito Yrigoyen 9125, B1828 CGD, Provincia de Buenos Aires","-34.7619282","-58.40306"
"CyGBA - AMBA","UOMAX AVELLANEDA","Av. Hipólito Yrigoyen 386, Avellaneda, Provincia de Buenos Aires","-34.6619593","-58.3753113"
"CyGBA - AMBA","UOMAX MITRE","Av. Bartolomé Mitre 1973, B1873 Crucecita, Provincia de Buenos Aires","-34.6699067","-58.3545948"
"CyGBA - AMBA","UOMAX TEMPERLEY","Av. Almte. Brown 3323, Temperley, Provincia de Buenos Aires","-34.7760063","-58.3925883"
"CyGBA - AMBA","VILELA","Pres. Juan Domingo Perón 3298, B1754 San Justo, Provincia de Buenos Aires","-34.6770213","-58.5555204"
"CyGBA - AMBA","NUEVA CHENU ","Vicente López AR, Gral. José de San Martín 2202, B1602 BWU","-34.5282739","-58.492399"
"CyGBA - AMBA","NUEVA DEL LIBERTADOR","Av. del Libertador 1500, Vicente López, Provincia de Buenos Aires","-34.5197824","-58.4747653"
"CyGBA - AMBA","NUEVO MILENIO","Av. Dr. Ignacio Arieta 3570, B1754AQL La Matanza, Provincia de Buenos Aires","-34.682011","-58.555649"
"CyGBA - AMBA","VILELA ARIETA","Arrieta 3232, San Justo, Provincia de Buenos Aires","-34.6793564","-58.5592462"
"CyGBA - AMBA","LA PLAZA CENTRAL","Av. Luro 5881, B1757ARB Gregorio de Laferrere, Provincia de Buenos Aires","-34.7476557","-58.5886255"
"CyGBA - AMBA","PLAZA SAN JUSTO","Perú 2538, B1754 San Justo, Provincia de Buenos Aires","-34.6795029","-58.5599145"
"CyGBA - AMBA","VILELA SHOPPING CATAN","Brigadier General Juan Manuel de Rosas 14446, González Catán, Provincia de Buenos Aires","-34.7639738","-58.6181433"
