pharmacy,try,ward_country,address,lat,lng
﻿대영약국(경기의정부),경기,의정부시,경기도 의정부시 시민로131번길 64 (의정부동),37.740958,127.0498299
레몬약국(경기의정부),경기,의정부시,"경기 의정부시 오목로225번길 177 (민락동, 폴리프라자)108호",37.7364184,127.0910199
노원약국(서울노원),서울,노원구,"서울특별시 노원구 노해로 501 1층 103호 (상계동, 노원빌딩)",37.65519,127.063609
다온약국(서울노원),서울,노원구,"서울 노원구 노해로 495 (상계동, 삼성빌딩)1층 102호, 103호 다온약국",37.6550811,127.0630143
웰빙약국(서울도봉),서울,도봉구,서울특별시 도봉구 도봉로 604 1층 (창동),37.6582748,127.0410177
큰사랑약국(서울중랑),서울,중랑구,서울특별시 중랑구 용마산로117길 45 (망우동),37.5998337,127.0979
늘푸른온누리약국(서울중랑),서울,중랑구,"서울특별시 중랑구 면목로27길 80 80동 (면목동, 1층)",37.5743155,127.0810999
사랑약국(서울중랑),서울,중랑구,"서울특별시 중랑구 망우로 271 (상봉동, 서울중랑우체국)",37.595922,127.0826807
마트약국(서울중랑),서울,중랑구,"서울특별시 중랑구 동일로 932 301호 (묵동, 묵동자이아파트)",37.613816,127.077513
서울메디칼약국(서울중랑),서울,중랑구,"서울특별시 중랑구 신내로16길 17 ,1층  103호",37.6140365,127.0976311
허브약국(서울성동),서울,성동구,서울특별시 성동구 금호로 158-2 (금호동1가),37.5563869,127.0243247
새봄약국(서울성동),서울,성동구,"서울특별시 성동구 왕십리로 410 상가L동 2층 210-1호 (하왕십리동, 센트라스)",37.565183,127.024985
스마일온누리약국(서울성동),서울,성동구,서울특별시 성동구 뚝섬로 377 (성수동2가),37.5399389,127.0531674
동국약국(서울중구),서울,중구,서울특별시 중구 서애로1길 16 (필동3가),37.5607963,126.9988953
오렌지약국(서울중구),서울,중구,"서울특별시 중구 을지로 100 지하1층 (을지로2가, 파인에비뉴)",37.5657852,126.9887184
신중앙약국(서울중구),서울,중구,서울특별시 중구 퇴계로 436 (신당동),37.5654384,127.0199257
온누리센터원약국(서울중구),서울,중구,"서울특별시 중구 을지로5길 26 (수하동, 미래에셋센터원빌딩 지하1층)",37.5673583,126.9851356
미소약국(서울중구),서울,중구,서울특별시 중구 장충단로 201 1층 (장충동1가),37.5636172,127.0065455
봄약국(서울중구),서울,중구,"서울특별시 중구 남대문로10길 9 2층 204호 (삼각동, 경기빌딩)",37.5672015,126.9831912
13층약국(서울중),서울,중구,서울 중구 서소문로 116 (서소문동) 13층1304호,37.5628448,126.9754161
경희중앙약국(서울동대문),서울,동대문구,서울특별시 동대문구 경희대로 19-9 (회기동),37.593166,127.0520303
국제약국(서울동대문),서울,동대문구,"서울특별시 동대문구 답십리로 252 1층 (장안동, 세현빌딩)",37.5722258,127.0680969
새린온누리약국(서울동대문),서울,동대문구,"서울특별시 동대문구 답십리로 266, 1층 (장안동)",37.5721179,127.0698325
남시약국(서울중구),서울,중구,서울특별시 중구 남대문로 18 (남대문로3가),37.5611134,126.9793063
마장백화점약국(서울동대문),서울,동대문구,서울특별시 동대문구 고산자로 410 1층 (용두동),37.576145,127.0387254
평화약국(서울중구),서울,중구,"서울특별시 중구 남대문시장길 21 , 1층 (남대문로4가)",37.560204,126.9770969
화양백화점약국(서울광진),서울,광진구,"서울특별시 광진구 광나루로 351 (군자동, 서흥빌딩)",37.550351,127.0696742
건대지하철약국(서울광진),서울,광진구,"서울특별시 광진구 능동로 110 (화양동, 7호선 건대입구역)",37.540372,127.069276
현약국(서울광진),서울,광진구,서울특별시 광진구 광나루로 508 (구의동),37.5447592,127.0859475
센터온누리약국(서울광진),서울,광진구,"서울특별시 광진구 능동로 420 (중곡동, 성문빌딩)",37.5626197,127.0853672
건대온누리약국(서울광진),서울,광진구,"서울특별시 광진구 능동로 110 (화양동)스타시티몰 영존 지하2층 B203-1,B204",37.5461809,127.0716046
온유약국(서울종로),서울,종로구,서울특별시 종로구 종로 205 (종로5가),37.5708307,127.0023506
메디칼서울약국(서울종로),서울,종로구,서울특별시 종로구 대학로9길 6 (명륜4가),37.581773,127.0010837
서울위드팜약국(서울종로),서울,종로구,서울 종로구 대학로 119 (명륜4가)서울위드팜약국,37.5819506,127.0016796
함춘약국(서울종로),서울,종로구,서울 종로구 대학로 93 (연건동) 1층,37.5782573,127.001527
종로약국(서울종로),서울,종로구,서울특별시 종로구 종로 195 (종로4가) 종로약국,37.5710249,126.9992856
광교약국(서울종로),서울,종로구,서울특별시 종로구 청계천로 49 (관철동),37.5689971,126.9856706
서울종로약국(서울종로),서울,종로구,서울특별시 종로구 대학로 117 (명륜4가),37.5818796,127.0004766
강북메디칼약국(서울강북),서울,강북구,서울특별시 강북구 도봉로 190 (미아동),37.6303336,127.0260257
굿모닝약국(서울종로),서울,종로구,서울특별시 종로구 경교장길 35 3137호 (경희궁자이 3단지),37.5687597,126.9661671
행복한약국(서울성북),서울,성북구,서울특별시 성북구 보문로34길 59 1층 (동선동1가),37.5910742,127.0185682
정릉약국(서울성북),서울,성북구,서울특별시 성북구 보국문로 45 1층 (정릉동),37.6084987,127.0097622
대학약국(서울성북),서울,성북구,서울특별시 성북구 인촌로 89 (안암동5가),37.5864278,127.0291672
키즈맘약국(인천남),인천,남구,인천광역시 남구 경원대로 766 ,37.4510714,126.6903378
청구약국(인천남구),인천,남구,인천광역시 남구 경원대로 773 1층 103호 (주안동),37.4517727,126.68947
서울온누리약국(인천남구),인천,남구,인천광역시 남구 인주대로469번길 20 (주안동),37.4517362,126.6891
야탑차온누리약국(성남분당),경기,성남시,경기도 성남시 분당구 야탑로65번길 8 1층 102호,37.4104882,127.1263418
분당백화점약국(성남분당),경기,성남시,"경기도 성남시 분당구 서현로210번길 17 106호 (서현동, 광림프라자)",37.3854207,127.1245159
맘스케어약국(성남분당),경기,성남시,"경기도 성남시 분당구 서현로180번길 19 101-27,29호 (서현동, 비전월드)",37.3873091,127.1224608
탑마을오렌지약국(성남분당),경기,성남시,"경기도 성남시 분당구 야탑로69번길 21 109-111호 (야탑동, 영진다이비스상가)",37.4116217,127.1263444
분당메디칼약국(경기성남),경기,성남시,"경기도 성남시 분당구 돌마로 68 112,113호 (분당프라자)",37.3496748,127.109324
이화제일약국(성남분당),경기,성남시,"경기도 성남시 분당구 서현로180번길 26 1층 102호 (서현동, 아름빌딩)",37.387228,127.1212466
새모란21세기약국(성남중원),경기,성남시,"경기도 성남시 중원구 성남대로1148번길 2 1층 101,102,103호 (성남동, 소평빌딩)",37.4322326,127.1295004
여명약국(성남수정),경기,성남시,경기도 성남시 수정구 산성대로 435 (단대동),37.4507744,127.1591218
동아온누리약국(안산상록),경기,안산시,"경기도 안산시 상록구 상록수로 54 113호,114호 (본오동, 대동빌딩)",37.3021494,126.8659217
앞서가는21세기약국(용인수지),경기,용인시,"경기도 용인시 수지구 대지로 20 101호 (죽전동, 죽전빌딩)",37.3270109,127.1122688
광교윤하약국(용인수지),경기,용인시,"경기도 용인시 수지구 광교중앙로 314 104호 (상현동, 세현빌딩 )",37.2980217,127.0696819
마리 온누리 약국(경기이천),경기,이천시,경기도 이천시 경충대로 2564 (중리동),37.2750438,127.4482368
유타워온누리약국(경기용인),경기,용인시,"경기도 용인시 수지구 신수로 767 (동천동, 분당수지U-Tower)에이동 2층 41호",37.3286175,127.1142499
이화약국(용인기흥),경기,용인시,"경기도 용인시 기흥구 보정로 32 2층 207-1호 (보정동, 지젤스포츠클럽)",37.3139569,127.1111581
보정 온누리약국(용인기흥),경기,용인시,"경기도 용인시 기흥구 죽전로 20 209호 (보정동, 죽전누리에뜰아파트)",37.3200117,127.1107691
마음속약국(경기용인),경기,용인시,경기도 용인시 처인구 명지로60번길 8-4 110호 1층 마음속약국 ,37.2310969,127.1872011
더블유약국(경기광명),경기,광명시,경기도 광명시 하안로 289 1층 (하안동),37.461541,126.8802411
골든힐약국(경기광명),경기,광명시,"경기도 광명시 범안로 1056, 골든힐빌딩 1층 110호 (하안동)",37.4623843,126.8802286
까치프라자약국(서울강서),서울,강서구,"서울특별시 강서구 강서로 52 104,105호 (화곡동, 화곡판타지아빌딩)",37.5324293,126.8466261
메디팜푸른약국(서울강서),서울,강서구,서울특별시 강서구 강서로 293-1 (내발산동),37.5533954,126.8435941
빠른대학약국(서울강서),서울,강서구,서울특별시 강서구 마곡중앙4로 18 101호~103호,37.5531968,126.8298352
발산그랜드약국(서울강서),서울,강서구,서울특별시 강서구 강서로 380 (등촌동),37.5594039,126.8389535
마곡메디칼약국(서울강서),서울,강서구,"서울특별시 강서구 마곡중앙5로 81 107, 108호 (마곡동, 에스비타운)",37.5531968,126.8298352
가장큰이대약국(서울강서),서울,강서구,서울특별시 강서구 공항대로 247 ,37.5533338,126.8510294
큰덕약국(서울강서),서울,강서구,서울특별시 강서구 강서로47가길 16 1층 (내발산동),37.5519393,126.8354331
사과약국(서울강서),서울,강서구,"서울특별시 강서구 강서로 391 108호 (마곡동, 문영비즈웍스)",37.5602415,126.838684
마곡새봄약국(서울강서),서울,강서구,"서울 강서구 강서로 463 (마곡동, 새싹타워)1층 마곡새봄약국",37.5764888,126.8307466
다온약국(서울강서),서울,강서구,"서울 강서구 공항대로 269-15 (마곡동, 힐스테이트에코마곡)3층 309-1호(마곡동,힐스테이트에코마곡)",37.5590806,126.8370104
프라자약국(서울강서),서울,강서구,"서울 강서구 강서로 267 (내발산동, 송화쇼핑센터)1층 프라자약국",37.5495419,126.835914
이화정문약국(서울강서),서울,강서구,"서울 강서구 마곡중앙4로 74 (마곡동)104,105호 1층 이화정문약국",37.5757547,126.8319117
동성약국(서울강남),서울,강남구,"서울특별시 강남구 삼성로 212 180호 (대치동, 은마상가에이블럭)",37.5027486,127.0519928
수진약국(서울강남),서울,강남구,"서울특별시 강남구 삼성로 150 119호 (대치동, 한보미도종합상가)",37.4925906,127.066184
강남백세약국(서울강남),서울,강남구,서울특별시 강남구 도곡로 448 1층 일부호 (대치동),37.4980721,127.0595341
삼성정문약국(서울강남),서울,강남구,"서울특별시 강남구 일원로 95 109호 (일원동, 신영프라자)",37.4856021,127.0835726
호원엠약국(서울강동),서울,강동구,서울특별시 강동구 성내로 66 (성내동),37.5276178,127.1270604
우리들약국(서울강동),서울,강동구,"서울특별시 강동구 올림픽로 781, 101호 (암사동)",37.5509801,127.1275225
산들약국(서울강동),서울,강동구,"서울특별시 강동구 고덕로 131 상가동 115호 (암사동, 롯데캐슬퍼스트)",37.5563437,127.141943
호랑이약국(서울강동),서울,강동구,"서울특별시 강동구 천호대로 1089 복합시설동 (천호동, 강동헤르셔)",37.538274,127.14567
길동보룡약국(서울강동),서울,강동구,서울특별시 강동구 양재대로 1478 (길동),37.5376585,127.140232
경희정문약국(서울강동),서울,강동구,서울특별시 강동구 동남로 885 (명일동),37.5526158,127.1559614
준온누리약국(서울강동),서울,강동구,서울특별시 강동구 올림픽로 783 103호 (암사동),37.5511076,127.1275923
옵티마미소약국(서울강남),서울,강남구,"서울특별시 강남구 논현로 570 1층 일부호 (역삼동, 여송빌딩)",37.5109953,127.0573179
논현천사약국(서울강남),서울,강남구,"서울 강남구 논현로 604 (논현동, 태성빌딩)1층 논현천사약국",37.5075975,127.0339946
행복한미래약국(서울강남),서울,강남구,서울특별시 강남구 언주로 707 2층 일부호 (논현동),37.5135304,127.0315341
아이약국(서울강남),서울,강남구,서울특별시 강남구 삼성로 712 지하1층 (청담동),37.5195965,127.0500988
새봄약국(서울서초),서울,서초구,"서울 서초구 반포대로30길 82 (서초동, 우서빌딩)1층 102호",37.4925167,127.0129404
건강과행복이열리는약국(서울서초),서울,서초구,서울특별시 서초구 서초대로 307 (서초동),37.4943655,127.015124
메디피아약국(서울강남),서울,강남구,"서울특별시 강남구 강남대로 242 1층 (도곡동, 크리스탈빌딩)",37.4901285,127.0343273
파스텔약국(서울서초),서울,서초구,"서울 서초구 신반포로33길 27 (잠원동, 파스텔프라자)1층 103호 파스텔약국",37.50998,127.0097656
큰사랑약국(서울송파),서울,송파구,서울특별시 송파구 동남로 211 (가락동),37.4963108,127.1312282
독수리약국(서울송파),서울,송파구,"서울특별시 송파구 중대로 135 (가락동, IT벤처타워 동관 101호)",37.5621202,127.0622114
희망약국(서울송파),서울,송파구,서울특별시 송파구 송이로 150 (가락동),37.4934847,127.1242157
