{
  "jsonapi": {
    "version": "1.0",
    "meta": {
      "links": {
        "self": {
          "href": "http://jsonapi.org/format/1.0/"
        }
      }
    }
  },
  "data": {
    "type": "node--quiz",
    "id": "dddc13c9-0d51-4599-80f5-f101de60c1c9",
    "links": {
      "self": {
        "href": "https://prodnvbq7vbe.main-fe.acsf.baywsf.com/jsonapi/node/quiz/dddc13c9-0d51-4599-80f5-f101de60c1c9?resourceVersion=id%3A37736"
      }
    },
    "attributes": {
      "drupal_internal__nid": 1756,
      "drupal_internal__vid": 37736,
      "langcode": "de",
      "revision_timestamp": "2021-03-03T19:56:14+00:00",
      "revision_log": null,
      "status": true,
      "title": "Wissensquiz Scheidenpilz",
      "created": "2021-03-03T19:49:16+00:00",
      "changed": "2021-03-03T19:53:44+00:00",
      "promote": false,
      "sticky": false,
      "default_langcode": true,
      "revision_translation_affected": null,
      "moderation_state": "published",
      "metatag": null,
      "path": {
        "alias": null,
        "pid": null,
        "langcode": "de"
      },
      "private": false,
      "field_metatags": null,
      "content_translation_source": "und",
      "content_translation_outdated": false,
      "published_at": "2021-03-03T19:53:44+00:00",
      "field_disclaimer": {
        "value": "<p>Scheidenpilz ist weit verbreitet, aber was wissen Sie eigentlich darüber?</p>\r\n\r\n<p>Machen Sie das Wissensquiz und erfahren Sie, was Tatsachen und was nur Gerüchte sind.</p>\r\n",
        "format": "cohesion_without_glossify",
        "processed": "<p>Scheidenpilz ist weit verbreitet, aber was wissen Sie eigentlich darüber?</p>\n\n<p>Machen Sie das Wissensquiz und erfahren Sie, was Tatsachen und was nur Gerüchte sind.</p>\n"
      },
      "field_instruction": null,
      "field_quiz_type": "linear",
      "field_references": null
    },
    "relationships": {
      "node_type": {
        "data": {
          "type": "node_type--node_type",
          "id": "b8ee70b9-b89a-4114-b160-93ff660932f5"
        },
        "links": {
          "related": {
            "href": "https://prodnvbq7vbe.main-fe.acsf.baywsf.com/jsonapi/node/quiz/dddc13c9-0d51-4599-80f5-f101de60c1c9/node_type?resourceVersion=id%3A37736"
          },
          "self": {
            "href": "https://prodnvbq7vbe.main-fe.acsf.baywsf.com/jsonapi/node/quiz/dddc13c9-0d51-4599-80f5-f101de60c1c9/relationships/node_type?resourceVersion=id%3A37736"
          }
        }
      },
      "revision_uid": {
        "data": {
          "type": "user--user",
          "id": "c48aba71-438d-44c8-a315-2803a8380004"
        },
        "links": {
          "related": {
            "href": "https://prodnvbq7vbe.main-fe.acsf.baywsf.com/jsonapi/node/quiz/dddc13c9-0d51-4599-80f5-f101de60c1c9/revision_uid?resourceVersion=id%3A37736"
          },
          "self": {
            "href": "https://prodnvbq7vbe.main-fe.acsf.baywsf.com/jsonapi/node/quiz/dddc13c9-0d51-4599-80f5-f101de60c1c9/relationships/revision_uid?resourceVersion=id%3A37736"
          }
        }
      },
      "uid": {
        "data": {
          "type": "user--user",
          "id": "c48aba71-438d-44c8-a315-2803a8380004"
        },
        "links": {
          "related": {
            "href": "https://prodnvbq7vbe.main-fe.acsf.baywsf.com/jsonapi/node/quiz/dddc13c9-0d51-4599-80f5-f101de60c1c9/uid?resourceVersion=id%3A37736"
          },
          "self": {
            "href": "https://prodnvbq7vbe.main-fe.acsf.baywsf.com/jsonapi/node/quiz/dddc13c9-0d51-4599-80f5-f101de60c1c9/relationships/uid?resourceVersion=id%3A37736"
          }
        }
      },
      "field_schema_json_ld_file": {
        "data": null,
        "links": {
          "related": {
            "href": "https://prodnvbq7vbe.main-fe.acsf.baywsf.com/jsonapi/node/quiz/dddc13c9-0d51-4599-80f5-f101de60c1c9/field_schema_json_ld_file?resourceVersion=id%3A37736"
          },
          "self": {
            "href": "https://prodnvbq7vbe.main-fe.acsf.baywsf.com/jsonapi/node/quiz/dddc13c9-0d51-4599-80f5-f101de60c1c9/relationships/field_schema_json_ld_file?resourceVersion=id%3A37736"
          }
        }
      },
      "field_actions": {
        "data": [
          {
            "type": "taxonomy_term--quiz_action",
            "id": "58135e11-9f25-4a47-bcef-70a912a92b72"
          }
        ],
        "links": {
          "related": {
            "href": "https://prodnvbq7vbe.main-fe.acsf.baywsf.com/jsonapi/node/quiz/dddc13c9-0d51-4599-80f5-f101de60c1c9/field_actions?resourceVersion=id%3A37736"
          },
          "self": {
            "href": "https://prodnvbq7vbe.main-fe.acsf.baywsf.com/jsonapi/node/quiz/dddc13c9-0d51-4599-80f5-f101de60c1c9/relationships/field_actions?resourceVersion=id%3A37736"
          }
        }
      },
      "field_quiz_question": {
        "data": [
          {
            "type": "node--question",
            "id": "149cc9a3-8907-4994-a37b-a661541bb15c"
          },
          {
            "type": "node--question",
            "id": "249989fd-3b1f-4ef5-bd30-c355277b9895"
          },
          {
            "type": "node--question",
            "id": "4884e25b-2c6e-4962-88ac-71d5e43c9df3"
          },
          {
            "type": "node--question",
            "id": "362b4653-32ea-4be8-991d-c48ab1653cd2"
          },
          {
            "type": "node--question",
            "id": "b6108a8f-a2c9-4b85-961f-64f33743e2f2"
          },
          {
            "type": "node--question",
            "id": "b6108a8f-a2c9-4b85-961f-64f33743e2f3"
          },
          {
            "type": "node--question",
            "id": "b6108a8f-a2c9-4b85-961f-64f33743e2f4"
          }
        ],
        "links": {
          "related": {
            "href": "https://prodnvbq7vbe.main-fe.acsf.baywsf.com/jsonapi/node/quiz/dddc13c9-0d51-4599-80f5-f101de60c1c9/field_quiz_question?resourceVersion=id%3A37736"
          },
          "self": {
            "href": "https://prodnvbq7vbe.main-fe.acsf.baywsf.com/jsonapi/node/quiz/dddc13c9-0d51-4599-80f5-f101de60c1c9/relationships/field_quiz_question?resourceVersion=id%3A37736"
          }
        }
      },
      "field_result": {
        "data": null,
        "links": {
          "related": {
            "href": "https://prodnvbq7vbe.main-fe.acsf.baywsf.com/jsonapi/node/quiz/dddc13c9-0d51-4599-80f5-f101de60c1c9/field_result?resourceVersion=id%3A37736"
          },
          "self": {
            "href": "https://prodnvbq7vbe.main-fe.acsf.baywsf.com/jsonapi/node/quiz/dddc13c9-0d51-4599-80f5-f101de60c1c9/relationships/field_result?resourceVersion=id%3A37736"
          }
        }
      }
    }
  },
  "included": [
    {
      "type": "node--question",
      "id": "149cc9a3-8907-4994-a37b-a661541bb15c",
      "links": {
        "self": {
          "href": "https://prodnvbq7vbe.main-fe.acsf.baywsf.com/jsonapi/node/question/149cc9a3-8907-4994-a37b-a661541bb15c?resourceVersion=id%3A37526"
        }
      },
      "attributes": {
        "drupal_internal__nid": 1676,
        "drupal_internal__vid": 37526,
        "langcode": "de",
        "revision_timestamp": "2021-03-03T19:04:38+00:00",
        "revision_log": null,
        "status": true,
        "title": "Are you male or female?",
        "created": "2021-03-03T18:50:19+00:00",
        "changed": "2021-03-03T19:02:26+00:00",
        "promote": false,
        "sticky": false,
        "default_langcode": true,
        "revision_translation_affected": null,
        "moderation_state": null,
        "metatag": null,
        "path": {
          "alias": null,
          "pid": null,
          "langcode": "de"
        },
        "private": false,
        "field_metatags": null,
        "content_translation_source": "und",
        "content_translation_outdated": false,
        "published_at": "2021-03-03T18:52:13+00:00",
        "field_error": null,
        "field_explanation": {
          "value": "<p>These are common symptoms of Thrush and can be treated easily.</p>\r\n",
          "format": "cohesion_without_glossify",
          "processed": "<p>These are common symptoms of Thrush and can be treated easily.</p>\n"
        },
        "field_instruction": {
          "value": "<p>choose anyone</p>\r\n",
          "format": "cohesion_without_glossify",
          "processed": "<p>choose anyone</p>\n"
        },
        "field_references": {
          "value": "<p>These are common symptoms of Thrush and can be treated easily.</p>\r\n",
          "format": "cohesion_without_glossify",
          "processed": "<p>These are common symptoms of Thrush and can be treated easily.</p>\n"
        }
      },
      "relationships": {
        "node_type": {
          "data": {
            "type": "node_type--node_type",
            "id": "aa153fe2-2616-4421-849c-a146decee6a3"
          },
          "links": {
            "related": {
              "href": "https://prodnvbq7vbe.main-fe.acsf.baywsf.com/jsonapi/node/question/149cc9a3-8907-4994-a37b-a661541bb15c/node_type?resourceVersion=id%3A37526"
            },
            "self": {
              "href": "https://prodnvbq7vbe.main-fe.acsf.baywsf.com/jsonapi/node/question/149cc9a3-8907-4994-a37b-a661541bb15c/relationships/node_type?resourceVersion=id%3A37526"
            }
          }
        },
        "revision_uid": {
          "data": {
            "type": "user--user",
            "id": "c48aba71-438d-44c8-a315-2803a8380004"
          },
          "links": {
            "related": {
              "href": "https://prodnvbq7vbe.main-fe.acsf.baywsf.com/jsonapi/node/question/149cc9a3-8907-4994-a37b-a661541bb15c/revision_uid?resourceVersion=id%3A37526"
            },
            "self": {
              "href": "https://prodnvbq7vbe.main-fe.acsf.baywsf.com/jsonapi/node/question/149cc9a3-8907-4994-a37b-a661541bb15c/relationships/revision_uid?resourceVersion=id%3A37526"
            }
          }
        },
        "uid": {
          "data": {
            "type": "user--user",
            "id": "c48aba71-438d-44c8-a315-2803a8380004"
          },
          "links": {
            "related": {
              "href": "https://prodnvbq7vbe.main-fe.acsf.baywsf.com/jsonapi/node/question/149cc9a3-8907-4994-a37b-a661541bb15c/uid?resourceVersion=id%3A37526"
            },
            "self": {
              "href": "https://prodnvbq7vbe.main-fe.acsf.baywsf.com/jsonapi/node/question/149cc9a3-8907-4994-a37b-a661541bb15c/relationships/uid?resourceVersion=id%3A37526"
            }
          }
        },
        "field_schema_json_ld_file": {
          "data": null,
          "links": {
            "related": {
              "href": "https://prodnvbq7vbe.main-fe.acsf.baywsf.com/jsonapi/node/question/149cc9a3-8907-4994-a37b-a661541bb15c/field_schema_json_ld_file?resourceVersion=id%3A37526"
            },
            "self": {
              "href": "https://prodnvbq7vbe.main-fe.acsf.baywsf.com/jsonapi/node/question/149cc9a3-8907-4994-a37b-a661541bb15c/relationships/field_schema_json_ld_file?resourceVersion=id%3A37526"
            }
          }
        },
        "field_actions": {
          "data": [],
          "links": {
            "related": {
              "href": "https://prodnvbq7vbe.main-fe.acsf.baywsf.com/jsonapi/node/question/149cc9a3-8907-4994-a37b-a661541bb15c/field_actions?resourceVersion=id%3A37526"
            },
            "self": {
              "href": "https://prodnvbq7vbe.main-fe.acsf.baywsf.com/jsonapi/node/question/149cc9a3-8907-4994-a37b-a661541bb15c/relationships/field_actions?resourceVersion=id%3A37526"
            }
          }
        },
        "field_answer": {
          "data": [
            {
              "type": "node--answer",
              "id": "cae6685e-7951-463a-a2ec-94e2db0b8de6"
            },
            {
              "type": "node--answer",
              "id": "6c7c2da3-9eaf-455e-9cf1-7539bee68256"
            }
          ],
          "links": {
            "related": {
              "href": "https://prodnvbq7vbe.main-fe.acsf.baywsf.com/jsonapi/node/question/149cc9a3-8907-4994-a37b-a661541bb15c/field_answer?resourceVersion=id%3A37526"
            },
            "self": {
              "href": "https://prodnvbq7vbe.main-fe.acsf.baywsf.com/jsonapi/node/question/149cc9a3-8907-4994-a37b-a661541bb15c/relationships/field_answer?resourceVersion=id%3A37526"
            }
          }
        },
        "field_correct": {
          "data": [
            {
              "type": "node--answer",
              "id": "6c7c2da3-9eaf-455e-9cf1-7539bee68256"
            }
          ],
          "links": {
            "related": {
              "href": "https://prodnvbq7vbe.main-fe.acsf.baywsf.com/jsonapi/node/question/149cc9a3-8907-4994-a37b-a661541bb15c/field_correct?resourceVersion=id%3A37526"
            },
            "self": {
              "href": "https://prodnvbq7vbe.main-fe.acsf.baywsf.com/jsonapi/node/question/149cc9a3-8907-4994-a37b-a661541bb15c/relationships/field_correct?resourceVersion=id%3A37526"
            }
          }
        },
        "field_question_group": {
          "data": [],
          "links": {
            "related": {
              "href": "https://prodnvbq7vbe.main-fe.acsf.baywsf.com/jsonapi/node/question/149cc9a3-8907-4994-a37b-a661541bb15c/field_question_group?resourceVersion=id%3A37526"
            },
            "self": {
              "href": "https://prodnvbq7vbe.main-fe.acsf.baywsf.com/jsonapi/node/question/149cc9a3-8907-4994-a37b-a661541bb15c/relationships/field_question_group?resourceVersion=id%3A37526"
            }
          }
        }
      }
    },
    {
      "type": "node--question",
      "id": "249989fd-3b1f-4ef5-bd30-c355277b9895",
      "links": {
        "self": {
          "href": "https://prodnvbq7vbe.main-fe.acsf.baywsf.com/jsonapi/node/question/249989fd-3b1f-4ef5-bd30-c355277b9895?resourceVersion=id%3A37566"
        }
      },
      "attributes": {
        "drupal_internal__nid": 1691,
        "drupal_internal__vid": 37566,
        "langcode": "de",
        "revision_timestamp": "2021-03-03T19:16:11+00:00",
        "revision_log": null,
        "status": true,
        "title": "Are you suffering from itching?",
        "created": "2021-03-03T19:13:02+00:00",
        "changed": "2021-03-03T19:14:34+00:00",
        "promote": false,
        "sticky": false,
        "default_langcode": true,
        "revision_translation_affected": null,
        "moderation_state": null,
        "metatag": null,
        "path": {
          "alias": null,
          "pid": null,
          "langcode": "de"
        },
        "private": false,
        "field_metatags": null,
        "content_translation_source": "und",
        "content_translation_outdated": false,
        "published_at": "2021-03-03T19:14:00+00:00",
        "field_error": null,
        "field_explanation": {
          "value": "<p>These are common symptoms of Thrush and can be treated easily.</p>\r\n",
          "format": "cohesion_without_glossify",
          "processed": "<p>These are common symptoms of Thrush and can be treated easily.</p>\n"
        },
        "field_instruction": {
          "value": "<p>choose anyone</p>\r\n",
          "format": "cohesion_without_glossify",
          "processed": "<p>choose anyone</p>\n"
        },
        "field_references": {
          "value": "<p>These are common symptoms of Thrush and can be treated easily.</p>\r\n",
          "format": "cohesion_without_glossify",
          "processed": "<p>These are common symptoms of Thrush and can be treated easily.</p>\n"
        }
      },
      "relationships": {
        "node_type": {
          "data": {
            "type": "node_type--node_type",
            "id": "aa153fe2-2616-4421-849c-a146decee6a3"
          },
          "links": {
            "related": {
              "href": "https://prodnvbq7vbe.main-fe.acsf.baywsf.com/jsonapi/node/question/249989fd-3b1f-4ef5-bd30-c355277b9895/node_type?resourceVersion=id%3A37566"
            },
            "self": {
              "href": "https://prodnvbq7vbe.main-fe.acsf.baywsf.com/jsonapi/node/question/249989fd-3b1f-4ef5-bd30-c355277b9895/relationships/node_type?resourceVersion=id%3A37566"
            }
          }
        },
        "revision_uid": {
          "data": {
            "type": "user--user",
            "id": "c48aba71-438d-44c8-a315-2803a8380004"
          },
          "links": {
            "related": {
              "href": "https://prodnvbq7vbe.main-fe.acsf.baywsf.com/jsonapi/node/question/249989fd-3b1f-4ef5-bd30-c355277b9895/revision_uid?resourceVersion=id%3A37566"
            },
            "self": {
              "href": "https://prodnvbq7vbe.main-fe.acsf.baywsf.com/jsonapi/node/question/249989fd-3b1f-4ef5-bd30-c355277b9895/relationships/revision_uid?resourceVersion=id%3A37566"
            }
          }
        },
        "uid": {
          "data": {
            "type": "user--user",
            "id": "c48aba71-438d-44c8-a315-2803a8380004"
          },
          "links": {
            "related": {
              "href": "https://prodnvbq7vbe.main-fe.acsf.baywsf.com/jsonapi/node/question/249989fd-3b1f-4ef5-bd30-c355277b9895/uid?resourceVersion=id%3A37566"
            },
            "self": {
              "href": "https://prodnvbq7vbe.main-fe.acsf.baywsf.com/jsonapi/node/question/249989fd-3b1f-4ef5-bd30-c355277b9895/relationships/uid?resourceVersion=id%3A37566"
            }
          }
        },
        "field_schema_json_ld_file": {
          "data": null,
          "links": {
            "related": {
              "href": "https://prodnvbq7vbe.main-fe.acsf.baywsf.com/jsonapi/node/question/249989fd-3b1f-4ef5-bd30-c355277b9895/field_schema_json_ld_file?resourceVersion=id%3A37566"
            },
            "self": {
              "href": "https://prodnvbq7vbe.main-fe.acsf.baywsf.com/jsonapi/node/question/249989fd-3b1f-4ef5-bd30-c355277b9895/relationships/field_schema_json_ld_file?resourceVersion=id%3A37566"
            }
          }
        },
        "field_actions": {
          "data": [],
          "links": {
            "related": {
              "href": "https://prodnvbq7vbe.main-fe.acsf.baywsf.com/jsonapi/node/question/249989fd-3b1f-4ef5-bd30-c355277b9895/field_actions?resourceVersion=id%3A37566"
            },
            "self": {
              "href": "https://prodnvbq7vbe.main-fe.acsf.baywsf.com/jsonapi/node/question/249989fd-3b1f-4ef5-bd30-c355277b9895/relationships/field_actions?resourceVersion=id%3A37566"
            }
          }
        },
        "field_answer": {
          "data": [
            {
              "type": "node--answer",
              "id": "fc19ea24-4c87-4258-a3e2-570d636c7e1d"
            },
            {
              "type": "node--answer",
              "id": "204563df-f885-4441-9906-4d37cf217d95"
            }
          ],
          "links": {
            "related": {
              "href": "https://prodnvbq7vbe.main-fe.acsf.baywsf.com/jsonapi/node/question/249989fd-3b1f-4ef5-bd30-c355277b9895/field_answer?resourceVersion=id%3A37566"
            },
            "self": {
              "href": "https://prodnvbq7vbe.main-fe.acsf.baywsf.com/jsonapi/node/question/249989fd-3b1f-4ef5-bd30-c355277b9895/relationships/field_answer?resourceVersion=id%3A37566"
            }
          }
        },
        "field_correct": {
          "data": [
            {
              "type": "node--answer",
              "id": "fc19ea24-4c87-4258-a3e2-570d636c7e1d"
            }
          ],
          "links": {
            "related": {
              "href": "https://prodnvbq7vbe.main-fe.acsf.baywsf.com/jsonapi/node/question/249989fd-3b1f-4ef5-bd30-c355277b9895/field_correct?resourceVersion=id%3A37566"
            },
            "self": {
              "href": "https://prodnvbq7vbe.main-fe.acsf.baywsf.com/jsonapi/node/question/249989fd-3b1f-4ef5-bd30-c355277b9895/relationships/field_correct?resourceVersion=id%3A37566"
            }
          }
        },
        "field_question_group": {
          "data": [],
          "links": {
            "related": {
              "href": "https://prodnvbq7vbe.main-fe.acsf.baywsf.com/jsonapi/node/question/249989fd-3b1f-4ef5-bd30-c355277b9895/field_question_group?resourceVersion=id%3A37566"
            },
            "self": {
              "href": "https://prodnvbq7vbe.main-fe.acsf.baywsf.com/jsonapi/node/question/249989fd-3b1f-4ef5-bd30-c355277b9895/relationships/field_question_group?resourceVersion=id%3A37566"
            }
          }
        }
      }
    },
    {
      "type": "node--question",
      "id": "4884e25b-2c6e-4962-88ac-71d5e43c9df3",
      "links": {
        "self": {
          "href": "https://prodnvbq7vbe.main-fe.acsf.baywsf.com/jsonapi/node/question/4884e25b-2c6e-4962-88ac-71d5e43c9df3?resourceVersion=id%3A37606"
        }
      },
      "attributes": {
        "drupal_internal__nid": 1711,
        "drupal_internal__vid": 37606,
        "langcode": "de",
        "revision_timestamp": "2021-03-03T19:21:48+00:00",
        "revision_log": null,
        "status": true,
        "title": "Are you searching for product?",
        "created": "2021-03-03T19:19:05+00:00",
        "changed": "2021-03-03T19:20:58+00:00",
        "promote": false,
        "sticky": false,
        "default_langcode": true,
        "revision_translation_affected": null,
        "moderation_state": null,
        "metatag": null,
        "path": {
          "alias": null,
          "pid": null,
          "langcode": "de"
        },
        "private": false,
        "field_metatags": null,
        "content_translation_source": "und",
        "content_translation_outdated": false,
        "published_at": "2021-03-03T19:20:23+00:00",
        "field_error": null,
        "field_explanation": null,
        "field_instruction": {
          "value": "<p>choose anyone</p>\r\n",
          "format": "cohesion_without_glossify",
          "processed": "<p>choose anyone</p>\n"
        },
        "field_references": null
      },
      "relationships": {
        "node_type": {
          "data": {
            "type": "node_type--node_type",
            "id": "aa153fe2-2616-4421-849c-a146decee6a3"
          },
          "links": {
            "related": {
              "href": "https://prodnvbq7vbe.main-fe.acsf.baywsf.com/jsonapi/node/question/4884e25b-2c6e-4962-88ac-71d5e43c9df3/node_type?resourceVersion=id%3A37606"
            },
            "self": {
              "href": "https://prodnvbq7vbe.main-fe.acsf.baywsf.com/jsonapi/node/question/4884e25b-2c6e-4962-88ac-71d5e43c9df3/relationships/node_type?resourceVersion=id%3A37606"
            }
          }
        },
        "revision_uid": {
          "data": {
            "type": "user--user",
            "id": "c48aba71-438d-44c8-a315-2803a8380004"
          },
          "links": {
            "related": {
              "href": "https://prodnvbq7vbe.main-fe.acsf.baywsf.com/jsonapi/node/question/4884e25b-2c6e-4962-88ac-71d5e43c9df3/revision_uid?resourceVersion=id%3A37606"
            },
            "self": {
              "href": "https://prodnvbq7vbe.main-fe.acsf.baywsf.com/jsonapi/node/question/4884e25b-2c6e-4962-88ac-71d5e43c9df3/relationships/revision_uid?resourceVersion=id%3A37606"
            }
          }
        },
        "uid": {
          "data": {
            "type": "user--user",
            "id": "c48aba71-438d-44c8-a315-2803a8380004"
          },
          "links": {
            "related": {
              "href": "https://prodnvbq7vbe.main-fe.acsf.baywsf.com/jsonapi/node/question/4884e25b-2c6e-4962-88ac-71d5e43c9df3/uid?resourceVersion=id%3A37606"
            },
            "self": {
              "href": "https://prodnvbq7vbe.main-fe.acsf.baywsf.com/jsonapi/node/question/4884e25b-2c6e-4962-88ac-71d5e43c9df3/relationships/uid?resourceVersion=id%3A37606"
            }
          }
        },
        "field_schema_json_ld_file": {
          "data": null,
          "links": {
            "related": {
              "href": "https://prodnvbq7vbe.main-fe.acsf.baywsf.com/jsonapi/node/question/4884e25b-2c6e-4962-88ac-71d5e43c9df3/field_schema_json_ld_file?resourceVersion=id%3A37606"
            },
            "self": {
              "href": "https://prodnvbq7vbe.main-fe.acsf.baywsf.com/jsonapi/node/question/4884e25b-2c6e-4962-88ac-71d5e43c9df3/relationships/field_schema_json_ld_file?resourceVersion=id%3A37606"
            }
          }
        },
        "field_actions": {
          "data": [],
          "links": {
            "related": {
              "href": "https://prodnvbq7vbe.main-fe.acsf.baywsf.com/jsonapi/node/question/4884e25b-2c6e-4962-88ac-71d5e43c9df3/field_actions?resourceVersion=id%3A37606"
            },
            "self": {
              "href": "https://prodnvbq7vbe.main-fe.acsf.baywsf.com/jsonapi/node/question/4884e25b-2c6e-4962-88ac-71d5e43c9df3/relationships/field_actions?resourceVersion=id%3A37606"
            }
          }
        },
        "field_answer": {
          "data": [
            {
              "type": "node--answer",
              "id": "ebe7f4e8-3717-469e-a3c8-6f4b3c755efc"
            },
            {
              "type": "node--answer",
              "id": "be314c35-4175-4f0f-9b77-6bca6d603ba2"
            },
            {
              "type": "node--answer",
              "id": "502530ca-30f9-48b5-ab33-ea4220bf81ea"
            }
          ],
          "links": {
            "related": {
              "href": "https://prodnvbq7vbe.main-fe.acsf.baywsf.com/jsonapi/node/question/4884e25b-2c6e-4962-88ac-71d5e43c9df3/field_answer?resourceVersion=id%3A37606"
            },
            "self": {
              "href": "https://prodnvbq7vbe.main-fe.acsf.baywsf.com/jsonapi/node/question/4884e25b-2c6e-4962-88ac-71d5e43c9df3/relationships/field_answer?resourceVersion=id%3A37606"
            }
          }
        },
        "field_correct": {
          "data": [
            {
              "type": "node--answer",
              "id": "502530ca-30f9-48b5-ab33-ea4220bf81ea"
            }
          ],
          "links": {
            "related": {
              "href": "https://prodnvbq7vbe.main-fe.acsf.baywsf.com/jsonapi/node/question/4884e25b-2c6e-4962-88ac-71d5e43c9df3/field_correct?resourceVersion=id%3A37606"
            },
            "self": {
              "href": "https://prodnvbq7vbe.main-fe.acsf.baywsf.com/jsonapi/node/question/4884e25b-2c6e-4962-88ac-71d5e43c9df3/relationships/field_correct?resourceVersion=id%3A37606"
            }
          }
        },
        "field_question_group": {
          "data": [],
          "links": {
            "related": {
              "href": "https://prodnvbq7vbe.main-fe.acsf.baywsf.com/jsonapi/node/question/4884e25b-2c6e-4962-88ac-71d5e43c9df3/field_question_group?resourceVersion=id%3A37606"
            },
            "self": {
              "href": "https://prodnvbq7vbe.main-fe.acsf.baywsf.com/jsonapi/node/question/4884e25b-2c6e-4962-88ac-71d5e43c9df3/relationships/field_question_group?resourceVersion=id%3A37606"
            }
          }
        }
      }
    },
    {
      "type": "node--question",
      "id": "362b4653-32ea-4be8-991d-c48ab1653cd2",
      "links": {
        "self": {
          "href": "https://prodnvbq7vbe.main-fe.acsf.baywsf.com/jsonapi/node/question/362b4653-32ea-4be8-991d-c48ab1653cd2?resourceVersion=id%3A37651"
        }
      },
      "attributes": {
        "drupal_internal__nid": 1731,
        "drupal_internal__vid": 37651,
        "langcode": "de",
        "revision_timestamp": "2021-03-03T19:30:12+00:00",
        "revision_log": null,
        "status": true,
        "title": "Are you pregnant?",
        "created": "2021-03-03T19:26:31+00:00",
        "changed": "2021-03-03T19:28:55+00:00",
        "promote": false,
        "sticky": false,
        "default_langcode": true,
        "revision_translation_affected": null,
        "moderation_state": null,
        "metatag": null,
        "path": {
          "alias": null,
          "pid": null,
          "langcode": "de"
        },
        "private": false,
        "field_metatags": null,
        "content_translation_source": "und",
        "content_translation_outdated": false,
        "published_at": "2021-03-03T19:28:05+00:00",
        "field_error": null,
        "field_explanation": null,
        "field_instruction": {
          "value": "<p>choose anyone</p>\r\n",
          "format": "cohesion_without_glossify",
          "processed": "<p>choose anyone</p>\n"
        },
        "field_references": null
      },
      "relationships": {
        "node_type": {
          "data": {
            "type": "node_type--node_type",
            "id": "aa153fe2-2616-4421-849c-a146decee6a3"
          },
          "links": {
            "related": {
              "href": "https://prodnvbq7vbe.main-fe.acsf.baywsf.com/jsonapi/node/question/362b4653-32ea-4be8-991d-c48ab1653cd2/node_type?resourceVersion=id%3A37651"
            },
            "self": {
              "href": "https://prodnvbq7vbe.main-fe.acsf.baywsf.com/jsonapi/node/question/362b4653-32ea-4be8-991d-c48ab1653cd2/relationships/node_type?resourceVersion=id%3A37651"
            }
          }
        },
        "revision_uid": {
          "data": {
            "type": "user--user",
            "id": "c48aba71-438d-44c8-a315-2803a8380004"
          },
          "links": {
            "related": {
              "href": "https://prodnvbq7vbe.main-fe.acsf.baywsf.com/jsonapi/node/question/362b4653-32ea-4be8-991d-c48ab1653cd2/revision_uid?resourceVersion=id%3A37651"
            },
            "self": {
              "href": "https://prodnvbq7vbe.main-fe.acsf.baywsf.com/jsonapi/node/question/362b4653-32ea-4be8-991d-c48ab1653cd2/relationships/revision_uid?resourceVersion=id%3A37651"
            }
          }
        },
        "uid": {
          "data": {
            "type": "user--user",
            "id": "c48aba71-438d-44c8-a315-2803a8380004"
          },
          "links": {
            "related": {
              "href": "https://prodnvbq7vbe.main-fe.acsf.baywsf.com/jsonapi/node/question/362b4653-32ea-4be8-991d-c48ab1653cd2/uid?resourceVersion=id%3A37651"
            },
            "self": {
              "href": "https://prodnvbq7vbe.main-fe.acsf.baywsf.com/jsonapi/node/question/362b4653-32ea-4be8-991d-c48ab1653cd2/relationships/uid?resourceVersion=id%3A37651"
            }
          }
        },
        "field_schema_json_ld_file": {
          "data": null,
          "links": {
            "related": {
              "href": "https://prodnvbq7vbe.main-fe.acsf.baywsf.com/jsonapi/node/question/362b4653-32ea-4be8-991d-c48ab1653cd2/field_schema_json_ld_file?resourceVersion=id%3A37651"
            },
            "self": {
              "href": "https://prodnvbq7vbe.main-fe.acsf.baywsf.com/jsonapi/node/question/362b4653-32ea-4be8-991d-c48ab1653cd2/relationships/field_schema_json_ld_file?resourceVersion=id%3A37651"
            }
          }
        },
        "field_actions": {
          "data": [],
          "links": {
            "related": {
              "href": "https://prodnvbq7vbe.main-fe.acsf.baywsf.com/jsonapi/node/question/362b4653-32ea-4be8-991d-c48ab1653cd2/field_actions?resourceVersion=id%3A37651"
            },
            "self": {
              "href": "https://prodnvbq7vbe.main-fe.acsf.baywsf.com/jsonapi/node/question/362b4653-32ea-4be8-991d-c48ab1653cd2/relationships/field_actions?resourceVersion=id%3A37651"
            }
          }
        },
        "field_answer": {
          "data": [
            {
              "type": "node--answer",
              "id": "f54ad0fb-61a6-4628-aac6-e57bcba8fc1b"
            },
            {
              "type": "node--answer",
              "id": "d75e28f4-247e-4503-9c1d-a19ab71ec36d"
            }
          ],
          "links": {
            "related": {
              "href": "https://prodnvbq7vbe.main-fe.acsf.baywsf.com/jsonapi/node/question/362b4653-32ea-4be8-991d-c48ab1653cd2/field_answer?resourceVersion=id%3A37651"
            },
            "self": {
              "href": "https://prodnvbq7vbe.main-fe.acsf.baywsf.com/jsonapi/node/question/362b4653-32ea-4be8-991d-c48ab1653cd2/relationships/field_answer?resourceVersion=id%3A37651"
            }
          }
        },
        "field_correct": {
          "data": [
            {
              "type": "node--answer",
              "id": "d75e28f4-247e-4503-9c1d-a19ab71ec36d"
            }
          ],
          "links": {
            "related": {
              "href": "https://prodnvbq7vbe.main-fe.acsf.baywsf.com/jsonapi/node/question/362b4653-32ea-4be8-991d-c48ab1653cd2/field_correct?resourceVersion=id%3A37651"
            },
            "self": {
              "href": "https://prodnvbq7vbe.main-fe.acsf.baywsf.com/jsonapi/node/question/362b4653-32ea-4be8-991d-c48ab1653cd2/relationships/field_correct?resourceVersion=id%3A37651"
            }
          }
        },
        "field_question_group": {
          "data": [],
          "links": {
            "related": {
              "href": "https://prodnvbq7vbe.main-fe.acsf.baywsf.com/jsonapi/node/question/362b4653-32ea-4be8-991d-c48ab1653cd2/field_question_group?resourceVersion=id%3A37651"
            },
            "self": {
              "href": "https://prodnvbq7vbe.main-fe.acsf.baywsf.com/jsonapi/node/question/362b4653-32ea-4be8-991d-c48ab1653cd2/relationships/field_question_group?resourceVersion=id%3A37651"
            }
          }
        }
      }
    },
    {
      "type": "node--question",
      "id": "b6108a8f-a2c9-4b85-961f-64f33743e2f2",
      "links": {
        "self": {
          "href": "https://prodnvbq7vbe.main-fe.acsf.baywsf.com/jsonapi/node/question/b6108a8f-a2c9-4b85-961f-64f33743e2f2?resourceVersion=id%3A37691"
        }
      },
      "attributes": {
        "drupal_internal__nid": 1751,
        "drupal_internal__vid": 37691,
        "langcode": "de",
        "revision_timestamp": "2021-03-03T19:40:44+00:00",
        "revision_log": null,
        "status": true,
        "title": "What format would you prefer?",
        "created": "2021-03-03T19:37:59+00:00",
        "changed": "2021-03-03T19:39:21+00:00",
        "promote": false,
        "sticky": false,
        "default_langcode": true,
        "revision_translation_affected": null,
        "moderation_state": null,
        "metatag": null,
        "path": {
          "alias": null,
          "pid": null,
          "langcode": "de"
        },
        "private": false,
        "field_metatags": null,
        "content_translation_source": "und",
        "content_translation_outdated": false,
        "published_at": "2021-03-03T19:39:21+00:00",
        "field_error": null,
        "field_explanation": null,
        "field_instruction": {
          "value": "<p>choose anyone</p>\r\n",
          "format": "cohesion_without_glossify",
          "processed": "<p>choose anyone</p>\n"
        },
        "field_references": null
      },
      "relationships": {
        "node_type": {
          "data": {
            "type": "node_type--node_type",
            "id": "aa153fe2-2616-4421-849c-a146decee6a3"
          },
          "links": {
            "related": {
              "href": "https://prodnvbq7vbe.main-fe.acsf.baywsf.com/jsonapi/node/question/b6108a8f-a2c9-4b85-961f-64f33743e2f2/node_type?resourceVersion=id%3A37691"
            },
            "self": {
              "href": "https://prodnvbq7vbe.main-fe.acsf.baywsf.com/jsonapi/node/question/b6108a8f-a2c9-4b85-961f-64f33743e2f2/relationships/node_type?resourceVersion=id%3A37691"
            }
          }
        },
        "revision_uid": {
          "data": {
            "type": "user--user",
            "id": "c48aba71-438d-44c8-a315-2803a8380004"
          },
          "links": {
            "related": {
              "href": "https://prodnvbq7vbe.main-fe.acsf.baywsf.com/jsonapi/node/question/b6108a8f-a2c9-4b85-961f-64f33743e2f2/revision_uid?resourceVersion=id%3A37691"
            },
            "self": {
              "href": "https://prodnvbq7vbe.main-fe.acsf.baywsf.com/jsonapi/node/question/b6108a8f-a2c9-4b85-961f-64f33743e2f2/relationships/revision_uid?resourceVersion=id%3A37691"
            }
          }
        },
        "uid": {
          "data": {
            "type": "user--user",
            "id": "c48aba71-438d-44c8-a315-2803a8380004"
          },
          "links": {
            "related": {
              "href": "https://prodnvbq7vbe.main-fe.acsf.baywsf.com/jsonapi/node/question/b6108a8f-a2c9-4b85-961f-64f33743e2f2/uid?resourceVersion=id%3A37691"
            },
            "self": {
              "href": "https://prodnvbq7vbe.main-fe.acsf.baywsf.com/jsonapi/node/question/b6108a8f-a2c9-4b85-961f-64f33743e2f2/relationships/uid?resourceVersion=id%3A37691"
            }
          }
        },
        "field_schema_json_ld_file": {
          "data": null,
          "links": {
            "related": {
              "href": "https://prodnvbq7vbe.main-fe.acsf.baywsf.com/jsonapi/node/question/b6108a8f-a2c9-4b85-961f-64f33743e2f2/field_schema_json_ld_file?resourceVersion=id%3A37691"
            },
            "self": {
              "href": "https://prodnvbq7vbe.main-fe.acsf.baywsf.com/jsonapi/node/question/b6108a8f-a2c9-4b85-961f-64f33743e2f2/relationships/field_schema_json_ld_file?resourceVersion=id%3A37691"
            }
          }
        },
        "field_actions": {
          "data": [],
          "links": {
            "related": {
              "href": "https://prodnvbq7vbe.main-fe.acsf.baywsf.com/jsonapi/node/question/b6108a8f-a2c9-4b85-961f-64f33743e2f2/field_actions?resourceVersion=id%3A37691"
            },
            "self": {
              "href": "https://prodnvbq7vbe.main-fe.acsf.baywsf.com/jsonapi/node/question/b6108a8f-a2c9-4b85-961f-64f33743e2f2/relationships/field_actions?resourceVersion=id%3A37691"
            }
          }
        },
        "field_answer": {
          "data": [
            {
              "type": "node--answer",
              "id": "a8c91985-ff57-40a3-8afc-4e88ee004de0"
            },
            {
              "type": "node--answer",
              "id": "bfa08ef8-04b1-4f11-a9ae-547f92176dd1"
            }
          ],
          "links": {
            "related": {
              "href": "https://prodnvbq7vbe.main-fe.acsf.baywsf.com/jsonapi/node/question/b6108a8f-a2c9-4b85-961f-64f33743e2f2/field_answer?resourceVersion=id%3A37691"
            },
            "self": {
              "href": "https://prodnvbq7vbe.main-fe.acsf.baywsf.com/jsonapi/node/question/b6108a8f-a2c9-4b85-961f-64f33743e2f2/relationships/field_answer?resourceVersion=id%3A37691"
            }
          }
        },
        "field_correct": {
          "data": [],
          "links": {
            "related": {
              "href": "https://prodnvbq7vbe.main-fe.acsf.baywsf.com/jsonapi/node/question/b6108a8f-a2c9-4b85-961f-64f33743e2f2/field_correct?resourceVersion=id%3A37691"
            },
            "self": {
              "href": "https://prodnvbq7vbe.main-fe.acsf.baywsf.com/jsonapi/node/question/b6108a8f-a2c9-4b85-961f-64f33743e2f2/relationships/field_correct?resourceVersion=id%3A37691"
            }
          }
        },
        "field_question_group": {
          "data": [],
          "links": {
            "related": {
              "href": "https://prodnvbq7vbe.main-fe.acsf.baywsf.com/jsonapi/node/question/b6108a8f-a2c9-4b85-961f-64f33743e2f2/field_question_group?resourceVersion=id%3A37691"
            },
            "self": {
              "href": "https://prodnvbq7vbe.main-fe.acsf.baywsf.com/jsonapi/node/question/b6108a8f-a2c9-4b85-961f-64f33743e2f2/relationships/field_question_group?resourceVersion=id%3A37691"
            }
          }
        }
      }
    },
    {
      "type": "node--question",
      "id": "b6108a8f-a2c9-4b85-961f-64f33743e2f3",
      "links": {
        "self": {
          "href": "https://prodnvbq7vbe.main-fe.acsf.baywsf.com/jsonapi/node/question/b6108a8f-a2c9-4b85-961f-64f33743e2f2?resourceVersion=id%3A37691"
        }
      },
      "attributes": {
        "drupal_internal__nid": 1751,
        "drupal_internal__vid": 37691,
        "langcode": "de",
        "revision_timestamp": "2021-03-03T19:40:44+00:00",
        "revision_log": null,
        "status": true,
        "title": "What format would you prefer?",
        "created": "2021-03-03T19:37:59+00:00",
        "changed": "2021-03-03T19:39:21+00:00",
        "promote": false,
        "sticky": false,
        "default_langcode": true,
        "revision_translation_affected": null,
        "moderation_state": null,
        "metatag": null,
        "path": {
          "alias": null,
          "pid": null,
          "langcode": "de"
        },
        "private": false,
        "field_metatags": null,
        "content_translation_source": "und",
        "content_translation_outdated": false,
        "published_at": "2021-03-03T19:39:21+00:00",
        "field_error": null,
        "field_explanation": null,
        "field_instruction": {
          "value": "<p>choose anyone</p>\r\n",
          "format": "cohesion_without_glossify",
          "processed": "<p>choose anyone</p>\n"
        },
        "field_references": null
      },
      "relationships": {
        "node_type": {
          "data": {
            "type": "node_type--node_type",
            "id": "aa153fe2-2616-4421-849c-a146decee6a3"
          },
          "links": {
            "related": {
              "href": "https://prodnvbq7vbe.main-fe.acsf.baywsf.com/jsonapi/node/question/b6108a8f-a2c9-4b85-961f-64f33743e2f2/node_type?resourceVersion=id%3A37691"
            },
            "self": {
              "href": "https://prodnvbq7vbe.main-fe.acsf.baywsf.com/jsonapi/node/question/b6108a8f-a2c9-4b85-961f-64f33743e2f2/relationships/node_type?resourceVersion=id%3A37691"
            }
          }
        },
        "revision_uid": {
          "data": {
            "type": "user--user",
            "id": "c48aba71-438d-44c8-a315-2803a8380004"
          },
          "links": {
            "related": {
              "href": "https://prodnvbq7vbe.main-fe.acsf.baywsf.com/jsonapi/node/question/b6108a8f-a2c9-4b85-961f-64f33743e2f2/revision_uid?resourceVersion=id%3A37691"
            },
            "self": {
              "href": "https://prodnvbq7vbe.main-fe.acsf.baywsf.com/jsonapi/node/question/b6108a8f-a2c9-4b85-961f-64f33743e2f2/relationships/revision_uid?resourceVersion=id%3A37691"
            }
          }
        },
        "uid": {
          "data": {
            "type": "user--user",
            "id": "c48aba71-438d-44c8-a315-2803a8380004"
          },
          "links": {
            "related": {
              "href": "https://prodnvbq7vbe.main-fe.acsf.baywsf.com/jsonapi/node/question/b6108a8f-a2c9-4b85-961f-64f33743e2f2/uid?resourceVersion=id%3A37691"
            },
            "self": {
              "href": "https://prodnvbq7vbe.main-fe.acsf.baywsf.com/jsonapi/node/question/b6108a8f-a2c9-4b85-961f-64f33743e2f2/relationships/uid?resourceVersion=id%3A37691"
            }
          }
        },
        "field_schema_json_ld_file": {
          "data": null,
          "links": {
            "related": {
              "href": "https://prodnvbq7vbe.main-fe.acsf.baywsf.com/jsonapi/node/question/b6108a8f-a2c9-4b85-961f-64f33743e2f2/field_schema_json_ld_file?resourceVersion=id%3A37691"
            },
            "self": {
              "href": "https://prodnvbq7vbe.main-fe.acsf.baywsf.com/jsonapi/node/question/b6108a8f-a2c9-4b85-961f-64f33743e2f2/relationships/field_schema_json_ld_file?resourceVersion=id%3A37691"
            }
          }
        },
        "field_actions": {
          "data": [],
          "links": {
            "related": {
              "href": "https://prodnvbq7vbe.main-fe.acsf.baywsf.com/jsonapi/node/question/b6108a8f-a2c9-4b85-961f-64f33743e2f2/field_actions?resourceVersion=id%3A37691"
            },
            "self": {
              "href": "https://prodnvbq7vbe.main-fe.acsf.baywsf.com/jsonapi/node/question/b6108a8f-a2c9-4b85-961f-64f33743e2f2/relationships/field_actions?resourceVersion=id%3A37691"
            }
          }
        },
        "field_answer": {
          "data": [
            {
              "type": "node--answer",
              "id": "a8c91985-ff57-40a3-8afc-4e88ee004de3"
            },
            {
              "type": "node--answer",
              "id": "bfa08ef8-04b1-4f11-a9ae-547f92176dd3"
            },
            {
              "type": "node--answer",
              "id": "7b0a9413-2440-49dc-86b5-022bdda02312"
            }
          ],
          "links": {
            "related": {
              "href": "https://prodnvbq7vbe.main-fe.acsf.baywsf.com/jsonapi/node/question/b6108a8f-a2c9-4b85-961f-64f33743e2f2/field_answer?resourceVersion=id%3A37691"
            },
            "self": {
              "href": "https://prodnvbq7vbe.main-fe.acsf.baywsf.com/jsonapi/node/question/b6108a8f-a2c9-4b85-961f-64f33743e2f2/relationships/field_answer?resourceVersion=id%3A37691"
            }
          }
        },
        "field_correct": {
          "data": [],
          "links": {
            "related": {
              "href": "https://prodnvbq7vbe.main-fe.acsf.baywsf.com/jsonapi/node/question/b6108a8f-a2c9-4b85-961f-64f33743e2f2/field_correct?resourceVersion=id%3A37691"
            },
            "self": {
              "href": "https://prodnvbq7vbe.main-fe.acsf.baywsf.com/jsonapi/node/question/b6108a8f-a2c9-4b85-961f-64f33743e2f2/relationships/field_correct?resourceVersion=id%3A37691"
            }
          }
        },
        "field_question_group": {
          "data": [],
          "links": {
            "related": {
              "href": "https://prodnvbq7vbe.main-fe.acsf.baywsf.com/jsonapi/node/question/b6108a8f-a2c9-4b85-961f-64f33743e2f2/field_question_group?resourceVersion=id%3A37691"
            },
            "self": {
              "href": "https://prodnvbq7vbe.main-fe.acsf.baywsf.com/jsonapi/node/question/b6108a8f-a2c9-4b85-961f-64f33743e2f2/relationships/field_question_group?resourceVersion=id%3A37691"
            }
          }
        }
      }
    },
    {
      "type": "node--question",
      "id": "b6108a8f-a2c9-4b85-961f-64f33743e2f4",
      "links": {
        "self": {
          "href": "https://prodnvbq7vbe.main-fe.acsf.baywsf.com/jsonapi/node/question/b6108a8f-a2c9-4b85-961f-64f33743e2f2?resourceVersion=id%3A37691"
        }
      },
      "attributes": {
        "drupal_internal__nid": 1751,
        "drupal_internal__vid": 37691,
        "langcode": "de",
        "revision_timestamp": "2021-03-03T19:40:44+00:00",
        "revision_log": null,
        "status": true,
        "title": "Do you prefer an oral or a vaginal treatment?",
        "created": "2021-03-03T19:37:59+00:00",
        "changed": "2021-03-03T19:39:21+00:00",
        "promote": false,
        "sticky": false,
        "default_langcode": true,
        "revision_translation_affected": null,
        "moderation_state": null,
        "metatag": null,
        "path": {
          "alias": null,
          "pid": null,
          "langcode": "de"
        },
        "private": false,
        "field_metatags": null,
        "content_translation_source": "und",
        "content_translation_outdated": false,
        "published_at": "2021-03-03T19:39:21+00:00",
        "field_error": null,
        "field_explanation": null,
        "field_instruction": {
          "value": "<p>choose anyone</p>\r\n",
          "format": "cohesion_without_glossify",
          "processed": "<p>choose anyone</p>\n"
        },
        "field_references": null
      },
      "relationships": {
        "node_type": {
          "data": {
            "type": "node_type--node_type",
            "id": "aa153fe2-2616-4421-849c-a146decee6a3"
          },
          "links": {
            "related": {
              "href": "https://prodnvbq7vbe.main-fe.acsf.baywsf.com/jsonapi/node/question/b6108a8f-a2c9-4b85-961f-64f33743e2f2/node_type?resourceVersion=id%3A37691"
            },
            "self": {
              "href": "https://prodnvbq7vbe.main-fe.acsf.baywsf.com/jsonapi/node/question/b6108a8f-a2c9-4b85-961f-64f33743e2f2/relationships/node_type?resourceVersion=id%3A37691"
            }
          }
        },
        "revision_uid": {
          "data": {
            "type": "user--user",
            "id": "c48aba71-438d-44c8-a315-2803a8380004"
          },
          "links": {
            "related": {
              "href": "https://prodnvbq7vbe.main-fe.acsf.baywsf.com/jsonapi/node/question/b6108a8f-a2c9-4b85-961f-64f33743e2f2/revision_uid?resourceVersion=id%3A37691"
            },
            "self": {
              "href": "https://prodnvbq7vbe.main-fe.acsf.baywsf.com/jsonapi/node/question/b6108a8f-a2c9-4b85-961f-64f33743e2f2/relationships/revision_uid?resourceVersion=id%3A37691"
            }
          }
        },
        "uid": {
          "data": {
            "type": "user--user",
            "id": "c48aba71-438d-44c8-a315-2803a8380004"
          },
          "links": {
            "related": {
              "href": "https://prodnvbq7vbe.main-fe.acsf.baywsf.com/jsonapi/node/question/b6108a8f-a2c9-4b85-961f-64f33743e2f2/uid?resourceVersion=id%3A37691"
            },
            "self": {
              "href": "https://prodnvbq7vbe.main-fe.acsf.baywsf.com/jsonapi/node/question/b6108a8f-a2c9-4b85-961f-64f33743e2f2/relationships/uid?resourceVersion=id%3A37691"
            }
          }
        },
        "field_schema_json_ld_file": {
          "data": null,
          "links": {
            "related": {
              "href": "https://prodnvbq7vbe.main-fe.acsf.baywsf.com/jsonapi/node/question/b6108a8f-a2c9-4b85-961f-64f33743e2f2/field_schema_json_ld_file?resourceVersion=id%3A37691"
            },
            "self": {
              "href": "https://prodnvbq7vbe.main-fe.acsf.baywsf.com/jsonapi/node/question/b6108a8f-a2c9-4b85-961f-64f33743e2f2/relationships/field_schema_json_ld_file?resourceVersion=id%3A37691"
            }
          }
        },
        "field_actions": {
          "data": [],
          "links": {
            "related": {
              "href": "https://prodnvbq7vbe.main-fe.acsf.baywsf.com/jsonapi/node/question/b6108a8f-a2c9-4b85-961f-64f33743e2f2/field_actions?resourceVersion=id%3A37691"
            },
            "self": {
              "href": "https://prodnvbq7vbe.main-fe.acsf.baywsf.com/jsonapi/node/question/b6108a8f-a2c9-4b85-961f-64f33743e2f2/relationships/field_actions?resourceVersion=id%3A37691"
            }
          }
        },
        "field_answer": {
          "data": [
            {
              "type": "node--answer",
              "id": "a8c91985-ff57-40a3-8afc-4e88ee004de4"
            },
            {
              "type": "node--answer",
              "id": "bfa08ef8-04b1-4f11-a9ae-547f92176dd4"
            }
          ],
          "links": {
            "related": {
              "href": "https://prodnvbq7vbe.main-fe.acsf.baywsf.com/jsonapi/node/question/b6108a8f-a2c9-4b85-961f-64f33743e2f2/field_answer?resourceVersion=id%3A37691"
            },
            "self": {
              "href": "https://prodnvbq7vbe.main-fe.acsf.baywsf.com/jsonapi/node/question/b6108a8f-a2c9-4b85-961f-64f33743e2f2/relationships/field_answer?resourceVersion=id%3A37691"
            }
          }
        },
        "field_correct": {
          "data": [],
          "links": {
            "related": {
              "href": "https://prodnvbq7vbe.main-fe.acsf.baywsf.com/jsonapi/node/question/b6108a8f-a2c9-4b85-961f-64f33743e2f2/field_correct?resourceVersion=id%3A37691"
            },
            "self": {
              "href": "https://prodnvbq7vbe.main-fe.acsf.baywsf.com/jsonapi/node/question/b6108a8f-a2c9-4b85-961f-64f33743e2f2/relationships/field_correct?resourceVersion=id%3A37691"
            }
          }
        },
        "field_question_group": {
          "data": [],
          "links": {
            "related": {
              "href": "https://prodnvbq7vbe.main-fe.acsf.baywsf.com/jsonapi/node/question/b6108a8f-a2c9-4b85-961f-64f33743e2f2/field_question_group?resourceVersion=id%3A37691"
            },
            "self": {
              "href": "https://prodnvbq7vbe.main-fe.acsf.baywsf.com/jsonapi/node/question/b6108a8f-a2c9-4b85-961f-64f33743e2f2/relationships/field_question_group?resourceVersion=id%3A37691"
            }
          }
        }
      }
    }
  ],
  "links": {
    "self": {
      "href": "https://prodnvbq7vbe.main-fe.acsf.baywsf.com/jsonapi/node/quiz/dddc13c9-0d51-4599-80f5-f101de60c1c9?include=field_quiz_question"
    }
  }
}
