{
  "jsonapi": {
    "version": "1.0",
    "meta": {
      "links": { "self": { "href": "http://jsonapi.org/format/1.0/" } }
    }
  },
  "data": {
    "type": "node--quiz",
    "id": "031a38fd-b1f5-4a7e-bac7-7d4e66975028",
    "links": {
      "self": {
        "href": "https://prod30y1a5s6.main.acsf.baywsf.com/jsonapi/node/quiz/031a38fd-b1f5-4a7e-bac7-7d4e66975028?resourceVersion=id%3A45421"
      }
    },
    "attributes": {
      "drupal_internal__nid": 1961,
      "drupal_internal__vid": 45421,
      "langcode": "en",
      "revision_timestamp": "2021-10-28T07:02:59+00:00",
      "revision_log": null,
      "status": true,
      "title": "Welcome to your personal Canesten\u00ae Symptom \u0026 Solution Advisor",
      "created": "2021-10-28T06:23:21+00:00",
      "changed": "2021-10-28T07:02:59+00:00",
      "promote": false,
      "sticky": false,
      "default_langcode": true,
      "revision_translation_affected": true,
      "moderation_state": "published",
      "metatag": null,
      "path": { "alias": null, "pid": null, "langcode": "en" },
      "private": false,
      "field_metatags": null,
      "content_translation_source": "und",
      "content_translation_outdated": false,
      "published_at": "2021-10-28T07:02:59+00:00",
      "field_disclaimer": {
        "value": "\u003Cp\u003EExperiencing itching, discomfort and soreness? Wondering what it might be, or just want some information and treatment options?\u003C/p\u003E\r\n\r\n\u003Cp\u003EThe Canesten symptom \u0026amp; solution advisor will help you better understand your symptoms to help guide you on a solution, to help get you back to you.\u003C/p\u003E\r\n\r\n\u003Cp\u003EIf you are under 18 or over 60, it is recommended you speak to your healthcare professional before continuing.\u003C/p\u003E\r\n",
        "format": "cohesion_without_glossify",
        "processed": "\u003Cp\u003EExperiencing itching, discomfort and soreness? Wondering what it might be, or just want some information and treatment options?\u003C/p\u003E\n\n\u003Cp\u003EThe Canesten symptom \u0026amp; solution advisor will help you better understand your symptoms to help guide you on a solution, to help get you back to you.\u003C/p\u003E\n\n\u003Cp\u003EIf you are under 18 or over 60, it is recommended you speak to your healthcare professional before continuing.\u003C/p\u003E\n"
      },
      "field_instruction": {
        "value": "\u003Cp\u003EAsk your pharmacist - they must decide if this product is right for you. For medical advice or diagnosis see your doctor.\u003C/p\u003E\r\n",
        "format": "cohesion_without_glossify",
        "processed": "\u003Cp\u003EAsk your pharmacist - they must decide if this product is right for you. For medical advice or diagnosis see your doctor.\u003C/p\u003E\n"
      },
      "field_quiz_type": "linear",
      "field_references": {
        "value": "\u003Cp\u003E{\u0022action\u0022:\u0022LET\u0027S GET STARTED\u0022}\u003C/p\u003E\r\n",
        "format": "cohesion_without_glossify",
        "processed": "\u003Cp\u003E{\u0022action\u0022:\u0022LET\u0027S GET STARTED\u0022}\u003C/p\u003E\n"
      }
    },
    "relationships": {
      "node_type": {
        "data": {
          "type": "node_type--node_type",
          "id": "b8ee70b9-b89a-4114-b160-93ff660932f5"
        },
        "links": {
          "related": {
            "href": "https://prod30y1a5s6.main.acsf.baywsf.com/jsonapi/node/quiz/031a38fd-b1f5-4a7e-bac7-7d4e66975028/node_type?resourceVersion=id%3A45421"
          },
          "self": {
            "href": "https://prod30y1a5s6.main.acsf.baywsf.com/jsonapi/node/quiz/031a38fd-b1f5-4a7e-bac7-7d4e66975028/relationships/node_type?resourceVersion=id%3A45421"
          }
        }
      },
      "revision_uid": {
        "data": {
          "type": "user--user",
          "id": "041f4482-fdb0-482d-b2c2-dfaeffadd4f0"
        },
        "links": {
          "related": {
            "href": "https://prod30y1a5s6.main.acsf.baywsf.com/jsonapi/node/quiz/031a38fd-b1f5-4a7e-bac7-7d4e66975028/revision_uid?resourceVersion=id%3A45421"
          },
          "self": {
            "href": "https://prod30y1a5s6.main.acsf.baywsf.com/jsonapi/node/quiz/031a38fd-b1f5-4a7e-bac7-7d4e66975028/relationships/revision_uid?resourceVersion=id%3A45421"
          }
        }
      },
      "uid": {
        "data": {
          "type": "user--user",
          "id": "041f4482-fdb0-482d-b2c2-dfaeffadd4f0"
        },
        "links": {
          "related": {
            "href": "https://prod30y1a5s6.main.acsf.baywsf.com/jsonapi/node/quiz/031a38fd-b1f5-4a7e-bac7-7d4e66975028/uid?resourceVersion=id%3A45421"
          },
          "self": {
            "href": "https://prod30y1a5s6.main.acsf.baywsf.com/jsonapi/node/quiz/031a38fd-b1f5-4a7e-bac7-7d4e66975028/relationships/uid?resourceVersion=id%3A45421"
          }
        }
      },
      "field_schema_json_ld_file": {
        "data": null,
        "links": {
          "related": {
            "href": "https://prod30y1a5s6.main.acsf.baywsf.com/jsonapi/node/quiz/031a38fd-b1f5-4a7e-bac7-7d4e66975028/field_schema_json_ld_file?resourceVersion=id%3A45421"
          },
          "self": {
            "href": "https://prod30y1a5s6.main.acsf.baywsf.com/jsonapi/node/quiz/031a38fd-b1f5-4a7e-bac7-7d4e66975028/relationships/field_schema_json_ld_file?resourceVersion=id%3A45421"
          }
        }
      },
      "field_actions": {
        "data": [],
        "links": {
          "related": {
            "href": "https://prod30y1a5s6.main.acsf.baywsf.com/jsonapi/node/quiz/031a38fd-b1f5-4a7e-bac7-7d4e66975028/field_actions?resourceVersion=id%3A45421"
          },
          "self": {
            "href": "https://prod30y1a5s6.main.acsf.baywsf.com/jsonapi/node/quiz/031a38fd-b1f5-4a7e-bac7-7d4e66975028/relationships/field_actions?resourceVersion=id%3A45421"
          }
        }
      },
      "field_quiz_question": {
        "data": [
          {
            "type": "node--question",
            "id": "87bef5e8-1159-46c7-a621-89f4f2e86334"
          },
          {
            "type": "node--question",
            "id": "47d2a9e8-edb4-493f-b95c-181155c460d3"
          },
          {
            "type": "node--question",
            "id": "cb9a8274-3179-4f9e-b0b9-1cd1f0cddb93"
          },
          {
            "type": "node--question",
            "id": "e19220e5-564f-44eb-9140-ca2ecaf4471b"
          },
          {
            "type": "node--question",
            "id": "99bbc20d-6aa5-494b-9aba-7f6f02fd54e9"
          }
        ],
        "links": {
          "related": {
            "href": "https://prod30y1a5s6.main.acsf.baywsf.com/jsonapi/node/quiz/031a38fd-b1f5-4a7e-bac7-7d4e66975028/field_quiz_question?resourceVersion=id%3A45421"
          },
          "self": {
            "href": "https://prod30y1a5s6.main.acsf.baywsf.com/jsonapi/node/quiz/031a38fd-b1f5-4a7e-bac7-7d4e66975028/relationships/field_quiz_question?resourceVersion=id%3A45421"
          }
        }
      },
      "field_result": {
        "data": null,
        "links": {
          "related": {
            "href": "https://prod30y1a5s6.main.acsf.baywsf.com/jsonapi/node/quiz/031a38fd-b1f5-4a7e-bac7-7d4e66975028/field_result?resourceVersion=id%3A45421"
          },
          "self": {
            "href": "https://prod30y1a5s6.main.acsf.baywsf.com/jsonapi/node/quiz/031a38fd-b1f5-4a7e-bac7-7d4e66975028/relationships/field_result?resourceVersion=id%3A45421"
          }
        }
      }
    }
  },
  "links": {
    "self": {
      "href": "https://prod30y1a5s6.main.acsf.baywsf.com/jsonapi/node/quiz/031a38fd-b1f5-4a7e-bac7-7d4e66975028"
    }
  }
}
