{
  "jsonapi": {
    "version": "1.0",
    "meta": {
      "links": { "self": { "href": "http://jsonapi.org/format/1.0/" } }
    }
  },
  "data": [
    {
      "type": "node--quiz",
      "id": "2141e378-435e-4e22-a55d-4b687f0d7b1d",
      "links": {
        "self": {
          "href": "https://prod30y1a5s6.main.acsf.baywsf.com/jsonapi/node/quiz/2141e378-435e-4e22-a55d-4b687f0d7b1d?resourceVersion=id%3A44021"
        }
      },
      "attributes": {
        "drupal_internal__nid": 861,
        "drupal_internal__vid": 44021,
        "langcode": "en",
        "revision_timestamp": "2021-06-09T15:45:28+00:00",
        "revision_log": null,
        "status": true,
        "title": "Thrush",
        "created": "2020-08-20T14:14:20+00:00",
        "changed": "2021-06-09T15:45:28+00:00",
        "promote": false,
        "sticky": false,
        "default_langcode": true,
        "revision_translation_affected": true,
        "moderation_state": "published",
        "metatag": null,
        "path": { "alias": null, "pid": null, "langcode": "en" },
        "private": false,
        "field_metatags": null,
        "content_translation_source": "und",
        "content_translation_outdated": false,
        "published_at": "2020-08-20T14:18:55+00:00",
        "field_disclaimer": {
          "value": "\u003Cp\u003EThrush is quiet common, but how much do you know about it? Take our quiz and find out what\u0027s fact and what\u0027s myth.\u003C/p\u003E\r\n",
          "format": "cohesion_without_glossify",
          "processed": "\u003Cp\u003EThrush is quiet common, but how much do you know about it? Take our quiz and find out what\u0027s fact and what\u0027s myth.\u003C/p\u003E\n"
        },
        "field_instruction": {
          "value": "\u003Cp\u003ETake our thrush trivia quiz and check your knowledge.\u003C/p\u003E\r\n",
          "format": "cohesion_without_glossify",
          "processed": "\u003Cp\u003ETake our thrush trivia quiz and check your knowledge.\u003C/p\u003E\n"
        },
        "field_quiz_type": "linear",
        "field_references": {
          "value": "\u003Cp\u003E{\u0022startButton\u0022:\u0022Start the quiz\u0022,\u0022questionCountText\u0022:\u0022Question\u0022,\u0022correctTranslation\u0022:\u0022CORRECT\u0022,\u0022incorrectTranslation\u0022:\u0022INCORRECT\u0022,\u0022resultScore1\u0022:\u0022You answered\u0022,\u0022resultScore2\u0022:\u0022out of\u0022,\u0022resultScore3\u0022:\u0022questions correctly!\u0022,\u0022shareText\u0022:\u0022Share your score\u0022,\u0022resultCardText1\u0022:\u0022Your answer\u0022,\u0022resultCardText2\u0022:\u0022Correct answer\u0022}\u003C/p\u003E\r\n",
          "format": "cohesion_without_glossify",
          "processed": "\u003Cp\u003E{\u0022startButton\u0022:\u0022Start the quiz\u0022,\u0022questionCountText\u0022:\u0022Question\u0022,\u0022correctTranslation\u0022:\u0022CORRECT\u0022,\u0022incorrectTranslation\u0022:\u0022INCORRECT\u0022,\u0022resultScore1\u0022:\u0022You answered\u0022,\u0022resultScore2\u0022:\u0022out of\u0022,\u0022resultScore3\u0022:\u0022questions correctly!\u0022,\u0022shareText\u0022:\u0022Share your score\u0022,\u0022resultCardText1\u0022:\u0022Your answer\u0022,\u0022resultCardText2\u0022:\u0022Correct answer\u0022}\u003C/p\u003E\n"
        }
      },
      "relationships": {
        "node_type": {
          "data": {
            "type": "node_type--node_type",
            "id": "b8ee70b9-b89a-4114-b160-93ff660932f5"
          },
          "links": {
            "related": {
              "href": "https://prod30y1a5s6.main.acsf.baywsf.com/jsonapi/node/quiz/2141e378-435e-4e22-a55d-4b687f0d7b1d/node_type?resourceVersion=id%3A44021"
            },
            "self": {
              "href": "https://prod30y1a5s6.main.acsf.baywsf.com/jsonapi/node/quiz/2141e378-435e-4e22-a55d-4b687f0d7b1d/relationships/node_type?resourceVersion=id%3A44021"
            }
          }
        },
        "revision_uid": {
          "data": {
            "type": "user--user",
            "id": "041f4482-fdb0-482d-b2c2-dfaeffadd4f0"
          },
          "links": {
            "related": {
              "href": "https://prod30y1a5s6.main.acsf.baywsf.com/jsonapi/node/quiz/2141e378-435e-4e22-a55d-4b687f0d7b1d/revision_uid?resourceVersion=id%3A44021"
            },
            "self": {
              "href": "https://prod30y1a5s6.main.acsf.baywsf.com/jsonapi/node/quiz/2141e378-435e-4e22-a55d-4b687f0d7b1d/relationships/revision_uid?resourceVersion=id%3A44021"
            }
          }
        },
        "uid": {
          "data": {
            "type": "user--user",
            "id": "1e093df3-d6e4-4cbb-8941-1dee979e3331"
          },
          "links": {
            "related": {
              "href": "https://prod30y1a5s6.main.acsf.baywsf.com/jsonapi/node/quiz/2141e378-435e-4e22-a55d-4b687f0d7b1d/uid?resourceVersion=id%3A44021"
            },
            "self": {
              "href": "https://prod30y1a5s6.main.acsf.baywsf.com/jsonapi/node/quiz/2141e378-435e-4e22-a55d-4b687f0d7b1d/relationships/uid?resourceVersion=id%3A44021"
            }
          }
        },
        "field_schema_json_ld_file": {
          "data": null,
          "links": {
            "related": {
              "href": "https://prod30y1a5s6.main.acsf.baywsf.com/jsonapi/node/quiz/2141e378-435e-4e22-a55d-4b687f0d7b1d/field_schema_json_ld_file?resourceVersion=id%3A44021"
            },
            "self": {
              "href": "https://prod30y1a5s6.main.acsf.baywsf.com/jsonapi/node/quiz/2141e378-435e-4e22-a55d-4b687f0d7b1d/relationships/field_schema_json_ld_file?resourceVersion=id%3A44021"
            }
          }
        },
        "field_actions": {
          "data": [
            {
              "type": "taxonomy_term--quiz_action",
              "id": "58135e11-9f25-4a47-bcef-70a912a92b72"
            }
          ],
          "links": {
            "related": {
              "href": "https://prod30y1a5s6.main.acsf.baywsf.com/jsonapi/node/quiz/2141e378-435e-4e22-a55d-4b687f0d7b1d/field_actions?resourceVersion=id%3A44021"
            },
            "self": {
              "href": "https://prod30y1a5s6.main.acsf.baywsf.com/jsonapi/node/quiz/2141e378-435e-4e22-a55d-4b687f0d7b1d/relationships/field_actions?resourceVersion=id%3A44021"
            }
          }
        },
        "field_quiz_question": {
          "data": [
            {
              "type": "node--question",
              "id": "f24be905-b456-40e9-9613-24ddf96773f7"
            },
            {
              "type": "node--question",
              "id": "f4b5bbbf-1d4e-40e2-bb28-de646e6cb8bc"
            },
            {
              "type": "node--question",
              "id": "66f3ff52-43d4-4a76-a917-0ca46b993dac"
            },
            {
              "type": "node--question",
              "id": "43f2a506-1223-48b3-8abb-cbb0afed88f5"
            },
            {
              "type": "node--question",
              "id": "07f7cee7-1a43-4db4-ad26-5ac4369edc06"
            }
          ],
          "links": {
            "related": {
              "href": "https://prod30y1a5s6.main.acsf.baywsf.com/jsonapi/node/quiz/2141e378-435e-4e22-a55d-4b687f0d7b1d/field_quiz_question?resourceVersion=id%3A44021"
            },
            "self": {
              "href": "https://prod30y1a5s6.main.acsf.baywsf.com/jsonapi/node/quiz/2141e378-435e-4e22-a55d-4b687f0d7b1d/relationships/field_quiz_question?resourceVersion=id%3A44021"
            }
          }
        },
        "field_result": {
          "data": null,
          "links": {
            "related": {
              "href": "https://prod30y1a5s6.main.acsf.baywsf.com/jsonapi/node/quiz/2141e378-435e-4e22-a55d-4b687f0d7b1d/field_result?resourceVersion=id%3A44021"
            },
            "self": {
              "href": "https://prod30y1a5s6.main.acsf.baywsf.com/jsonapi/node/quiz/2141e378-435e-4e22-a55d-4b687f0d7b1d/relationships/field_result?resourceVersion=id%3A44021"
            }
          }
        }
      }
    },
    {
      "type": "node--quiz",
      "id": "031a38fd-b1f5-4a7e-bac7-7d4e66975028",
      "links": {
        "self": {
          "href": "https://prod30y1a5s6.main.acsf.baywsf.com/jsonapi/node/quiz/031a38fd-b1f5-4a7e-bac7-7d4e66975028?resourceVersion=id%3A45421"
        }
      },
      "attributes": {
        "drupal_internal__nid": 1961,
        "drupal_internal__vid": 45421,
        "langcode": "en",
        "revision_timestamp": "2021-10-28T07:02:59+00:00",
        "revision_log": null,
        "status": true,
        "title": "Welcome to your personal Canesten\u00ae Symptom \u0026 Solution Advisor",
        "created": "2021-10-28T06:23:21+00:00",
        "changed": "2021-10-28T07:02:59+00:00",
        "promote": false,
        "sticky": false,
        "default_langcode": true,
        "revision_translation_affected": true,
        "moderation_state": "published",
        "metatag": null,
        "path": { "alias": null, "pid": null, "langcode": "en" },
        "private": false,
        "field_metatags": null,
        "content_translation_source": "und",
        "content_translation_outdated": false,
        "published_at": "2021-10-28T07:02:59+00:00",
        "field_disclaimer": {
          "value": "\u003Cp\u003EExperiencing itching, discomfort and soreness? Wondering what it might be, or just want some information and treatment options?\u003C/p\u003E\r\n\r\n\u003Cp\u003EThe Canesten symptom \u0026amp; solution advisor will help you better understand your symptoms to help guide you on a solution, to help get you back to you.\u003C/p\u003E\r\n\r\n\u003Cp\u003EIf you are under 18 or over 60, it is recommended you speak to your healthcare professional before continuing.\u003C/p\u003E\r\n",
          "format": "cohesion_without_glossify",
          "processed": "\u003Cp\u003EExperiencing itching, discomfort and soreness? Wondering what it might be, or just want some information and treatment options?\u003C/p\u003E\n\n\u003Cp\u003EThe Canesten symptom \u0026amp; solution advisor will help you better understand your symptoms to help guide you on a solution, to help get you back to you.\u003C/p\u003E\n\n\u003Cp\u003EIf you are under 18 or over 60, it is recommended you speak to your healthcare professional before continuing.\u003C/p\u003E\n"
        },
        "field_instruction": {
          "value": "\u003Cp\u003EAsk your pharmacist - they must decide if this product is right for you. For medical advice or diagnosis see your doctor.\u003C/p\u003E\r\n",
          "format": "cohesion_without_glossify",
          "processed": "\u003Cp\u003EAsk your pharmacist - they must decide if this product is right for you. For medical advice or diagnosis see your doctor.\u003C/p\u003E\n"
        },
        "field_quiz_type": "linear",
        "field_references": {
          "value": "\u003Cp\u003E{\u0022action\u0022:\u0022LET\u0027S GET STARTED\u0022}\u003C/p\u003E\r\n",
          "format": "cohesion_without_glossify",
          "processed": "\u003Cp\u003E{\u0022action\u0022:\u0022LET\u0027S GET STARTED\u0022}\u003C/p\u003E\n"
        }
      },
      "relationships": {
        "node_type": {
          "data": {
            "type": "node_type--node_type",
            "id": "b8ee70b9-b89a-4114-b160-93ff660932f5"
          },
          "links": {
            "related": {
              "href": "https://prod30y1a5s6.main.acsf.baywsf.com/jsonapi/node/quiz/031a38fd-b1f5-4a7e-bac7-7d4e66975028/node_type?resourceVersion=id%3A45421"
            },
            "self": {
              "href": "https://prod30y1a5s6.main.acsf.baywsf.com/jsonapi/node/quiz/031a38fd-b1f5-4a7e-bac7-7d4e66975028/relationships/node_type?resourceVersion=id%3A45421"
            }
          }
        },
        "revision_uid": {
          "data": {
            "type": "user--user",
            "id": "041f4482-fdb0-482d-b2c2-dfaeffadd4f0"
          },
          "links": {
            "related": {
              "href": "https://prod30y1a5s6.main.acsf.baywsf.com/jsonapi/node/quiz/031a38fd-b1f5-4a7e-bac7-7d4e66975028/revision_uid?resourceVersion=id%3A45421"
            },
            "self": {
              "href": "https://prod30y1a5s6.main.acsf.baywsf.com/jsonapi/node/quiz/031a38fd-b1f5-4a7e-bac7-7d4e66975028/relationships/revision_uid?resourceVersion=id%3A45421"
            }
          }
        },
        "uid": {
          "data": {
            "type": "user--user",
            "id": "041f4482-fdb0-482d-b2c2-dfaeffadd4f0"
          },
          "links": {
            "related": {
              "href": "https://prod30y1a5s6.main.acsf.baywsf.com/jsonapi/node/quiz/031a38fd-b1f5-4a7e-bac7-7d4e66975028/uid?resourceVersion=id%3A45421"
            },
            "self": {
              "href": "https://prod30y1a5s6.main.acsf.baywsf.com/jsonapi/node/quiz/031a38fd-b1f5-4a7e-bac7-7d4e66975028/relationships/uid?resourceVersion=id%3A45421"
            }
          }
        },
        "field_schema_json_ld_file": {
          "data": null,
          "links": {
            "related": {
              "href": "https://prod30y1a5s6.main.acsf.baywsf.com/jsonapi/node/quiz/031a38fd-b1f5-4a7e-bac7-7d4e66975028/field_schema_json_ld_file?resourceVersion=id%3A45421"
            },
            "self": {
              "href": "https://prod30y1a5s6.main.acsf.baywsf.com/jsonapi/node/quiz/031a38fd-b1f5-4a7e-bac7-7d4e66975028/relationships/field_schema_json_ld_file?resourceVersion=id%3A45421"
            }
          }
        },
        "field_actions": {
          "data": [],
          "links": {
            "related": {
              "href": "https://prod30y1a5s6.main.acsf.baywsf.com/jsonapi/node/quiz/031a38fd-b1f5-4a7e-bac7-7d4e66975028/field_actions?resourceVersion=id%3A45421"
            },
            "self": {
              "href": "https://prod30y1a5s6.main.acsf.baywsf.com/jsonapi/node/quiz/031a38fd-b1f5-4a7e-bac7-7d4e66975028/relationships/field_actions?resourceVersion=id%3A45421"
            }
          }
        },
        "field_quiz_question": {
          "data": [
            {
              "type": "node--question",
              "id": "87bef5e8-1159-46c7-a621-89f4f2e86334"
            },
            {
              "type": "node--question",
              "id": "47d2a9e8-edb4-493f-b95c-181155c460d3"
            },
            {
              "type": "node--question",
              "id": "cb9a8274-3179-4f9e-b0b9-1cd1f0cddb93"
            },
            {
              "type": "node--question",
              "id": "e19220e5-564f-44eb-9140-ca2ecaf4471b"
            },
            {
              "type": "node--question",
              "id": "99bbc20d-6aa5-494b-9aba-7f6f02fd54e9"
            }
          ],
          "links": {
            "related": {
              "href": "https://prod30y1a5s6.main.acsf.baywsf.com/jsonapi/node/quiz/031a38fd-b1f5-4a7e-bac7-7d4e66975028/field_quiz_question?resourceVersion=id%3A45421"
            },
            "self": {
              "href": "https://prod30y1a5s6.main.acsf.baywsf.com/jsonapi/node/quiz/031a38fd-b1f5-4a7e-bac7-7d4e66975028/relationships/field_quiz_question?resourceVersion=id%3A45421"
            }
          }
        },
        "field_result": {
          "data": null,
          "links": {
            "related": {
              "href": "https://prod30y1a5s6.main.acsf.baywsf.com/jsonapi/node/quiz/031a38fd-b1f5-4a7e-bac7-7d4e66975028/field_result?resourceVersion=id%3A45421"
            },
            "self": {
              "href": "https://prod30y1a5s6.main.acsf.baywsf.com/jsonapi/node/quiz/031a38fd-b1f5-4a7e-bac7-7d4e66975028/relationships/field_result?resourceVersion=id%3A45421"
            }
          }
        }
      }
    }
  ],
  "links": {
    "self": {
      "href": "https://prod30y1a5s6.main.acsf.baywsf.com/jsonapi/node/quiz"
    }
  }
}
