{
  "jsonapi": {
    "version": "1.0",
    "meta": {
      "links": { "self": { "href": "http://jsonapi.org/format/1.0/" } }
    }
  },
  "data": {
    "type": "node--quiz",
    "id": "047638a4-8103-4e91-b613-a09cd3858a1d",
    "links": {
      "self": {
        "href": "https://prodkfk4xebh.main-fe.acsf.baywsf.com/jsonapi/node/quiz/047638a4-8103-4e91-b613-a09cd3858a1d?resourceVersion=id%3A18281"
      }
    },
    "attributes": {
      "drupal_internal__nid": 491,
      "drupal_internal__vid": 18281,
      "langcode": "fi",
      "revision_timestamp": "2023-04-27T11:23:38+00:00",
      "revision_log": null,
      "status": true,
      "title": "TEE KUUKAUTISTESTI",
      "created": "2023-04-27T11:22:53+00:00",
      "changed": "2023-04-27T11:23:38+00:00",
      "promote": false,
      "sticky": false,
      "default_langcode": false,
      "revision_translation_affected": true,
      "moderation_state": "published",
      "metatag": null,
      "path": { "alias": null, "pid": null, "langcode": "fi" },
      "private": false,
      "field_metatags": null,
      "last_updated_date": "2020-07-09",
      "field_subheading": null,
      "content_translation_source": "en",
      "content_translation_outdated": false,
      "field_disclaimer": null,
      "field_instruction": {
        "value": "\u003Cp\u003EKoetko, ett\u00e4 kuukautiset rajoittavat el\u00e4m\u00e4\u00e4si? Saatat olla yksi monista naisista, jotka k\u00e4rsiv\u00e4t runsaista kuukautisista. Tee t\u00e4m\u00e4 lyhyt testi selvitt\u00e4\u00e4ksesi ovatko kuukautisesi tavallista runsaammat.\u003C/p\u003E\r\n",
        "format": "cohesion_without_glossify",
        "processed": "\u003Cp\u003EKoetko, ett\u00e4 kuukautiset rajoittavat el\u00e4m\u00e4\u00e4si? Saatat olla yksi monista naisista, jotka k\u00e4rsiv\u00e4t runsaista kuukautisista. Tee t\u00e4m\u00e4 lyhyt testi selvitt\u00e4\u00e4ksesi ovatko kuukautisesi tavallista runsaammat.\u003C/p\u003E\n"
      },
      "field_quiz_type": "linear",
      "field_references": null
    },
    "relationships": {
      "node_type": {
        "data": {
          "type": "node_type--node_type",
          "id": "6918f17b-e6a9-4a24-9931-16309095d918",
          "meta": { "drupal_internal__target_id": "quiz" }
        },
        "links": {
          "related": {
            "href": "https://prodkfk4xebh.main-fe.acsf.baywsf.com/jsonapi/node/quiz/047638a4-8103-4e91-b613-a09cd3858a1d/node_type?resourceVersion=id%3A18281"
          },
          "self": {
            "href": "https://prodkfk4xebh.main-fe.acsf.baywsf.com/jsonapi/node/quiz/047638a4-8103-4e91-b613-a09cd3858a1d/relationships/node_type?resourceVersion=id%3A18281"
          }
        }
      },
      "revision_uid": {
        "data": {
          "type": "user--user",
          "id": "bf7f35fc-e8b6-40f6-985b-e6c269775300",
          "meta": { "drupal_internal__target_id": 11071 }
        },
        "links": {
          "related": {
            "href": "https://prodkfk4xebh.main-fe.acsf.baywsf.com/jsonapi/node/quiz/047638a4-8103-4e91-b613-a09cd3858a1d/revision_uid?resourceVersion=id%3A18281"
          },
          "self": {
            "href": "https://prodkfk4xebh.main-fe.acsf.baywsf.com/jsonapi/node/quiz/047638a4-8103-4e91-b613-a09cd3858a1d/relationships/revision_uid?resourceVersion=id%3A18281"
          }
        }
      },
      "uid": {
        "data": {
          "type": "user--user",
          "id": "bf7f35fc-e8b6-40f6-985b-e6c269775300",
          "meta": { "drupal_internal__target_id": 11071 }
        },
        "links": {
          "related": {
            "href": "https://prodkfk4xebh.main-fe.acsf.baywsf.com/jsonapi/node/quiz/047638a4-8103-4e91-b613-a09cd3858a1d/uid?resourceVersion=id%3A18281"
          },
          "self": {
            "href": "https://prodkfk4xebh.main-fe.acsf.baywsf.com/jsonapi/node/quiz/047638a4-8103-4e91-b613-a09cd3858a1d/relationships/uid?resourceVersion=id%3A18281"
          }
        }
      },
      "field_related_indication": {
        "data": [],
        "links": {
          "related": {
            "href": "https://prodkfk4xebh.main-fe.acsf.baywsf.com/jsonapi/node/quiz/047638a4-8103-4e91-b613-a09cd3858a1d/field_related_indication?resourceVersion=id%3A18281"
          },
          "self": {
            "href": "https://prodkfk4xebh.main-fe.acsf.baywsf.com/jsonapi/node/quiz/047638a4-8103-4e91-b613-a09cd3858a1d/relationships/field_related_indication?resourceVersion=id%3A18281"
          }
        }
      },
      "audience_tag": {
        "data": {
          "type": "taxonomy_term--audience",
          "id": "b7b175de-17ed-49f3-a8de-204b01b37fe3",
          "meta": { "drupal_internal__target_id": 1 }
        },
        "links": {
          "related": {
            "href": "https://prodkfk4xebh.main-fe.acsf.baywsf.com/jsonapi/node/quiz/047638a4-8103-4e91-b613-a09cd3858a1d/audience_tag?resourceVersion=id%3A18281"
          },
          "self": {
            "href": "https://prodkfk4xebh.main-fe.acsf.baywsf.com/jsonapi/node/quiz/047638a4-8103-4e91-b613-a09cd3858a1d/relationships/audience_tag?resourceVersion=id%3A18281"
          }
        }
      },
      "related_webform": {
        "data": null,
        "links": {
          "related": {
            "href": "https://prodkfk4xebh.main-fe.acsf.baywsf.com/jsonapi/node/quiz/047638a4-8103-4e91-b613-a09cd3858a1d/related_webform?resourceVersion=id%3A18281"
          },
          "self": {
            "href": "https://prodkfk4xebh.main-fe.acsf.baywsf.com/jsonapi/node/quiz/047638a4-8103-4e91-b613-a09cd3858a1d/relationships/related_webform?resourceVersion=id%3A18281"
          }
        }
      },
      "field_actions": {
        "data": [
          {
            "type": "taxonomy_term--quiz_action",
            "id": "63b39bc2-cb6e-48bd-8c6f-dc833aab44c1",
            "meta": { "drupal_internal__target_id": 271 }
          }
        ],
        "links": {
          "related": {
            "href": "https://prodkfk4xebh.main-fe.acsf.baywsf.com/jsonapi/node/quiz/047638a4-8103-4e91-b613-a09cd3858a1d/field_actions?resourceVersion=id%3A18281"
          },
          "self": {
            "href": "https://prodkfk4xebh.main-fe.acsf.baywsf.com/jsonapi/node/quiz/047638a4-8103-4e91-b613-a09cd3858a1d/relationships/field_actions?resourceVersion=id%3A18281"
          }
        }
      },
      "field_quiz_question": {
        "data": [
          {
            "type": "node--question",
            "id": "a9b60ee1-f312-4f8e-856d-0d936959186a",
            "meta": { "drupal_internal__target_id": 486 }
          },
          {
            "type": "node--question",
            "id": "d69d9e29-c8ec-4010-8aa1-471231748416",
            "meta": { "drupal_internal__target_id": 496 }
          },
          {
            "type": "node--question",
            "id": "927f9a9b-6144-41ee-9a8a-35a3f0e6a7aa",
            "meta": { "drupal_internal__target_id": 501 }
          },
          {
            "type": "node--question",
            "id": "45dd71c6-276e-4740-b821-29d8488a3e87",
            "meta": { "drupal_internal__target_id": 506 }
          },
          {
            "type": "node--question",
            "id": "38a8b8b4-19ec-42c4-a71a-52dbce911f5b",
            "meta": { "drupal_internal__target_id": 511 }
          },
          {
            "type": "node--question",
            "id": "79f5945b-1f64-4dbc-9436-7514c9f00b97",
            "meta": { "drupal_internal__target_id": 516 }
          },
          {
            "type": "node--question",
            "id": "496a2339-1514-4333-8159-07a77090ed59",
            "meta": { "drupal_internal__target_id": 521 }
          }
        ],
        "links": {
          "related": {
            "href": "https://prodkfk4xebh.main-fe.acsf.baywsf.com/jsonapi/node/quiz/047638a4-8103-4e91-b613-a09cd3858a1d/field_quiz_question?resourceVersion=id%3A18281"
          },
          "self": {
            "href": "https://prodkfk4xebh.main-fe.acsf.baywsf.com/jsonapi/node/quiz/047638a4-8103-4e91-b613-a09cd3858a1d/relationships/field_quiz_question?resourceVersion=id%3A18281"
          }
        }
      },
      "field_result": {
        "data": null,
        "links": {
          "related": {
            "href": "https://prodkfk4xebh.main-fe.acsf.baywsf.com/jsonapi/node/quiz/047638a4-8103-4e91-b613-a09cd3858a1d/field_result?resourceVersion=id%3A18281"
          },
          "self": {
            "href": "https://prodkfk4xebh.main-fe.acsf.baywsf.com/jsonapi/node/quiz/047638a4-8103-4e91-b613-a09cd3858a1d/relationships/field_result?resourceVersion=id%3A18281"
          }
        }
      }
    }
  },
  "included": [
    {
      "type": "node--question",
      "id": "a9b60ee1-f312-4f8e-856d-0d936959186a",
      "links": {
        "self": {
          "href": "https://prodkfk4xebh.main-fe.acsf.baywsf.com/jsonapi/node/question/a9b60ee1-f312-4f8e-856d-0d936959186a?resourceVersion=id%3A18401"
        }
      },
      "attributes": {
        "drupal_internal__nid": 486,
        "drupal_internal__vid": 18401,
        "langcode": "fi",
        "revision_timestamp": "2023-04-27T12:23:42+00:00",
        "revision_log": null,
        "status": true,
        "title": "Kest\u00e4v\u00e4tk\u00f6 kuukautisesi pitk\u00e4\u00e4n tai tulevatko ne tihe\u00e4sti tai ep\u00e4s\u00e4\u00e4nn\u00f6llisesti?  ",
        "created": "2023-04-27T11:24:30+00:00",
        "changed": "2023-04-27T11:24:30+00:00",
        "promote": false,
        "sticky": false,
        "default_langcode": false,
        "revision_translation_affected": null,
        "moderation_state": null,
        "metatag": null,
        "path": { "alias": null, "pid": null, "langcode": "fi" },
        "private": false,
        "field_metatags": null,
        "last_updated_date": "2020-07-09",
        "field_subheading": null,
        "content_translation_source": "en",
        "content_translation_outdated": false,
        "field_error": null,
        "field_explanation": null,
        "field_instruction": null,
        "field_references": null
      },
      "relationships": {
        "node_type": {
          "data": {
            "type": "node_type--node_type",
            "id": "c1c3cb29-16e3-4e33-9c1c-b0224aec1721",
            "meta": { "drupal_internal__target_id": "question" }
          },
          "links": {
            "related": {
              "href": "https://prodkfk4xebh.main-fe.acsf.baywsf.com/jsonapi/node/question/a9b60ee1-f312-4f8e-856d-0d936959186a/node_type?resourceVersion=id%3A18401"
            },
            "self": {
              "href": "https://prodkfk4xebh.main-fe.acsf.baywsf.com/jsonapi/node/question/a9b60ee1-f312-4f8e-856d-0d936959186a/relationships/node_type?resourceVersion=id%3A18401"
            }
          }
        },
        "revision_uid": {
          "data": {
            "type": "user--user",
            "id": "bf7f35fc-e8b6-40f6-985b-e6c269775300",
            "meta": { "drupal_internal__target_id": 11071 }
          },
          "links": {
            "related": {
              "href": "https://prodkfk4xebh.main-fe.acsf.baywsf.com/jsonapi/node/question/a9b60ee1-f312-4f8e-856d-0d936959186a/revision_uid?resourceVersion=id%3A18401"
            },
            "self": {
              "href": "https://prodkfk4xebh.main-fe.acsf.baywsf.com/jsonapi/node/question/a9b60ee1-f312-4f8e-856d-0d936959186a/relationships/revision_uid?resourceVersion=id%3A18401"
            }
          }
        },
        "uid": {
          "data": {
            "type": "user--user",
            "id": "bf7f35fc-e8b6-40f6-985b-e6c269775300",
            "meta": { "drupal_internal__target_id": 11071 }
          },
          "links": {
            "related": {
              "href": "https://prodkfk4xebh.main-fe.acsf.baywsf.com/jsonapi/node/question/a9b60ee1-f312-4f8e-856d-0d936959186a/uid?resourceVersion=id%3A18401"
            },
            "self": {
              "href": "https://prodkfk4xebh.main-fe.acsf.baywsf.com/jsonapi/node/question/a9b60ee1-f312-4f8e-856d-0d936959186a/relationships/uid?resourceVersion=id%3A18401"
            }
          }
        },
        "field_related_indication": {
          "data": [],
          "links": {
            "related": {
              "href": "https://prodkfk4xebh.main-fe.acsf.baywsf.com/jsonapi/node/question/a9b60ee1-f312-4f8e-856d-0d936959186a/field_related_indication?resourceVersion=id%3A18401"
            },
            "self": {
              "href": "https://prodkfk4xebh.main-fe.acsf.baywsf.com/jsonapi/node/question/a9b60ee1-f312-4f8e-856d-0d936959186a/relationships/field_related_indication?resourceVersion=id%3A18401"
            }
          }
        },
        "audience_tag": {
          "data": {
            "type": "taxonomy_term--audience",
            "id": "b7b175de-17ed-49f3-a8de-204b01b37fe3",
            "meta": { "drupal_internal__target_id": 1 }
          },
          "links": {
            "related": {
              "href": "https://prodkfk4xebh.main-fe.acsf.baywsf.com/jsonapi/node/question/a9b60ee1-f312-4f8e-856d-0d936959186a/audience_tag?resourceVersion=id%3A18401"
            },
            "self": {
              "href": "https://prodkfk4xebh.main-fe.acsf.baywsf.com/jsonapi/node/question/a9b60ee1-f312-4f8e-856d-0d936959186a/relationships/audience_tag?resourceVersion=id%3A18401"
            }
          }
        },
        "related_webform": {
          "data": null,
          "links": {
            "related": {
              "href": "https://prodkfk4xebh.main-fe.acsf.baywsf.com/jsonapi/node/question/a9b60ee1-f312-4f8e-856d-0d936959186a/related_webform?resourceVersion=id%3A18401"
            },
            "self": {
              "href": "https://prodkfk4xebh.main-fe.acsf.baywsf.com/jsonapi/node/question/a9b60ee1-f312-4f8e-856d-0d936959186a/relationships/related_webform?resourceVersion=id%3A18401"
            }
          }
        },
        "field_actions": {
          "data": [],
          "links": {
            "related": {
              "href": "https://prodkfk4xebh.main-fe.acsf.baywsf.com/jsonapi/node/question/a9b60ee1-f312-4f8e-856d-0d936959186a/field_actions?resourceVersion=id%3A18401"
            },
            "self": {
              "href": "https://prodkfk4xebh.main-fe.acsf.baywsf.com/jsonapi/node/question/a9b60ee1-f312-4f8e-856d-0d936959186a/relationships/field_actions?resourceVersion=id%3A18401"
            }
          }
        },
        "field_answer": {
          "data": [
            {
              "type": "node--answer",
              "id": "8b28b272-1f80-43fe-b0ac-0210b05cd274",
              "meta": { "drupal_internal__target_id": 476 }
            },
            {
              "type": "node--answer",
              "id": "d5eea94f-8df8-40f1-bebd-653f68c09405",
              "meta": { "drupal_internal__target_id": 481 }
            }
          ],
          "links": {
            "related": {
              "href": "https://prodkfk4xebh.main-fe.acsf.baywsf.com/jsonapi/node/question/a9b60ee1-f312-4f8e-856d-0d936959186a/field_answer?resourceVersion=id%3A18401"
            },
            "self": {
              "href": "https://prodkfk4xebh.main-fe.acsf.baywsf.com/jsonapi/node/question/a9b60ee1-f312-4f8e-856d-0d936959186a/relationships/field_answer?resourceVersion=id%3A18401"
            }
          }
        },
        "field_correct": {
          "data": [
            {
              "type": "node--answer",
              "id": "8b28b272-1f80-43fe-b0ac-0210b05cd274",
              "meta": { "drupal_internal__target_id": 1046 }
            }
          ],
          "links": {
            "related": {
              "href": "https://prodkfk4xebh.main-fe.acsf.baywsf.com/jsonapi/node/question/a9b60ee1-f312-4f8e-856d-0d936959186a/field_correct?resourceVersion=id%3A18401"
            },
            "self": {
              "href": "https://prodkfk4xebh.main-fe.acsf.baywsf.com/jsonapi/node/question/a9b60ee1-f312-4f8e-856d-0d936959186a/relationships/field_correct?resourceVersion=id%3A18401"
            }
          }
        },
        "field_question_group": {
          "data": [],
          "links": {
            "related": {
              "href": "https://prodkfk4xebh.main-fe.acsf.baywsf.com/jsonapi/node/question/a9b60ee1-f312-4f8e-856d-0d936959186a/field_question_group?resourceVersion=id%3A18401"
            },
            "self": {
              "href": "https://prodkfk4xebh.main-fe.acsf.baywsf.com/jsonapi/node/question/a9b60ee1-f312-4f8e-856d-0d936959186a/relationships/field_question_group?resourceVersion=id%3A18401"
            }
          }
        }
      }
    },
    {
      "type": "node--question",
      "id": "d69d9e29-c8ec-4010-8aa1-471231748416",
      "links": {
        "self": {
          "href": "https://prodkfk4xebh.main-fe.acsf.baywsf.com/jsonapi/node/question/d69d9e29-c8ec-4010-8aa1-471231748416?resourceVersion=id%3A18371"
        }
      },
      "attributes": {
        "drupal_internal__nid": 496,
        "drupal_internal__vid": 18371,
        "langcode": "fi",
        "revision_timestamp": "2023-04-27T12:15:21+00:00",
        "revision_log": null,
        "status": true,
        "title": "Pelk\u00e4\u00e4tk\u00f6 kuukautisten aikana vuotoon liittyvi\u00e4 vahinkoja?  ",
        "created": "2023-04-27T11:26:06+00:00",
        "changed": "2023-04-27T11:26:06+00:00",
        "promote": false,
        "sticky": false,
        "default_langcode": false,
        "revision_translation_affected": null,
        "moderation_state": null,
        "metatag": null,
        "path": { "alias": null, "pid": null, "langcode": "fi" },
        "private": false,
        "field_metatags": null,
        "last_updated_date": "2020-07-09",
        "field_subheading": null,
        "content_translation_source": "en",
        "content_translation_outdated": false,
        "field_error": null,
        "field_explanation": null,
        "field_instruction": null,
        "field_references": null
      },
      "relationships": {
        "node_type": {
          "data": {
            "type": "node_type--node_type",
            "id": "c1c3cb29-16e3-4e33-9c1c-b0224aec1721",
            "meta": { "drupal_internal__target_id": "question" }
          },
          "links": {
            "related": {
              "href": "https://prodkfk4xebh.main-fe.acsf.baywsf.com/jsonapi/node/question/d69d9e29-c8ec-4010-8aa1-471231748416/node_type?resourceVersion=id%3A18371"
            },
            "self": {
              "href": "https://prodkfk4xebh.main-fe.acsf.baywsf.com/jsonapi/node/question/d69d9e29-c8ec-4010-8aa1-471231748416/relationships/node_type?resourceVersion=id%3A18371"
            }
          }
        },
        "revision_uid": {
          "data": {
            "type": "user--user",
            "id": "bf7f35fc-e8b6-40f6-985b-e6c269775300",
            "meta": { "drupal_internal__target_id": 11071 }
          },
          "links": {
            "related": {
              "href": "https://prodkfk4xebh.main-fe.acsf.baywsf.com/jsonapi/node/question/d69d9e29-c8ec-4010-8aa1-471231748416/revision_uid?resourceVersion=id%3A18371"
            },
            "self": {
              "href": "https://prodkfk4xebh.main-fe.acsf.baywsf.com/jsonapi/node/question/d69d9e29-c8ec-4010-8aa1-471231748416/relationships/revision_uid?resourceVersion=id%3A18371"
            }
          }
        },
        "uid": {
          "data": {
            "type": "user--user",
            "id": "bf7f35fc-e8b6-40f6-985b-e6c269775300",
            "meta": { "drupal_internal__target_id": 11071 }
          },
          "links": {
            "related": {
              "href": "https://prodkfk4xebh.main-fe.acsf.baywsf.com/jsonapi/node/question/d69d9e29-c8ec-4010-8aa1-471231748416/uid?resourceVersion=id%3A18371"
            },
            "self": {
              "href": "https://prodkfk4xebh.main-fe.acsf.baywsf.com/jsonapi/node/question/d69d9e29-c8ec-4010-8aa1-471231748416/relationships/uid?resourceVersion=id%3A18371"
            }
          }
        },
        "field_related_indication": {
          "data": [],
          "links": {
            "related": {
              "href": "https://prodkfk4xebh.main-fe.acsf.baywsf.com/jsonapi/node/question/d69d9e29-c8ec-4010-8aa1-471231748416/field_related_indication?resourceVersion=id%3A18371"
            },
            "self": {
              "href": "https://prodkfk4xebh.main-fe.acsf.baywsf.com/jsonapi/node/question/d69d9e29-c8ec-4010-8aa1-471231748416/relationships/field_related_indication?resourceVersion=id%3A18371"
            }
          }
        },
        "audience_tag": {
          "data": {
            "type": "taxonomy_term--audience",
            "id": "b7b175de-17ed-49f3-a8de-204b01b37fe3",
            "meta": { "drupal_internal__target_id": 1 }
          },
          "links": {
            "related": {
              "href": "https://prodkfk4xebh.main-fe.acsf.baywsf.com/jsonapi/node/question/d69d9e29-c8ec-4010-8aa1-471231748416/audience_tag?resourceVersion=id%3A18371"
            },
            "self": {
              "href": "https://prodkfk4xebh.main-fe.acsf.baywsf.com/jsonapi/node/question/d69d9e29-c8ec-4010-8aa1-471231748416/relationships/audience_tag?resourceVersion=id%3A18371"
            }
          }
        },
        "related_webform": {
          "data": null,
          "links": {
            "related": {
              "href": "https://prodkfk4xebh.main-fe.acsf.baywsf.com/jsonapi/node/question/d69d9e29-c8ec-4010-8aa1-471231748416/related_webform?resourceVersion=id%3A18371"
            },
            "self": {
              "href": "https://prodkfk4xebh.main-fe.acsf.baywsf.com/jsonapi/node/question/d69d9e29-c8ec-4010-8aa1-471231748416/relationships/related_webform?resourceVersion=id%3A18371"
            }
          }
        },
        "field_actions": {
          "data": [],
          "links": {
            "related": {
              "href": "https://prodkfk4xebh.main-fe.acsf.baywsf.com/jsonapi/node/question/d69d9e29-c8ec-4010-8aa1-471231748416/field_actions?resourceVersion=id%3A18371"
            },
            "self": {
              "href": "https://prodkfk4xebh.main-fe.acsf.baywsf.com/jsonapi/node/question/d69d9e29-c8ec-4010-8aa1-471231748416/relationships/field_actions?resourceVersion=id%3A18371"
            }
          }
        },
        "field_answer": {
          "data": [
            {
              "type": "node--answer",
              "id": "8b28b272-1f80-43fe-b0ac-0210b05cd274",
              "meta": { "drupal_internal__target_id": 476 }
            },
            {
              "type": "node--answer",
              "id": "d5eea94f-8df8-40f1-bebd-653f68c09405",
              "meta": { "drupal_internal__target_id": 481 }
            }
          ],
          "links": {
            "related": {
              "href": "https://prodkfk4xebh.main-fe.acsf.baywsf.com/jsonapi/node/question/d69d9e29-c8ec-4010-8aa1-471231748416/field_answer?resourceVersion=id%3A18371"
            },
            "self": {
              "href": "https://prodkfk4xebh.main-fe.acsf.baywsf.com/jsonapi/node/question/d69d9e29-c8ec-4010-8aa1-471231748416/relationships/field_answer?resourceVersion=id%3A18371"
            }
          }
        },
        "field_correct": {
          "data": [
            {
              "type": "node--answer",
              "id": "8b28b272-1f80-43fe-b0ac-0210b05cd274",
              "meta": { "drupal_internal__target_id": 1046 }
            }
          ],
          "links": {
            "related": {
              "href": "https://prodkfk4xebh.main-fe.acsf.baywsf.com/jsonapi/node/question/d69d9e29-c8ec-4010-8aa1-471231748416/field_correct?resourceVersion=id%3A18371"
            },
            "self": {
              "href": "https://prodkfk4xebh.main-fe.acsf.baywsf.com/jsonapi/node/question/d69d9e29-c8ec-4010-8aa1-471231748416/relationships/field_correct?resourceVersion=id%3A18371"
            }
          }
        },
        "field_question_group": {
          "data": [],
          "links": {
            "related": {
              "href": "https://prodkfk4xebh.main-fe.acsf.baywsf.com/jsonapi/node/question/d69d9e29-c8ec-4010-8aa1-471231748416/field_question_group?resourceVersion=id%3A18371"
            },
            "self": {
              "href": "https://prodkfk4xebh.main-fe.acsf.baywsf.com/jsonapi/node/question/d69d9e29-c8ec-4010-8aa1-471231748416/relationships/field_question_group?resourceVersion=id%3A18371"
            }
          }
        }
      }
    },
    {
      "type": "node--question",
      "id": "927f9a9b-6144-41ee-9a8a-35a3f0e6a7aa",
      "links": {
        "self": {
          "href": "https://prodkfk4xebh.main-fe.acsf.baywsf.com/jsonapi/node/question/927f9a9b-6144-41ee-9a8a-35a3f0e6a7aa?resourceVersion=id%3A18376"
        }
      },
      "attributes": {
        "drupal_internal__nid": 501,
        "drupal_internal__vid": 18376,
        "langcode": "fi",
        "revision_timestamp": "2023-04-27T12:15:40+00:00",
        "revision_log": null,
        "status": true,
        "title": "T\u00e4ytyyk\u00f6 sinun vaihtaa kuukautissuoja y\u00f6n aikana?  ",
        "created": "2023-04-27T11:26:33+00:00",
        "changed": "2023-04-27T11:26:33+00:00",
        "promote": false,
        "sticky": false,
        "default_langcode": false,
        "revision_translation_affected": null,
        "moderation_state": null,
        "metatag": null,
        "path": { "alias": null, "pid": null, "langcode": "fi" },
        "private": false,
        "field_metatags": null,
        "last_updated_date": "2020-07-09",
        "field_subheading": null,
        "content_translation_source": "en",
        "content_translation_outdated": false,
        "field_error": null,
        "field_explanation": null,
        "field_instruction": null,
        "field_references": null
      },
      "relationships": {
        "node_type": {
          "data": {
            "type": "node_type--node_type",
            "id": "c1c3cb29-16e3-4e33-9c1c-b0224aec1721",
            "meta": { "drupal_internal__target_id": "question" }
          },
          "links": {
            "related": {
              "href": "https://prodkfk4xebh.main-fe.acsf.baywsf.com/jsonapi/node/question/927f9a9b-6144-41ee-9a8a-35a3f0e6a7aa/node_type?resourceVersion=id%3A18376"
            },
            "self": {
              "href": "https://prodkfk4xebh.main-fe.acsf.baywsf.com/jsonapi/node/question/927f9a9b-6144-41ee-9a8a-35a3f0e6a7aa/relationships/node_type?resourceVersion=id%3A18376"
            }
          }
        },
        "revision_uid": {
          "data": {
            "type": "user--user",
            "id": "bf7f35fc-e8b6-40f6-985b-e6c269775300",
            "meta": { "drupal_internal__target_id": 11071 }
          },
          "links": {
            "related": {
              "href": "https://prodkfk4xebh.main-fe.acsf.baywsf.com/jsonapi/node/question/927f9a9b-6144-41ee-9a8a-35a3f0e6a7aa/revision_uid?resourceVersion=id%3A18376"
            },
            "self": {
              "href": "https://prodkfk4xebh.main-fe.acsf.baywsf.com/jsonapi/node/question/927f9a9b-6144-41ee-9a8a-35a3f0e6a7aa/relationships/revision_uid?resourceVersion=id%3A18376"
            }
          }
        },
        "uid": {
          "data": {
            "type": "user--user",
            "id": "bf7f35fc-e8b6-40f6-985b-e6c269775300",
            "meta": { "drupal_internal__target_id": 11071 }
          },
          "links": {
            "related": {
              "href": "https://prodkfk4xebh.main-fe.acsf.baywsf.com/jsonapi/node/question/927f9a9b-6144-41ee-9a8a-35a3f0e6a7aa/uid?resourceVersion=id%3A18376"
            },
            "self": {
              "href": "https://prodkfk4xebh.main-fe.acsf.baywsf.com/jsonapi/node/question/927f9a9b-6144-41ee-9a8a-35a3f0e6a7aa/relationships/uid?resourceVersion=id%3A18376"
            }
          }
        },
        "field_related_indication": {
          "data": [],
          "links": {
            "related": {
              "href": "https://prodkfk4xebh.main-fe.acsf.baywsf.com/jsonapi/node/question/927f9a9b-6144-41ee-9a8a-35a3f0e6a7aa/field_related_indication?resourceVersion=id%3A18376"
            },
            "self": {
              "href": "https://prodkfk4xebh.main-fe.acsf.baywsf.com/jsonapi/node/question/927f9a9b-6144-41ee-9a8a-35a3f0e6a7aa/relationships/field_related_indication?resourceVersion=id%3A18376"
            }
          }
        },
        "audience_tag": {
          "data": {
            "type": "taxonomy_term--audience",
            "id": "b7b175de-17ed-49f3-a8de-204b01b37fe3",
            "meta": { "drupal_internal__target_id": 1 }
          },
          "links": {
            "related": {
              "href": "https://prodkfk4xebh.main-fe.acsf.baywsf.com/jsonapi/node/question/927f9a9b-6144-41ee-9a8a-35a3f0e6a7aa/audience_tag?resourceVersion=id%3A18376"
            },
            "self": {
              "href": "https://prodkfk4xebh.main-fe.acsf.baywsf.com/jsonapi/node/question/927f9a9b-6144-41ee-9a8a-35a3f0e6a7aa/relationships/audience_tag?resourceVersion=id%3A18376"
            }
          }
        },
        "related_webform": {
          "data": null,
          "links": {
            "related": {
              "href": "https://prodkfk4xebh.main-fe.acsf.baywsf.com/jsonapi/node/question/927f9a9b-6144-41ee-9a8a-35a3f0e6a7aa/related_webform?resourceVersion=id%3A18376"
            },
            "self": {
              "href": "https://prodkfk4xebh.main-fe.acsf.baywsf.com/jsonapi/node/question/927f9a9b-6144-41ee-9a8a-35a3f0e6a7aa/relationships/related_webform?resourceVersion=id%3A18376"
            }
          }
        },
        "field_actions": {
          "data": [],
          "links": {
            "related": {
              "href": "https://prodkfk4xebh.main-fe.acsf.baywsf.com/jsonapi/node/question/927f9a9b-6144-41ee-9a8a-35a3f0e6a7aa/field_actions?resourceVersion=id%3A18376"
            },
            "self": {
              "href": "https://prodkfk4xebh.main-fe.acsf.baywsf.com/jsonapi/node/question/927f9a9b-6144-41ee-9a8a-35a3f0e6a7aa/relationships/field_actions?resourceVersion=id%3A18376"
            }
          }
        },
        "field_answer": {
          "data": [
            {
              "type": "node--answer",
              "id": "8b28b272-1f80-43fe-b0ac-0210b05cd274",
              "meta": { "drupal_internal__target_id": 476 }
            },
            {
              "type": "node--answer",
              "id": "d5eea94f-8df8-40f1-bebd-653f68c09405",
              "meta": { "drupal_internal__target_id": 481 }
            }
          ],
          "links": {
            "related": {
              "href": "https://prodkfk4xebh.main-fe.acsf.baywsf.com/jsonapi/node/question/927f9a9b-6144-41ee-9a8a-35a3f0e6a7aa/field_answer?resourceVersion=id%3A18376"
            },
            "self": {
              "href": "https://prodkfk4xebh.main-fe.acsf.baywsf.com/jsonapi/node/question/927f9a9b-6144-41ee-9a8a-35a3f0e6a7aa/relationships/field_answer?resourceVersion=id%3A18376"
            }
          }
        },
        "field_correct": {
          "data": [
            {
              "type": "node--answer",
              "id": "8b28b272-1f80-43fe-b0ac-0210b05cd274",
              "meta": { "drupal_internal__target_id": 1046 }
            }
          ],
          "links": {
            "related": {
              "href": "https://prodkfk4xebh.main-fe.acsf.baywsf.com/jsonapi/node/question/927f9a9b-6144-41ee-9a8a-35a3f0e6a7aa/field_correct?resourceVersion=id%3A18376"
            },
            "self": {
              "href": "https://prodkfk4xebh.main-fe.acsf.baywsf.com/jsonapi/node/question/927f9a9b-6144-41ee-9a8a-35a3f0e6a7aa/relationships/field_correct?resourceVersion=id%3A18376"
            }
          }
        },
        "field_question_group": {
          "data": [],
          "links": {
            "related": {
              "href": "https://prodkfk4xebh.main-fe.acsf.baywsf.com/jsonapi/node/question/927f9a9b-6144-41ee-9a8a-35a3f0e6a7aa/field_question_group?resourceVersion=id%3A18376"
            },
            "self": {
              "href": "https://prodkfk4xebh.main-fe.acsf.baywsf.com/jsonapi/node/question/927f9a9b-6144-41ee-9a8a-35a3f0e6a7aa/relationships/field_question_group?resourceVersion=id%3A18376"
            }
          }
        }
      }
    },
    {
      "type": "node--question",
      "id": "45dd71c6-276e-4740-b821-29d8488a3e87",
      "links": {
        "self": {
          "href": "https://prodkfk4xebh.main-fe.acsf.baywsf.com/jsonapi/node/question/45dd71c6-276e-4740-b821-29d8488a3e87?resourceVersion=id%3A18381"
        }
      },
      "attributes": {
        "drupal_internal__nid": 506,
        "drupal_internal__vid": 18381,
        "langcode": "fi",
        "revision_timestamp": "2023-04-27T12:16:02+00:00",
        "revision_log": null,
        "status": true,
        "title": "T\u00e4ytyyk\u00f6 sinun runsaan vuodon p\u00e4ivin\u00e4 vaihtaa kuukautissuoja kahden tunnin v\u00e4lein tai useammin?  ",
        "created": "2023-04-27T11:26:56+00:00",
        "changed": "2023-04-27T11:26:56+00:00",
        "promote": false,
        "sticky": false,
        "default_langcode": false,
        "revision_translation_affected": null,
        "moderation_state": null,
        "metatag": null,
        "path": { "alias": null, "pid": null, "langcode": "fi" },
        "private": false,
        "field_metatags": null,
        "last_updated_date": "2020-07-09",
        "field_subheading": null,
        "content_translation_source": "en",
        "content_translation_outdated": false,
        "field_error": null,
        "field_explanation": null,
        "field_instruction": null,
        "field_references": null
      },
      "relationships": {
        "node_type": {
          "data": {
            "type": "node_type--node_type",
            "id": "c1c3cb29-16e3-4e33-9c1c-b0224aec1721",
            "meta": { "drupal_internal__target_id": "question" }
          },
          "links": {
            "related": {
              "href": "https://prodkfk4xebh.main-fe.acsf.baywsf.com/jsonapi/node/question/45dd71c6-276e-4740-b821-29d8488a3e87/node_type?resourceVersion=id%3A18381"
            },
            "self": {
              "href": "https://prodkfk4xebh.main-fe.acsf.baywsf.com/jsonapi/node/question/45dd71c6-276e-4740-b821-29d8488a3e87/relationships/node_type?resourceVersion=id%3A18381"
            }
          }
        },
        "revision_uid": {
          "data": {
            "type": "user--user",
            "id": "bf7f35fc-e8b6-40f6-985b-e6c269775300",
            "meta": { "drupal_internal__target_id": 11071 }
          },
          "links": {
            "related": {
              "href": "https://prodkfk4xebh.main-fe.acsf.baywsf.com/jsonapi/node/question/45dd71c6-276e-4740-b821-29d8488a3e87/revision_uid?resourceVersion=id%3A18381"
            },
            "self": {
              "href": "https://prodkfk4xebh.main-fe.acsf.baywsf.com/jsonapi/node/question/45dd71c6-276e-4740-b821-29d8488a3e87/relationships/revision_uid?resourceVersion=id%3A18381"
            }
          }
        },
        "uid": {
          "data": {
            "type": "user--user",
            "id": "bf7f35fc-e8b6-40f6-985b-e6c269775300",
            "meta": { "drupal_internal__target_id": 11071 }
          },
          "links": {
            "related": {
              "href": "https://prodkfk4xebh.main-fe.acsf.baywsf.com/jsonapi/node/question/45dd71c6-276e-4740-b821-29d8488a3e87/uid?resourceVersion=id%3A18381"
            },
            "self": {
              "href": "https://prodkfk4xebh.main-fe.acsf.baywsf.com/jsonapi/node/question/45dd71c6-276e-4740-b821-29d8488a3e87/relationships/uid?resourceVersion=id%3A18381"
            }
          }
        },
        "field_related_indication": {
          "data": [],
          "links": {
            "related": {
              "href": "https://prodkfk4xebh.main-fe.acsf.baywsf.com/jsonapi/node/question/45dd71c6-276e-4740-b821-29d8488a3e87/field_related_indication?resourceVersion=id%3A18381"
            },
            "self": {
              "href": "https://prodkfk4xebh.main-fe.acsf.baywsf.com/jsonapi/node/question/45dd71c6-276e-4740-b821-29d8488a3e87/relationships/field_related_indication?resourceVersion=id%3A18381"
            }
          }
        },
        "audience_tag": {
          "data": {
            "type": "taxonomy_term--audience",
            "id": "b7b175de-17ed-49f3-a8de-204b01b37fe3",
            "meta": { "drupal_internal__target_id": 1 }
          },
          "links": {
            "related": {
              "href": "https://prodkfk4xebh.main-fe.acsf.baywsf.com/jsonapi/node/question/45dd71c6-276e-4740-b821-29d8488a3e87/audience_tag?resourceVersion=id%3A18381"
            },
            "self": {
              "href": "https://prodkfk4xebh.main-fe.acsf.baywsf.com/jsonapi/node/question/45dd71c6-276e-4740-b821-29d8488a3e87/relationships/audience_tag?resourceVersion=id%3A18381"
            }
          }
        },
        "related_webform": {
          "data": null,
          "links": {
            "related": {
              "href": "https://prodkfk4xebh.main-fe.acsf.baywsf.com/jsonapi/node/question/45dd71c6-276e-4740-b821-29d8488a3e87/related_webform?resourceVersion=id%3A18381"
            },
            "self": {
              "href": "https://prodkfk4xebh.main-fe.acsf.baywsf.com/jsonapi/node/question/45dd71c6-276e-4740-b821-29d8488a3e87/relationships/related_webform?resourceVersion=id%3A18381"
            }
          }
        },
        "field_actions": {
          "data": [],
          "links": {
            "related": {
              "href": "https://prodkfk4xebh.main-fe.acsf.baywsf.com/jsonapi/node/question/45dd71c6-276e-4740-b821-29d8488a3e87/field_actions?resourceVersion=id%3A18381"
            },
            "self": {
              "href": "https://prodkfk4xebh.main-fe.acsf.baywsf.com/jsonapi/node/question/45dd71c6-276e-4740-b821-29d8488a3e87/relationships/field_actions?resourceVersion=id%3A18381"
            }
          }
        },
        "field_answer": {
          "data": [
            {
              "type": "node--answer",
              "id": "8b28b272-1f80-43fe-b0ac-0210b05cd274",
              "meta": { "drupal_internal__target_id": 476 }
            },
            {
              "type": "node--answer",
              "id": "d5eea94f-8df8-40f1-bebd-653f68c09405",
              "meta": { "drupal_internal__target_id": 481 }
            }
          ],
          "links": {
            "related": {
              "href": "https://prodkfk4xebh.main-fe.acsf.baywsf.com/jsonapi/node/question/45dd71c6-276e-4740-b821-29d8488a3e87/field_answer?resourceVersion=id%3A18381"
            },
            "self": {
              "href": "https://prodkfk4xebh.main-fe.acsf.baywsf.com/jsonapi/node/question/45dd71c6-276e-4740-b821-29d8488a3e87/relationships/field_answer?resourceVersion=id%3A18381"
            }
          }
        },
        "field_correct": {
          "data": [
            {
              "type": "node--answer",
              "id": "8b28b272-1f80-43fe-b0ac-0210b05cd274",
              "meta": { "drupal_internal__target_id": 1046 }
            }
          ],
          "links": {
            "related": {
              "href": "https://prodkfk4xebh.main-fe.acsf.baywsf.com/jsonapi/node/question/45dd71c6-276e-4740-b821-29d8488a3e87/field_correct?resourceVersion=id%3A18381"
            },
            "self": {
              "href": "https://prodkfk4xebh.main-fe.acsf.baywsf.com/jsonapi/node/question/45dd71c6-276e-4740-b821-29d8488a3e87/relationships/field_correct?resourceVersion=id%3A18381"
            }
          }
        },
        "field_question_group": {
          "data": [],
          "links": {
            "related": {
              "href": "https://prodkfk4xebh.main-fe.acsf.baywsf.com/jsonapi/node/question/45dd71c6-276e-4740-b821-29d8488a3e87/field_question_group?resourceVersion=id%3A18381"
            },
            "self": {
              "href": "https://prodkfk4xebh.main-fe.acsf.baywsf.com/jsonapi/node/question/45dd71c6-276e-4740-b821-29d8488a3e87/relationships/field_question_group?resourceVersion=id%3A18381"
            }
          }
        }
      }
    },
    {
      "type": "node--question",
      "id": "38a8b8b4-19ec-42c4-a71a-52dbce911f5b",
      "links": {
        "self": {
          "href": "https://prodkfk4xebh.main-fe.acsf.baywsf.com/jsonapi/node/question/38a8b8b4-19ec-42c4-a71a-52dbce911f5b?resourceVersion=id%3A18386"
        }
      },
      "attributes": {
        "drupal_internal__nid": 511,
        "drupal_internal__vid": 18386,
        "langcode": "fi",
        "revision_timestamp": "2023-04-27T12:16:25+00:00",
        "revision_log": null,
        "status": true,
        "title": "V\u00e4lt\u00e4tk\u00f6 sosiaalista kanssak\u00e4ymist\u00e4 tai valitsetko tietyt vaatteet kuukautisten takia?",
        "created": "2023-04-27T11:27:32+00:00",
        "changed": "2023-04-27T11:27:32+00:00",
        "promote": false,
        "sticky": false,
        "default_langcode": false,
        "revision_translation_affected": null,
        "moderation_state": null,
        "metatag": null,
        "path": { "alias": null, "pid": null, "langcode": "fi" },
        "private": false,
        "field_metatags": null,
        "last_updated_date": "2020-07-09",
        "field_subheading": null,
        "content_translation_source": "en",
        "content_translation_outdated": false,
        "field_error": null,
        "field_explanation": null,
        "field_instruction": null,
        "field_references": null
      },
      "relationships": {
        "node_type": {
          "data": {
            "type": "node_type--node_type",
            "id": "c1c3cb29-16e3-4e33-9c1c-b0224aec1721",
            "meta": { "drupal_internal__target_id": "question" }
          },
          "links": {
            "related": {
              "href": "https://prodkfk4xebh.main-fe.acsf.baywsf.com/jsonapi/node/question/38a8b8b4-19ec-42c4-a71a-52dbce911f5b/node_type?resourceVersion=id%3A18386"
            },
            "self": {
              "href": "https://prodkfk4xebh.main-fe.acsf.baywsf.com/jsonapi/node/question/38a8b8b4-19ec-42c4-a71a-52dbce911f5b/relationships/node_type?resourceVersion=id%3A18386"
            }
          }
        },
        "revision_uid": {
          "data": {
            "type": "user--user",
            "id": "bf7f35fc-e8b6-40f6-985b-e6c269775300",
            "meta": { "drupal_internal__target_id": 11071 }
          },
          "links": {
            "related": {
              "href": "https://prodkfk4xebh.main-fe.acsf.baywsf.com/jsonapi/node/question/38a8b8b4-19ec-42c4-a71a-52dbce911f5b/revision_uid?resourceVersion=id%3A18386"
            },
            "self": {
              "href": "https://prodkfk4xebh.main-fe.acsf.baywsf.com/jsonapi/node/question/38a8b8b4-19ec-42c4-a71a-52dbce911f5b/relationships/revision_uid?resourceVersion=id%3A18386"
            }
          }
        },
        "uid": {
          "data": {
            "type": "user--user",
            "id": "bf7f35fc-e8b6-40f6-985b-e6c269775300",
            "meta": { "drupal_internal__target_id": 11071 }
          },
          "links": {
            "related": {
              "href": "https://prodkfk4xebh.main-fe.acsf.baywsf.com/jsonapi/node/question/38a8b8b4-19ec-42c4-a71a-52dbce911f5b/uid?resourceVersion=id%3A18386"
            },
            "self": {
              "href": "https://prodkfk4xebh.main-fe.acsf.baywsf.com/jsonapi/node/question/38a8b8b4-19ec-42c4-a71a-52dbce911f5b/relationships/uid?resourceVersion=id%3A18386"
            }
          }
        },
        "field_related_indication": {
          "data": [],
          "links": {
            "related": {
              "href": "https://prodkfk4xebh.main-fe.acsf.baywsf.com/jsonapi/node/question/38a8b8b4-19ec-42c4-a71a-52dbce911f5b/field_related_indication?resourceVersion=id%3A18386"
            },
            "self": {
              "href": "https://prodkfk4xebh.main-fe.acsf.baywsf.com/jsonapi/node/question/38a8b8b4-19ec-42c4-a71a-52dbce911f5b/relationships/field_related_indication?resourceVersion=id%3A18386"
            }
          }
        },
        "audience_tag": {
          "data": {
            "type": "taxonomy_term--audience",
            "id": "b7b175de-17ed-49f3-a8de-204b01b37fe3",
            "meta": { "drupal_internal__target_id": 1 }
          },
          "links": {
            "related": {
              "href": "https://prodkfk4xebh.main-fe.acsf.baywsf.com/jsonapi/node/question/38a8b8b4-19ec-42c4-a71a-52dbce911f5b/audience_tag?resourceVersion=id%3A18386"
            },
            "self": {
              "href": "https://prodkfk4xebh.main-fe.acsf.baywsf.com/jsonapi/node/question/38a8b8b4-19ec-42c4-a71a-52dbce911f5b/relationships/audience_tag?resourceVersion=id%3A18386"
            }
          }
        },
        "related_webform": {
          "data": null,
          "links": {
            "related": {
              "href": "https://prodkfk4xebh.main-fe.acsf.baywsf.com/jsonapi/node/question/38a8b8b4-19ec-42c4-a71a-52dbce911f5b/related_webform?resourceVersion=id%3A18386"
            },
            "self": {
              "href": "https://prodkfk4xebh.main-fe.acsf.baywsf.com/jsonapi/node/question/38a8b8b4-19ec-42c4-a71a-52dbce911f5b/relationships/related_webform?resourceVersion=id%3A18386"
            }
          }
        },
        "field_actions": {
          "data": [],
          "links": {
            "related": {
              "href": "https://prodkfk4xebh.main-fe.acsf.baywsf.com/jsonapi/node/question/38a8b8b4-19ec-42c4-a71a-52dbce911f5b/field_actions?resourceVersion=id%3A18386"
            },
            "self": {
              "href": "https://prodkfk4xebh.main-fe.acsf.baywsf.com/jsonapi/node/question/38a8b8b4-19ec-42c4-a71a-52dbce911f5b/relationships/field_actions?resourceVersion=id%3A18386"
            }
          }
        },
        "field_answer": {
          "data": [
            {
              "type": "node--answer",
              "id": "8b28b272-1f80-43fe-b0ac-0210b05cd274",
              "meta": { "drupal_internal__target_id": 476 }
            },
            {
              "type": "node--answer",
              "id": "d5eea94f-8df8-40f1-bebd-653f68c09405",
              "meta": { "drupal_internal__target_id": 481 }
            }
          ],
          "links": {
            "related": {
              "href": "https://prodkfk4xebh.main-fe.acsf.baywsf.com/jsonapi/node/question/38a8b8b4-19ec-42c4-a71a-52dbce911f5b/field_answer?resourceVersion=id%3A18386"
            },
            "self": {
              "href": "https://prodkfk4xebh.main-fe.acsf.baywsf.com/jsonapi/node/question/38a8b8b4-19ec-42c4-a71a-52dbce911f5b/relationships/field_answer?resourceVersion=id%3A18386"
            }
          }
        },
        "field_correct": {
          "data": [
            {
              "type": "node--answer",
              "id": "8b28b272-1f80-43fe-b0ac-0210b05cd274",
              "meta": { "drupal_internal__target_id": 1046 }
            }
          ],
          "links": {
            "related": {
              "href": "https://prodkfk4xebh.main-fe.acsf.baywsf.com/jsonapi/node/question/38a8b8b4-19ec-42c4-a71a-52dbce911f5b/field_correct?resourceVersion=id%3A18386"
            },
            "self": {
              "href": "https://prodkfk4xebh.main-fe.acsf.baywsf.com/jsonapi/node/question/38a8b8b4-19ec-42c4-a71a-52dbce911f5b/relationships/field_correct?resourceVersion=id%3A18386"
            }
          }
        },
        "field_question_group": {
          "data": [],
          "links": {
            "related": {
              "href": "https://prodkfk4xebh.main-fe.acsf.baywsf.com/jsonapi/node/question/38a8b8b4-19ec-42c4-a71a-52dbce911f5b/field_question_group?resourceVersion=id%3A18386"
            },
            "self": {
              "href": "https://prodkfk4xebh.main-fe.acsf.baywsf.com/jsonapi/node/question/38a8b8b4-19ec-42c4-a71a-52dbce911f5b/relationships/field_question_group?resourceVersion=id%3A18386"
            }
          }
        }
      }
    },
    {
      "type": "node--question",
      "id": "79f5945b-1f64-4dbc-9436-7514c9f00b97",
      "links": {
        "self": {
          "href": "https://prodkfk4xebh.main-fe.acsf.baywsf.com/jsonapi/node/question/79f5945b-1f64-4dbc-9436-7514c9f00b97?resourceVersion=id%3A18391"
        }
      },
      "attributes": {
        "drupal_internal__nid": 516,
        "drupal_internal__vid": 18391,
        "langcode": "fi",
        "revision_timestamp": "2023-04-27T12:17:26+00:00",
        "revision_log": null,
        "status": true,
        "title": "Onko kuukautisvuodossasi isoja hyytymi\u00e4?  ",
        "created": "2023-04-27T11:28:13+00:00",
        "changed": "2023-04-27T11:28:13+00:00",
        "promote": false,
        "sticky": false,
        "default_langcode": false,
        "revision_translation_affected": null,
        "moderation_state": null,
        "metatag": null,
        "path": { "alias": null, "pid": null, "langcode": "fi" },
        "private": false,
        "field_metatags": null,
        "last_updated_date": "2020-07-09",
        "field_subheading": null,
        "content_translation_source": "en",
        "content_translation_outdated": false,
        "field_error": null,
        "field_explanation": null,
        "field_instruction": null,
        "field_references": null
      },
      "relationships": {
        "node_type": {
          "data": {
            "type": "node_type--node_type",
            "id": "c1c3cb29-16e3-4e33-9c1c-b0224aec1721",
            "meta": { "drupal_internal__target_id": "question" }
          },
          "links": {
            "related": {
              "href": "https://prodkfk4xebh.main-fe.acsf.baywsf.com/jsonapi/node/question/79f5945b-1f64-4dbc-9436-7514c9f00b97/node_type?resourceVersion=id%3A18391"
            },
            "self": {
              "href": "https://prodkfk4xebh.main-fe.acsf.baywsf.com/jsonapi/node/question/79f5945b-1f64-4dbc-9436-7514c9f00b97/relationships/node_type?resourceVersion=id%3A18391"
            }
          }
        },
        "revision_uid": {
          "data": {
            "type": "user--user",
            "id": "bf7f35fc-e8b6-40f6-985b-e6c269775300",
            "meta": { "drupal_internal__target_id": 11071 }
          },
          "links": {
            "related": {
              "href": "https://prodkfk4xebh.main-fe.acsf.baywsf.com/jsonapi/node/question/79f5945b-1f64-4dbc-9436-7514c9f00b97/revision_uid?resourceVersion=id%3A18391"
            },
            "self": {
              "href": "https://prodkfk4xebh.main-fe.acsf.baywsf.com/jsonapi/node/question/79f5945b-1f64-4dbc-9436-7514c9f00b97/relationships/revision_uid?resourceVersion=id%3A18391"
            }
          }
        },
        "uid": {
          "data": {
            "type": "user--user",
            "id": "bf7f35fc-e8b6-40f6-985b-e6c269775300",
            "meta": { "drupal_internal__target_id": 11071 }
          },
          "links": {
            "related": {
              "href": "https://prodkfk4xebh.main-fe.acsf.baywsf.com/jsonapi/node/question/79f5945b-1f64-4dbc-9436-7514c9f00b97/uid?resourceVersion=id%3A18391"
            },
            "self": {
              "href": "https://prodkfk4xebh.main-fe.acsf.baywsf.com/jsonapi/node/question/79f5945b-1f64-4dbc-9436-7514c9f00b97/relationships/uid?resourceVersion=id%3A18391"
            }
          }
        },
        "field_related_indication": {
          "data": [],
          "links": {
            "related": {
              "href": "https://prodkfk4xebh.main-fe.acsf.baywsf.com/jsonapi/node/question/79f5945b-1f64-4dbc-9436-7514c9f00b97/field_related_indication?resourceVersion=id%3A18391"
            },
            "self": {
              "href": "https://prodkfk4xebh.main-fe.acsf.baywsf.com/jsonapi/node/question/79f5945b-1f64-4dbc-9436-7514c9f00b97/relationships/field_related_indication?resourceVersion=id%3A18391"
            }
          }
        },
        "audience_tag": {
          "data": {
            "type": "taxonomy_term--audience",
            "id": "b7b175de-17ed-49f3-a8de-204b01b37fe3",
            "meta": { "drupal_internal__target_id": 1 }
          },
          "links": {
            "related": {
              "href": "https://prodkfk4xebh.main-fe.acsf.baywsf.com/jsonapi/node/question/79f5945b-1f64-4dbc-9436-7514c9f00b97/audience_tag?resourceVersion=id%3A18391"
            },
            "self": {
              "href": "https://prodkfk4xebh.main-fe.acsf.baywsf.com/jsonapi/node/question/79f5945b-1f64-4dbc-9436-7514c9f00b97/relationships/audience_tag?resourceVersion=id%3A18391"
            }
          }
        },
        "related_webform": {
          "data": null,
          "links": {
            "related": {
              "href": "https://prodkfk4xebh.main-fe.acsf.baywsf.com/jsonapi/node/question/79f5945b-1f64-4dbc-9436-7514c9f00b97/related_webform?resourceVersion=id%3A18391"
            },
            "self": {
              "href": "https://prodkfk4xebh.main-fe.acsf.baywsf.com/jsonapi/node/question/79f5945b-1f64-4dbc-9436-7514c9f00b97/relationships/related_webform?resourceVersion=id%3A18391"
            }
          }
        },
        "field_actions": {
          "data": [],
          "links": {
            "related": {
              "href": "https://prodkfk4xebh.main-fe.acsf.baywsf.com/jsonapi/node/question/79f5945b-1f64-4dbc-9436-7514c9f00b97/field_actions?resourceVersion=id%3A18391"
            },
            "self": {
              "href": "https://prodkfk4xebh.main-fe.acsf.baywsf.com/jsonapi/node/question/79f5945b-1f64-4dbc-9436-7514c9f00b97/relationships/field_actions?resourceVersion=id%3A18391"
            }
          }
        },
        "field_answer": {
          "data": [
            {
              "type": "node--answer",
              "id": "8b28b272-1f80-43fe-b0ac-0210b05cd274",
              "meta": { "drupal_internal__target_id": 476 }
            },
            {
              "type": "node--answer",
              "id": "d5eea94f-8df8-40f1-bebd-653f68c09405",
              "meta": { "drupal_internal__target_id": 481 }
            }
          ],
          "links": {
            "related": {
              "href": "https://prodkfk4xebh.main-fe.acsf.baywsf.com/jsonapi/node/question/79f5945b-1f64-4dbc-9436-7514c9f00b97/field_answer?resourceVersion=id%3A18391"
            },
            "self": {
              "href": "https://prodkfk4xebh.main-fe.acsf.baywsf.com/jsonapi/node/question/79f5945b-1f64-4dbc-9436-7514c9f00b97/relationships/field_answer?resourceVersion=id%3A18391"
            }
          }
        },
        "field_correct": {
          "data": [
            {
              "type": "node--answer",
              "id": "8b28b272-1f80-43fe-b0ac-0210b05cd274",
              "meta": { "drupal_internal__target_id": 1046 }
            }
          ],
          "links": {
            "related": {
              "href": "https://prodkfk4xebh.main-fe.acsf.baywsf.com/jsonapi/node/question/79f5945b-1f64-4dbc-9436-7514c9f00b97/field_correct?resourceVersion=id%3A18391"
            },
            "self": {
              "href": "https://prodkfk4xebh.main-fe.acsf.baywsf.com/jsonapi/node/question/79f5945b-1f64-4dbc-9436-7514c9f00b97/relationships/field_correct?resourceVersion=id%3A18391"
            }
          }
        },
        "field_question_group": {
          "data": [],
          "links": {
            "related": {
              "href": "https://prodkfk4xebh.main-fe.acsf.baywsf.com/jsonapi/node/question/79f5945b-1f64-4dbc-9436-7514c9f00b97/field_question_group?resourceVersion=id%3A18391"
            },
            "self": {
              "href": "https://prodkfk4xebh.main-fe.acsf.baywsf.com/jsonapi/node/question/79f5945b-1f64-4dbc-9436-7514c9f00b97/relationships/field_question_group?resourceVersion=id%3A18391"
            }
          }
        }
      }
    },
    {
      "type": "node--question",
      "id": "496a2339-1514-4333-8159-07a77090ed59",
      "links": {
        "self": {
          "href": "https://prodkfk4xebh.main-fe.acsf.baywsf.com/jsonapi/node/question/496a2339-1514-4333-8159-07a77090ed59?resourceVersion=id%3A18396"
        }
      },
      "attributes": {
        "drupal_internal__nid": 521,
        "drupal_internal__vid": 18396,
        "langcode": "fi",
        "revision_timestamp": "2023-04-27T12:18:30+00:00",
        "revision_log": null,
        "status": true,
        "title": "Tunnetko itsesi kuukautisten aikana heikoksi tai heng\u00e4stytk\u00f6 helposti?  ",
        "created": "2023-04-27T11:28:44+00:00",
        "changed": "2023-04-27T11:28:44+00:00",
        "promote": false,
        "sticky": false,
        "default_langcode": false,
        "revision_translation_affected": null,
        "moderation_state": null,
        "metatag": null,
        "path": { "alias": null, "pid": null, "langcode": "fi" },
        "private": false,
        "field_metatags": null,
        "last_updated_date": "2020-07-09",
        "field_subheading": null,
        "content_translation_source": "en",
        "content_translation_outdated": false,
        "field_error": null,
        "field_explanation": null,
        "field_instruction": null,
        "field_references": null
      },
      "relationships": {
        "node_type": {
          "data": {
            "type": "node_type--node_type",
            "id": "c1c3cb29-16e3-4e33-9c1c-b0224aec1721",
            "meta": { "drupal_internal__target_id": "question" }
          },
          "links": {
            "related": {
              "href": "https://prodkfk4xebh.main-fe.acsf.baywsf.com/jsonapi/node/question/496a2339-1514-4333-8159-07a77090ed59/node_type?resourceVersion=id%3A18396"
            },
            "self": {
              "href": "https://prodkfk4xebh.main-fe.acsf.baywsf.com/jsonapi/node/question/496a2339-1514-4333-8159-07a77090ed59/relationships/node_type?resourceVersion=id%3A18396"
            }
          }
        },
        "revision_uid": {
          "data": {
            "type": "user--user",
            "id": "bf7f35fc-e8b6-40f6-985b-e6c269775300",
            "meta": { "drupal_internal__target_id": 11071 }
          },
          "links": {
            "related": {
              "href": "https://prodkfk4xebh.main-fe.acsf.baywsf.com/jsonapi/node/question/496a2339-1514-4333-8159-07a77090ed59/revision_uid?resourceVersion=id%3A18396"
            },
            "self": {
              "href": "https://prodkfk4xebh.main-fe.acsf.baywsf.com/jsonapi/node/question/496a2339-1514-4333-8159-07a77090ed59/relationships/revision_uid?resourceVersion=id%3A18396"
            }
          }
        },
        "uid": {
          "data": {
            "type": "user--user",
            "id": "bf7f35fc-e8b6-40f6-985b-e6c269775300",
            "meta": { "drupal_internal__target_id": 11071 }
          },
          "links": {
            "related": {
              "href": "https://prodkfk4xebh.main-fe.acsf.baywsf.com/jsonapi/node/question/496a2339-1514-4333-8159-07a77090ed59/uid?resourceVersion=id%3A18396"
            },
            "self": {
              "href": "https://prodkfk4xebh.main-fe.acsf.baywsf.com/jsonapi/node/question/496a2339-1514-4333-8159-07a77090ed59/relationships/uid?resourceVersion=id%3A18396"
            }
          }
        },
        "field_related_indication": {
          "data": [],
          "links": {
            "related": {
              "href": "https://prodkfk4xebh.main-fe.acsf.baywsf.com/jsonapi/node/question/496a2339-1514-4333-8159-07a77090ed59/field_related_indication?resourceVersion=id%3A18396"
            },
            "self": {
              "href": "https://prodkfk4xebh.main-fe.acsf.baywsf.com/jsonapi/node/question/496a2339-1514-4333-8159-07a77090ed59/relationships/field_related_indication?resourceVersion=id%3A18396"
            }
          }
        },
        "audience_tag": {
          "data": {
            "type": "taxonomy_term--audience",
            "id": "b7b175de-17ed-49f3-a8de-204b01b37fe3",
            "meta": { "drupal_internal__target_id": 1 }
          },
          "links": {
            "related": {
              "href": "https://prodkfk4xebh.main-fe.acsf.baywsf.com/jsonapi/node/question/496a2339-1514-4333-8159-07a77090ed59/audience_tag?resourceVersion=id%3A18396"
            },
            "self": {
              "href": "https://prodkfk4xebh.main-fe.acsf.baywsf.com/jsonapi/node/question/496a2339-1514-4333-8159-07a77090ed59/relationships/audience_tag?resourceVersion=id%3A18396"
            }
          }
        },
        "related_webform": {
          "data": null,
          "links": {
            "related": {
              "href": "https://prodkfk4xebh.main-fe.acsf.baywsf.com/jsonapi/node/question/496a2339-1514-4333-8159-07a77090ed59/related_webform?resourceVersion=id%3A18396"
            },
            "self": {
              "href": "https://prodkfk4xebh.main-fe.acsf.baywsf.com/jsonapi/node/question/496a2339-1514-4333-8159-07a77090ed59/relationships/related_webform?resourceVersion=id%3A18396"
            }
          }
        },
        "field_actions": {
          "data": [],
          "links": {
            "related": {
              "href": "https://prodkfk4xebh.main-fe.acsf.baywsf.com/jsonapi/node/question/496a2339-1514-4333-8159-07a77090ed59/field_actions?resourceVersion=id%3A18396"
            },
            "self": {
              "href": "https://prodkfk4xebh.main-fe.acsf.baywsf.com/jsonapi/node/question/496a2339-1514-4333-8159-07a77090ed59/relationships/field_actions?resourceVersion=id%3A18396"
            }
          }
        },
        "field_answer": {
          "data": [
            {
              "type": "node--answer",
              "id": "8b28b272-1f80-43fe-b0ac-0210b05cd274",
              "meta": { "drupal_internal__target_id": 476 }
            },
            {
              "type": "node--answer",
              "id": "d5eea94f-8df8-40f1-bebd-653f68c09405",
              "meta": { "drupal_internal__target_id": 481 }
            }
          ],
          "links": {
            "related": {
              "href": "https://prodkfk4xebh.main-fe.acsf.baywsf.com/jsonapi/node/question/496a2339-1514-4333-8159-07a77090ed59/field_answer?resourceVersion=id%3A18396"
            },
            "self": {
              "href": "https://prodkfk4xebh.main-fe.acsf.baywsf.com/jsonapi/node/question/496a2339-1514-4333-8159-07a77090ed59/relationships/field_answer?resourceVersion=id%3A18396"
            }
          }
        },
        "field_correct": {
          "data": [
            {
              "type": "node--answer",
              "id": "8b28b272-1f80-43fe-b0ac-0210b05cd274",
              "meta": { "drupal_internal__target_id": 1046 }
            }
          ],
          "links": {
            "related": {
              "href": "https://prodkfk4xebh.main-fe.acsf.baywsf.com/jsonapi/node/question/496a2339-1514-4333-8159-07a77090ed59/field_correct?resourceVersion=id%3A18396"
            },
            "self": {
              "href": "https://prodkfk4xebh.main-fe.acsf.baywsf.com/jsonapi/node/question/496a2339-1514-4333-8159-07a77090ed59/relationships/field_correct?resourceVersion=id%3A18396"
            }
          }
        },
        "field_question_group": {
          "data": [],
          "links": {
            "related": {
              "href": "https://prodkfk4xebh.main-fe.acsf.baywsf.com/jsonapi/node/question/496a2339-1514-4333-8159-07a77090ed59/field_question_group?resourceVersion=id%3A18396"
            },
            "self": {
              "href": "https://prodkfk4xebh.main-fe.acsf.baywsf.com/jsonapi/node/question/496a2339-1514-4333-8159-07a77090ed59/relationships/field_question_group?resourceVersion=id%3A18396"
            }
          }
        }
      }
    },
    {
      "type": "taxonomy_term--quiz_action",
      "id": "63b39bc2-cb6e-48bd-8c6f-dc833aab44c1",
      "links": {
        "self": {
          "href": "https://prodkfk4xebh.main-fe.acsf.baywsf.com/jsonapi/taxonomy_term/quiz_action/63b39bc2-cb6e-48bd-8c6f-dc833aab44c1?resourceVersion=id%3A291"
        }
      },
      "attributes": {
        "drupal_internal__tid": 271,
        "drupal_internal__revision_id": 291,
        "langcode": "fi",
        "revision_created": "2020-07-13T12:00:17+00:00",
        "revision_log_message": null,
        "status": true,
        "name": "Aloita t\u00e4st\u00e4",
        "description": null,
        "weight": 0,
        "changed": "2023-04-26T14:25:25+00:00",
        "default_langcode": false,
        "revision_translation_affected": true,
        "metatag": null,
        "path": { "alias": "/about", "pid": 2041, "langcode": "fi" },
        "content_translation_source": "en",
        "content_translation_outdated": false,
        "content_translation_created": "2021-01-12T16:20:16+00:00"
      },
      "relationships": {
        "vid": {
          "data": {
            "type": "taxonomy_vocabulary--taxonomy_vocabulary",
            "id": "142a83cf-f0c0-44ea-aba2-808a05c0ca36",
            "meta": { "drupal_internal__target_id": "quiz_action" }
          },
          "links": {
            "related": {
              "href": "https://prodkfk4xebh.main-fe.acsf.baywsf.com/jsonapi/taxonomy_term/quiz_action/63b39bc2-cb6e-48bd-8c6f-dc833aab44c1/vid?resourceVersion=id%3A291"
            },
            "self": {
              "href": "https://prodkfk4xebh.main-fe.acsf.baywsf.com/jsonapi/taxonomy_term/quiz_action/63b39bc2-cb6e-48bd-8c6f-dc833aab44c1/relationships/vid?resourceVersion=id%3A291"
            }
          }
        },
        "revision_user": {
          "data": null,
          "links": {
            "related": {
              "href": "https://prodkfk4xebh.main-fe.acsf.baywsf.com/jsonapi/taxonomy_term/quiz_action/63b39bc2-cb6e-48bd-8c6f-dc833aab44c1/revision_user?resourceVersion=id%3A291"
            },
            "self": {
              "href": "https://prodkfk4xebh.main-fe.acsf.baywsf.com/jsonapi/taxonomy_term/quiz_action/63b39bc2-cb6e-48bd-8c6f-dc833aab44c1/relationships/revision_user?resourceVersion=id%3A291"
            }
          }
        },
        "parent": {
          "data": [
            {
              "type": "taxonomy_term--quiz_action",
              "id": "virtual",
              "meta": {
                "links": {
                  "help": {
                    "href": "https://www.drupal.org/docs/8/modules/json-api/core-concepts#virtual",
                    "meta": {
                      "about": "Usage and meaning of the \u0027virtual\u0027 resource identifier."
                    }
                  }
                }
              }
            }
          ],
          "links": {
            "related": {
              "href": "https://prodkfk4xebh.main-fe.acsf.baywsf.com/jsonapi/taxonomy_term/quiz_action/63b39bc2-cb6e-48bd-8c6f-dc833aab44c1/parent?resourceVersion=id%3A291"
            },
            "self": {
              "href": "https://prodkfk4xebh.main-fe.acsf.baywsf.com/jsonapi/taxonomy_term/quiz_action/63b39bc2-cb6e-48bd-8c6f-dc833aab44c1/relationships/parent?resourceVersion=id%3A291"
            }
          }
        },
        "content_translation_uid": {
          "data": {
            "type": "user--user",
            "id": "6baa2f2a-5dd5-4987-b249-5d8e27221ecd",
            "meta": { "drupal_internal__target_id": 271 }
          },
          "links": {
            "related": {
              "href": "https://prodkfk4xebh.main-fe.acsf.baywsf.com/jsonapi/taxonomy_term/quiz_action/63b39bc2-cb6e-48bd-8c6f-dc833aab44c1/content_translation_uid?resourceVersion=id%3A291"
            },
            "self": {
              "href": "https://prodkfk4xebh.main-fe.acsf.baywsf.com/jsonapi/taxonomy_term/quiz_action/63b39bc2-cb6e-48bd-8c6f-dc833aab44c1/relationships/content_translation_uid?resourceVersion=id%3A291"
            }
          }
        }
      }
    }
  ],
  "links": {
    "self": {
      "href": "https://prodkfk4xebh.main-fe.acsf.baywsf.com/jsonapi/node/quiz/047638a4-8103-4e91-b613-a09cd3858a1d?include=field_quiz_question%2Cfield_actions"
    }
  }
}
