{
  "jsonapi": {
    "version": "1.0",
    "meta": {
      "links": {
        "self": {
          "href": "http://jsonapi.org/format/1.0/"
        }
      }
    }
  },
  "data": [
    {
      "type": "node--quiz",
      "id": "105e2cd1-a338-417b-b3b3-d81e9e3d56f8",
      "links": {
        "self": {
          "href": "https://prodnvbq7vbe.main-fe.acsf.baywsf.com/jsonapi/node/quiz/105e2cd1-a338-417b-b3b3-d81e9e3d56f8?resourceVersion=id%3A34651"
        }
      },
      "attributes": {
        "drupal_internal__nid": 901,
        "drupal_internal__vid": 34651,
        "langcode": "de",
        "revision_timestamp": "2021-02-26T09:16:27+00:00",
        "revision_log": null,
        "status": true,
        "title": "Willkommen zu Ihrem persönlichen Selbsttest",
        "created": "2021-02-08T10:00:57+00:00",
        "changed": "2021-02-26T09:16:27+00:00",
        "promote": false,
        "sticky": false,
        "default_langcode": true,
        "revision_translation_affected": true,
        "moderation_state": "published",
        "metatag": null,
        "path": {
          "alias": null,
          "pid": null,
          "langcode": "de"
        },
        "private": false,
        "field_metatags": null,
        "content_translation_source": "und",
        "content_translation_outdated": false,
        "published_at": "2021-02-08T10:09:55+00:00",
        "field_disclaimer": {
          "value": "<p>Die häufigsten Ursachen vaginaler Infektionen sind Bakterien, Hefepilze und Trichomonas. Die Krankheiten kommen häufig vor und können z. T. ähnliche Symptome zeigen. Um herauszufinden, von welcher Art Infektion Sie betroffen&nbsp;sein könnten, ist eine exakte Bestimmung der Symptome äusserst wichtig.&nbsp;</p>\r\n\r\n<p>Wir helfen Ihnen dabei:</p>\r\n",
          "format": "cohesion_without_glossify",
          "processed": "<p>Die häufigsten Ursachen vaginaler Infektionen sind Bakterien, Hefepilze und Trichomonas. Die Krankheiten kommen häufig vor und können z. T. ähnliche Symptome zeigen. Um herauszufinden, von welcher Art Infektion Sie betroffen sein könnten, ist eine exakte Bestimmung der Symptome äusserst wichtig. </p>\n\n<p>Wir helfen Ihnen dabei:</p>\n"
        },
        "field_instruction": null,
        "field_quiz_type": "linear",
        "field_references": null
      },
      "relationships": {
        "node_type": {
          "data": {
            "type": "node_type--node_type",
            "id": "b8ee70b9-b89a-4114-b160-93ff660932f5"
          },
          "links": {
            "related": {
              "href": "https://prodnvbq7vbe.main-fe.acsf.baywsf.com/jsonapi/node/quiz/105e2cd1-a338-417b-b3b3-d81e9e3d56f8/node_type?resourceVersion=id%3A34651"
            },
            "self": {
              "href": "https://prodnvbq7vbe.main-fe.acsf.baywsf.com/jsonapi/node/quiz/105e2cd1-a338-417b-b3b3-d81e9e3d56f8/relationships/node_type?resourceVersion=id%3A34651"
            }
          }
        },
        "revision_uid": {
          "data": {
            "type": "user--user",
            "id": "9a7c292e-b0b0-4572-8143-3d3278192ff8"
          },
          "links": {
            "related": {
              "href": "https://prodnvbq7vbe.main-fe.acsf.baywsf.com/jsonapi/node/quiz/105e2cd1-a338-417b-b3b3-d81e9e3d56f8/revision_uid?resourceVersion=id%3A34651"
            },
            "self": {
              "href": "https://prodnvbq7vbe.main-fe.acsf.baywsf.com/jsonapi/node/quiz/105e2cd1-a338-417b-b3b3-d81e9e3d56f8/relationships/revision_uid?resourceVersion=id%3A34651"
            }
          }
        },
        "uid": {
          "data": {
            "type": "user--user",
            "id": "3c9c3b68-a617-4b37-b832-495666412ec2"
          },
          "links": {
            "related": {
              "href": "https://prodnvbq7vbe.main-fe.acsf.baywsf.com/jsonapi/node/quiz/105e2cd1-a338-417b-b3b3-d81e9e3d56f8/uid?resourceVersion=id%3A34651"
            },
            "self": {
              "href": "https://prodnvbq7vbe.main-fe.acsf.baywsf.com/jsonapi/node/quiz/105e2cd1-a338-417b-b3b3-d81e9e3d56f8/relationships/uid?resourceVersion=id%3A34651"
            }
          }
        },
        "field_schema_json_ld_file": {
          "data": null,
          "links": {
            "related": {
              "href": "https://prodnvbq7vbe.main-fe.acsf.baywsf.com/jsonapi/node/quiz/105e2cd1-a338-417b-b3b3-d81e9e3d56f8/field_schema_json_ld_file?resourceVersion=id%3A34651"
            },
            "self": {
              "href": "https://prodnvbq7vbe.main-fe.acsf.baywsf.com/jsonapi/node/quiz/105e2cd1-a338-417b-b3b3-d81e9e3d56f8/relationships/field_schema_json_ld_file?resourceVersion=id%3A34651"
            }
          }
        },
        "field_actions": {
          "data": [],
          "links": {
            "related": {
              "href": "https://prodnvbq7vbe.main-fe.acsf.baywsf.com/jsonapi/node/quiz/105e2cd1-a338-417b-b3b3-d81e9e3d56f8/field_actions?resourceVersion=id%3A34651"
            },
            "self": {
              "href": "https://prodnvbq7vbe.main-fe.acsf.baywsf.com/jsonapi/node/quiz/105e2cd1-a338-417b-b3b3-d81e9e3d56f8/relationships/field_actions?resourceVersion=id%3A34651"
            }
          }
        },
        "field_quiz_question": {
          "data": [
            {
              "type": "node--question",
              "id": "ccf5642b-7bf6-444c-84a9-295afd121e1f"
            },
            {
              "type": "node--question",
              "id": "c5d62a4f-02c3-4657-82b8-230fef1e8104"
            },
            {
              "type": "node--question",
              "id": "e1438129-427a-45ae-92ed-151b1e846281"
            },
            {
              "type": "node--question",
              "id": "f0ee76a3-602e-4c6b-b81d-d088b07b5dec"
            }
          ],
          "links": {
            "related": {
              "href": "https://prodnvbq7vbe.main-fe.acsf.baywsf.com/jsonapi/node/quiz/105e2cd1-a338-417b-b3b3-d81e9e3d56f8/field_quiz_question?resourceVersion=id%3A34651"
            },
            "self": {
              "href": "https://prodnvbq7vbe.main-fe.acsf.baywsf.com/jsonapi/node/quiz/105e2cd1-a338-417b-b3b3-d81e9e3d56f8/relationships/field_quiz_question?resourceVersion=id%3A34651"
            }
          }
        },
        "field_result": {
          "data": null,
          "links": {
            "related": {
              "href": "https://prodnvbq7vbe.main-fe.acsf.baywsf.com/jsonapi/node/quiz/105e2cd1-a338-417b-b3b3-d81e9e3d56f8/field_result?resourceVersion=id%3A34651"
            },
            "self": {
              "href": "https://prodnvbq7vbe.main-fe.acsf.baywsf.com/jsonapi/node/quiz/105e2cd1-a338-417b-b3b3-d81e9e3d56f8/relationships/field_result?resourceVersion=id%3A34651"
            }
          }
        }
      }
    },
    {
      "type": "node--quiz",
      "id": "dddc13c9-0d51-4599-80f5-f101de60c1c9",
      "links": {
        "self": {
          "href": "https://prodnvbq7vbe.main-fe.acsf.baywsf.com/jsonapi/node/quiz/dddc13c9-0d51-4599-80f5-f101de60c1c9?resourceVersion=id%3A37736"
        }
      },
      "attributes": {
        "drupal_internal__nid": 1756,
        "drupal_internal__vid": 37736,
        "langcode": "de",
        "revision_timestamp": "2021-03-03T19:56:14+00:00",
        "revision_log": null,
        "status": true,
        "title": "Wissensquiz Scheidenpilz",
        "created": "2021-03-03T19:49:16+00:00",
        "changed": "2021-03-03T19:53:44+00:00",
        "promote": false,
        "sticky": false,
        "default_langcode": true,
        "revision_translation_affected": null,
        "moderation_state": "published",
        "metatag": null,
        "path": {
          "alias": null,
          "pid": null,
          "langcode": "de"
        },
        "private": false,
        "field_metatags": null,
        "content_translation_source": "und",
        "content_translation_outdated": false,
        "published_at": "2021-03-03T19:53:44+00:00",
        "field_disclaimer": {
          "value": "<p>Scheidenpilz ist weit verbreitet, aber was wissen Sie eigentlich darüber?</p>\r\n\r\n<p>Machen Sie das Wissensquiz und erfahren Sie, was Tatsachen und was nur Gerüchte sind.</p>\r\n",
          "format": "cohesion_without_glossify",
          "processed": "<p>Scheidenpilz ist weit verbreitet, aber was wissen Sie eigentlich darüber?</p>\n\n<p>Machen Sie das Wissensquiz und erfahren Sie, was Tatsachen und was nur Gerüchte sind.</p>\n"
        },
        "field_instruction": {
          "value": "<p>Ask your pharmacist - they must decide if this product is right for you. For medical advice or diagnosis see your doctor.</p>\r\n",
          "format": "cohesion_without_glossify",
          "processed": "<p>Ask your pharmacist - they must decide if this product is right for you. For medical advice or diagnosis see your doctor.</p>\n"
        },
        "field_quiz_type": "linear",
        "field_references": null
      },
      "relationships": {
        "node_type": {
          "data": {
            "type": "node_type--node_type",
            "id": "b8ee70b9-b89a-4114-b160-93ff660932f5"
          },
          "links": {
            "related": {
              "href": "https://prodnvbq7vbe.main-fe.acsf.baywsf.com/jsonapi/node/quiz/dddc13c9-0d51-4599-80f5-f101de60c1c9/node_type?resourceVersion=id%3A37736"
            },
            "self": {
              "href": "https://prodnvbq7vbe.main-fe.acsf.baywsf.com/jsonapi/node/quiz/dddc13c9-0d51-4599-80f5-f101de60c1c9/relationships/node_type?resourceVersion=id%3A37736"
            }
          }
        },
        "revision_uid": {
          "data": {
            "type": "user--user",
            "id": "c48aba71-438d-44c8-a315-2803a8380004"
          },
          "links": {
            "related": {
              "href": "https://prodnvbq7vbe.main-fe.acsf.baywsf.com/jsonapi/node/quiz/dddc13c9-0d51-4599-80f5-f101de60c1c9/revision_uid?resourceVersion=id%3A37736"
            },
            "self": {
              "href": "https://prodnvbq7vbe.main-fe.acsf.baywsf.com/jsonapi/node/quiz/dddc13c9-0d51-4599-80f5-f101de60c1c9/relationships/revision_uid?resourceVersion=id%3A37736"
            }
          }
        },
        "uid": {
          "data": {
            "type": "user--user",
            "id": "c48aba71-438d-44c8-a315-2803a8380004"
          },
          "links": {
            "related": {
              "href": "https://prodnvbq7vbe.main-fe.acsf.baywsf.com/jsonapi/node/quiz/dddc13c9-0d51-4599-80f5-f101de60c1c9/uid?resourceVersion=id%3A37736"
            },
            "self": {
              "href": "https://prodnvbq7vbe.main-fe.acsf.baywsf.com/jsonapi/node/quiz/dddc13c9-0d51-4599-80f5-f101de60c1c9/relationships/uid?resourceVersion=id%3A37736"
            }
          }
        },
        "field_schema_json_ld_file": {
          "data": null,
          "links": {
            "related": {
              "href": "https://prodnvbq7vbe.main-fe.acsf.baywsf.com/jsonapi/node/quiz/dddc13c9-0d51-4599-80f5-f101de60c1c9/field_schema_json_ld_file?resourceVersion=id%3A37736"
            },
            "self": {
              "href": "https://prodnvbq7vbe.main-fe.acsf.baywsf.com/jsonapi/node/quiz/dddc13c9-0d51-4599-80f5-f101de60c1c9/relationships/field_schema_json_ld_file?resourceVersion=id%3A37736"
            }
          }
        },
        "field_actions": {
          "data": [
            {
              "type": "taxonomy_term--quiz_action",
              "id": "58135e11-9f25-4a47-bcef-70a912a92b72"
            }
          ],
          "links": {
            "related": {
              "href": "https://prodnvbq7vbe.main-fe.acsf.baywsf.com/jsonapi/node/quiz/dddc13c9-0d51-4599-80f5-f101de60c1c9/field_actions?resourceVersion=id%3A37736"
            },
            "self": {
              "href": "https://prodnvbq7vbe.main-fe.acsf.baywsf.com/jsonapi/node/quiz/dddc13c9-0d51-4599-80f5-f101de60c1c9/relationships/field_actions?resourceVersion=id%3A37736"
            }
          }
        },
        "field_quiz_question": {
          "data": [
            {
              "type": "node--question",
              "id": "149cc9a3-8907-4994-a37b-a661541bb15c"
            },
            {
              "type": "node--question",
              "id": "249989fd-3b1f-4ef5-bd30-c355277b9895"
            },
            {
              "type": "node--question",
              "id": "4884e25b-2c6e-4962-88ac-71d5e43c9df3"
            },
            {
              "type": "node--question",
              "id": "362b4653-32ea-4be8-991d-c48ab1653cd2"
            },
            {
              "type": "node--question",
              "id": "b6108a8f-a2c9-4b85-961f-64f33743e2f2"
            }
          ],
          "links": {
            "related": {
              "href": "https://prodnvbq7vbe.main-fe.acsf.baywsf.com/jsonapi/node/quiz/dddc13c9-0d51-4599-80f5-f101de60c1c9/field_quiz_question?resourceVersion=id%3A37736"
            },
            "self": {
              "href": "https://prodnvbq7vbe.main-fe.acsf.baywsf.com/jsonapi/node/quiz/dddc13c9-0d51-4599-80f5-f101de60c1c9/relationships/field_quiz_question?resourceVersion=id%3A37736"
            }
          }
        },
        "field_result": {
          "data": null,
          "links": {
            "related": {
              "href": "https://prodnvbq7vbe.main-fe.acsf.baywsf.com/jsonapi/node/quiz/dddc13c9-0d51-4599-80f5-f101de60c1c9/field_result?resourceVersion=id%3A37736"
            },
            "self": {
              "href": "https://prodnvbq7vbe.main-fe.acsf.baywsf.com/jsonapi/node/quiz/dddc13c9-0d51-4599-80f5-f101de60c1c9/relationships/field_result?resourceVersion=id%3A37736"
            }
          }
        }
      }
    }
  ],
  "links": {
    "self": {
      "href": "https://prodnvbq7vbe.main-fe.acsf.baywsf.com/jsonapi/node/quiz"
    }
  }
}
