{
  "jsonapi": {
    "version": "1.0",
    "meta": {
      "links": { "self": { "href": "http://jsonapi.org/format/1.0/" } }
    }
  },
  "data": [
    {
      "type": "node--quiz",
      "id": "710c1439-2fc7-4761-bc30-c5cf8efbee1a",
      "links": {
        "self": {
          "href": "https://prodh2cueemw.main.acsf.baywsf.com/jsonapi/node/quiz/710c1439-2fc7-4761-bc30-c5cf8efbee1a?resourceVersion=id%3A64686"
        }
      },
      "attributes": {
        "drupal_internal__nid": 1331,
        "drupal_internal__vid": 64686,
        "langcode": "it",
        "revision_timestamp": "2023-04-18T16:42:52+00:00",
        "revision_log": null,
        "status": false,
        "title": "TROVA IL PALLERODOTTO PIU\u2019 ADATTO TUE ESIGENZE",
        "created": "2023-04-17T20:00:40+00:00",
        "changed": "2023-04-18T16:42:52+00:00",
        "promote": false,
        "sticky": false,
        "default_langcode": true,
        "revision_translation_affected": true,
        "moderation_state": "draft",
        "metatag": null,
        "path": { "alias": null, "pid": null, "langcode": "it" },
        "private": false,
        "field_metatags": null,
        "content_translation_source": "und",
        "content_translation_outdated": false,
        "published_at": "2038-01-19T03:14:07+00:00",
        "field_disclaimer": null,
        "field_instruction": null,
        "field_quiz_type": "linear",
        "field_references": null
      },
      "relationships": {
        "node_type": {
          "data": {
            "type": "node_type--node_type",
            "id": "ec122f28-fffe-4e8b-8548-28b633a03d94",
            "meta": { "drupal_internal__target_id": "quiz" }
          },
          "links": {
            "related": {
              "href": "https://prodh2cueemw.main.acsf.baywsf.com/jsonapi/node/quiz/710c1439-2fc7-4761-bc30-c5cf8efbee1a/node_type?resourceVersion=id%3A64686"
            },
            "self": {
              "href": "https://prodh2cueemw.main.acsf.baywsf.com/jsonapi/node/quiz/710c1439-2fc7-4761-bc30-c5cf8efbee1a/relationships/node_type?resourceVersion=id%3A64686"
            }
          }
        },
        "revision_uid": {
          "data": {
            "type": "user--user",
            "id": "4f8a4079-386c-4b93-b029-aa9dac8e6430",
            "meta": { "drupal_internal__target_id": 3091 }
          },
          "links": {
            "related": {
              "href": "https://prodh2cueemw.main.acsf.baywsf.com/jsonapi/node/quiz/710c1439-2fc7-4761-bc30-c5cf8efbee1a/revision_uid?resourceVersion=id%3A64686"
            },
            "self": {
              "href": "https://prodh2cueemw.main.acsf.baywsf.com/jsonapi/node/quiz/710c1439-2fc7-4761-bc30-c5cf8efbee1a/relationships/revision_uid?resourceVersion=id%3A64686"
            }
          }
        },
        "uid": {
          "data": {
            "type": "user--user",
            "id": "4f8a4079-386c-4b93-b029-aa9dac8e6430",
            "meta": { "drupal_internal__target_id": 3091 }
          },
          "links": {
            "related": {
              "href": "https://prodh2cueemw.main.acsf.baywsf.com/jsonapi/node/quiz/710c1439-2fc7-4761-bc30-c5cf8efbee1a/uid?resourceVersion=id%3A64686"
            },
            "self": {
              "href": "https://prodh2cueemw.main.acsf.baywsf.com/jsonapi/node/quiz/710c1439-2fc7-4761-bc30-c5cf8efbee1a/relationships/uid?resourceVersion=id%3A64686"
            }
          }
        },
        "field_schema_json_ld_file": {
          "data": null,
          "links": {
            "related": {
              "href": "https://prodh2cueemw.main.acsf.baywsf.com/jsonapi/node/quiz/710c1439-2fc7-4761-bc30-c5cf8efbee1a/field_schema_json_ld_file?resourceVersion=id%3A64686"
            },
            "self": {
              "href": "https://prodh2cueemw.main.acsf.baywsf.com/jsonapi/node/quiz/710c1439-2fc7-4761-bc30-c5cf8efbee1a/relationships/field_schema_json_ld_file?resourceVersion=id%3A64686"
            }
          }
        },
        "field_actions": {
          "data": [],
          "links": {
            "related": {
              "href": "https://prodh2cueemw.main.acsf.baywsf.com/jsonapi/node/quiz/710c1439-2fc7-4761-bc30-c5cf8efbee1a/field_actions?resourceVersion=id%3A64686"
            },
            "self": {
              "href": "https://prodh2cueemw.main.acsf.baywsf.com/jsonapi/node/quiz/710c1439-2fc7-4761-bc30-c5cf8efbee1a/relationships/field_actions?resourceVersion=id%3A64686"
            }
          }
        },
        "field_quiz_question": {
          "data": [
            {
              "type": "node--question",
              "id": "848be697-4122-496a-b9bc-81a29be677d7",
              "meta": { "drupal_internal__target_id": 1326 }
            },
            {
              "type": "node--question",
              "id": "688f81c0-3a9d-41c5-b2fb-8cd75e2ce5ea",
              "meta": { "drupal_internal__target_id": 1366 }
            },
            {
              "type": "node--question",
              "id": "59ed2949-6982-49cf-8c94-527d33824b0f",
              "meta": { "drupal_internal__target_id": 1371 }
            },
            {
              "type": "node--question",
              "id": "fa06a6e8-ed29-44bc-812e-1a6add427c40",
              "meta": { "drupal_internal__target_id": 1381 }
            },
            {
              "type": "node--question",
              "id": "1ddfe1ee-8656-4bce-8aba-7219928a539f",
              "meta": { "drupal_internal__target_id": 1411 }
            },
            {
              "type": "node--question",
              "id": "2af69368-b9a8-4f97-bc75-5c1bb99f43a1",
              "meta": { "drupal_internal__target_id": 1426 }
            },
            {
              "type": "node--question",
              "id": "6d114685-0dee-45c1-a906-686bc5d0e220",
              "meta": { "drupal_internal__target_id": 1466 }
            },
            {
              "type": "node--question",
              "id": "c800cb5f-ce7d-445c-92f3-2d5fed250af5",
              "meta": { "drupal_internal__target_id": 1471 }
            }
          ],
          "links": {
            "related": {
              "href": "https://prodh2cueemw.main.acsf.baywsf.com/jsonapi/node/quiz/710c1439-2fc7-4761-bc30-c5cf8efbee1a/field_quiz_question?resourceVersion=id%3A64686"
            },
            "self": {
              "href": "https://prodh2cueemw.main.acsf.baywsf.com/jsonapi/node/quiz/710c1439-2fc7-4761-bc30-c5cf8efbee1a/relationships/field_quiz_question?resourceVersion=id%3A64686"
            }
          }
        },
        "field_result": {
          "data": null,
          "links": {
            "related": {
              "href": "https://prodh2cueemw.main.acsf.baywsf.com/jsonapi/node/quiz/710c1439-2fc7-4761-bc30-c5cf8efbee1a/field_result?resourceVersion=id%3A64686"
            },
            "self": {
              "href": "https://prodh2cueemw.main.acsf.baywsf.com/jsonapi/node/quiz/710c1439-2fc7-4761-bc30-c5cf8efbee1a/relationships/field_result?resourceVersion=id%3A64686"
            }
          }
        }
      }
    }
  ],
  "links": {
    "self": {
      "href": "https://prodh2cueemw.main.acsf.baywsf.com/jsonapi/node/quiz"
    }
  }
}
