{
  "jsonapi": {
    "version": "1.0",
    "meta": {
      "links": { "self": { "href": "http://jsonapi.org/format/1.0/" } }
    }
  },
  "data": {
    "type": "node--quiz",
    "id": "710c1439-2fc7-4761-bc30-c5cf8efbee1a",
    "links": {
      "self": {
        "href": "https://prodh2cueemw.main.acsf.baywsf.com/jsonapi/node/quiz/710c1439-2fc7-4761-bc30-c5cf8efbee1a?resourceVersion=id%3A64686"
      }
    },
    "attributes": {
      "drupal_internal__nid": 1331,
      "drupal_internal__vid": 64686,
      "langcode": "it",
      "revision_timestamp": "2023-04-18T16:42:52+00:00",
      "revision_log": null,
      "status": false,
      "title": "TROVA IL PALLERODOTTO PIU\u2019 ADATTO TUE ESIGENZE",
      "created": "2023-04-17T20:00:40+00:00",
      "changed": "2023-04-18T16:42:52+00:00",
      "promote": false,
      "sticky": false,
      "default_langcode": true,
      "revision_translation_affected": true,
      "moderation_state": "draft",
      "metatag": null,
      "path": { "alias": null, "pid": null, "langcode": "it" },
      "private": false,
      "field_metatags": null,
      "content_translation_source": "und",
      "content_translation_outdated": false,
      "published_at": "2038-01-19T03:14:07+00:00",
      "field_disclaimer": null,
      "field_instruction": null,
      "field_quiz_type": "linear",
      "field_references": null
    },
    "relationships": {
      "node_type": {
        "data": {
          "type": "node_type--node_type",
          "id": "ec122f28-fffe-4e8b-8548-28b633a03d94",
          "meta": { "drupal_internal__target_id": "quiz" }
        },
        "links": {
          "related": {
            "href": "https://prodh2cueemw.main.acsf.baywsf.com/jsonapi/node/quiz/710c1439-2fc7-4761-bc30-c5cf8efbee1a/node_type?resourceVersion=id%3A64686"
          },
          "self": {
            "href": "https://prodh2cueemw.main.acsf.baywsf.com/jsonapi/node/quiz/710c1439-2fc7-4761-bc30-c5cf8efbee1a/relationships/node_type?resourceVersion=id%3A64686"
          }
        }
      },
      "revision_uid": {
        "data": {
          "type": "user--user",
          "id": "4f8a4079-386c-4b93-b029-aa9dac8e6430",
          "meta": { "drupal_internal__target_id": 3091 }
        },
        "links": {
          "related": {
            "href": "https://prodh2cueemw.main.acsf.baywsf.com/jsonapi/node/quiz/710c1439-2fc7-4761-bc30-c5cf8efbee1a/revision_uid?resourceVersion=id%3A64686"
          },
          "self": {
            "href": "https://prodh2cueemw.main.acsf.baywsf.com/jsonapi/node/quiz/710c1439-2fc7-4761-bc30-c5cf8efbee1a/relationships/revision_uid?resourceVersion=id%3A64686"
          }
        }
      },
      "uid": {
        "data": {
          "type": "user--user",
          "id": "4f8a4079-386c-4b93-b029-aa9dac8e6430",
          "meta": { "drupal_internal__target_id": 3091 }
        },
        "links": {
          "related": {
            "href": "https://prodh2cueemw.main.acsf.baywsf.com/jsonapi/node/quiz/710c1439-2fc7-4761-bc30-c5cf8efbee1a/uid?resourceVersion=id%3A64686"
          },
          "self": {
            "href": "https://prodh2cueemw.main.acsf.baywsf.com/jsonapi/node/quiz/710c1439-2fc7-4761-bc30-c5cf8efbee1a/relationships/uid?resourceVersion=id%3A64686"
          }
        }
      },
      "field_schema_json_ld_file": {
        "data": null,
        "links": {
          "related": {
            "href": "https://prodh2cueemw.main.acsf.baywsf.com/jsonapi/node/quiz/710c1439-2fc7-4761-bc30-c5cf8efbee1a/field_schema_json_ld_file?resourceVersion=id%3A64686"
          },
          "self": {
            "href": "https://prodh2cueemw.main.acsf.baywsf.com/jsonapi/node/quiz/710c1439-2fc7-4761-bc30-c5cf8efbee1a/relationships/field_schema_json_ld_file?resourceVersion=id%3A64686"
          }
        }
      },
      "field_actions": {
        "data": [],
        "links": {
          "related": {
            "href": "https://prodh2cueemw.main.acsf.baywsf.com/jsonapi/node/quiz/710c1439-2fc7-4761-bc30-c5cf8efbee1a/field_actions?resourceVersion=id%3A64686"
          },
          "self": {
            "href": "https://prodh2cueemw.main.acsf.baywsf.com/jsonapi/node/quiz/710c1439-2fc7-4761-bc30-c5cf8efbee1a/relationships/field_actions?resourceVersion=id%3A64686"
          }
        }
      },
      "field_quiz_question": {
        "data": [
          {
            "type": "node--question",
            "id": "848be697-4122-496a-b9bc-81a29be677d7",
            "meta": { "drupal_internal__target_id": 1326 }
          },
          {
            "type": "node--question",
            "id": "688f81c0-3a9d-41c5-b2fb-8cd75e2ce5ea",
            "meta": { "drupal_internal__target_id": 1366 }
          },
          {
            "type": "node--question",
            "id": "59ed2949-6982-49cf-8c94-527d33824b0f",
            "meta": { "drupal_internal__target_id": 1371 }
          },
          {
            "type": "node--question",
            "id": "fa06a6e8-ed29-44bc-812e-1a6add427c40",
            "meta": { "drupal_internal__target_id": 1381 }
          },
          {
            "type": "node--question",
            "id": "1ddfe1ee-8656-4bce-8aba-7219928a539f",
            "meta": { "drupal_internal__target_id": 1411 }
          },
          {
            "type": "node--question",
            "id": "2af69368-b9a8-4f97-bc75-5c1bb99f43a1",
            "meta": { "drupal_internal__target_id": 1426 }
          },
          {
            "type": "node--question",
            "id": "6d114685-0dee-45c1-a906-686bc5d0e220",
            "meta": { "drupal_internal__target_id": 1466 }
          },
          {
            "type": "node--question",
            "id": "c800cb5f-ce7d-445c-92f3-2d5fed250af5",
            "meta": { "drupal_internal__target_id": 1471 }
          }
        ],
        "links": {
          "related": {
            "href": "https://prodh2cueemw.main.acsf.baywsf.com/jsonapi/node/quiz/710c1439-2fc7-4761-bc30-c5cf8efbee1a/field_quiz_question?resourceVersion=id%3A64686"
          },
          "self": {
            "href": "https://prodh2cueemw.main.acsf.baywsf.com/jsonapi/node/quiz/710c1439-2fc7-4761-bc30-c5cf8efbee1a/relationships/field_quiz_question?resourceVersion=id%3A64686"
          }
        }
      },
      "field_result": {
        "data": null,
        "links": {
          "related": {
            "href": "https://prodh2cueemw.main.acsf.baywsf.com/jsonapi/node/quiz/710c1439-2fc7-4761-bc30-c5cf8efbee1a/field_result?resourceVersion=id%3A64686"
          },
          "self": {
            "href": "https://prodh2cueemw.main.acsf.baywsf.com/jsonapi/node/quiz/710c1439-2fc7-4761-bc30-c5cf8efbee1a/relationships/field_result?resourceVersion=id%3A64686"
          }
        }
      }
    }
  },
  "included": [
    {
      "type": "node--question",
      "id": "848be697-4122-496a-b9bc-81a29be677d7",
      "links": {
        "self": {
          "href": "https://prodh2cueemw.main.acsf.baywsf.com/jsonapi/node/question/848be697-4122-496a-b9bc-81a29be677d7?resourceVersion=id%3A64491"
        }
      },
      "attributes": {
        "drupal_internal__nid": 1326,
        "drupal_internal__vid": 64491,
        "langcode": "it",
        "revision_timestamp": "2023-04-17T20:10:02+00:00",
        "revision_log": null,
        "status": true,
        "title": "Qual \u00e8 il sintomo che si vuole trattare?",
        "created": "2023-04-17T20:10:02+00:00",
        "changed": "2023-04-17T20:10:02+00:00",
        "promote": false,
        "sticky": false,
        "default_langcode": true,
        "revision_translation_affected": true,
        "moderation_state": null,
        "metatag": null,
        "path": { "alias": null, "pid": null, "langcode": "it" },
        "private": false,
        "field_metatags": null,
        "content_translation_source": "und",
        "content_translation_outdated": false,
        "published_at": "2023-04-17T20:10:31+00:00",
        "field_error": null,
        "field_explanation": null,
        "field_instruction": null,
        "field_references": null
      },
      "relationships": {
        "node_type": {
          "data": {
            "type": "node_type--node_type",
            "id": "b36305cf-d6a4-4b58-94fd-9bd56dc48d0a",
            "meta": { "drupal_internal__target_id": "question" }
          },
          "links": {
            "related": {
              "href": "https://prodh2cueemw.main.acsf.baywsf.com/jsonapi/node/question/848be697-4122-496a-b9bc-81a29be677d7/node_type?resourceVersion=id%3A64491"
            },
            "self": {
              "href": "https://prodh2cueemw.main.acsf.baywsf.com/jsonapi/node/question/848be697-4122-496a-b9bc-81a29be677d7/relationships/node_type?resourceVersion=id%3A64491"
            }
          }
        },
        "revision_uid": {
          "data": {
            "type": "user--user",
            "id": "4f8a4079-386c-4b93-b029-aa9dac8e6430",
            "meta": { "drupal_internal__target_id": 3091 }
          },
          "links": {
            "related": {
              "href": "https://prodh2cueemw.main.acsf.baywsf.com/jsonapi/node/question/848be697-4122-496a-b9bc-81a29be677d7/revision_uid?resourceVersion=id%3A64491"
            },
            "self": {
              "href": "https://prodh2cueemw.main.acsf.baywsf.com/jsonapi/node/question/848be697-4122-496a-b9bc-81a29be677d7/relationships/revision_uid?resourceVersion=id%3A64491"
            }
          }
        },
        "uid": {
          "data": {
            "type": "user--user",
            "id": "4f8a4079-386c-4b93-b029-aa9dac8e6430",
            "meta": { "drupal_internal__target_id": 3091 }
          },
          "links": {
            "related": {
              "href": "https://prodh2cueemw.main.acsf.baywsf.com/jsonapi/node/question/848be697-4122-496a-b9bc-81a29be677d7/uid?resourceVersion=id%3A64491"
            },
            "self": {
              "href": "https://prodh2cueemw.main.acsf.baywsf.com/jsonapi/node/question/848be697-4122-496a-b9bc-81a29be677d7/relationships/uid?resourceVersion=id%3A64491"
            }
          }
        },
        "field_schema_json_ld_file": {
          "data": null,
          "links": {
            "related": {
              "href": "https://prodh2cueemw.main.acsf.baywsf.com/jsonapi/node/question/848be697-4122-496a-b9bc-81a29be677d7/field_schema_json_ld_file?resourceVersion=id%3A64491"
            },
            "self": {
              "href": "https://prodh2cueemw.main.acsf.baywsf.com/jsonapi/node/question/848be697-4122-496a-b9bc-81a29be677d7/relationships/field_schema_json_ld_file?resourceVersion=id%3A64491"
            }
          }
        },
        "field_actions": {
          "data": [],
          "links": {
            "related": {
              "href": "https://prodh2cueemw.main.acsf.baywsf.com/jsonapi/node/question/848be697-4122-496a-b9bc-81a29be677d7/field_actions?resourceVersion=id%3A64491"
            },
            "self": {
              "href": "https://prodh2cueemw.main.acsf.baywsf.com/jsonapi/node/question/848be697-4122-496a-b9bc-81a29be677d7/relationships/field_actions?resourceVersion=id%3A64491"
            }
          }
        },
        "field_answer": {
          "data": [
            {
              "type": "node--answer",
              "id": "21047c61-ed02-4f12-a9ba-3e0b183daf5e",
              "meta": { "drupal_internal__target_id": 1311 }
            },
            {
              "type": "node--answer",
              "id": "e3f9d90f-7b49-4a82-b9b8-cf37d52f035e",
              "meta": { "drupal_internal__target_id": 1316 }
            },
            {
              "type": "node--answer",
              "id": "02827f6e-6ca3-476d-8adb-6619d4ac4862",
              "meta": { "drupal_internal__target_id": 1321 }
            }
          ],
          "links": {
            "related": {
              "href": "https://prodh2cueemw.main.acsf.baywsf.com/jsonapi/node/question/848be697-4122-496a-b9bc-81a29be677d7/field_answer?resourceVersion=id%3A64491"
            },
            "self": {
              "href": "https://prodh2cueemw.main.acsf.baywsf.com/jsonapi/node/question/848be697-4122-496a-b9bc-81a29be677d7/relationships/field_answer?resourceVersion=id%3A64491"
            }
          }
        },
        "field_correct": {
          "data": [],
          "links": {
            "related": {
              "href": "https://prodh2cueemw.main.acsf.baywsf.com/jsonapi/node/question/848be697-4122-496a-b9bc-81a29be677d7/field_correct?resourceVersion=id%3A64491"
            },
            "self": {
              "href": "https://prodh2cueemw.main.acsf.baywsf.com/jsonapi/node/question/848be697-4122-496a-b9bc-81a29be677d7/relationships/field_correct?resourceVersion=id%3A64491"
            }
          }
        },
        "field_question_group": {
          "data": [],
          "links": {
            "related": {
              "href": "https://prodh2cueemw.main.acsf.baywsf.com/jsonapi/node/question/848be697-4122-496a-b9bc-81a29be677d7/field_question_group?resourceVersion=id%3A64491"
            },
            "self": {
              "href": "https://prodh2cueemw.main.acsf.baywsf.com/jsonapi/node/question/848be697-4122-496a-b9bc-81a29be677d7/relationships/field_question_group?resourceVersion=id%3A64491"
            }
          }
        }
      }
    },
    {
      "type": "node--question",
      "id": "688f81c0-3a9d-41c5-b2fb-8cd75e2ce5ea",
      "links": {
        "self": {
          "href": "https://prodh2cueemw.main.acsf.baywsf.com/jsonapi/node/question/688f81c0-3a9d-41c5-b2fb-8cd75e2ce5ea?resourceVersion=id%3A64531"
        }
      },
      "attributes": {
        "drupal_internal__nid": 1366,
        "drupal_internal__vid": 64531,
        "langcode": "it",
        "revision_timestamp": "2023-04-17T20:25:42+00:00",
        "revision_log": null,
        "status": true,
        "title": "Quanti anni ha la persona con i sintomi?",
        "created": "2023-04-17T20:25:42+00:00",
        "changed": "2023-04-17T20:25:42+00:00",
        "promote": false,
        "sticky": false,
        "default_langcode": true,
        "revision_translation_affected": true,
        "moderation_state": null,
        "metatag": null,
        "path": { "alias": null, "pid": null, "langcode": "it" },
        "private": false,
        "field_metatags": null,
        "content_translation_source": "und",
        "content_translation_outdated": false,
        "published_at": "2023-04-17T20:32:15+00:00",
        "field_error": null,
        "field_explanation": null,
        "field_instruction": null,
        "field_references": null
      },
      "relationships": {
        "node_type": {
          "data": {
            "type": "node_type--node_type",
            "id": "b36305cf-d6a4-4b58-94fd-9bd56dc48d0a",
            "meta": { "drupal_internal__target_id": "question" }
          },
          "links": {
            "related": {
              "href": "https://prodh2cueemw.main.acsf.baywsf.com/jsonapi/node/question/688f81c0-3a9d-41c5-b2fb-8cd75e2ce5ea/node_type?resourceVersion=id%3A64531"
            },
            "self": {
              "href": "https://prodh2cueemw.main.acsf.baywsf.com/jsonapi/node/question/688f81c0-3a9d-41c5-b2fb-8cd75e2ce5ea/relationships/node_type?resourceVersion=id%3A64531"
            }
          }
        },
        "revision_uid": {
          "data": {
            "type": "user--user",
            "id": "4f8a4079-386c-4b93-b029-aa9dac8e6430",
            "meta": { "drupal_internal__target_id": 3091 }
          },
          "links": {
            "related": {
              "href": "https://prodh2cueemw.main.acsf.baywsf.com/jsonapi/node/question/688f81c0-3a9d-41c5-b2fb-8cd75e2ce5ea/revision_uid?resourceVersion=id%3A64531"
            },
            "self": {
              "href": "https://prodh2cueemw.main.acsf.baywsf.com/jsonapi/node/question/688f81c0-3a9d-41c5-b2fb-8cd75e2ce5ea/relationships/revision_uid?resourceVersion=id%3A64531"
            }
          }
        },
        "uid": {
          "data": {
            "type": "user--user",
            "id": "4f8a4079-386c-4b93-b029-aa9dac8e6430",
            "meta": { "drupal_internal__target_id": 3091 }
          },
          "links": {
            "related": {
              "href": "https://prodh2cueemw.main.acsf.baywsf.com/jsonapi/node/question/688f81c0-3a9d-41c5-b2fb-8cd75e2ce5ea/uid?resourceVersion=id%3A64531"
            },
            "self": {
              "href": "https://prodh2cueemw.main.acsf.baywsf.com/jsonapi/node/question/688f81c0-3a9d-41c5-b2fb-8cd75e2ce5ea/relationships/uid?resourceVersion=id%3A64531"
            }
          }
        },
        "field_schema_json_ld_file": {
          "data": null,
          "links": {
            "related": {
              "href": "https://prodh2cueemw.main.acsf.baywsf.com/jsonapi/node/question/688f81c0-3a9d-41c5-b2fb-8cd75e2ce5ea/field_schema_json_ld_file?resourceVersion=id%3A64531"
            },
            "self": {
              "href": "https://prodh2cueemw.main.acsf.baywsf.com/jsonapi/node/question/688f81c0-3a9d-41c5-b2fb-8cd75e2ce5ea/relationships/field_schema_json_ld_file?resourceVersion=id%3A64531"
            }
          }
        },
        "field_actions": {
          "data": [],
          "links": {
            "related": {
              "href": "https://prodh2cueemw.main.acsf.baywsf.com/jsonapi/node/question/688f81c0-3a9d-41c5-b2fb-8cd75e2ce5ea/field_actions?resourceVersion=id%3A64531"
            },
            "self": {
              "href": "https://prodh2cueemw.main.acsf.baywsf.com/jsonapi/node/question/688f81c0-3a9d-41c5-b2fb-8cd75e2ce5ea/relationships/field_actions?resourceVersion=id%3A64531"
            }
          }
        },
        "field_answer": {
          "data": [
            {
              "type": "node--answer",
              "id": "6080fc9a-0f89-472e-9d4e-0279d70aa3cc",
              "meta": { "drupal_internal__target_id": 1356 }
            },
            {
              "type": "node--answer",
              "id": "9a202a34-705d-46cb-8eb9-2d283c6e8a8d",
              "meta": { "drupal_internal__target_id": 1361 }
            }
          ],
          "links": {
            "related": {
              "href": "https://prodh2cueemw.main.acsf.baywsf.com/jsonapi/node/question/688f81c0-3a9d-41c5-b2fb-8cd75e2ce5ea/field_answer?resourceVersion=id%3A64531"
            },
            "self": {
              "href": "https://prodh2cueemw.main.acsf.baywsf.com/jsonapi/node/question/688f81c0-3a9d-41c5-b2fb-8cd75e2ce5ea/relationships/field_answer?resourceVersion=id%3A64531"
            }
          }
        },
        "field_correct": {
          "data": [],
          "links": {
            "related": {
              "href": "https://prodh2cueemw.main.acsf.baywsf.com/jsonapi/node/question/688f81c0-3a9d-41c5-b2fb-8cd75e2ce5ea/field_correct?resourceVersion=id%3A64531"
            },
            "self": {
              "href": "https://prodh2cueemw.main.acsf.baywsf.com/jsonapi/node/question/688f81c0-3a9d-41c5-b2fb-8cd75e2ce5ea/relationships/field_correct?resourceVersion=id%3A64531"
            }
          }
        },
        "field_question_group": {
          "data": [],
          "links": {
            "related": {
              "href": "https://prodh2cueemw.main.acsf.baywsf.com/jsonapi/node/question/688f81c0-3a9d-41c5-b2fb-8cd75e2ce5ea/field_question_group?resourceVersion=id%3A64531"
            },
            "self": {
              "href": "https://prodh2cueemw.main.acsf.baywsf.com/jsonapi/node/question/688f81c0-3a9d-41c5-b2fb-8cd75e2ce5ea/relationships/field_question_group?resourceVersion=id%3A64531"
            }
          }
        }
      }
    },
    {
      "type": "node--question",
      "id": "59ed2949-6982-49cf-8c94-527d33824b0f",
      "links": {
        "self": {
          "href": "https://prodh2cueemw.main.acsf.baywsf.com/jsonapi/node/question/59ed2949-6982-49cf-8c94-527d33824b0f?resourceVersion=id%3A64536"
        }
      },
      "attributes": {
        "drupal_internal__nid": 1371,
        "drupal_internal__vid": 64536,
        "langcode": "it",
        "revision_timestamp": "2023-04-17T20:31:43+00:00",
        "revision_log": null,
        "status": true,
        "title": "Qual \u00e8 il sintomo prevalente che prova e che vuol trattare?",
        "created": "2023-04-17T20:31:43+00:00",
        "changed": "2023-04-17T20:31:43+00:00",
        "promote": false,
        "sticky": false,
        "default_langcode": true,
        "revision_translation_affected": true,
        "moderation_state": null,
        "metatag": null,
        "path": { "alias": null, "pid": null, "langcode": "it" },
        "private": false,
        "field_metatags": null,
        "content_translation_source": "und",
        "content_translation_outdated": false,
        "published_at": "2023-04-17T20:32:15+00:00",
        "field_error": null,
        "field_explanation": null,
        "field_instruction": null,
        "field_references": null
      },
      "relationships": {
        "node_type": {
          "data": {
            "type": "node_type--node_type",
            "id": "b36305cf-d6a4-4b58-94fd-9bd56dc48d0a",
            "meta": { "drupal_internal__target_id": "question" }
          },
          "links": {
            "related": {
              "href": "https://prodh2cueemw.main.acsf.baywsf.com/jsonapi/node/question/59ed2949-6982-49cf-8c94-527d33824b0f/node_type?resourceVersion=id%3A64536"
            },
            "self": {
              "href": "https://prodh2cueemw.main.acsf.baywsf.com/jsonapi/node/question/59ed2949-6982-49cf-8c94-527d33824b0f/relationships/node_type?resourceVersion=id%3A64536"
            }
          }
        },
        "revision_uid": {
          "data": {
            "type": "user--user",
            "id": "4f8a4079-386c-4b93-b029-aa9dac8e6430",
            "meta": { "drupal_internal__target_id": 3091 }
          },
          "links": {
            "related": {
              "href": "https://prodh2cueemw.main.acsf.baywsf.com/jsonapi/node/question/59ed2949-6982-49cf-8c94-527d33824b0f/revision_uid?resourceVersion=id%3A64536"
            },
            "self": {
              "href": "https://prodh2cueemw.main.acsf.baywsf.com/jsonapi/node/question/59ed2949-6982-49cf-8c94-527d33824b0f/relationships/revision_uid?resourceVersion=id%3A64536"
            }
          }
        },
        "uid": {
          "data": {
            "type": "user--user",
            "id": "4f8a4079-386c-4b93-b029-aa9dac8e6430",
            "meta": { "drupal_internal__target_id": 3091 }
          },
          "links": {
            "related": {
              "href": "https://prodh2cueemw.main.acsf.baywsf.com/jsonapi/node/question/59ed2949-6982-49cf-8c94-527d33824b0f/uid?resourceVersion=id%3A64536"
            },
            "self": {
              "href": "https://prodh2cueemw.main.acsf.baywsf.com/jsonapi/node/question/59ed2949-6982-49cf-8c94-527d33824b0f/relationships/uid?resourceVersion=id%3A64536"
            }
          }
        },
        "field_schema_json_ld_file": {
          "data": null,
          "links": {
            "related": {
              "href": "https://prodh2cueemw.main.acsf.baywsf.com/jsonapi/node/question/59ed2949-6982-49cf-8c94-527d33824b0f/field_schema_json_ld_file?resourceVersion=id%3A64536"
            },
            "self": {
              "href": "https://prodh2cueemw.main.acsf.baywsf.com/jsonapi/node/question/59ed2949-6982-49cf-8c94-527d33824b0f/relationships/field_schema_json_ld_file?resourceVersion=id%3A64536"
            }
          }
        },
        "field_actions": {
          "data": [],
          "links": {
            "related": {
              "href": "https://prodh2cueemw.main.acsf.baywsf.com/jsonapi/node/question/59ed2949-6982-49cf-8c94-527d33824b0f/field_actions?resourceVersion=id%3A64536"
            },
            "self": {
              "href": "https://prodh2cueemw.main.acsf.baywsf.com/jsonapi/node/question/59ed2949-6982-49cf-8c94-527d33824b0f/relationships/field_actions?resourceVersion=id%3A64536"
            }
          }
        },
        "field_answer": {
          "data": [
            {
              "type": "node--answer",
              "id": "37a77f2c-6e36-4132-9bcd-1d04338d5810",
              "meta": { "drupal_internal__target_id": 1336 }
            },
            {
              "type": "node--answer",
              "id": "d03b8752-069b-4277-8942-0245d40b8bdf",
              "meta": { "drupal_internal__target_id": 1341 }
            },
            {
              "type": "node--answer",
              "id": "ad5bdf6f-5f7b-43e3-bb54-21cb76544e35",
              "meta": { "drupal_internal__target_id": 1346 }
            },
            {
              "type": "node--answer",
              "id": "d5c293c7-e457-4fa8-8403-6ee9c865ce68",
              "meta": { "drupal_internal__target_id": 1351 }
            }
          ],
          "links": {
            "related": {
              "href": "https://prodh2cueemw.main.acsf.baywsf.com/jsonapi/node/question/59ed2949-6982-49cf-8c94-527d33824b0f/field_answer?resourceVersion=id%3A64536"
            },
            "self": {
              "href": "https://prodh2cueemw.main.acsf.baywsf.com/jsonapi/node/question/59ed2949-6982-49cf-8c94-527d33824b0f/relationships/field_answer?resourceVersion=id%3A64536"
            }
          }
        },
        "field_correct": {
          "data": [],
          "links": {
            "related": {
              "href": "https://prodh2cueemw.main.acsf.baywsf.com/jsonapi/node/question/59ed2949-6982-49cf-8c94-527d33824b0f/field_correct?resourceVersion=id%3A64536"
            },
            "self": {
              "href": "https://prodh2cueemw.main.acsf.baywsf.com/jsonapi/node/question/59ed2949-6982-49cf-8c94-527d33824b0f/relationships/field_correct?resourceVersion=id%3A64536"
            }
          }
        },
        "field_question_group": {
          "data": [],
          "links": {
            "related": {
              "href": "https://prodh2cueemw.main.acsf.baywsf.com/jsonapi/node/question/59ed2949-6982-49cf-8c94-527d33824b0f/field_question_group?resourceVersion=id%3A64536"
            },
            "self": {
              "href": "https://prodh2cueemw.main.acsf.baywsf.com/jsonapi/node/question/59ed2949-6982-49cf-8c94-527d33824b0f/relationships/field_question_group?resourceVersion=id%3A64536"
            }
          }
        }
      }
    },
    {
      "type": "node--question",
      "id": "fa06a6e8-ed29-44bc-812e-1a6add427c40",
      "links": {
        "self": {
          "href": "https://prodh2cueemw.main.acsf.baywsf.com/jsonapi/node/question/fa06a6e8-ed29-44bc-812e-1a6add427c40?resourceVersion=id%3A64566"
        }
      },
      "attributes": {
        "drupal_internal__nid": 1381,
        "drupal_internal__vid": 64566,
        "langcode": "it",
        "revision_timestamp": "2023-04-18T13:09:44+00:00",
        "revision_log": null,
        "status": true,
        "title": "Quanti anni ha la persona con mal di gola?",
        "created": "2023-04-18T13:09:44+00:00",
        "changed": "2023-04-18T13:20:57+00:00",
        "promote": false,
        "sticky": false,
        "default_langcode": true,
        "revision_translation_affected": true,
        "moderation_state": null,
        "metatag": null,
        "path": { "alias": null, "pid": null, "langcode": "it" },
        "private": false,
        "field_metatags": null,
        "content_translation_source": "und",
        "content_translation_outdated": false,
        "published_at": "2023-04-18T13:10:11+00:00",
        "field_error": null,
        "field_explanation": null,
        "field_instruction": null,
        "field_references": null
      },
      "relationships": {
        "node_type": {
          "data": {
            "type": "node_type--node_type",
            "id": "b36305cf-d6a4-4b58-94fd-9bd56dc48d0a",
            "meta": { "drupal_internal__target_id": "question" }
          },
          "links": {
            "related": {
              "href": "https://prodh2cueemw.main.acsf.baywsf.com/jsonapi/node/question/fa06a6e8-ed29-44bc-812e-1a6add427c40/node_type?resourceVersion=id%3A64566"
            },
            "self": {
              "href": "https://prodh2cueemw.main.acsf.baywsf.com/jsonapi/node/question/fa06a6e8-ed29-44bc-812e-1a6add427c40/relationships/node_type?resourceVersion=id%3A64566"
            }
          }
        },
        "revision_uid": {
          "data": {
            "type": "user--user",
            "id": "4f8a4079-386c-4b93-b029-aa9dac8e6430",
            "meta": { "drupal_internal__target_id": 3091 }
          },
          "links": {
            "related": {
              "href": "https://prodh2cueemw.main.acsf.baywsf.com/jsonapi/node/question/fa06a6e8-ed29-44bc-812e-1a6add427c40/revision_uid?resourceVersion=id%3A64566"
            },
            "self": {
              "href": "https://prodh2cueemw.main.acsf.baywsf.com/jsonapi/node/question/fa06a6e8-ed29-44bc-812e-1a6add427c40/relationships/revision_uid?resourceVersion=id%3A64566"
            }
          }
        },
        "uid": {
          "data": {
            "type": "user--user",
            "id": "4f8a4079-386c-4b93-b029-aa9dac8e6430",
            "meta": { "drupal_internal__target_id": 3091 }
          },
          "links": {
            "related": {
              "href": "https://prodh2cueemw.main.acsf.baywsf.com/jsonapi/node/question/fa06a6e8-ed29-44bc-812e-1a6add427c40/uid?resourceVersion=id%3A64566"
            },
            "self": {
              "href": "https://prodh2cueemw.main.acsf.baywsf.com/jsonapi/node/question/fa06a6e8-ed29-44bc-812e-1a6add427c40/relationships/uid?resourceVersion=id%3A64566"
            }
          }
        },
        "field_schema_json_ld_file": {
          "data": null,
          "links": {
            "related": {
              "href": "https://prodh2cueemw.main.acsf.baywsf.com/jsonapi/node/question/fa06a6e8-ed29-44bc-812e-1a6add427c40/field_schema_json_ld_file?resourceVersion=id%3A64566"
            },
            "self": {
              "href": "https://prodh2cueemw.main.acsf.baywsf.com/jsonapi/node/question/fa06a6e8-ed29-44bc-812e-1a6add427c40/relationships/field_schema_json_ld_file?resourceVersion=id%3A64566"
            }
          }
        },
        "field_actions": {
          "data": [],
          "links": {
            "related": {
              "href": "https://prodh2cueemw.main.acsf.baywsf.com/jsonapi/node/question/fa06a6e8-ed29-44bc-812e-1a6add427c40/field_actions?resourceVersion=id%3A64566"
            },
            "self": {
              "href": "https://prodh2cueemw.main.acsf.baywsf.com/jsonapi/node/question/fa06a6e8-ed29-44bc-812e-1a6add427c40/relationships/field_actions?resourceVersion=id%3A64566"
            }
          }
        },
        "field_answer": {
          "data": [
            {
              "type": "node--answer",
              "id": "65ebf05d-8ccc-4496-a1a4-14d150ecbffb",
              "meta": { "drupal_internal__target_id": 1376 }
            },
            {
              "type": "node--answer",
              "id": "d6e07a33-cae8-4db5-a0bd-66336bb3afb4",
              "meta": { "drupal_internal__target_id": 1386 }
            },
            {
              "type": "node--answer",
              "id": "90385c8b-e682-4f80-b1b4-bf2c88f9b74b",
              "meta": { "drupal_internal__target_id": 1391 }
            },
            {
              "type": "node--answer",
              "id": "18eb8c83-2525-474f-851a-57e0e1643896",
              "meta": { "drupal_internal__target_id": 1396 }
            }
          ],
          "links": {
            "related": {
              "href": "https://prodh2cueemw.main.acsf.baywsf.com/jsonapi/node/question/fa06a6e8-ed29-44bc-812e-1a6add427c40/field_answer?resourceVersion=id%3A64566"
            },
            "self": {
              "href": "https://prodh2cueemw.main.acsf.baywsf.com/jsonapi/node/question/fa06a6e8-ed29-44bc-812e-1a6add427c40/relationships/field_answer?resourceVersion=id%3A64566"
            }
          }
        },
        "field_correct": {
          "data": [],
          "links": {
            "related": {
              "href": "https://prodh2cueemw.main.acsf.baywsf.com/jsonapi/node/question/fa06a6e8-ed29-44bc-812e-1a6add427c40/field_correct?resourceVersion=id%3A64566"
            },
            "self": {
              "href": "https://prodh2cueemw.main.acsf.baywsf.com/jsonapi/node/question/fa06a6e8-ed29-44bc-812e-1a6add427c40/relationships/field_correct?resourceVersion=id%3A64566"
            }
          }
        },
        "field_question_group": {
          "data": [],
          "links": {
            "related": {
              "href": "https://prodh2cueemw.main.acsf.baywsf.com/jsonapi/node/question/fa06a6e8-ed29-44bc-812e-1a6add427c40/field_question_group?resourceVersion=id%3A64566"
            },
            "self": {
              "href": "https://prodh2cueemw.main.acsf.baywsf.com/jsonapi/node/question/fa06a6e8-ed29-44bc-812e-1a6add427c40/relationships/field_question_group?resourceVersion=id%3A64566"
            }
          }
        }
      }
    },
    {
      "type": "node--question",
      "id": "1ddfe1ee-8656-4bce-8aba-7219928a539f",
      "links": {
        "self": {
          "href": "https://prodh2cueemw.main.acsf.baywsf.com/jsonapi/node/question/1ddfe1ee-8656-4bce-8aba-7219928a539f?resourceVersion=id%3A64611"
        }
      },
      "attributes": {
        "drupal_internal__nid": 1411,
        "drupal_internal__vid": 64611,
        "langcode": "it",
        "revision_timestamp": "2023-04-18T13:50:11+00:00",
        "revision_log": null,
        "status": true,
        "title": "Quanto \u00e8 intenso il mal di gola?",
        "created": "2023-04-18T13:50:11+00:00",
        "changed": "2023-04-18T13:50:11+00:00",
        "promote": false,
        "sticky": false,
        "default_langcode": true,
        "revision_translation_affected": true,
        "moderation_state": null,
        "metatag": null,
        "path": { "alias": null, "pid": null, "langcode": "it" },
        "private": false,
        "field_metatags": null,
        "content_translation_source": "und",
        "content_translation_outdated": false,
        "published_at": "2023-04-18T13:50:11+00:00",
        "field_error": null,
        "field_explanation": null,
        "field_instruction": null,
        "field_references": null
      },
      "relationships": {
        "node_type": {
          "data": {
            "type": "node_type--node_type",
            "id": "b36305cf-d6a4-4b58-94fd-9bd56dc48d0a",
            "meta": { "drupal_internal__target_id": "question" }
          },
          "links": {
            "related": {
              "href": "https://prodh2cueemw.main.acsf.baywsf.com/jsonapi/node/question/1ddfe1ee-8656-4bce-8aba-7219928a539f/node_type?resourceVersion=id%3A64611"
            },
            "self": {
              "href": "https://prodh2cueemw.main.acsf.baywsf.com/jsonapi/node/question/1ddfe1ee-8656-4bce-8aba-7219928a539f/relationships/node_type?resourceVersion=id%3A64611"
            }
          }
        },
        "revision_uid": {
          "data": {
            "type": "user--user",
            "id": "4f8a4079-386c-4b93-b029-aa9dac8e6430",
            "meta": { "drupal_internal__target_id": 3091 }
          },
          "links": {
            "related": {
              "href": "https://prodh2cueemw.main.acsf.baywsf.com/jsonapi/node/question/1ddfe1ee-8656-4bce-8aba-7219928a539f/revision_uid?resourceVersion=id%3A64611"
            },
            "self": {
              "href": "https://prodh2cueemw.main.acsf.baywsf.com/jsonapi/node/question/1ddfe1ee-8656-4bce-8aba-7219928a539f/relationships/revision_uid?resourceVersion=id%3A64611"
            }
          }
        },
        "uid": {
          "data": {
            "type": "user--user",
            "id": "4f8a4079-386c-4b93-b029-aa9dac8e6430",
            "meta": { "drupal_internal__target_id": 3091 }
          },
          "links": {
            "related": {
              "href": "https://prodh2cueemw.main.acsf.baywsf.com/jsonapi/node/question/1ddfe1ee-8656-4bce-8aba-7219928a539f/uid?resourceVersion=id%3A64611"
            },
            "self": {
              "href": "https://prodh2cueemw.main.acsf.baywsf.com/jsonapi/node/question/1ddfe1ee-8656-4bce-8aba-7219928a539f/relationships/uid?resourceVersion=id%3A64611"
            }
          }
        },
        "field_schema_json_ld_file": {
          "data": null,
          "links": {
            "related": {
              "href": "https://prodh2cueemw.main.acsf.baywsf.com/jsonapi/node/question/1ddfe1ee-8656-4bce-8aba-7219928a539f/field_schema_json_ld_file?resourceVersion=id%3A64611"
            },
            "self": {
              "href": "https://prodh2cueemw.main.acsf.baywsf.com/jsonapi/node/question/1ddfe1ee-8656-4bce-8aba-7219928a539f/relationships/field_schema_json_ld_file?resourceVersion=id%3A64611"
            }
          }
        },
        "field_actions": {
          "data": [],
          "links": {
            "related": {
              "href": "https://prodh2cueemw.main.acsf.baywsf.com/jsonapi/node/question/1ddfe1ee-8656-4bce-8aba-7219928a539f/field_actions?resourceVersion=id%3A64611"
            },
            "self": {
              "href": "https://prodh2cueemw.main.acsf.baywsf.com/jsonapi/node/question/1ddfe1ee-8656-4bce-8aba-7219928a539f/relationships/field_actions?resourceVersion=id%3A64611"
            }
          }
        },
        "field_answer": {
          "data": [
            {
              "type": "node--answer",
              "id": "d184b71c-262b-42a8-bdac-0cf2b3849a40",
              "meta": { "drupal_internal__target_id": 1401 }
            },
            {
              "type": "node--answer",
              "id": "bfa0e4fe-dbe1-41ff-90b8-02121a7f16dc",
              "meta": { "drupal_internal__target_id": 1406 }
            }
          ],
          "links": {
            "related": {
              "href": "https://prodh2cueemw.main.acsf.baywsf.com/jsonapi/node/question/1ddfe1ee-8656-4bce-8aba-7219928a539f/field_answer?resourceVersion=id%3A64611"
            },
            "self": {
              "href": "https://prodh2cueemw.main.acsf.baywsf.com/jsonapi/node/question/1ddfe1ee-8656-4bce-8aba-7219928a539f/relationships/field_answer?resourceVersion=id%3A64611"
            }
          }
        },
        "field_correct": {
          "data": [],
          "links": {
            "related": {
              "href": "https://prodh2cueemw.main.acsf.baywsf.com/jsonapi/node/question/1ddfe1ee-8656-4bce-8aba-7219928a539f/field_correct?resourceVersion=id%3A64611"
            },
            "self": {
              "href": "https://prodh2cueemw.main.acsf.baywsf.com/jsonapi/node/question/1ddfe1ee-8656-4bce-8aba-7219928a539f/relationships/field_correct?resourceVersion=id%3A64611"
            }
          }
        },
        "field_question_group": {
          "data": [],
          "links": {
            "related": {
              "href": "https://prodh2cueemw.main.acsf.baywsf.com/jsonapi/node/question/1ddfe1ee-8656-4bce-8aba-7219928a539f/field_question_group?resourceVersion=id%3A64611"
            },
            "self": {
              "href": "https://prodh2cueemw.main.acsf.baywsf.com/jsonapi/node/question/1ddfe1ee-8656-4bce-8aba-7219928a539f/relationships/field_question_group?resourceVersion=id%3A64611"
            }
          }
        }
      }
    },
    {
      "type": "node--question",
      "id": "2af69368-b9a8-4f97-bc75-5c1bb99f43a1",
      "links": {
        "self": {
          "href": "https://prodh2cueemw.main.acsf.baywsf.com/jsonapi/node/question/2af69368-b9a8-4f97-bc75-5c1bb99f43a1?resourceVersion=id%3A64631"
        }
      },
      "attributes": {
        "drupal_internal__nid": 1426,
        "drupal_internal__vid": 64631,
        "langcode": "it",
        "revision_timestamp": "2023-04-18T16:30:05+00:00",
        "revision_log": null,
        "status": true,
        "title": "Quanto \u00e8 intenso il mal di gola?",
        "created": "2023-04-18T16:30:05+00:00",
        "changed": "2023-04-18T16:30:05+00:00",
        "promote": false,
        "sticky": false,
        "default_langcode": true,
        "revision_translation_affected": true,
        "moderation_state": null,
        "metatag": null,
        "path": { "alias": null, "pid": null, "langcode": "it" },
        "private": false,
        "field_metatags": null,
        "content_translation_source": "und",
        "content_translation_outdated": false,
        "published_at": "2023-04-18T16:31:01+00:00",
        "field_error": null,
        "field_explanation": null,
        "field_instruction": null,
        "field_references": null
      },
      "relationships": {
        "node_type": {
          "data": {
            "type": "node_type--node_type",
            "id": "b36305cf-d6a4-4b58-94fd-9bd56dc48d0a",
            "meta": { "drupal_internal__target_id": "question" }
          },
          "links": {
            "related": {
              "href": "https://prodh2cueemw.main.acsf.baywsf.com/jsonapi/node/question/2af69368-b9a8-4f97-bc75-5c1bb99f43a1/node_type?resourceVersion=id%3A64631"
            },
            "self": {
              "href": "https://prodh2cueemw.main.acsf.baywsf.com/jsonapi/node/question/2af69368-b9a8-4f97-bc75-5c1bb99f43a1/relationships/node_type?resourceVersion=id%3A64631"
            }
          }
        },
        "revision_uid": {
          "data": {
            "type": "user--user",
            "id": "4f8a4079-386c-4b93-b029-aa9dac8e6430",
            "meta": { "drupal_internal__target_id": 3091 }
          },
          "links": {
            "related": {
              "href": "https://prodh2cueemw.main.acsf.baywsf.com/jsonapi/node/question/2af69368-b9a8-4f97-bc75-5c1bb99f43a1/revision_uid?resourceVersion=id%3A64631"
            },
            "self": {
              "href": "https://prodh2cueemw.main.acsf.baywsf.com/jsonapi/node/question/2af69368-b9a8-4f97-bc75-5c1bb99f43a1/relationships/revision_uid?resourceVersion=id%3A64631"
            }
          }
        },
        "uid": {
          "data": {
            "type": "user--user",
            "id": "4f8a4079-386c-4b93-b029-aa9dac8e6430",
            "meta": { "drupal_internal__target_id": 3091 }
          },
          "links": {
            "related": {
              "href": "https://prodh2cueemw.main.acsf.baywsf.com/jsonapi/node/question/2af69368-b9a8-4f97-bc75-5c1bb99f43a1/uid?resourceVersion=id%3A64631"
            },
            "self": {
              "href": "https://prodh2cueemw.main.acsf.baywsf.com/jsonapi/node/question/2af69368-b9a8-4f97-bc75-5c1bb99f43a1/relationships/uid?resourceVersion=id%3A64631"
            }
          }
        },
        "field_schema_json_ld_file": {
          "data": null,
          "links": {
            "related": {
              "href": "https://prodh2cueemw.main.acsf.baywsf.com/jsonapi/node/question/2af69368-b9a8-4f97-bc75-5c1bb99f43a1/field_schema_json_ld_file?resourceVersion=id%3A64631"
            },
            "self": {
              "href": "https://prodh2cueemw.main.acsf.baywsf.com/jsonapi/node/question/2af69368-b9a8-4f97-bc75-5c1bb99f43a1/relationships/field_schema_json_ld_file?resourceVersion=id%3A64631"
            }
          }
        },
        "field_actions": {
          "data": [],
          "links": {
            "related": {
              "href": "https://prodh2cueemw.main.acsf.baywsf.com/jsonapi/node/question/2af69368-b9a8-4f97-bc75-5c1bb99f43a1/field_actions?resourceVersion=id%3A64631"
            },
            "self": {
              "href": "https://prodh2cueemw.main.acsf.baywsf.com/jsonapi/node/question/2af69368-b9a8-4f97-bc75-5c1bb99f43a1/relationships/field_actions?resourceVersion=id%3A64631"
            }
          }
        },
        "field_answer": {
          "data": [
            {
              "type": "node--answer",
              "id": "1fd47985-1521-4bd2-8c15-fcd40368bdf0",
              "meta": { "drupal_internal__target_id": 1416 }
            },
            {
              "type": "node--answer",
              "id": "c51cbc3e-bc70-44a3-b829-3e9c7ffda984",
              "meta": { "drupal_internal__target_id": 1421 }
            }
          ],
          "links": {
            "related": {
              "href": "https://prodh2cueemw.main.acsf.baywsf.com/jsonapi/node/question/2af69368-b9a8-4f97-bc75-5c1bb99f43a1/field_answer?resourceVersion=id%3A64631"
            },
            "self": {
              "href": "https://prodh2cueemw.main.acsf.baywsf.com/jsonapi/node/question/2af69368-b9a8-4f97-bc75-5c1bb99f43a1/relationships/field_answer?resourceVersion=id%3A64631"
            }
          }
        },
        "field_correct": {
          "data": [],
          "links": {
            "related": {
              "href": "https://prodh2cueemw.main.acsf.baywsf.com/jsonapi/node/question/2af69368-b9a8-4f97-bc75-5c1bb99f43a1/field_correct?resourceVersion=id%3A64631"
            },
            "self": {
              "href": "https://prodh2cueemw.main.acsf.baywsf.com/jsonapi/node/question/2af69368-b9a8-4f97-bc75-5c1bb99f43a1/relationships/field_correct?resourceVersion=id%3A64631"
            }
          }
        },
        "field_question_group": {
          "data": [],
          "links": {
            "related": {
              "href": "https://prodh2cueemw.main.acsf.baywsf.com/jsonapi/node/question/2af69368-b9a8-4f97-bc75-5c1bb99f43a1/field_question_group?resourceVersion=id%3A64631"
            },
            "self": {
              "href": "https://prodh2cueemw.main.acsf.baywsf.com/jsonapi/node/question/2af69368-b9a8-4f97-bc75-5c1bb99f43a1/relationships/field_question_group?resourceVersion=id%3A64631"
            }
          }
        }
      }
    },
    {
      "type": "node--question",
      "id": "6d114685-0dee-45c1-a906-686bc5d0e220",
      "links": {
        "self": {
          "href": "https://prodh2cueemw.main.acsf.baywsf.com/jsonapi/node/question/6d114685-0dee-45c1-a906-686bc5d0e220?resourceVersion=id%3A64676"
        }
      },
      "attributes": {
        "drupal_internal__nid": 1466,
        "drupal_internal__vid": 64676,
        "langcode": "it",
        "revision_timestamp": "2023-04-18T16:35:53+00:00",
        "revision_log": null,
        "status": true,
        "title": "Quanti anni ha la persona con dolore?",
        "created": "2023-04-18T16:35:53+00:00",
        "changed": "2023-04-18T16:35:53+00:00",
        "promote": false,
        "sticky": false,
        "default_langcode": true,
        "revision_translation_affected": true,
        "moderation_state": null,
        "metatag": null,
        "path": { "alias": null, "pid": null, "langcode": "it" },
        "private": false,
        "field_metatags": null,
        "content_translation_source": "und",
        "content_translation_outdated": false,
        "published_at": "2023-04-18T16:42:52+00:00",
        "field_error": null,
        "field_explanation": null,
        "field_instruction": null,
        "field_references": null
      },
      "relationships": {
        "node_type": {
          "data": {
            "type": "node_type--node_type",
            "id": "b36305cf-d6a4-4b58-94fd-9bd56dc48d0a",
            "meta": { "drupal_internal__target_id": "question" }
          },
          "links": {
            "related": {
              "href": "https://prodh2cueemw.main.acsf.baywsf.com/jsonapi/node/question/6d114685-0dee-45c1-a906-686bc5d0e220/node_type?resourceVersion=id%3A64676"
            },
            "self": {
              "href": "https://prodh2cueemw.main.acsf.baywsf.com/jsonapi/node/question/6d114685-0dee-45c1-a906-686bc5d0e220/relationships/node_type?resourceVersion=id%3A64676"
            }
          }
        },
        "revision_uid": {
          "data": {
            "type": "user--user",
            "id": "4f8a4079-386c-4b93-b029-aa9dac8e6430",
            "meta": { "drupal_internal__target_id": 3091 }
          },
          "links": {
            "related": {
              "href": "https://prodh2cueemw.main.acsf.baywsf.com/jsonapi/node/question/6d114685-0dee-45c1-a906-686bc5d0e220/revision_uid?resourceVersion=id%3A64676"
            },
            "self": {
              "href": "https://prodh2cueemw.main.acsf.baywsf.com/jsonapi/node/question/6d114685-0dee-45c1-a906-686bc5d0e220/relationships/revision_uid?resourceVersion=id%3A64676"
            }
          }
        },
        "uid": {
          "data": {
            "type": "user--user",
            "id": "4f8a4079-386c-4b93-b029-aa9dac8e6430",
            "meta": { "drupal_internal__target_id": 3091 }
          },
          "links": {
            "related": {
              "href": "https://prodh2cueemw.main.acsf.baywsf.com/jsonapi/node/question/6d114685-0dee-45c1-a906-686bc5d0e220/uid?resourceVersion=id%3A64676"
            },
            "self": {
              "href": "https://prodh2cueemw.main.acsf.baywsf.com/jsonapi/node/question/6d114685-0dee-45c1-a906-686bc5d0e220/relationships/uid?resourceVersion=id%3A64676"
            }
          }
        },
        "field_schema_json_ld_file": {
          "data": null,
          "links": {
            "related": {
              "href": "https://prodh2cueemw.main.acsf.baywsf.com/jsonapi/node/question/6d114685-0dee-45c1-a906-686bc5d0e220/field_schema_json_ld_file?resourceVersion=id%3A64676"
            },
            "self": {
              "href": "https://prodh2cueemw.main.acsf.baywsf.com/jsonapi/node/question/6d114685-0dee-45c1-a906-686bc5d0e220/relationships/field_schema_json_ld_file?resourceVersion=id%3A64676"
            }
          }
        },
        "field_actions": {
          "data": [],
          "links": {
            "related": {
              "href": "https://prodh2cueemw.main.acsf.baywsf.com/jsonapi/node/question/6d114685-0dee-45c1-a906-686bc5d0e220/field_actions?resourceVersion=id%3A64676"
            },
            "self": {
              "href": "https://prodh2cueemw.main.acsf.baywsf.com/jsonapi/node/question/6d114685-0dee-45c1-a906-686bc5d0e220/relationships/field_actions?resourceVersion=id%3A64676"
            }
          }
        },
        "field_answer": {
          "data": [
            {
              "type": "node--answer",
              "id": "b216a0d2-768e-45ad-9e4e-e5c16ec9f0ab",
              "meta": { "drupal_internal__target_id": 1456 }
            },
            {
              "type": "node--answer",
              "id": "a554b3fe-1e7a-4cbd-a051-83c66ef16f38",
              "meta": { "drupal_internal__target_id": 1461 }
            }
          ],
          "links": {
            "related": {
              "href": "https://prodh2cueemw.main.acsf.baywsf.com/jsonapi/node/question/6d114685-0dee-45c1-a906-686bc5d0e220/field_answer?resourceVersion=id%3A64676"
            },
            "self": {
              "href": "https://prodh2cueemw.main.acsf.baywsf.com/jsonapi/node/question/6d114685-0dee-45c1-a906-686bc5d0e220/relationships/field_answer?resourceVersion=id%3A64676"
            }
          }
        },
        "field_correct": {
          "data": [],
          "links": {
            "related": {
              "href": "https://prodh2cueemw.main.acsf.baywsf.com/jsonapi/node/question/6d114685-0dee-45c1-a906-686bc5d0e220/field_correct?resourceVersion=id%3A64676"
            },
            "self": {
              "href": "https://prodh2cueemw.main.acsf.baywsf.com/jsonapi/node/question/6d114685-0dee-45c1-a906-686bc5d0e220/relationships/field_correct?resourceVersion=id%3A64676"
            }
          }
        },
        "field_question_group": {
          "data": [],
          "links": {
            "related": {
              "href": "https://prodh2cueemw.main.acsf.baywsf.com/jsonapi/node/question/6d114685-0dee-45c1-a906-686bc5d0e220/field_question_group?resourceVersion=id%3A64676"
            },
            "self": {
              "href": "https://prodh2cueemw.main.acsf.baywsf.com/jsonapi/node/question/6d114685-0dee-45c1-a906-686bc5d0e220/relationships/field_question_group?resourceVersion=id%3A64676"
            }
          }
        }
      }
    },
    {
      "type": "node--question",
      "id": "c800cb5f-ce7d-445c-92f3-2d5fed250af5",
      "links": {
        "self": {
          "href": "https://prodh2cueemw.main.acsf.baywsf.com/jsonapi/node/question/c800cb5f-ce7d-445c-92f3-2d5fed250af5?resourceVersion=id%3A64681"
        }
      },
      "attributes": {
        "drupal_internal__nid": 1471,
        "drupal_internal__vid": 64681,
        "langcode": "it",
        "revision_timestamp": "2023-04-18T16:42:16+00:00",
        "revision_log": null,
        "status": true,
        "title": "Che caratteristiche ha il dolore?",
        "created": "2023-04-18T16:42:16+00:00",
        "changed": "2023-04-18T16:42:16+00:00",
        "promote": false,
        "sticky": false,
        "default_langcode": true,
        "revision_translation_affected": true,
        "moderation_state": null,
        "metatag": null,
        "path": { "alias": null, "pid": null, "langcode": "it" },
        "private": false,
        "field_metatags": null,
        "content_translation_source": "und",
        "content_translation_outdated": false,
        "published_at": "2023-04-18T16:42:52+00:00",
        "field_error": null,
        "field_explanation": null,
        "field_instruction": null,
        "field_references": null
      },
      "relationships": {
        "node_type": {
          "data": {
            "type": "node_type--node_type",
            "id": "b36305cf-d6a4-4b58-94fd-9bd56dc48d0a",
            "meta": { "drupal_internal__target_id": "question" }
          },
          "links": {
            "related": {
              "href": "https://prodh2cueemw.main.acsf.baywsf.com/jsonapi/node/question/c800cb5f-ce7d-445c-92f3-2d5fed250af5/node_type?resourceVersion=id%3A64681"
            },
            "self": {
              "href": "https://prodh2cueemw.main.acsf.baywsf.com/jsonapi/node/question/c800cb5f-ce7d-445c-92f3-2d5fed250af5/relationships/node_type?resourceVersion=id%3A64681"
            }
          }
        },
        "revision_uid": {
          "data": {
            "type": "user--user",
            "id": "4f8a4079-386c-4b93-b029-aa9dac8e6430",
            "meta": { "drupal_internal__target_id": 3091 }
          },
          "links": {
            "related": {
              "href": "https://prodh2cueemw.main.acsf.baywsf.com/jsonapi/node/question/c800cb5f-ce7d-445c-92f3-2d5fed250af5/revision_uid?resourceVersion=id%3A64681"
            },
            "self": {
              "href": "https://prodh2cueemw.main.acsf.baywsf.com/jsonapi/node/question/c800cb5f-ce7d-445c-92f3-2d5fed250af5/relationships/revision_uid?resourceVersion=id%3A64681"
            }
          }
        },
        "uid": {
          "data": {
            "type": "user--user",
            "id": "4f8a4079-386c-4b93-b029-aa9dac8e6430",
            "meta": { "drupal_internal__target_id": 3091 }
          },
          "links": {
            "related": {
              "href": "https://prodh2cueemw.main.acsf.baywsf.com/jsonapi/node/question/c800cb5f-ce7d-445c-92f3-2d5fed250af5/uid?resourceVersion=id%3A64681"
            },
            "self": {
              "href": "https://prodh2cueemw.main.acsf.baywsf.com/jsonapi/node/question/c800cb5f-ce7d-445c-92f3-2d5fed250af5/relationships/uid?resourceVersion=id%3A64681"
            }
          }
        },
        "field_schema_json_ld_file": {
          "data": null,
          "links": {
            "related": {
              "href": "https://prodh2cueemw.main.acsf.baywsf.com/jsonapi/node/question/c800cb5f-ce7d-445c-92f3-2d5fed250af5/field_schema_json_ld_file?resourceVersion=id%3A64681"
            },
            "self": {
              "href": "https://prodh2cueemw.main.acsf.baywsf.com/jsonapi/node/question/c800cb5f-ce7d-445c-92f3-2d5fed250af5/relationships/field_schema_json_ld_file?resourceVersion=id%3A64681"
            }
          }
        },
        "field_actions": {
          "data": [],
          "links": {
            "related": {
              "href": "https://prodh2cueemw.main.acsf.baywsf.com/jsonapi/node/question/c800cb5f-ce7d-445c-92f3-2d5fed250af5/field_actions?resourceVersion=id%3A64681"
            },
            "self": {
              "href": "https://prodh2cueemw.main.acsf.baywsf.com/jsonapi/node/question/c800cb5f-ce7d-445c-92f3-2d5fed250af5/relationships/field_actions?resourceVersion=id%3A64681"
            }
          }
        },
        "field_answer": {
          "data": [
            {
              "type": "node--answer",
              "id": "1c9f6a7d-7bea-4e26-84e3-013e4b82d5ce",
              "meta": { "drupal_internal__target_id": 1431 }
            },
            {
              "type": "node--answer",
              "id": "3c8fa271-6779-4a4a-b412-752a2bacbdad",
              "meta": { "drupal_internal__target_id": 1436 }
            },
            {
              "type": "node--answer",
              "id": "823c1698-5ff0-4902-909b-b4b0c7e4633f",
              "meta": { "drupal_internal__target_id": 1441 }
            },
            {
              "type": "node--answer",
              "id": "b184d2e5-4a34-4bf5-93f7-4b614dfcfa55",
              "meta": { "drupal_internal__target_id": 1446 }
            },
            {
              "type": "node--answer",
              "id": "4c650e7d-3a7b-425a-9302-763a36e5c1f8",
              "meta": { "drupal_internal__target_id": 1451 }
            }
          ],
          "links": {
            "related": {
              "href": "https://prodh2cueemw.main.acsf.baywsf.com/jsonapi/node/question/c800cb5f-ce7d-445c-92f3-2d5fed250af5/field_answer?resourceVersion=id%3A64681"
            },
            "self": {
              "href": "https://prodh2cueemw.main.acsf.baywsf.com/jsonapi/node/question/c800cb5f-ce7d-445c-92f3-2d5fed250af5/relationships/field_answer?resourceVersion=id%3A64681"
            }
          }
        },
        "field_correct": {
          "data": [],
          "links": {
            "related": {
              "href": "https://prodh2cueemw.main.acsf.baywsf.com/jsonapi/node/question/c800cb5f-ce7d-445c-92f3-2d5fed250af5/field_correct?resourceVersion=id%3A64681"
            },
            "self": {
              "href": "https://prodh2cueemw.main.acsf.baywsf.com/jsonapi/node/question/c800cb5f-ce7d-445c-92f3-2d5fed250af5/relationships/field_correct?resourceVersion=id%3A64681"
            }
          }
        },
        "field_question_group": {
          "data": [],
          "links": {
            "related": {
              "href": "https://prodh2cueemw.main.acsf.baywsf.com/jsonapi/node/question/c800cb5f-ce7d-445c-92f3-2d5fed250af5/field_question_group?resourceVersion=id%3A64681"
            },
            "self": {
              "href": "https://prodh2cueemw.main.acsf.baywsf.com/jsonapi/node/question/c800cb5f-ce7d-445c-92f3-2d5fed250af5/relationships/field_question_group?resourceVersion=id%3A64681"
            }
          }
        }
      }
    }
  ],
  "links": {
    "self": {
      "href": "https://prodh2cueemw.main.acsf.baywsf.com/jsonapi/node/quiz/710c1439-2fc7-4761-bc30-c5cf8efbee1a?include=field_quiz_question"
    }
  }
}
