{
  "jsonapi": {
    "version": "1.0",
    "meta": {
      "links": {
        "self": {
          "href": "http://jsonapi.org/format/1.0/"
        }
      }
    }
  },
  "data": {
    "type": "node--quiz",
    "id": "dddc13c9-0d51-4599-80f5-f101de60c1c9",
    "links": {
      "self": {
        "href": "https://prodnvbq7vbe.main-fe.acsf.baywsf.com/jsonapi/node/quiz/dddc13c9-0d51-4599-80f5-f101de60c1c9?resourceVersion=id%3A37736"
      }
    },
    "attributes": {
      "drupal_internal__nid": 1756,
      "drupal_internal__vid": 37736,
      "langcode": "de",
      "revision_timestamp": "2021-03-03T19:56:14+00:00",
      "revision_log": null,
      "status": true,
      "title": "Welcome to your personal Canesten® Symptom & Solution Advisor",
      "created": "2021-03-03T19:49:16+00:00",
      "changed": "2021-03-03T19:53:44+00:00",
      "promote": false,
      "sticky": false,
      "default_langcode": true,
      "revision_translation_affected": null,
      "moderation_state": "published",
      "metatag": null,
      "path": {
        "alias": null,
        "pid": null,
        "langcode": "de"
      },
      "private": false,
      "field_metatags": null,
      "content_translation_source": "und",
      "content_translation_outdated": false,
      "published_at": "2021-03-03T19:53:44+00:00",
      "field_disclaimer": {
        "value": "<p>Experiencing itching, discomfort and soreness? Wondering what it might be, or just want some information and treatment options?</p>\r\n\r\n<p>Click here to get started and to find some relief</p>\r\n\r\n<p>If you are under 18 or over 60, it is recommended you speak to your healthcare professional before continuing</p>",
        "format": "cohesion_without_glossify",
        "processed": "<p>Scheidenpilz ist weit verbreitet, aber was wissen Sie eigentlich darüber?</p>\n\n<p>Machen Sie das Wissensquiz und erfahren Sie, was Tatsachen und was nur Gerüchte sind.</p>\n"
      },
      "field_instruction": {
        "value": "<p>Ask your pharmacist - they must decide if this product is right for you. For medical advice or diagnosis see your doctor.</p>\r\n",
        "format": "cohesion_without_glossify",
        "processed": "<p>Ask your pharmacist - they must decide if this product is right for you. For medical advice or diagnosis see your doctor.</p>\n"
      },
      "field_quiz_type": "linear",
      "field_references": {
        "value": "<p>{ \"action\": \"LET'S GET STARTED\"}</p>\r\n",
        "format": "cohesion_without_glossify",
        "processed": "<p>{ \"action\": \"LET'S GET STARTED\"}</p>\n"
      }
    },
    "relationships": {
      "node_type": {
        "data": {
          "type": "node_type--node_type",
          "id": "b8ee70b9-b89a-4114-b160-93ff660932f5"
        },
        "links": {
          "related": {
            "href": "https://prodnvbq7vbe.main-fe.acsf.baywsf.com/jsonapi/node/quiz/dddc13c9-0d51-4599-80f5-f101de60c1c9/node_type?resourceVersion=id%3A37736"
          },
          "self": {
            "href": "https://prodnvbq7vbe.main-fe.acsf.baywsf.com/jsonapi/node/quiz/dddc13c9-0d51-4599-80f5-f101de60c1c9/relationships/node_type?resourceVersion=id%3A37736"
          }
        }
      },
      "revision_uid": {
        "data": {
          "type": "user--user",
          "id": "c48aba71-438d-44c8-a315-2803a8380004"
        },
        "links": {
          "related": {
            "href": "https://prodnvbq7vbe.main-fe.acsf.baywsf.com/jsonapi/node/quiz/dddc13c9-0d51-4599-80f5-f101de60c1c9/revision_uid?resourceVersion=id%3A37736"
          },
          "self": {
            "href": "https://prodnvbq7vbe.main-fe.acsf.baywsf.com/jsonapi/node/quiz/dddc13c9-0d51-4599-80f5-f101de60c1c9/relationships/revision_uid?resourceVersion=id%3A37736"
          }
        }
      },
      "uid": {
        "data": {
          "type": "user--user",
          "id": "c48aba71-438d-44c8-a315-2803a8380004"
        },
        "links": {
          "related": {
            "href": "https://prodnvbq7vbe.main-fe.acsf.baywsf.com/jsonapi/node/quiz/dddc13c9-0d51-4599-80f5-f101de60c1c9/uid?resourceVersion=id%3A37736"
          },
          "self": {
            "href": "https://prodnvbq7vbe.main-fe.acsf.baywsf.com/jsonapi/node/quiz/dddc13c9-0d51-4599-80f5-f101de60c1c9/relationships/uid?resourceVersion=id%3A37736"
          }
        }
      },
      "field_schema_json_ld_file": {
        "data": null,
        "links": {
          "related": {
            "href": "https://prodnvbq7vbe.main-fe.acsf.baywsf.com/jsonapi/node/quiz/dddc13c9-0d51-4599-80f5-f101de60c1c9/field_schema_json_ld_file?resourceVersion=id%3A37736"
          },
          "self": {
            "href": "https://prodnvbq7vbe.main-fe.acsf.baywsf.com/jsonapi/node/quiz/dddc13c9-0d51-4599-80f5-f101de60c1c9/relationships/field_schema_json_ld_file?resourceVersion=id%3A37736"
          }
        }
      },
      "field_actions": {
        "data": [
          {
            "type": "taxonomy_term--quiz_action",
            "id": "58135e11-9f25-4a47-bcef-70a912a92b72"
          }
        ],
        "links": {
          "related": {
            "href": "https://prodnvbq7vbe.main-fe.acsf.baywsf.com/jsonapi/node/quiz/dddc13c9-0d51-4599-80f5-f101de60c1c9/field_actions?resourceVersion=id%3A37736"
          },
          "self": {
            "href": "https://prodnvbq7vbe.main-fe.acsf.baywsf.com/jsonapi/node/quiz/dddc13c9-0d51-4599-80f5-f101de60c1c9/relationships/field_actions?resourceVersion=id%3A37736"
          }
        }
      },
      "field_quiz_question": {
        "data": [
          {
            "type": "node--question",
            "id": "149cc9a3-8907-4994-a37b-a661541bb15c"
          },
          {
            "type": "node--question",
            "id": "249989fd-3b1f-4ef5-bd30-c355277b9895"
          },
          {
            "type": "node--question",
            "id": "4884e25b-2c6e-4962-88ac-71d5e43c9df3"
          },
          {
            "type": "node--question",
            "id": "362b4653-32ea-4be8-991d-c48ab1653cd2"
          },
          {
            "type": "node--question",
            "id": "b6108a8f-a2c9-4b85-961f-64f33743e2f2"
          },
          {
            "type": "node--question",
            "id": "b6108a8f-a2c9-4b85-961f-64f33743e2f3"
          },
          {
            "type": "node--question",
            "id": "b6108a8f-a2c9-4b85-961f-64f33743e2f4"
          }
        ],
        "links": {
          "related": {
            "href": "https://prodnvbq7vbe.main-fe.acsf.baywsf.com/jsonapi/node/quiz/dddc13c9-0d51-4599-80f5-f101de60c1c9/field_quiz_question?resourceVersion=id%3A37736"
          },
          "self": {
            "href": "https://prodnvbq7vbe.main-fe.acsf.baywsf.com/jsonapi/node/quiz/dddc13c9-0d51-4599-80f5-f101de60c1c9/relationships/field_quiz_question?resourceVersion=id%3A37736"
          }
        }
      },
      "field_result": {
        "data": null,
        "links": {
          "related": {
            "href": "https://prodnvbq7vbe.main-fe.acsf.baywsf.com/jsonapi/node/quiz/dddc13c9-0d51-4599-80f5-f101de60c1c9/field_result?resourceVersion=id%3A37736"
          },
          "self": {
            "href": "https://prodnvbq7vbe.main-fe.acsf.baywsf.com/jsonapi/node/quiz/dddc13c9-0d51-4599-80f5-f101de60c1c9/relationships/field_result?resourceVersion=id%3A37736"
          }
        }
      }
    }
  },
  "links": {
    "self": {
      "href": "https://prodnvbq7vbe.main-fe.acsf.baywsf.com/jsonapi/node/quiz/dddc13c9-0d51-4599-80f5-f101de60c1c9"
    }
  }
}
