{
  "jsonapi": {
    "version": "1.0",
    "meta": {
      "links": { "self": { "href": "http://jsonapi.org/format/1.0/" } }
    }
  },
  "data": [
    {
      "type": "node--article",
      "id": "1dd5a4ae-0ca0-4437-9bc6-c6f11306bed4",
      "links": {
        "self": {
          "href": "https://prodgnx20sc9.main.acsf.baywsf.com/jsonapi/node/article/1dd5a4ae-0ca0-4437-9bc6-c6f11306bed4?resourceVersion=id%3A44756"
        }
      },
      "attributes": {
        "drupal_internal__nid": 236,
        "drupal_internal__vid": 44756,
        "langcode": "en",
        "revision_timestamp": "2022-10-22T19:51:32+00:00",
        "revision_log": null,
        "status": true,
        "title": "Heart Attack Symptoms \u0026 Warning Signs | Bayer\u00ae Aspirin",
        "created": "2020-01-17T04:11:34+00:00",
        "changed": "2022-10-22T19:51:32+00:00",
        "promote": false,
        "sticky": false,
        "default_langcode": true,
        "revision_translation_affected": true,
        "moderation_state": "published",
        "metatag": null,
        "path": {
          "alias": "/surviving-a-heart-attack/warning-signs-symptoms/heart-attack-symptoms",
          "pid": 531,
          "langcode": "en"
        },
        "private": false,
        "field_metatags": {
          "title": "Heart Attack Symptoms \u0026 Warning Signs | Bayer\u00ae Aspirin",
          "description": "Some heart attacks are sudden, but most start slowly. Find information on common heart attack symptoms, and find out what to do if you experience them."
        },
        "content_translation_source": "und",
        "content_translation_outdated": false,
        "published_at": "2020-03-03T08:20:52+00:00",
        "field_article_teaser_summary": {
          "value": "\u003Cp\u003EWhile some heart attacks are sudden, some start slowly. Find information on common heart attack symptoms, and find out what to do if you experience them.\u003C/p\u003E\r\n\r\n\u003Cp\u003E\u003Ca href=\u0022/surviving-a-heart-attack/warning-signs-symptoms/heart-attack-symptoms/\u0022\u003ESEE HEART ATTACK SYMPTOMS \u0026gt;\u003C/a\u003E\u003C/p\u003E\r\n",
          "format": "cohesion",
          "processed": "\u003Cp\u003EWhile some heart attacks are sudden, some start slowly. Find information on common heart attack symptoms, and find out what to do if you experience them.\u003C/p\u003E\n\n\u003Cp\u003E\u003Ca href=\u0022/surviving-a-heart-attack/warning-signs-symptoms/heart-attack-symptoms/\u0022\u003ESEE HEART ATTACK SYMPTOMS \u0026gt;\u003C/a\u003E\u003C/p\u003E\n"
        },
        "field_search_api_exclude_entity": false,
        "field_teaser_title": "What are the Most Common Heart Attack Symptoms?"
      },
      "relationships": {
        "node_type": {
          "data": {
            "type": "node_type--node_type",
            "id": "8d8f49a9-2792-48a2-91de-3f9c62c788db",
            "meta": { "drupal_internal__target_id": "article" }
          },
          "links": {
            "related": {
              "href": "https://prodgnx20sc9.main.acsf.baywsf.com/jsonapi/node/article/1dd5a4ae-0ca0-4437-9bc6-c6f11306bed4/node_type?resourceVersion=id%3A44756"
            },
            "self": {
              "href": "https://prodgnx20sc9.main.acsf.baywsf.com/jsonapi/node/article/1dd5a4ae-0ca0-4437-9bc6-c6f11306bed4/relationships/node_type?resourceVersion=id%3A44756"
            }
          }
        },
        "revision_uid": {
          "data": {
            "type": "user--user",
            "id": "058895fa-ad0e-4033-b829-077d59468c3d",
            "meta": { "drupal_internal__target_id": 2316 }
          },
          "links": {
            "related": {
              "href": "https://prodgnx20sc9.main.acsf.baywsf.com/jsonapi/node/article/1dd5a4ae-0ca0-4437-9bc6-c6f11306bed4/revision_uid?resourceVersion=id%3A44756"
            },
            "self": {
              "href": "https://prodgnx20sc9.main.acsf.baywsf.com/jsonapi/node/article/1dd5a4ae-0ca0-4437-9bc6-c6f11306bed4/relationships/revision_uid?resourceVersion=id%3A44756"
            }
          }
        },
        "uid": {
          "data": {
            "type": "user--user",
            "id": "ca58b0db-3606-4120-b56e-5b734072c9d7",
            "meta": { "drupal_internal__target_id": 0 }
          },
          "links": {
            "related": {
              "href": "https://prodgnx20sc9.main.acsf.baywsf.com/jsonapi/node/article/1dd5a4ae-0ca0-4437-9bc6-c6f11306bed4/uid?resourceVersion=id%3A44756"
            },
            "self": {
              "href": "https://prodgnx20sc9.main.acsf.baywsf.com/jsonapi/node/article/1dd5a4ae-0ca0-4437-9bc6-c6f11306bed4/relationships/uid?resourceVersion=id%3A44756"
            }
          }
        },
        "field_schema_json_ld_file": {
          "data": null,
          "links": {
            "related": {
              "href": "https://prodgnx20sc9.main.acsf.baywsf.com/jsonapi/node/article/1dd5a4ae-0ca0-4437-9bc6-c6f11306bed4/field_schema_json_ld_file?resourceVersion=id%3A44756"
            },
            "self": {
              "href": "https://prodgnx20sc9.main.acsf.baywsf.com/jsonapi/node/article/1dd5a4ae-0ca0-4437-9bc6-c6f11306bed4/relationships/field_schema_json_ld_file?resourceVersion=id%3A44756"
            }
          }
        },
        "audience_tag": {
          "data": {
            "type": "taxonomy_term--audience",
            "id": "b0ef5480-df1e-45d3-a61b-12bc57be205d",
            "meta": { "drupal_internal__target_id": 316 }
          },
          "links": {
            "related": {
              "href": "https://prodgnx20sc9.main.acsf.baywsf.com/jsonapi/node/article/1dd5a4ae-0ca0-4437-9bc6-c6f11306bed4/audience_tag?resourceVersion=id%3A44756"
            },
            "self": {
              "href": "https://prodgnx20sc9.main.acsf.baywsf.com/jsonapi/node/article/1dd5a4ae-0ca0-4437-9bc6-c6f11306bed4/relationships/audience_tag?resourceVersion=id%3A44756"
            }
          }
        },
        "field_article_product": {
          "data": [],
          "links": {
            "related": {
              "href": "https://prodgnx20sc9.main.acsf.baywsf.com/jsonapi/node/article/1dd5a4ae-0ca0-4437-9bc6-c6f11306bed4/field_article_product?resourceVersion=id%3A44756"
            },
            "self": {
              "href": "https://prodgnx20sc9.main.acsf.baywsf.com/jsonapi/node/article/1dd5a4ae-0ca0-4437-9bc6-c6f11306bed4/relationships/field_article_product?resourceVersion=id%3A44756"
            }
          }
        },
        "field_article_product_family": {
          "data": [],
          "links": {
            "related": {
              "href": "https://prodgnx20sc9.main.acsf.baywsf.com/jsonapi/node/article/1dd5a4ae-0ca0-4437-9bc6-c6f11306bed4/field_article_product_family?resourceVersion=id%3A44756"
            },
            "self": {
              "href": "https://prodgnx20sc9.main.acsf.baywsf.com/jsonapi/node/article/1dd5a4ae-0ca0-4437-9bc6-c6f11306bed4/relationships/field_article_product_family?resourceVersion=id%3A44756"
            }
          }
        },
        "field_article_product_type": {
          "data": [],
          "links": {
            "related": {
              "href": "https://prodgnx20sc9.main.acsf.baywsf.com/jsonapi/node/article/1dd5a4ae-0ca0-4437-9bc6-c6f11306bed4/field_article_product_type?resourceVersion=id%3A44756"
            },
            "self": {
              "href": "https://prodgnx20sc9.main.acsf.baywsf.com/jsonapi/node/article/1dd5a4ae-0ca0-4437-9bc6-c6f11306bed4/relationships/field_article_product_type?resourceVersion=id%3A44756"
            }
          }
        },
        "field_article_symptom": {
          "data": [],
          "links": {
            "related": {
              "href": "https://prodgnx20sc9.main.acsf.baywsf.com/jsonapi/node/article/1dd5a4ae-0ca0-4437-9bc6-c6f11306bed4/field_article_symptom?resourceVersion=id%3A44756"
            },
            "self": {
              "href": "https://prodgnx20sc9.main.acsf.baywsf.com/jsonapi/node/article/1dd5a4ae-0ca0-4437-9bc6-c6f11306bed4/relationships/field_article_symptom?resourceVersion=id%3A44756"
            }
          }
        },
        "field_article_topic": {
          "data": [],
          "links": {
            "related": {
              "href": "https://prodgnx20sc9.main.acsf.baywsf.com/jsonapi/node/article/1dd5a4ae-0ca0-4437-9bc6-c6f11306bed4/field_article_topic?resourceVersion=id%3A44756"
            },
            "self": {
              "href": "https://prodgnx20sc9.main.acsf.baywsf.com/jsonapi/node/article/1dd5a4ae-0ca0-4437-9bc6-c6f11306bed4/relationships/field_article_topic?resourceVersion=id%3A44756"
            }
          }
        },
        "field_hero_image": {
          "data": null,
          "links": {
            "related": {
              "href": "https://prodgnx20sc9.main.acsf.baywsf.com/jsonapi/node/article/1dd5a4ae-0ca0-4437-9bc6-c6f11306bed4/field_hero_image?resourceVersion=id%3A44756"
            },
            "self": {
              "href": "https://prodgnx20sc9.main.acsf.baywsf.com/jsonapi/node/article/1dd5a4ae-0ca0-4437-9bc6-c6f11306bed4/relationships/field_hero_image?resourceVersion=id%3A44756"
            }
          }
        },
        "field_layout": {
          "data": {
            "type": "cohesion_layout--cohesion_layout",
            "id": "c6e62eef-45ee-40cb-9279-789aa6701502",
            "meta": {
              "target_revision_id": 28106,
              "drupal_internal__target_id": 241
            }
          },
          "links": {
            "related": {
              "href": "https://prodgnx20sc9.main.acsf.baywsf.com/jsonapi/node/article/1dd5a4ae-0ca0-4437-9bc6-c6f11306bed4/field_layout?resourceVersion=id%3A44756"
            },
            "self": {
              "href": "https://prodgnx20sc9.main.acsf.baywsf.com/jsonapi/node/article/1dd5a4ae-0ca0-4437-9bc6-c6f11306bed4/relationships/field_layout?resourceVersion=id%3A44756"
            }
          }
        },
        "field_teaser_image": {
          "data": {
            "type": "file--file",
            "id": "dad1d02c-2a12-4fbf-ba9e-a53a053dbce9",
            "meta": {
              "alt": "a man grimacing while clenching his heart",
              "title": "a man grimacing while clenching his heart",
              "width": 595,
              "height": 321,
              "drupal_internal__target_id": 1131
            }
          },
          "links": {
            "related": {
              "href": "https://prodgnx20sc9.main.acsf.baywsf.com/jsonapi/node/article/1dd5a4ae-0ca0-4437-9bc6-c6f11306bed4/field_teaser_image?resourceVersion=id%3A44756"
            },
            "self": {
              "href": "https://prodgnx20sc9.main.acsf.baywsf.com/jsonapi/node/article/1dd5a4ae-0ca0-4437-9bc6-c6f11306bed4/relationships/field_teaser_image?resourceVersion=id%3A44756"
            }
          }
        }
      }
    }
  ],
  "included": [
    {
      "type": "file--file",
      "id": "dad1d02c-2a12-4fbf-ba9e-a53a053dbce9",
      "links": {
        "self": {
          "href": "https://prodgnx20sc9.main.acsf.baywsf.com/jsonapi/file/file/dad1d02c-2a12-4fbf-ba9e-a53a053dbce9"
        }
      },
      "attributes": {
        "drupal_internal__fid": 1131,
        "langcode": "en",
        "filename": "thumb-article-heartattacksymptoms-fs-md.jpg",
        "uri": {
          "value": "public://2020-01/thumb-article-heartattacksymptoms-fs-md.jpg",
          "url": "/sites/g/files/vrxlpx32096/files/2020-01/thumb-article-heartattacksymptoms-fs-md.jpg"
        },
        "filemime": "image/jpeg",
        "filesize": 93946,
        "status": true,
        "created": "2020-01-17T04:14:59+00:00",
        "changed": "2020-01-17T04:20:56+00:00"
      },
      "relationships": {
        "uid": {
          "data": {
            "type": "user--user",
            "id": "missing",
            "meta": {
              "links": {
                "help": {
                  "href": "https://www.drupal.org/docs/8/modules/json-api/core-concepts#missing",
                  "meta": {
                    "about": "Usage and meaning of the \u0027missing\u0027 resource identifier."
                  }
                }
              }
            }
          },
          "links": {
            "related": {
              "href": "https://prodgnx20sc9.main.acsf.baywsf.com/jsonapi/file/file/dad1d02c-2a12-4fbf-ba9e-a53a053dbce9/uid"
            },
            "self": {
              "href": "https://prodgnx20sc9.main.acsf.baywsf.com/jsonapi/file/file/dad1d02c-2a12-4fbf-ba9e-a53a053dbce9/relationships/uid"
            }
          }
        }
      }
    }
  ],
  "links": {
    "self": {
      "href": "https://prodgnx20sc9.main.acsf.baywsf.com/jsonapi/node/article?filter%5Bdrupal_internal__nid%5D=236\u0026include=field_teaser_image"
    }
  }
}
