{
  "jsonapi": {
    "version": "1.0",
    "meta": {
      "links": { "self": { "href": "http://jsonapi.org/format/1.0/" } }
    }
  },
  "data": {
    "type": "node--question",
    "id": "a9b60ee1-f312-4f8e-856d-0d936959186a",
    "links": {
      "self": {
        "href": "https://prodkfk4xebh.main-fe.acsf.baywsf.com/jsonapi/node/question/a9b60ee1-f312-4f8e-856d-0d936959186a?resourceVersion=id%3A18401"
      }
    },
    "attributes": {
      "drupal_internal__nid": 486,
      "drupal_internal__vid": 18401,
      "langcode": "fi",
      "revision_timestamp": "2023-04-27T12:23:42+00:00",
      "revision_log": null,
      "status": true,
      "title": "Kest\u00e4v\u00e4tk\u00f6 kuukautisesi pitk\u00e4\u00e4n tai tulevatko ne tihe\u00e4sti tai ep\u00e4s\u00e4\u00e4nn\u00f6llisesti?  ",
      "created": "2023-04-27T11:24:30+00:00",
      "changed": "2023-04-27T11:24:30+00:00",
      "promote": false,
      "sticky": false,
      "default_langcode": false,
      "revision_translation_affected": null,
      "moderation_state": null,
      "metatag": null,
      "path": { "alias": null, "pid": null, "langcode": "fi" },
      "private": false,
      "field_metatags": null,
      "last_updated_date": "2020-07-09",
      "field_subheading": null,
      "content_translation_source": "en",
      "content_translation_outdated": false,
      "field_error": null,
      "field_explanation": null,
      "field_instruction": null,
      "field_references": null
    },
    "relationships": {
      "node_type": {
        "data": {
          "type": "node_type--node_type",
          "id": "c1c3cb29-16e3-4e33-9c1c-b0224aec1721",
          "meta": { "drupal_internal__target_id": "question" }
        },
        "links": {
          "related": {
            "href": "https://prodkfk4xebh.main-fe.acsf.baywsf.com/jsonapi/node/question/a9b60ee1-f312-4f8e-856d-0d936959186a/node_type?resourceVersion=id%3A18401"
          },
          "self": {
            "href": "https://prodkfk4xebh.main-fe.acsf.baywsf.com/jsonapi/node/question/a9b60ee1-f312-4f8e-856d-0d936959186a/relationships/node_type?resourceVersion=id%3A18401"
          }
        }
      },
      "revision_uid": {
        "data": {
          "type": "user--user",
          "id": "bf7f35fc-e8b6-40f6-985b-e6c269775300",
          "meta": { "drupal_internal__target_id": 11071 }
        },
        "links": {
          "related": {
            "href": "https://prodkfk4xebh.main-fe.acsf.baywsf.com/jsonapi/node/question/a9b60ee1-f312-4f8e-856d-0d936959186a/revision_uid?resourceVersion=id%3A18401"
          },
          "self": {
            "href": "https://prodkfk4xebh.main-fe.acsf.baywsf.com/jsonapi/node/question/a9b60ee1-f312-4f8e-856d-0d936959186a/relationships/revision_uid?resourceVersion=id%3A18401"
          }
        }
      },
      "uid": {
        "data": {
          "type": "user--user",
          "id": "bf7f35fc-e8b6-40f6-985b-e6c269775300",
          "meta": { "drupal_internal__target_id": 11071 }
        },
        "links": {
          "related": {
            "href": "https://prodkfk4xebh.main-fe.acsf.baywsf.com/jsonapi/node/question/a9b60ee1-f312-4f8e-856d-0d936959186a/uid?resourceVersion=id%3A18401"
          },
          "self": {
            "href": "https://prodkfk4xebh.main-fe.acsf.baywsf.com/jsonapi/node/question/a9b60ee1-f312-4f8e-856d-0d936959186a/relationships/uid?resourceVersion=id%3A18401"
          }
        }
      },
      "field_related_indication": {
        "data": [],
        "links": {
          "related": {
            "href": "https://prodkfk4xebh.main-fe.acsf.baywsf.com/jsonapi/node/question/a9b60ee1-f312-4f8e-856d-0d936959186a/field_related_indication?resourceVersion=id%3A18401"
          },
          "self": {
            "href": "https://prodkfk4xebh.main-fe.acsf.baywsf.com/jsonapi/node/question/a9b60ee1-f312-4f8e-856d-0d936959186a/relationships/field_related_indication?resourceVersion=id%3A18401"
          }
        }
      },
      "audience_tag": {
        "data": {
          "type": "taxonomy_term--audience",
          "id": "b7b175de-17ed-49f3-a8de-204b01b37fe3",
          "meta": { "drupal_internal__target_id": 1 }
        },
        "links": {
          "related": {
            "href": "https://prodkfk4xebh.main-fe.acsf.baywsf.com/jsonapi/node/question/a9b60ee1-f312-4f8e-856d-0d936959186a/audience_tag?resourceVersion=id%3A18401"
          },
          "self": {
            "href": "https://prodkfk4xebh.main-fe.acsf.baywsf.com/jsonapi/node/question/a9b60ee1-f312-4f8e-856d-0d936959186a/relationships/audience_tag?resourceVersion=id%3A18401"
          }
        }
      },
      "related_webform": {
        "data": null,
        "links": {
          "related": {
            "href": "https://prodkfk4xebh.main-fe.acsf.baywsf.com/jsonapi/node/question/a9b60ee1-f312-4f8e-856d-0d936959186a/related_webform?resourceVersion=id%3A18401"
          },
          "self": {
            "href": "https://prodkfk4xebh.main-fe.acsf.baywsf.com/jsonapi/node/question/a9b60ee1-f312-4f8e-856d-0d936959186a/relationships/related_webform?resourceVersion=id%3A18401"
          }
        }
      },
      "field_actions": {
        "data": [],
        "links": {
          "related": {
            "href": "https://prodkfk4xebh.main-fe.acsf.baywsf.com/jsonapi/node/question/a9b60ee1-f312-4f8e-856d-0d936959186a/field_actions?resourceVersion=id%3A18401"
          },
          "self": {
            "href": "https://prodkfk4xebh.main-fe.acsf.baywsf.com/jsonapi/node/question/a9b60ee1-f312-4f8e-856d-0d936959186a/relationships/field_actions?resourceVersion=id%3A18401"
          }
        }
      },
      "field_answer": {
        "data": [
          {
            "type": "node--answer",
            "id": "8b28b272-1f80-43fe-b0ac-0210b05cd274",
            "meta": { "drupal_internal__target_id": 476 }
          },
          {
            "type": "node--answer",
            "id": "d5eea94f-8df8-40f1-bebd-653f68c09405",
            "meta": { "drupal_internal__target_id": 481 }
          }
        ],
        "links": {
          "related": {
            "href": "https://prodkfk4xebh.main-fe.acsf.baywsf.com/jsonapi/node/question/a9b60ee1-f312-4f8e-856d-0d936959186a/field_answer?resourceVersion=id%3A18401"
          },
          "self": {
            "href": "https://prodkfk4xebh.main-fe.acsf.baywsf.com/jsonapi/node/question/a9b60ee1-f312-4f8e-856d-0d936959186a/relationships/field_answer?resourceVersion=id%3A18401"
          }
        }
      },
      "field_correct": {
        "data": [
          {
            "type": "node--answer",
            "id": "8b28b272-1f80-43fe-b0ac-0210b05cd274",
            "meta": { "drupal_internal__target_id": 1046 }
          }
        ],
        "links": {
          "related": {
            "href": "https://prodkfk4xebh.main-fe.acsf.baywsf.com/jsonapi/node/question/a9b60ee1-f312-4f8e-856d-0d936959186a/field_correct?resourceVersion=id%3A18401"
          },
          "self": {
            "href": "https://prodkfk4xebh.main-fe.acsf.baywsf.com/jsonapi/node/question/a9b60ee1-f312-4f8e-856d-0d936959186a/relationships/field_correct?resourceVersion=id%3A18401"
          }
        }
      },
      "field_question_group": {
        "data": [],
        "links": {
          "related": {
            "href": "https://prodkfk4xebh.main-fe.acsf.baywsf.com/jsonapi/node/question/a9b60ee1-f312-4f8e-856d-0d936959186a/field_question_group?resourceVersion=id%3A18401"
          },
          "self": {
            "href": "https://prodkfk4xebh.main-fe.acsf.baywsf.com/jsonapi/node/question/a9b60ee1-f312-4f8e-856d-0d936959186a/relationships/field_question_group?resourceVersion=id%3A18401"
          }
        }
      }
    }
  },
  "included": [
    {
      "type": "node--answer",
      "id": "8b28b272-1f80-43fe-b0ac-0210b05cd274",
      "links": {
        "self": {
          "href": "https://prodkfk4xebh.main-fe.acsf.baywsf.com/jsonapi/node/answer/8b28b272-1f80-43fe-b0ac-0210b05cd274?resourceVersion=id%3A14356"
        }
      },
      "attributes": {
        "drupal_internal__nid": 476,
        "drupal_internal__vid": 14356,
        "langcode": "fi",
        "revision_timestamp": "2021-01-05T16:19:05+00:00",
        "revision_log": null,
        "status": true,
        "title": "Kyll\u00e4",
        "created": "2021-01-05T16:19:05+00:00",
        "changed": "2021-01-05T16:19:05+00:00",
        "promote": true,
        "sticky": false,
        "default_langcode": false,
        "revision_translation_affected": true,
        "moderation_state": null,
        "metatag": null,
        "path": { "alias": null, "pid": null, "langcode": "fi" },
        "private": false,
        "field_metatags": null,
        "last_updated_date": "2020-07-09",
        "field_subheading": null,
        "content_translation_source": "en",
        "content_translation_outdated": false,
        "field_answer_summary": null,
        "field_instruction": null
      },
      "relationships": {
        "node_type": {
          "data": {
            "type": "node_type--node_type",
            "id": "2f4d3cb1-0d20-4796-8e06-90249851c4a7",
            "meta": { "drupal_internal__target_id": "answer" }
          },
          "links": {
            "related": {
              "href": "https://prodkfk4xebh.main-fe.acsf.baywsf.com/jsonapi/node/answer/8b28b272-1f80-43fe-b0ac-0210b05cd274/node_type?resourceVersion=id%3A14356"
            },
            "self": {
              "href": "https://prodkfk4xebh.main-fe.acsf.baywsf.com/jsonapi/node/answer/8b28b272-1f80-43fe-b0ac-0210b05cd274/relationships/node_type?resourceVersion=id%3A14356"
            }
          }
        },
        "revision_uid": {
          "data": {
            "type": "user--user",
            "id": "e7020aad-a07b-4c56-9480-741dd14ef7cd",
            "meta": { "drupal_internal__target_id": 2346 }
          },
          "links": {
            "related": {
              "href": "https://prodkfk4xebh.main-fe.acsf.baywsf.com/jsonapi/node/answer/8b28b272-1f80-43fe-b0ac-0210b05cd274/revision_uid?resourceVersion=id%3A14356"
            },
            "self": {
              "href": "https://prodkfk4xebh.main-fe.acsf.baywsf.com/jsonapi/node/answer/8b28b272-1f80-43fe-b0ac-0210b05cd274/relationships/revision_uid?resourceVersion=id%3A14356"
            }
          }
        },
        "uid": {
          "data": {
            "type": "user--user",
            "id": "e7020aad-a07b-4c56-9480-741dd14ef7cd",
            "meta": { "drupal_internal__target_id": 2346 }
          },
          "links": {
            "related": {
              "href": "https://prodkfk4xebh.main-fe.acsf.baywsf.com/jsonapi/node/answer/8b28b272-1f80-43fe-b0ac-0210b05cd274/uid?resourceVersion=id%3A14356"
            },
            "self": {
              "href": "https://prodkfk4xebh.main-fe.acsf.baywsf.com/jsonapi/node/answer/8b28b272-1f80-43fe-b0ac-0210b05cd274/relationships/uid?resourceVersion=id%3A14356"
            }
          }
        },
        "field_related_indication": {
          "data": [],
          "links": {
            "related": {
              "href": "https://prodkfk4xebh.main-fe.acsf.baywsf.com/jsonapi/node/answer/8b28b272-1f80-43fe-b0ac-0210b05cd274/field_related_indication?resourceVersion=id%3A14356"
            },
            "self": {
              "href": "https://prodkfk4xebh.main-fe.acsf.baywsf.com/jsonapi/node/answer/8b28b272-1f80-43fe-b0ac-0210b05cd274/relationships/field_related_indication?resourceVersion=id%3A14356"
            }
          }
        },
        "audience_tag": {
          "data": {
            "type": "taxonomy_term--audience",
            "id": "b7b175de-17ed-49f3-a8de-204b01b37fe3",
            "meta": { "drupal_internal__target_id": 1 }
          },
          "links": {
            "related": {
              "href": "https://prodkfk4xebh.main-fe.acsf.baywsf.com/jsonapi/node/answer/8b28b272-1f80-43fe-b0ac-0210b05cd274/audience_tag?resourceVersion=id%3A14356"
            },
            "self": {
              "href": "https://prodkfk4xebh.main-fe.acsf.baywsf.com/jsonapi/node/answer/8b28b272-1f80-43fe-b0ac-0210b05cd274/relationships/audience_tag?resourceVersion=id%3A14356"
            }
          }
        },
        "related_webform": {
          "data": null,
          "links": {
            "related": {
              "href": "https://prodkfk4xebh.main-fe.acsf.baywsf.com/jsonapi/node/answer/8b28b272-1f80-43fe-b0ac-0210b05cd274/related_webform?resourceVersion=id%3A14356"
            },
            "self": {
              "href": "https://prodkfk4xebh.main-fe.acsf.baywsf.com/jsonapi/node/answer/8b28b272-1f80-43fe-b0ac-0210b05cd274/relationships/related_webform?resourceVersion=id%3A14356"
            }
          }
        },
        "field_next_question": {
          "data": null,
          "links": {
            "related": {
              "href": "https://prodkfk4xebh.main-fe.acsf.baywsf.com/jsonapi/node/answer/8b28b272-1f80-43fe-b0ac-0210b05cd274/field_next_question?resourceVersion=id%3A14356"
            },
            "self": {
              "href": "https://prodkfk4xebh.main-fe.acsf.baywsf.com/jsonapi/node/answer/8b28b272-1f80-43fe-b0ac-0210b05cd274/relationships/field_next_question?resourceVersion=id%3A14356"
            }
          }
        },
        "field_result": {
          "data": null,
          "links": {
            "related": {
              "href": "https://prodkfk4xebh.main-fe.acsf.baywsf.com/jsonapi/node/answer/8b28b272-1f80-43fe-b0ac-0210b05cd274/field_result?resourceVersion=id%3A14356"
            },
            "self": {
              "href": "https://prodkfk4xebh.main-fe.acsf.baywsf.com/jsonapi/node/answer/8b28b272-1f80-43fe-b0ac-0210b05cd274/relationships/field_result?resourceVersion=id%3A14356"
            }
          }
        }
      }
    },
    {
      "type": "node--answer",
      "id": "d5eea94f-8df8-40f1-bebd-653f68c09405",
      "links": {
        "self": {
          "href": "https://prodkfk4xebh.main-fe.acsf.baywsf.com/jsonapi/node/answer/d5eea94f-8df8-40f1-bebd-653f68c09405?resourceVersion=id%3A14361"
        }
      },
      "attributes": {
        "drupal_internal__nid": 481,
        "drupal_internal__vid": 14361,
        "langcode": "fi",
        "revision_timestamp": "2021-01-05T16:19:59+00:00",
        "revision_log": null,
        "status": true,
        "title": "Ei",
        "created": "2021-01-05T16:19:59+00:00",
        "changed": "2021-01-05T16:19:59+00:00",
        "promote": true,
        "sticky": false,
        "default_langcode": false,
        "revision_translation_affected": true,
        "moderation_state": null,
        "metatag": null,
        "path": { "alias": null, "pid": null, "langcode": "fi" },
        "private": false,
        "field_metatags": null,
        "last_updated_date": "2020-07-09",
        "field_subheading": null,
        "content_translation_source": "en",
        "content_translation_outdated": false,
        "field_answer_summary": null,
        "field_instruction": null
      },
      "relationships": {
        "node_type": {
          "data": {
            "type": "node_type--node_type",
            "id": "2f4d3cb1-0d20-4796-8e06-90249851c4a7",
            "meta": { "drupal_internal__target_id": "answer" }
          },
          "links": {
            "related": {
              "href": "https://prodkfk4xebh.main-fe.acsf.baywsf.com/jsonapi/node/answer/d5eea94f-8df8-40f1-bebd-653f68c09405/node_type?resourceVersion=id%3A14361"
            },
            "self": {
              "href": "https://prodkfk4xebh.main-fe.acsf.baywsf.com/jsonapi/node/answer/d5eea94f-8df8-40f1-bebd-653f68c09405/relationships/node_type?resourceVersion=id%3A14361"
            }
          }
        },
        "revision_uid": {
          "data": {
            "type": "user--user",
            "id": "e7020aad-a07b-4c56-9480-741dd14ef7cd",
            "meta": { "drupal_internal__target_id": 2346 }
          },
          "links": {
            "related": {
              "href": "https://prodkfk4xebh.main-fe.acsf.baywsf.com/jsonapi/node/answer/d5eea94f-8df8-40f1-bebd-653f68c09405/revision_uid?resourceVersion=id%3A14361"
            },
            "self": {
              "href": "https://prodkfk4xebh.main-fe.acsf.baywsf.com/jsonapi/node/answer/d5eea94f-8df8-40f1-bebd-653f68c09405/relationships/revision_uid?resourceVersion=id%3A14361"
            }
          }
        },
        "uid": {
          "data": {
            "type": "user--user",
            "id": "e7020aad-a07b-4c56-9480-741dd14ef7cd",
            "meta": { "drupal_internal__target_id": 2346 }
          },
          "links": {
            "related": {
              "href": "https://prodkfk4xebh.main-fe.acsf.baywsf.com/jsonapi/node/answer/d5eea94f-8df8-40f1-bebd-653f68c09405/uid?resourceVersion=id%3A14361"
            },
            "self": {
              "href": "https://prodkfk4xebh.main-fe.acsf.baywsf.com/jsonapi/node/answer/d5eea94f-8df8-40f1-bebd-653f68c09405/relationships/uid?resourceVersion=id%3A14361"
            }
          }
        },
        "field_related_indication": {
          "data": [],
          "links": {
            "related": {
              "href": "https://prodkfk4xebh.main-fe.acsf.baywsf.com/jsonapi/node/answer/d5eea94f-8df8-40f1-bebd-653f68c09405/field_related_indication?resourceVersion=id%3A14361"
            },
            "self": {
              "href": "https://prodkfk4xebh.main-fe.acsf.baywsf.com/jsonapi/node/answer/d5eea94f-8df8-40f1-bebd-653f68c09405/relationships/field_related_indication?resourceVersion=id%3A14361"
            }
          }
        },
        "audience_tag": {
          "data": {
            "type": "taxonomy_term--audience",
            "id": "b7b175de-17ed-49f3-a8de-204b01b37fe3",
            "meta": { "drupal_internal__target_id": 1 }
          },
          "links": {
            "related": {
              "href": "https://prodkfk4xebh.main-fe.acsf.baywsf.com/jsonapi/node/answer/d5eea94f-8df8-40f1-bebd-653f68c09405/audience_tag?resourceVersion=id%3A14361"
            },
            "self": {
              "href": "https://prodkfk4xebh.main-fe.acsf.baywsf.com/jsonapi/node/answer/d5eea94f-8df8-40f1-bebd-653f68c09405/relationships/audience_tag?resourceVersion=id%3A14361"
            }
          }
        },
        "related_webform": {
          "data": null,
          "links": {
            "related": {
              "href": "https://prodkfk4xebh.main-fe.acsf.baywsf.com/jsonapi/node/answer/d5eea94f-8df8-40f1-bebd-653f68c09405/related_webform?resourceVersion=id%3A14361"
            },
            "self": {
              "href": "https://prodkfk4xebh.main-fe.acsf.baywsf.com/jsonapi/node/answer/d5eea94f-8df8-40f1-bebd-653f68c09405/relationships/related_webform?resourceVersion=id%3A14361"
            }
          }
        },
        "field_next_question": {
          "data": null,
          "links": {
            "related": {
              "href": "https://prodkfk4xebh.main-fe.acsf.baywsf.com/jsonapi/node/answer/d5eea94f-8df8-40f1-bebd-653f68c09405/field_next_question?resourceVersion=id%3A14361"
            },
            "self": {
              "href": "https://prodkfk4xebh.main-fe.acsf.baywsf.com/jsonapi/node/answer/d5eea94f-8df8-40f1-bebd-653f68c09405/relationships/field_next_question?resourceVersion=id%3A14361"
            }
          }
        },
        "field_result": {
          "data": {
            "type": "node--result",
            "id": "e831c9c7-3a2c-4dc5-8c16-67f25e232d8d"
          },
          "links": {
            "related": {
              "href": "https://prodkfk4xebh.main-fe.acsf.baywsf.com/jsonapi/node/answer/d5eea94f-8df8-40f1-bebd-653f68c09405/field_result?resourceVersion=id%3A14361"
            },
            "self": {
              "href": "https://prodkfk4xebh.main-fe.acsf.baywsf.com/jsonapi/node/answer/d5eea94f-8df8-40f1-bebd-653f68c09405/relationships/field_result?resourceVersion=id%3A14361"
            }
          }
        }
      }
    }
  ],
  "links": {
    "self": {
      "href": "https://prodkfk4xebh.main-fe.acsf.baywsf.com/jsonapi/node/question/a9b60ee1-f312-4f8e-856d-0d936959186a?include=field_answer%2Cfield_actions"
    }
  }
}
