{
  "jsonapi": {
    "version": "1.0",
    "meta": {
      "links": { "self": { "href": "http://jsonapi.org/format/1.0/" } }
    }
  },
  "data": [
    {
      "type": "node--result",
      "id": "79afc677-1f4c-4cc9-beb6-6b1184c96080",
      "links": {
        "self": {
          "href": "https://prodgnx20sc9.main.acsf.baywsf.com/jsonapi/node/result/79afc677-1f4c-4cc9-beb6-6b1184c96080?resourceVersion=id%3A45046"
        }
      },
      "attributes": {
        "drupal_internal__nid": 1151,
        "drupal_internal__vid": 45046,
        "langcode": "en",
        "revision_timestamp": "2022-10-27T01:01:02+00:00",
        "revision_log": null,
        "status": true,
        "title": "AVERAGE_RISK",
        "created": "2022-10-26T21:37:09+00:00",
        "changed": "2022-10-27T01:01:02+00:00",
        "promote": false,
        "sticky": false,
        "default_langcode": true,
        "revision_translation_affected": true,
        "moderation_state": null,
        "metatag": null,
        "path": { "alias": null, "pid": null, "langcode": "en" },
        "private": false,
        "field_metatags": null,
        "content_translation_source": "und",
        "content_translation_outdated": false,
        "published_at": "2022-10-26T21:37:09+00:00",
        "field_error": null,
        "field_instruction": {
          "value": "\u003Cp\u003E{\u0022articles\u0022:[{\u0022titleContent\u0022:\u0022The benefits of aspirin therapy (regimen)\u0022, \u0022readMoreLink\u0022:\u0022/heart-health/heart-attack-prevention/benefits-of-aspirin-therapy/\u0022, \u0022imageURL\u0022:\u0022/sites/g/files/vrxlpx32096/files/styles/mobile_575xauto/public/2020-01/thumb-article-aspirinregimen-fs-md.jpg?itok=UcRlNUnp\u0022}, {\u0022titleContent\u0022:\u0022How aspirin could help save your life during a suspected heart attack\u0022, \u0022readMoreLink\u0022:\u0022/surviving-a-heart-attack/aspirin-during-heart-attack/\u0022, \u0022imageURL\u0022:\u0022/sites/g/files/vrxlpx32096/files/styles/desktop_1000xauto/public/2020-01/aspirin-hero.png?itok=qJxXobAv\u0022}, {\u0022titleContent\u0022:\u0022A glossary of heart health terms\u0022, \u0022readMoreLink\u0022:\u0022/heart-health/doctor/heart-health-terms/\u0022, \u0022imageURL\u0022:\u0022/sites/g/files/vrxlpx32096/files/styles/mobile_575xauto/public/2020-01/article-heartterms-screen-md.jpg?itok=ZsTmwVGX\u0022}]}\u003C/p\u003E\r\n",
          "format": "cohesion_without_glossify",
          "processed": "\u003Cp\u003E{\u0022articles\u0022:[{\u0022titleContent\u0022:\u0022The benefits of aspirin therapy (regimen)\u0022, \u0022readMoreLink\u0022:\u0022/heart-health/heart-attack-prevention/benefits-of-aspirin-therapy/\u0022, \u0022imageURL\u0022:\u0022/sites/g/files/vrxlpx32096/files/styles/mobile_575xauto/public/2020-01/thumb-article-aspirinregimen-fs-md.jpg?itok=UcRlNUnp\u0022}, {\u0022titleContent\u0022:\u0022How aspirin could help save your life during a suspected heart attack\u0022, \u0022readMoreLink\u0022:\u0022/surviving-a-heart-attack/aspirin-during-heart-attack/\u0022, \u0022imageURL\u0022:\u0022/sites/g/files/vrxlpx32096/files/styles/desktop_1000xauto/public/2020-01/aspirin-hero.png?itok=qJxXobAv\u0022}, {\u0022titleContent\u0022:\u0022A glossary of heart health terms\u0022, \u0022readMoreLink\u0022:\u0022/heart-health/doctor/heart-health-terms/\u0022, \u0022imageURL\u0022:\u0022/sites/g/files/vrxlpx32096/files/styles/mobile_575xauto/public/2020-01/article-heartterms-screen-md.jpg?itok=ZsTmwVGX\u0022}]}\u003C/p\u003E\n"
        },
        "field_references": null
      },
      "relationships": {
        "node_type": {
          "data": {
            "type": "node_type--node_type",
            "id": "180a987f-32e3-45ba-9b10-01b528fe30ca",
            "meta": { "drupal_internal__target_id": "result" }
          },
          "links": {
            "related": {
              "href": "https://prodgnx20sc9.main.acsf.baywsf.com/jsonapi/node/result/79afc677-1f4c-4cc9-beb6-6b1184c96080/node_type?resourceVersion=id%3A45046"
            },
            "self": {
              "href": "https://prodgnx20sc9.main.acsf.baywsf.com/jsonapi/node/result/79afc677-1f4c-4cc9-beb6-6b1184c96080/relationships/node_type?resourceVersion=id%3A45046"
            }
          }
        },
        "revision_uid": {
          "data": {
            "type": "user--user",
            "id": "058895fa-ad0e-4033-b829-077d59468c3d",
            "meta": { "drupal_internal__target_id": 2316 }
          },
          "links": {
            "related": {
              "href": "https://prodgnx20sc9.main.acsf.baywsf.com/jsonapi/node/result/79afc677-1f4c-4cc9-beb6-6b1184c96080/revision_uid?resourceVersion=id%3A45046"
            },
            "self": {
              "href": "https://prodgnx20sc9.main.acsf.baywsf.com/jsonapi/node/result/79afc677-1f4c-4cc9-beb6-6b1184c96080/relationships/revision_uid?resourceVersion=id%3A45046"
            }
          }
        },
        "uid": {
          "data": {
            "type": "user--user",
            "id": "058895fa-ad0e-4033-b829-077d59468c3d",
            "meta": { "drupal_internal__target_id": 2316 }
          },
          "links": {
            "related": {
              "href": "https://prodgnx20sc9.main.acsf.baywsf.com/jsonapi/node/result/79afc677-1f4c-4cc9-beb6-6b1184c96080/uid?resourceVersion=id%3A45046"
            },
            "self": {
              "href": "https://prodgnx20sc9.main.acsf.baywsf.com/jsonapi/node/result/79afc677-1f4c-4cc9-beb6-6b1184c96080/relationships/uid?resourceVersion=id%3A45046"
            }
          }
        },
        "field_schema_json_ld_file": {
          "data": null,
          "links": {
            "related": {
              "href": "https://prodgnx20sc9.main.acsf.baywsf.com/jsonapi/node/result/79afc677-1f4c-4cc9-beb6-6b1184c96080/field_schema_json_ld_file?resourceVersion=id%3A45046"
            },
            "self": {
              "href": "https://prodgnx20sc9.main.acsf.baywsf.com/jsonapi/node/result/79afc677-1f4c-4cc9-beb6-6b1184c96080/relationships/field_schema_json_ld_file?resourceVersion=id%3A45046"
            }
          }
        },
        "audience_tag": {
          "data": {
            "type": "taxonomy_term--audience",
            "id": "b0ef5480-df1e-45d3-a61b-12bc57be205d",
            "meta": { "drupal_internal__target_id": 316 }
          },
          "links": {
            "related": {
              "href": "https://prodgnx20sc9.main.acsf.baywsf.com/jsonapi/node/result/79afc677-1f4c-4cc9-beb6-6b1184c96080/audience_tag?resourceVersion=id%3A45046"
            },
            "self": {
              "href": "https://prodgnx20sc9.main.acsf.baywsf.com/jsonapi/node/result/79afc677-1f4c-4cc9-beb6-6b1184c96080/relationships/audience_tag?resourceVersion=id%3A45046"
            }
          }
        },
        "field_actions": {
          "data": [],
          "links": {
            "related": {
              "href": "https://prodgnx20sc9.main.acsf.baywsf.com/jsonapi/node/result/79afc677-1f4c-4cc9-beb6-6b1184c96080/field_actions?resourceVersion=id%3A45046"
            },
            "self": {
              "href": "https://prodgnx20sc9.main.acsf.baywsf.com/jsonapi/node/result/79afc677-1f4c-4cc9-beb6-6b1184c96080/relationships/field_actions?resourceVersion=id%3A45046"
            }
          }
        }
      }
    }
  ],
  "links": {
    "self": {
      "href": "https://prodgnx20sc9.main.acsf.baywsf.com/jsonapi/node/result?filter%5Btitle%5D=AVERAGE_RISK"
    }
  }
}
