{
  "jsonapi": {
    "version": "1.0",
    "meta": {
      "links": { "self": { "href": "http://jsonapi.org/format/1.0/" } }
    }
  },
  "data": [
    {
      "type": "node--result",
      "id": "8de93991-db19-467a-b76c-25f983ad7655",
      "links": {
        "self": {
          "href": "https://prodgnx20sc9.main.acsf.baywsf.com/jsonapi/node/result/8de93991-db19-467a-b76c-25f983ad7655?resourceVersion=id%3A45041"
        }
      },
      "attributes": {
        "drupal_internal__nid": 1156,
        "drupal_internal__vid": 45041,
        "langcode": "en",
        "revision_timestamp": "2022-10-27T00:54:33+00:00",
        "revision_log": null,
        "status": true,
        "title": "HIGHER_RISK",
        "created": "2022-10-26T21:38:06+00:00",
        "changed": "2022-10-27T00:54:33+00:00",
        "promote": false,
        "sticky": false,
        "default_langcode": true,
        "revision_translation_affected": true,
        "moderation_state": null,
        "metatag": null,
        "path": { "alias": null, "pid": null, "langcode": "en" },
        "private": false,
        "field_metatags": null,
        "content_translation_source": "und",
        "content_translation_outdated": false,
        "published_at": "2022-10-26T21:38:06+00:00",
        "field_error": null,
        "field_instruction": {
          "value": "\u003Cp\u003E{\u0022articles\u0022:[{\u0022titleContent\u0022:\u0022Is heart disease genetic?\u0022, \u0022readMoreLink\u0022:\u0022/heart-health/heart-attack-risk-factors/genetic-risks/\u0022, \u0022imageURL\u0022:\u0022/sites/g/files/vrxlpx32096/files/styles/mobile_575xauto/public/2019-12/thumb-article-genetic-fs-md.jpg?itok=PaUWWq1S\u0022}, {\u0022titleContent\u0022:\u0022The benefits of aspirin therapy (regimen)\u0022, \u0022readMoreLink\u0022:\u0022/heart-health/heart-attack-prevention/benefits-of-aspirin-therapy/\u0022, \u0022imageURL\u0022:\u0022/sites/g/files/vrxlpx32096/files/styles/mobile_575xauto/public/2020-01/thumb-article-aspirinregimen-fs-md.jpg?itok=UcRlNUnp\u0022}, {\u0022titleContent\u0022:\u0022How to help prevent heart disease at any age\u0022, \u0022readMoreLink\u0022:\u0022https://www.heart.org/en/healthy-living/healthy-lifestyle/how-to-help-prevent-heart-disease-at-any-age\u0022,\u0022imageURL\u0022:\u0022https://www.heart.org/-/media/AHA/H4GM/Article-Images/multi_generational_family_couch.png\u0022}]}\u003C/p\u003E\r\n",
          "format": "cohesion_without_glossify",
          "processed": "\u003Cp\u003E{\u0022articles\u0022:[{\u0022titleContent\u0022:\u0022Is heart disease genetic?\u0022, \u0022readMoreLink\u0022:\u0022/heart-health/heart-attack-risk-factors/genetic-risks/\u0022, \u0022imageURL\u0022:\u0022/sites/g/files/vrxlpx32096/files/styles/mobile_575xauto/public/2019-12/thumb-article-genetic-fs-md.jpg?itok=PaUWWq1S\u0022}, {\u0022titleContent\u0022:\u0022The benefits of aspirin therapy (regimen)\u0022, \u0022readMoreLink\u0022:\u0022/heart-health/heart-attack-prevention/benefits-of-aspirin-therapy/\u0022, \u0022imageURL\u0022:\u0022/sites/g/files/vrxlpx32096/files/styles/mobile_575xauto/public/2020-01/thumb-article-aspirinregimen-fs-md.jpg?itok=UcRlNUnp\u0022}, {\u0022titleContent\u0022:\u0022How to help prevent heart disease at any age\u0022, \u0022readMoreLink\u0022:\u0022https://www.heart.org/en/healthy-living/healthy-lifestyle/how-to-help-prevent-heart-disease-at-any-age\u0022,\u0022imageURL\u0022:\u0022https://www.heart.org/-/media/AHA/H4GM/Article-Images/multi_generational_family_couch.png\u0022}]}\u003C/p\u003E\n"
        },
        "field_references": null
      },
      "relationships": {
        "node_type": {
          "data": {
            "type": "node_type--node_type",
            "id": "180a987f-32e3-45ba-9b10-01b528fe30ca",
            "meta": { "drupal_internal__target_id": "result" }
          },
          "links": {
            "related": {
              "href": "https://prodgnx20sc9.main.acsf.baywsf.com/jsonapi/node/result/8de93991-db19-467a-b76c-25f983ad7655/node_type?resourceVersion=id%3A45041"
            },
            "self": {
              "href": "https://prodgnx20sc9.main.acsf.baywsf.com/jsonapi/node/result/8de93991-db19-467a-b76c-25f983ad7655/relationships/node_type?resourceVersion=id%3A45041"
            }
          }
        },
        "revision_uid": {
          "data": {
            "type": "user--user",
            "id": "058895fa-ad0e-4033-b829-077d59468c3d",
            "meta": { "drupal_internal__target_id": 2316 }
          },
          "links": {
            "related": {
              "href": "https://prodgnx20sc9.main.acsf.baywsf.com/jsonapi/node/result/8de93991-db19-467a-b76c-25f983ad7655/revision_uid?resourceVersion=id%3A45041"
            },
            "self": {
              "href": "https://prodgnx20sc9.main.acsf.baywsf.com/jsonapi/node/result/8de93991-db19-467a-b76c-25f983ad7655/relationships/revision_uid?resourceVersion=id%3A45041"
            }
          }
        },
        "uid": {
          "data": {
            "type": "user--user",
            "id": "058895fa-ad0e-4033-b829-077d59468c3d",
            "meta": { "drupal_internal__target_id": 2316 }
          },
          "links": {
            "related": {
              "href": "https://prodgnx20sc9.main.acsf.baywsf.com/jsonapi/node/result/8de93991-db19-467a-b76c-25f983ad7655/uid?resourceVersion=id%3A45041"
            },
            "self": {
              "href": "https://prodgnx20sc9.main.acsf.baywsf.com/jsonapi/node/result/8de93991-db19-467a-b76c-25f983ad7655/relationships/uid?resourceVersion=id%3A45041"
            }
          }
        },
        "field_schema_json_ld_file": {
          "data": null,
          "links": {
            "related": {
              "href": "https://prodgnx20sc9.main.acsf.baywsf.com/jsonapi/node/result/8de93991-db19-467a-b76c-25f983ad7655/field_schema_json_ld_file?resourceVersion=id%3A45041"
            },
            "self": {
              "href": "https://prodgnx20sc9.main.acsf.baywsf.com/jsonapi/node/result/8de93991-db19-467a-b76c-25f983ad7655/relationships/field_schema_json_ld_file?resourceVersion=id%3A45041"
            }
          }
        },
        "audience_tag": {
          "data": {
            "type": "taxonomy_term--audience",
            "id": "b0ef5480-df1e-45d3-a61b-12bc57be205d",
            "meta": { "drupal_internal__target_id": 316 }
          },
          "links": {
            "related": {
              "href": "https://prodgnx20sc9.main.acsf.baywsf.com/jsonapi/node/result/8de93991-db19-467a-b76c-25f983ad7655/audience_tag?resourceVersion=id%3A45041"
            },
            "self": {
              "href": "https://prodgnx20sc9.main.acsf.baywsf.com/jsonapi/node/result/8de93991-db19-467a-b76c-25f983ad7655/relationships/audience_tag?resourceVersion=id%3A45041"
            }
          }
        },
        "field_actions": {
          "data": [],
          "links": {
            "related": {
              "href": "https://prodgnx20sc9.main.acsf.baywsf.com/jsonapi/node/result/8de93991-db19-467a-b76c-25f983ad7655/field_actions?resourceVersion=id%3A45041"
            },
            "self": {
              "href": "https://prodgnx20sc9.main.acsf.baywsf.com/jsonapi/node/result/8de93991-db19-467a-b76c-25f983ad7655/relationships/field_actions?resourceVersion=id%3A45041"
            }
          }
        }
      }
    }
  ],
  "links": {
    "self": {
      "href": "https://prodgnx20sc9.main.acsf.baywsf.com/jsonapi/node/result?filter%5Btitle%5D=HIGHER_RISK"
    }
  }
}
