{
  "jsonapi": {
    "version": "1.0",
    "meta": {
      "links": { "self": { "href": "http://jsonapi.org/format/1.0/" } }
    }
  },
  "data": [
    {
      "type": "node--result",
      "id": "33beb2c0-c26e-4735-bdd5-c5992465bd24",
      "links": {
        "self": {
          "href": "https://prodgnx20sc9.main.acsf.baywsf.com/jsonapi/node/result/33beb2c0-c26e-4735-bdd5-c5992465bd24?resourceVersion=id%3A45036"
        }
      },
      "attributes": {
        "drupal_internal__nid": 1146,
        "drupal_internal__vid": 45036,
        "langcode": "en",
        "revision_timestamp": "2022-10-27T00:48:52+00:00",
        "revision_log": null,
        "status": true,
        "title": "LOWER_RISK",
        "created": "2022-10-26T18:25:00+00:00",
        "changed": "2022-10-27T00:48:52+00:00",
        "promote": false,
        "sticky": false,
        "default_langcode": true,
        "revision_translation_affected": true,
        "moderation_state": null,
        "metatag": null,
        "path": { "alias": null, "pid": null, "langcode": "en" },
        "private": false,
        "field_metatags": null,
        "content_translation_source": "und",
        "content_translation_outdated": false,
        "published_at": "2022-10-26T18:25:00+00:00",
        "field_error": null,
        "field_instruction": {
          "value": "\u003Cp\u003E{\u0022articles\u0022:[{ \u0022titleContent\u0022:\u0022What are the most common heart attack symptoms?\u0022, \u0022readMoreLink\u0022:\u0022/surviving-a-heart-attack/warning-signs-symptoms/heart-attack-symptoms/\u0022, \u0022imageURL\u0022:\u0022/sites/g/files/vrxlpx32096/files/styles/mobile_575xauto/public/2020-01/thumb-article-heartattacksymptoms-fs-md_0.jpg?itok=SZefqZJb\u0022}, {\u0022titleContent\u0022:\u0022Warning signs of a heart attack\u0022, \u0022readMoreLink\u0022:\u0022https://www.heart.org/en/health-topics/heart-attack/warning-signs-of-a-heart-attack\u0022, \u0022imageURL\u0022:\u0022https://www.heart.org/-/media/Images/Health-Topics/Heart-Attack/senior-woman-with-chest-pain.jpg\u0022}, {\u0022titleContent\u0022:\u0022Clot-related stroke symptoms in women\u0022, \u0022readMoreLink\u0022:\u0022/stroke/what-is-a-stroke/stroke-symptoms-in-women/\u0022, \u0022imageURL\u0022:\u0022/sites/g/files/vrxlpx32096/files/styles/mobile_575xauto/public/2020-01/article-strokesymptomswomen-screen-md.jpg?itok=scOdH0b6\u0022}]}\u003C/p\u003E\r\n",
          "format": "cohesion_without_glossify",
          "processed": "\u003Cp\u003E{\u0022articles\u0022:[{ \u0022titleContent\u0022:\u0022What are the most common heart attack symptoms?\u0022, \u0022readMoreLink\u0022:\u0022/surviving-a-heart-attack/warning-signs-symptoms/heart-attack-symptoms/\u0022, \u0022imageURL\u0022:\u0022/sites/g/files/vrxlpx32096/files/styles/mobile_575xauto/public/2020-01/thumb-article-heartattacksymptoms-fs-md_0.jpg?itok=SZefqZJb\u0022}, {\u0022titleContent\u0022:\u0022Warning signs of a heart attack\u0022, \u0022readMoreLink\u0022:\u0022https://www.heart.org/en/health-topics/heart-attack/warning-signs-of-a-heart-attack\u0022, \u0022imageURL\u0022:\u0022https://www.heart.org/-/media/Images/Health-Topics/Heart-Attack/senior-woman-with-chest-pain.jpg\u0022}, {\u0022titleContent\u0022:\u0022Clot-related stroke symptoms in women\u0022, \u0022readMoreLink\u0022:\u0022/stroke/what-is-a-stroke/stroke-symptoms-in-women/\u0022, \u0022imageURL\u0022:\u0022/sites/g/files/vrxlpx32096/files/styles/mobile_575xauto/public/2020-01/article-strokesymptomswomen-screen-md.jpg?itok=scOdH0b6\u0022}]}\u003C/p\u003E\n"
        },
        "field_references": null
      },
      "relationships": {
        "node_type": {
          "data": {
            "type": "node_type--node_type",
            "id": "180a987f-32e3-45ba-9b10-01b528fe30ca",
            "meta": { "drupal_internal__target_id": "result" }
          },
          "links": {
            "related": {
              "href": "https://prodgnx20sc9.main.acsf.baywsf.com/jsonapi/node/result/33beb2c0-c26e-4735-bdd5-c5992465bd24/node_type?resourceVersion=id%3A45036"
            },
            "self": {
              "href": "https://prodgnx20sc9.main.acsf.baywsf.com/jsonapi/node/result/33beb2c0-c26e-4735-bdd5-c5992465bd24/relationships/node_type?resourceVersion=id%3A45036"
            }
          }
        },
        "revision_uid": {
          "data": {
            "type": "user--user",
            "id": "058895fa-ad0e-4033-b829-077d59468c3d",
            "meta": { "drupal_internal__target_id": 2316 }
          },
          "links": {
            "related": {
              "href": "https://prodgnx20sc9.main.acsf.baywsf.com/jsonapi/node/result/33beb2c0-c26e-4735-bdd5-c5992465bd24/revision_uid?resourceVersion=id%3A45036"
            },
            "self": {
              "href": "https://prodgnx20sc9.main.acsf.baywsf.com/jsonapi/node/result/33beb2c0-c26e-4735-bdd5-c5992465bd24/relationships/revision_uid?resourceVersion=id%3A45036"
            }
          }
        },
        "uid": {
          "data": {
            "type": "user--user",
            "id": "058895fa-ad0e-4033-b829-077d59468c3d",
            "meta": { "drupal_internal__target_id": 2316 }
          },
          "links": {
            "related": {
              "href": "https://prodgnx20sc9.main.acsf.baywsf.com/jsonapi/node/result/33beb2c0-c26e-4735-bdd5-c5992465bd24/uid?resourceVersion=id%3A45036"
            },
            "self": {
              "href": "https://prodgnx20sc9.main.acsf.baywsf.com/jsonapi/node/result/33beb2c0-c26e-4735-bdd5-c5992465bd24/relationships/uid?resourceVersion=id%3A45036"
            }
          }
        },
        "field_schema_json_ld_file": {
          "data": null,
          "links": {
            "related": {
              "href": "https://prodgnx20sc9.main.acsf.baywsf.com/jsonapi/node/result/33beb2c0-c26e-4735-bdd5-c5992465bd24/field_schema_json_ld_file?resourceVersion=id%3A45036"
            },
            "self": {
              "href": "https://prodgnx20sc9.main.acsf.baywsf.com/jsonapi/node/result/33beb2c0-c26e-4735-bdd5-c5992465bd24/relationships/field_schema_json_ld_file?resourceVersion=id%3A45036"
            }
          }
        },
        "audience_tag": {
          "data": {
            "type": "taxonomy_term--audience",
            "id": "b0ef5480-df1e-45d3-a61b-12bc57be205d",
            "meta": { "drupal_internal__target_id": 316 }
          },
          "links": {
            "related": {
              "href": "https://prodgnx20sc9.main.acsf.baywsf.com/jsonapi/node/result/33beb2c0-c26e-4735-bdd5-c5992465bd24/audience_tag?resourceVersion=id%3A45036"
            },
            "self": {
              "href": "https://prodgnx20sc9.main.acsf.baywsf.com/jsonapi/node/result/33beb2c0-c26e-4735-bdd5-c5992465bd24/relationships/audience_tag?resourceVersion=id%3A45036"
            }
          }
        },
        "field_actions": {
          "data": [],
          "links": {
            "related": {
              "href": "https://prodgnx20sc9.main.acsf.baywsf.com/jsonapi/node/result/33beb2c0-c26e-4735-bdd5-c5992465bd24/field_actions?resourceVersion=id%3A45036"
            },
            "self": {
              "href": "https://prodgnx20sc9.main.acsf.baywsf.com/jsonapi/node/result/33beb2c0-c26e-4735-bdd5-c5992465bd24/relationships/field_actions?resourceVersion=id%3A45036"
            }
          }
        }
      }
    }
  ],
  "links": {
    "self": {
      "href": "https://prodgnx20sc9.main.acsf.baywsf.com/jsonapi/node/result?filter%5Btitle%5D=LOWER_RISK"
    }
  }
}
