{
  "jsonapi": {
    "version": "1.0",
    "meta": {
      "links": { "self": { "href": "http://jsonapi.org/format/1.0/" } }
    }
  },
  "data": {
    "type": "node--result",
    "id": "e831c9c7-3a2c-4dc5-8c16-67f25e232d8d",
    "links": {
      "self": {
        "href": "https://prodbo27sgjr.main.acsf.baywsf.com/jsonapi/node/result/e831c9c7-3a2c-4dc5-8c16-67f25e232d8d?resourceVersion=id%3A9866"
      }
    },
    "attributes": {
      "drupal_internal__nid": 626,
      "drupal_internal__vid": 9866,
      "langcode": "en",
      "revision_timestamp": "2020-07-10T10:44:54+00:00",
      "revision_log": null,
      "status": true,
      "title": "Take your forgotten pill immediately.",
      "created": "2020-07-10T10:44:54+00:00",
      "changed": "2020-07-10T10:44:54+00:00",
      "promote": false,
      "sticky": false,
      "default_langcode": true,
      "revision_translation_affected": true,
      "metatag": null,
      "path": { "alias": null, "pid": null, "langcode": "en" },
      "private": false,
      "field_metatags": null,
      "last_updated_date": "2020-07-10",
      "field_subheading": null,
      "field_instruction": {
        "value": "\u003Cp\u003EAfterwards, continue your regular pill intake to finish the remaining pills as scheduled.\u003C/p\u003E\r\n",
        "format": "cohesion_without_glossify",
        "processed": "\u003Cp\u003EAfterwards, continue your regular pill intake to finish the remaining pills as scheduled.\u003C/p\u003E\n"
      },
      "field_error": null,
      "field_references": null
    },
    "relationships": {
      "node_type": {
        "data": {
          "type": "node_type--node_type",
          "id": "13c9253b-61fe-48ad-ac0c-d99caa4a959e"
        },
        "links": {
          "related": {
            "href": "https://prodbo27sgjr.main.acsf.baywsf.com/jsonapi/node/result/e831c9c7-3a2c-4dc5-8c16-67f25e232d8d/node_type?resourceVersion=id%3A9866"
          },
          "self": {
            "href": "https://prodbo27sgjr.main.acsf.baywsf.com/jsonapi/node/result/e831c9c7-3a2c-4dc5-8c16-67f25e232d8d/relationships/node_type?resourceVersion=id%3A9866"
          }
        }
      },
      "revision_uid": {
        "data": {
          "type": "user--user",
          "id": "914623da-82c3-4943-9597-9d5f6f734100"
        },
        "links": {
          "related": {
            "href": "https://prodbo27sgjr.main.acsf.baywsf.com/jsonapi/node/result/e831c9c7-3a2c-4dc5-8c16-67f25e232d8d/revision_uid?resourceVersion=id%3A9866"
          },
          "self": {
            "href": "https://prodbo27sgjr.main.acsf.baywsf.com/jsonapi/node/result/e831c9c7-3a2c-4dc5-8c16-67f25e232d8d/relationships/revision_uid?resourceVersion=id%3A9866"
          }
        }
      },
      "uid": {
        "data": {
          "type": "user--user",
          "id": "914623da-82c3-4943-9597-9d5f6f734100"
        },
        "links": {
          "related": {
            "href": "https://prodbo27sgjr.main.acsf.baywsf.com/jsonapi/node/result/e831c9c7-3a2c-4dc5-8c16-67f25e232d8d/uid?resourceVersion=id%3A9866"
          },
          "self": {
            "href": "https://prodbo27sgjr.main.acsf.baywsf.com/jsonapi/node/result/e831c9c7-3a2c-4dc5-8c16-67f25e232d8d/relationships/uid?resourceVersion=id%3A9866"
          }
        }
      },
      "field_related_indication": {
        "data": [],
        "links": {
          "related": {
            "href": "https://prodbo27sgjr.main.acsf.baywsf.com/jsonapi/node/result/e831c9c7-3a2c-4dc5-8c16-67f25e232d8d/field_related_indication?resourceVersion=id%3A9866"
          },
          "self": {
            "href": "https://prodbo27sgjr.main.acsf.baywsf.com/jsonapi/node/result/e831c9c7-3a2c-4dc5-8c16-67f25e232d8d/relationships/field_related_indication?resourceVersion=id%3A9866"
          }
        }
      },
      "audience_tag": {
        "data": {
          "type": "taxonomy_term--audience",
          "id": "b7b175de-17ed-49f3-a8de-204b01b37fe3"
        },
        "links": {
          "related": {
            "href": "https://prodbo27sgjr.main.acsf.baywsf.com/jsonapi/node/result/e831c9c7-3a2c-4dc5-8c16-67f25e232d8d/audience_tag?resourceVersion=id%3A9866"
          },
          "self": {
            "href": "https://prodbo27sgjr.main.acsf.baywsf.com/jsonapi/node/result/e831c9c7-3a2c-4dc5-8c16-67f25e232d8d/relationships/audience_tag?resourceVersion=id%3A9866"
          }
        }
      },
      "field_actions": {
        "data": [],
        "links": {
          "related": {
            "href": "https://prodbo27sgjr.main.acsf.baywsf.com/jsonapi/node/result/e831c9c7-3a2c-4dc5-8c16-67f25e232d8d/field_actions?resourceVersion=id%3A9866"
          },
          "self": {
            "href": "https://prodbo27sgjr.main.acsf.baywsf.com/jsonapi/node/result/e831c9c7-3a2c-4dc5-8c16-67f25e232d8d/relationships/field_actions?resourceVersion=id%3A9866"
          }
        }
      }
    }
  },
  "links": {
    "self": {
      "href": "https://prodbo27sgjr.main.acsf.baywsf.com/jsonapi/node/result/e831c9c7-3a2c-4dc5-8c16-67f25e232d8d?include=field_actions"
    }
  }
}
