{
  "jsonapi": {
    "version": "1.0",
    "meta": {
      "links": { "self": { "href": "http://jsonapi.org/format/1.0/" } }
    }
  },
  "data": [
    {
      "type": "node--quiz",
      "id": "2141e378-435e-4e22-a55d-4b687f0d7b1d",
      "links": {
        "self": {
          "href": "https://prod85yjmo4f.main.acsf.baywsf.com/jsonapi/node/quiz/2141e378-435e-4e22-a55d-4b687f0d7b1d?resourceVersion=id%3A45541"
        }
      },
      "attributes": {
        "drupal_internal__nid": 861,
        "drupal_internal__vid": 45541,
        "langcode": "en",
        "revision_timestamp": "2021-04-08T09:21:59+00:00",
        "revision_log": null,
        "status": true,
        "title": "Thrush Trivia Quiz",
        "created": "2020-08-20T14:14:20+00:00",
        "changed": "2021-04-08T09:21:59+00:00",
        "promote": false,
        "sticky": false,
        "default_langcode": true,
        "revision_translation_affected": true,
        "moderation_state": "published",
        "metatag": null,
        "path": { "alias": null, "pid": null, "langcode": "en" },
        "private": false,
        "field_metatags": null,
        "content_translation_source": "und",
        "content_translation_outdated": false,
        "published_at": "2020-08-20T14:18:55+00:00",
        "field_disclaimer": {
          "value": "\u003Cp\u003EThrush is quite common, but how much do you know about it?\u003C/p\u003E\r\n\r\n\u003Cp\u003ETake our quiz and find out what\u2019s fact and what\u2019s myth on thrush symptoms and their causes!\u003C/p\u003E\r\n",
          "format": "cohesion_without_glossify",
          "processed": "\u003Cp\u003EThrush is quite common, but how much do you know about it?\u003C/p\u003E\n\n\u003Cp\u003ETake our quiz and find out what\u2019s fact and what\u2019s myth on thrush symptoms and their causes!\u003C/p\u003E\n"
        },
        "field_instruction": {
          "value": "\u003Cp\u003ETest your knowledge and share your results if you wish!\u003C/p\u003E\r\n",
          "format": "cohesion_without_glossify",
          "processed": "\u003Cp\u003ETest your knowledge and share your results if you wish!\u003C/p\u003E\n"
        },
        "field_quiz_type": "linear",
        "field_references": {
          "value": "\u003Cp\u003E{\u0022startButton\u0022:\u0022Start the quiz\u0022,\u0022questionCountText\u0022:\u0022Question\u0022,\u0022correctTranslation\u0022:\u0022CORRECT\u0022,\u0022incorrectTranslation\u0022:\u0022INCORRECT\u0022,\u0022resultScore1\u0022:\u0022You answered\u0022,\u0022resultScore2\u0022:\u0022out of\u0022,\u0022resultScore3\u0022:\u0022questions correctly!\u0022,\u0022shareText\u0022:\u0022Share your score\u0022,\u0022resultCardText1\u0022:\u0022Your answer\u0022,\u0022resultCardText2\u0022:\u0022Correct answer\u0022}\u003C/p\u003E\r\n",
          "format": "cohesion_without_glossify",
          "processed": "\u003Cp\u003E{\u0022startButton\u0022:\u0022Start the quiz\u0022,\u0022questionCountText\u0022:\u0022Question\u0022,\u0022correctTranslation\u0022:\u0022CORRECT\u0022,\u0022incorrectTranslation\u0022:\u0022INCORRECT\u0022,\u0022resultScore1\u0022:\u0022You answered\u0022,\u0022resultScore2\u0022:\u0022out of\u0022,\u0022resultScore3\u0022:\u0022questions correctly!\u0022,\u0022shareText\u0022:\u0022Share your score\u0022,\u0022resultCardText1\u0022:\u0022Your answer\u0022,\u0022resultCardText2\u0022:\u0022Correct answer\u0022}\u003C/p\u003E\n"
        }
      },
      "relationships": {
        "node_type": {
          "data": {
            "type": "node_type--node_type",
            "id": "b8ee70b9-b89a-4114-b160-93ff660932f5"
          },
          "links": {
            "related": {
              "href": "https://prod85yjmo4f.main.acsf.baywsf.com/jsonapi/node/quiz/2141e378-435e-4e22-a55d-4b687f0d7b1d/node_type?resourceVersion=id%3A45541"
            },
            "self": {
              "href": "https://prod85yjmo4f.main.acsf.baywsf.com/jsonapi/node/quiz/2141e378-435e-4e22-a55d-4b687f0d7b1d/relationships/node_type?resourceVersion=id%3A45541"
            }
          }
        },
        "revision_uid": {
          "data": {
            "type": "user--user",
            "id": "fd6b6721-e598-4b0f-bd63-d008ab154af9"
          },
          "links": {
            "related": {
              "href": "https://prod85yjmo4f.main.acsf.baywsf.com/jsonapi/node/quiz/2141e378-435e-4e22-a55d-4b687f0d7b1d/revision_uid?resourceVersion=id%3A45541"
            },
            "self": {
              "href": "https://prod85yjmo4f.main.acsf.baywsf.com/jsonapi/node/quiz/2141e378-435e-4e22-a55d-4b687f0d7b1d/relationships/revision_uid?resourceVersion=id%3A45541"
            }
          }
        },
        "uid": {
          "data": {
            "type": "user--user",
            "id": "1e093df3-d6e4-4cbb-8941-1dee979e3331"
          },
          "links": {
            "related": {
              "href": "https://prod85yjmo4f.main.acsf.baywsf.com/jsonapi/node/quiz/2141e378-435e-4e22-a55d-4b687f0d7b1d/uid?resourceVersion=id%3A45541"
            },
            "self": {
              "href": "https://prod85yjmo4f.main.acsf.baywsf.com/jsonapi/node/quiz/2141e378-435e-4e22-a55d-4b687f0d7b1d/relationships/uid?resourceVersion=id%3A45541"
            }
          }
        },
        "field_schema_json_ld_file": {
          "data": null,
          "links": {
            "related": {
              "href": "https://prod85yjmo4f.main.acsf.baywsf.com/jsonapi/node/quiz/2141e378-435e-4e22-a55d-4b687f0d7b1d/field_schema_json_ld_file?resourceVersion=id%3A45541"
            },
            "self": {
              "href": "https://prod85yjmo4f.main.acsf.baywsf.com/jsonapi/node/quiz/2141e378-435e-4e22-a55d-4b687f0d7b1d/relationships/field_schema_json_ld_file?resourceVersion=id%3A45541"
            }
          }
        },
        "field_actions": {
          "data": [
            {
              "type": "taxonomy_term--quiz_action",
              "id": "58135e11-9f25-4a47-bcef-70a912a92b72"
            }
          ],
          "links": {
            "related": {
              "href": "https://prod85yjmo4f.main.acsf.baywsf.com/jsonapi/node/quiz/2141e378-435e-4e22-a55d-4b687f0d7b1d/field_actions?resourceVersion=id%3A45541"
            },
            "self": {
              "href": "https://prod85yjmo4f.main.acsf.baywsf.com/jsonapi/node/quiz/2141e378-435e-4e22-a55d-4b687f0d7b1d/relationships/field_actions?resourceVersion=id%3A45541"
            }
          }
        },
        "field_quiz_question": {
          "data": [
            {
              "type": "node--question",
              "id": "f24be905-b456-40e9-9613-24ddf96773f7"
            },
            {
              "type": "node--question",
              "id": "0f734276-1eed-4f33-a11c-e1e4c42f0bae"
            },
            {
              "type": "node--question",
              "id": "f4b5bbbf-1d4e-40e2-bb28-de646e6cb8bc"
            },
            {
              "type": "node--question",
              "id": "66f3ff52-43d4-4a76-a917-0ca46b993dac"
            },
            {
              "type": "node--question",
              "id": "43f2a506-1223-48b3-8abb-cbb0afed88f5"
            },
            {
              "type": "node--question",
              "id": "07f7cee7-1a43-4db4-ad26-5ac4369edc06"
            }
          ],
          "links": {
            "related": {
              "href": "https://prod85yjmo4f.main.acsf.baywsf.com/jsonapi/node/quiz/2141e378-435e-4e22-a55d-4b687f0d7b1d/field_quiz_question?resourceVersion=id%3A45541"
            },
            "self": {
              "href": "https://prod85yjmo4f.main.acsf.baywsf.com/jsonapi/node/quiz/2141e378-435e-4e22-a55d-4b687f0d7b1d/relationships/field_quiz_question?resourceVersion=id%3A45541"
            }
          }
        },
        "field_result": {
          "data": null,
          "links": {
            "related": {
              "href": "https://prod85yjmo4f.main.acsf.baywsf.com/jsonapi/node/quiz/2141e378-435e-4e22-a55d-4b687f0d7b1d/field_result?resourceVersion=id%3A45541"
            },
            "self": {
              "href": "https://prod85yjmo4f.main.acsf.baywsf.com/jsonapi/node/quiz/2141e378-435e-4e22-a55d-4b687f0d7b1d/relationships/field_result?resourceVersion=id%3A45541"
            }
          }
        }
      }
    },
    {
      "type": "node--quiz",
      "id": "58d736fd-f09f-4788-925f-76f585619d87",
      "links": {
        "self": {
          "href": "https://prod85yjmo4f.main.acsf.baywsf.com/jsonapi/node/quiz/58d736fd-f09f-4788-925f-76f585619d87?resourceVersion=id%3A46281"
        }
      },
      "attributes": {
        "drupal_internal__nid": 1331,
        "drupal_internal__vid": 46281,
        "langcode": "en",
        "revision_timestamp": "2021-06-18T06:27:28+00:00",
        "revision_log": null,
        "status": true,
        "title": "Welcome to your product selector.",
        "created": "2021-06-17T13:07:11+00:00",
        "changed": "2021-06-18T06:27:28+00:00",
        "promote": false,
        "sticky": false,
        "default_langcode": true,
        "revision_translation_affected": true,
        "moderation_state": "published",
        "metatag": null,
        "path": { "alias": null, "pid": null, "langcode": "en" },
        "private": false,
        "field_metatags": null,
        "content_translation_source": "und",
        "content_translation_outdated": false,
        "published_at": "2021-06-17T13:14:01+00:00",
        "field_disclaimer": {
          "value": "\u003Cp\u003EAnswer a few questions and we\u0027ll find the best product for you, so you can find fast relief.\u003C/p\u003E\r\n",
          "format": "cohesion_without_glossify",
          "processed": "\u003Cp\u003EAnswer a few questions and we\u0027ll find the best product for you, so you can find fast relief.\u003C/p\u003E\n"
        },
        "field_instruction": {
          "value": "\u003Cp\u003EHi there,\u003C/p\u003E\r\n",
          "format": "cohesion_without_glossify",
          "processed": "\u003Cp\u003EHi there,\u003C/p\u003E\n"
        },
        "field_quiz_type": "linear",
        "field_references": {
          "value": "\u003Cp\u003EPlease make sure to click on the i-button throughout this selector for additional information. This Product selector is intended to give you information to find an appropriate product for your condition. Please ensure you have been diagnosed by a doctor before using this tool. If you are unsure, or if you are experiencing your condition for the first time, you should follow the guidance of your doctor. In case you are under 18 please refer to a doctor.\u003C/p\u003E\r\n",
          "format": "cohesion_without_glossify",
          "processed": "\u003Cp\u003EPlease make sure to click on the i-button throughout this selector for additional information. This Product selector is intended to give you information to find an appropriate product for your condition. Please ensure you have been diagnosed by a doctor before using this tool. If you are unsure, or if you are experiencing your condition for the first time, you should follow the guidance of your doctor. In case you are under 18 please refer to a doctor.\u003C/p\u003E\n"
        }
      },
      "relationships": {
        "node_type": {
          "data": {
            "type": "node_type--node_type",
            "id": "b8ee70b9-b89a-4114-b160-93ff660932f5"
          },
          "links": {
            "related": {
              "href": "https://prod85yjmo4f.main.acsf.baywsf.com/jsonapi/node/quiz/58d736fd-f09f-4788-925f-76f585619d87/node_type?resourceVersion=id%3A46281"
            },
            "self": {
              "href": "https://prod85yjmo4f.main.acsf.baywsf.com/jsonapi/node/quiz/58d736fd-f09f-4788-925f-76f585619d87/relationships/node_type?resourceVersion=id%3A46281"
            }
          }
        },
        "revision_uid": {
          "data": {
            "type": "user--user",
            "id": "c48aba71-438d-44c8-a315-2803a8380004"
          },
          "links": {
            "related": {
              "href": "https://prod85yjmo4f.main.acsf.baywsf.com/jsonapi/node/quiz/58d736fd-f09f-4788-925f-76f585619d87/revision_uid?resourceVersion=id%3A46281"
            },
            "self": {
              "href": "https://prod85yjmo4f.main.acsf.baywsf.com/jsonapi/node/quiz/58d736fd-f09f-4788-925f-76f585619d87/relationships/revision_uid?resourceVersion=id%3A46281"
            }
          }
        },
        "uid": {
          "data": {
            "type": "user--user",
            "id": "c48aba71-438d-44c8-a315-2803a8380004"
          },
          "links": {
            "related": {
              "href": "https://prod85yjmo4f.main.acsf.baywsf.com/jsonapi/node/quiz/58d736fd-f09f-4788-925f-76f585619d87/uid?resourceVersion=id%3A46281"
            },
            "self": {
              "href": "https://prod85yjmo4f.main.acsf.baywsf.com/jsonapi/node/quiz/58d736fd-f09f-4788-925f-76f585619d87/relationships/uid?resourceVersion=id%3A46281"
            }
          }
        },
        "field_schema_json_ld_file": {
          "data": null,
          "links": {
            "related": {
              "href": "https://prod85yjmo4f.main.acsf.baywsf.com/jsonapi/node/quiz/58d736fd-f09f-4788-925f-76f585619d87/field_schema_json_ld_file?resourceVersion=id%3A46281"
            },
            "self": {
              "href": "https://prod85yjmo4f.main.acsf.baywsf.com/jsonapi/node/quiz/58d736fd-f09f-4788-925f-76f585619d87/relationships/field_schema_json_ld_file?resourceVersion=id%3A46281"
            }
          }
        },
        "field_actions": {
          "data": [
            {
              "type": "taxonomy_term--quiz_action",
              "id": "19be83df-2954-46eb-a968-203a92e0b1ce"
            }
          ],
          "links": {
            "related": {
              "href": "https://prod85yjmo4f.main.acsf.baywsf.com/jsonapi/node/quiz/58d736fd-f09f-4788-925f-76f585619d87/field_actions?resourceVersion=id%3A46281"
            },
            "self": {
              "href": "https://prod85yjmo4f.main.acsf.baywsf.com/jsonapi/node/quiz/58d736fd-f09f-4788-925f-76f585619d87/relationships/field_actions?resourceVersion=id%3A46281"
            }
          }
        },
        "field_quiz_question": {
          "data": [
            {
              "type": "node--question",
              "id": "7613ca6f-1459-4426-9f3c-a5916121c058"
            },
            {
              "type": "node--question",
              "id": "1b12fb45-2c79-42dd-87ae-09d6dbaf93e9"
            },
            {
              "type": "node--question",
              "id": "a79cca53-edab-4e55-937f-7a11be655a9b"
            },
            {
              "type": "node--question",
              "id": "cce5728e-2922-444b-bb3a-d87eeea4d99f"
            },
            {
              "type": "node--question",
              "id": "82d49ade-1e56-40a1-bd16-dd997e1ce1bc"
            },
            {
              "type": "node--question",
              "id": "2ef46d88-9971-40c3-9fef-89d8a45b401a"
            },
            {
              "type": "node--question",
              "id": "d0e11505-48ed-4d3a-9e5d-b489845b19f0"
            }
          ],
          "links": {
            "related": {
              "href": "https://prod85yjmo4f.main.acsf.baywsf.com/jsonapi/node/quiz/58d736fd-f09f-4788-925f-76f585619d87/field_quiz_question?resourceVersion=id%3A46281"
            },
            "self": {
              "href": "https://prod85yjmo4f.main.acsf.baywsf.com/jsonapi/node/quiz/58d736fd-f09f-4788-925f-76f585619d87/relationships/field_quiz_question?resourceVersion=id%3A46281"
            }
          }
        },
        "field_result": {
          "data": null,
          "links": {
            "related": {
              "href": "https://prod85yjmo4f.main.acsf.baywsf.com/jsonapi/node/quiz/58d736fd-f09f-4788-925f-76f585619d87/field_result?resourceVersion=id%3A46281"
            },
            "self": {
              "href": "https://prod85yjmo4f.main.acsf.baywsf.com/jsonapi/node/quiz/58d736fd-f09f-4788-925f-76f585619d87/relationships/field_result?resourceVersion=id%3A46281"
            }
          }
        }
      }
    }
  ],
  "links": {
    "self": {
      "href": "https://prod85yjmo4f.main.acsf.baywsf.com/jsonapi/node/quiz"
    }
  }
}
