{
    "result": [
        {
            "cid": 1,
            "brand": "prodq3d651xk.main.acsf.baywsf.com",
            "country": "US",
            "language": "ENG",
            "config_key": "phase1",
            "terms": "https://www.bepanthen.nl/privacyverklaring",
            "status": 1,
            "added_on": "2022-07-08 12:03:39",
            "updated_on": "2022-07-08 12:03:39"
        },
        {
            "cid": 1,
            "brand": "prodq3d651xk.main.acsf.baywsf.com",
            "country": "US",
            "language": "ENG",
            "config_key": "phase2",
            "terms": "https://www.bepanthen.nl/privacyverklaring",
            "status": 1,
            "added_on": "2022-07-08 12:03:39",
            "updated_on": "2022-07-08 12:03:39"
        }
    ]
}