{
    "result": {
        "data": [
            {
                "rid": 1019,
                "nickname": "test",
                "email": "test@gmail.com",
                "brand": "bepanthen",
                "product": "Bepanthen Tattoo Wasgel",
                "country": "netherlands",
                "language": "en",
                "rating": 5,
                "review_title": "test review",
                "review_description": "good item worthy buy",
                "recommendation": 1,
                "status": 1,
                "create_date": "06\/12\/2022 12:38:07"
            },
            {
                "rid": 22,
                "nickname": "",
                "email": "",
                "brand": "prodq3d651xk.main.acsf.baywsf.com",
                "product": "\/producten\/bepanthen-tattoo-wasgel",
                "country": "US",
                "language": "ENG",
                "rating": 4,
                "review_title": "",
                "review_description": "",
                "recommendation": 0,
                "status": 1,
                "create_date": "06\/12\/2022 12:38:07"
            },
            {
                "rid": 21,
                "nickname": "athira",
                "email": "",
                "brand": "prodq3d651xk.main.acsf.baywsf.com",
                "product": "\/producten\/bepanthen-tattoo-wasgel",
                "country": "US",
                "language": "ENG",
                "rating": 1,
                "review_title": "",
                "review_description": "",
                "recommendation": 0,
                "status": 1,
                "create_date": "06\/12\/2022 12:38:07"
            },
            {
                "rid": 19,
                "nickname": null,
                "email": null,
                "brand": "prodq3d651xk.main.acsf.baywsf.com",
                "product": "\/producten\/bepanthen-tattoo-wasgel",
                "country": "US",
                "language": "ENG",
                "rating": 4,
                "review_title": null,
                "review_description": null,
                "recommendation": 1,
                "status": 1,
                "create_date": "06\/12\/2022 12:38:07"
            },
            {
                "rid": 17,
                "nickname": null,
                "email": null,
                "brand": "prodq3d651xk.main.acsf.baywsf.com",
                "product": "\/producten\/bepanthen-tattoo-wasgel",
                "country": "US",
                "language": "ENG",
                "rating": 3,
                "review_title": null,
                "review_description": null,
                "recommendation": 0,
                "status": 1,
                "create_date": "06\/12\/2022 12:38:07"
            },
            {
                "rid": 16,
                "nickname": null,
                "email": null,
                "brand": "prodq3d651xk.main.acsf.baywsf.com",
                "product": "\/producten\/bepanthen-tattoo-wasgel",
                "country": "US",
                "language": "ENG",
                "rating": 3,
                "review_title": null,
                "review_description": null,
                "recommendation": 1,
                "status": 1,
                "create_date": "06\/12\/2022 12:38:07"
            },
            {
                "rid": 15,
                "nickname": null,
                "email": null,
                "brand": "prodq3d651xk.main.acsf.baywsf.com",
                "product": "\/producten\/bepanthen-tattoo-wasgel",
                "country": "US",
                "language": "ENG",
                "rating": 2,
                "review_title": null,
                "review_description": null,
                "recommendation": 0,
                "status": 1,
                "create_date": "06\/12\/2022 12:38:07"
            },
            {
                "rid": 14,
                "nickname": null,
                "email": null,
                "brand": "prodq3d651xk.main.acsf.baywsf.com",
                "product": "\/producten\/bepanthen-tattoo-wasgel",
                "country": "US",
                "language": "ENG",
                "rating": 5,
                "review_title": null,
                "review_description": null,
                "recommendation": 1,
                "status": 1,
                "create_date": "06\/12\/2022 12:38:07"
            }
        ],
        "total": 7,
        "pagercount": 1
    }
}