{
  "jsonapi": {
    "version": "1.0",
    "meta": {
      "links": {
        "self": {
          "href": "http:\/\/jsonapi.org\/format\/1.0\/"
        }
      }
    }
  },
  "data": {
    "type": "node--question",
    "id": "53096d1f-bfbe-4a87-80f9-351949c88e00",
    "links": {
      "self": {
        "href": "https:\/\/prodv0ojd6qy.main.acsf.baywsf.com\/jsonapi\/node\/question\/53096d1f-bfbe-4a87-80f9-351949c88e00?resourceVersion=id%3A46246"
      }
    },
    "attributes": {
      "drupal_internal__nid": 1356,
      "drupal_internal__vid": 46246,
      "langcode": "en",
      "revision_timestamp": "2023-01-17T14:01:55+00:00",
      "revision_log": null,
      "status": true,
      "title": "What is your resting heart rate?",
      "created": "2023-01-17T14:01:55+00:00",
      "changed": "2023-01-17T14:01:55+00:00",
      "promote": false,
      "sticky": false,
      "default_langcode": true,
      "revision_translation_affected": true,
      "moderation_state": null,
      "metatag": null,
      "path": {
        "alias": null,
        "pid": null,
        "langcode": "en"
      },
      "private": false,
      "field_metatags": null,
      "content_translation_source": "und",
      "content_translation_outdated": false,
      "published_at": "2023-01-17T14:01:55+00:00",
      "field_error": null,
      "field_explanation": null,
      "field_instruction": null,
      "field_references": null
    },
    "relationships": {
      "node_type": {
        "data": {
          "type": "node_type--node_type",
          "id": "b36305cf-d6a4-4b58-94fd-9bd56dc48d0a",
          "meta": {
            "drupal_internal__target_id": "question"
          }
        },
        "links": {
          "related": {
            "href": "https:\/\/prodv0ojd6qy.main.acsf.baywsf.com\/jsonapi\/node\/question\/53096d1f-bfbe-4a87-80f9-351949c88e00\/node_type?resourceVersion=id%3A46246"
          },
          "self": {
            "href": "https:\/\/prodv0ojd6qy.main.acsf.baywsf.com\/jsonapi\/node\/question\/53096d1f-bfbe-4a87-80f9-351949c88e00\/relationships\/node_type?resourceVersion=id%3A46246"
          }
        }
      },
      "revision_uid": {
        "data": {
          "type": "user--user",
          "id": "ca644710-b0bf-4511-85df-451f03b5e0fb",
          "meta": {
            "drupal_internal__target_id": 6216
          }
        },
        "links": {
          "related": {
            "href": "https:\/\/prodv0ojd6qy.main.acsf.baywsf.com\/jsonapi\/node\/question\/53096d1f-bfbe-4a87-80f9-351949c88e00\/revision_uid?resourceVersion=id%3A46246"
          },
          "self": {
            "href": "https:\/\/prodv0ojd6qy.main.acsf.baywsf.com\/jsonapi\/node\/question\/53096d1f-bfbe-4a87-80f9-351949c88e00\/relationships\/revision_uid?resourceVersion=id%3A46246"
          }
        }
      },
      "uid": {
        "data": {
          "type": "user--user",
          "id": "ca644710-b0bf-4511-85df-451f03b5e0fb",
          "meta": {
            "drupal_internal__target_id": 6216
          }
        },
        "links": {
          "related": {
            "href": "https:\/\/prodv0ojd6qy.main.acsf.baywsf.com\/jsonapi\/node\/question\/53096d1f-bfbe-4a87-80f9-351949c88e00\/uid?resourceVersion=id%3A46246"
          },
          "self": {
            "href": "https:\/\/prodv0ojd6qy.main.acsf.baywsf.com\/jsonapi\/node\/question\/53096d1f-bfbe-4a87-80f9-351949c88e00\/relationships\/uid?resourceVersion=id%3A46246"
          }
        }
      },
      "field_schema_json_ld_file": {
        "data": null,
        "links": {
          "related": {
            "href": "https:\/\/prodv0ojd6qy.main.acsf.baywsf.com\/jsonapi\/node\/question\/53096d1f-bfbe-4a87-80f9-351949c88e00\/field_schema_json_ld_file?resourceVersion=id%3A46246"
          },
          "self": {
            "href": "https:\/\/prodv0ojd6qy.main.acsf.baywsf.com\/jsonapi\/node\/question\/53096d1f-bfbe-4a87-80f9-351949c88e00\/relationships\/field_schema_json_ld_file?resourceVersion=id%3A46246"
          }
        }
      },
      "audience_tag": {
        "data": {
          "type": "taxonomy_term--audience",
          "id": "b0ef5480-df1e-45d3-a61b-12bc57be205d",
          "meta": {
            "drupal_internal__target_id": 316
          }
        },
        "links": {
          "related": {
            "href": "https:\/\/prodv0ojd6qy.main.acsf.baywsf.com\/jsonapi\/node\/question\/53096d1f-bfbe-4a87-80f9-351949c88e00\/audience_tag?resourceVersion=id%3A46246"
          },
          "self": {
            "href": "https:\/\/prodv0ojd6qy.main.acsf.baywsf.com\/jsonapi\/node\/question\/53096d1f-bfbe-4a87-80f9-351949c88e00\/relationships\/audience_tag?resourceVersion=id%3A46246"
          }
        }
      },
      "field_actions": {
        "data": [],
        "links": {
          "related": {
            "href": "https:\/\/prodv0ojd6qy.main.acsf.baywsf.com\/jsonapi\/node\/question\/53096d1f-bfbe-4a87-80f9-351949c88e00\/field_actions?resourceVersion=id%3A46246"
          },
          "self": {
            "href": "https:\/\/prodv0ojd6qy.main.acsf.baywsf.com\/jsonapi\/node\/question\/53096d1f-bfbe-4a87-80f9-351949c88e00\/relationships\/field_actions?resourceVersion=id%3A46246"
          }
        }
      },
      "field_answer": {
        "data": [
          {
            "type": "node--answer",
            "id": "202e2629-5eed-4add-9a6d-946fc73b961e",
            "meta": {
              "drupal_internal__target_id": 1351
            }
          }
        ],
        "links": {
          "related": {
            "href": "https:\/\/prodv0ojd6qy.main.acsf.baywsf.com\/jsonapi\/node\/question\/53096d1f-bfbe-4a87-80f9-351949c88e00\/field_answer?resourceVersion=id%3A46246"
          },
          "self": {
            "href": "https:\/\/prodv0ojd6qy.main.acsf.baywsf.com\/jsonapi\/node\/question\/53096d1f-bfbe-4a87-80f9-351949c88e00\/relationships\/field_answer?resourceVersion=id%3A46246"
          }
        }
      },
      "field_correct": {
        "data": [],
        "links": {
          "related": {
            "href": "https:\/\/prodv0ojd6qy.main.acsf.baywsf.com\/jsonapi\/node\/question\/53096d1f-bfbe-4a87-80f9-351949c88e00\/field_correct?resourceVersion=id%3A46246"
          },
          "self": {
            "href": "https:\/\/prodv0ojd6qy.main.acsf.baywsf.com\/jsonapi\/node\/question\/53096d1f-bfbe-4a87-80f9-351949c88e00\/relationships\/field_correct?resourceVersion=id%3A46246"
          }
        }
      },
      "field_question_group": {
        "data": [],
        "links": {
          "related": {
            "href": "https:\/\/prodv0ojd6qy.main.acsf.baywsf.com\/jsonapi\/node\/question\/53096d1f-bfbe-4a87-80f9-351949c88e00\/field_question_group?resourceVersion=id%3A46246"
          },
          "self": {
            "href": "https:\/\/prodv0ojd6qy.main.acsf.baywsf.com\/jsonapi\/node\/question\/53096d1f-bfbe-4a87-80f9-351949c88e00\/relationships\/field_question_group?resourceVersion=id%3A46246"
          }
        }
      }
    }
  },
  "included": [
    {
      "type": "node--answer",
      "id": "202e2629-5eed-4add-9a6d-946fc73b961e",
      "links": {
        "self": {
          "href": "https:\/\/prodv0ojd6qy.main.acsf.baywsf.com\/jsonapi\/node\/answer\/202e2629-5eed-4add-9a6d-946fc73b961e?resourceVersion=id%3A46241"
        }
      },
      "attributes": {
        "drupal_internal__nid": 1351,
        "drupal_internal__vid": 46241,
        "langcode": "en",
        "revision_timestamp": "2023-01-17T14:01:30+00:00",
        "revision_log": null,
        "status": true,
        "title": "heartRate",
        "created": "2023-01-17T14:01:30+00:00",
        "changed": "2023-01-17T14:01:30+00:00",
        "promote": true,
        "sticky": false,
        "default_langcode": true,
        "revision_translation_affected": true,
        "moderation_state": null,
        "metatag": null,
        "path": {
          "alias": null,
          "pid": null,
          "langcode": "en"
        },
        "private": false,
        "field_metatags": null,
        "content_translation_source": "und",
        "content_translation_outdated": false,
        "published_at": "2023-01-17T14:01:55+00:00",
        "field_answer_summary": {
          "value": "\u003Cp\u003EheartRate\u003C\/p\u003E\r\n",
          "format": "cohesion_without_glossify",
          "processed": "\u003Cp\u003EheartRate\u003C\/p\u003E\n"
        },
        "field_instruction": null
      },
      "relationships": {
        "node_type": {
          "data": {
            "type": "node_type--node_type",
            "id": "2b9459ba-6e80-4cd4-b243-d970bac27c44",
            "meta": {
              "drupal_internal__target_id": "answer"
            }
          },
          "links": {
            "related": {
              "href": "https:\/\/prodv0ojd6qy.main.acsf.baywsf.com\/jsonapi\/node\/answer\/202e2629-5eed-4add-9a6d-946fc73b961e\/node_type?resourceVersion=id%3A46241"
            },
            "self": {
              "href": "https:\/\/prodv0ojd6qy.main.acsf.baywsf.com\/jsonapi\/node\/answer\/202e2629-5eed-4add-9a6d-946fc73b961e\/relationships\/node_type?resourceVersion=id%3A46241"
            }
          }
        },
        "revision_uid": {
          "data": {
            "type": "user--user",
            "id": "ca644710-b0bf-4511-85df-451f03b5e0fb",
            "meta": {
              "drupal_internal__target_id": 6216
            }
          },
          "links": {
            "related": {
              "href": "https:\/\/prodv0ojd6qy.main.acsf.baywsf.com\/jsonapi\/node\/answer\/202e2629-5eed-4add-9a6d-946fc73b961e\/revision_uid?resourceVersion=id%3A46241"
            },
            "self": {
              "href": "https:\/\/prodv0ojd6qy.main.acsf.baywsf.com\/jsonapi\/node\/answer\/202e2629-5eed-4add-9a6d-946fc73b961e\/relationships\/revision_uid?resourceVersion=id%3A46241"
            }
          }
        },
        "uid": {
          "data": {
            "type": "user--user",
            "id": "ca644710-b0bf-4511-85df-451f03b5e0fb",
            "meta": {
              "drupal_internal__target_id": 6216
            }
          },
          "links": {
            "related": {
              "href": "https:\/\/prodv0ojd6qy.main.acsf.baywsf.com\/jsonapi\/node\/answer\/202e2629-5eed-4add-9a6d-946fc73b961e\/uid?resourceVersion=id%3A46241"
            },
            "self": {
              "href": "https:\/\/prodv0ojd6qy.main.acsf.baywsf.com\/jsonapi\/node\/answer\/202e2629-5eed-4add-9a6d-946fc73b961e\/relationships\/uid?resourceVersion=id%3A46241"
            }
          }
        },
        "field_schema_json_ld_file": {
          "data": null,
          "links": {
            "related": {
              "href": "https:\/\/prodv0ojd6qy.main.acsf.baywsf.com\/jsonapi\/node\/answer\/202e2629-5eed-4add-9a6d-946fc73b961e\/field_schema_json_ld_file?resourceVersion=id%3A46241"
            },
            "self": {
              "href": "https:\/\/prodv0ojd6qy.main.acsf.baywsf.com\/jsonapi\/node\/answer\/202e2629-5eed-4add-9a6d-946fc73b961e\/relationships\/field_schema_json_ld_file?resourceVersion=id%3A46241"
            }
          }
        },
        "audience_tag": {
          "data": {
            "type": "taxonomy_term--audience",
            "id": "b0ef5480-df1e-45d3-a61b-12bc57be205d",
            "meta": {
              "drupal_internal__target_id": 316
            }
          },
          "links": {
            "related": {
              "href": "https:\/\/prodv0ojd6qy.main.acsf.baywsf.com\/jsonapi\/node\/answer\/202e2629-5eed-4add-9a6d-946fc73b961e\/audience_tag?resourceVersion=id%3A46241"
            },
            "self": {
              "href": "https:\/\/prodv0ojd6qy.main.acsf.baywsf.com\/jsonapi\/node\/answer\/202e2629-5eed-4add-9a6d-946fc73b961e\/relationships\/audience_tag?resourceVersion=id%3A46241"
            }
          }
        },
        "field_answer_category": {
          "data": [],
          "links": {
            "related": {
              "href": "https:\/\/prodv0ojd6qy.main.acsf.baywsf.com\/jsonapi\/node\/answer\/202e2629-5eed-4add-9a6d-946fc73b961e\/field_answer_category?resourceVersion=id%3A46241"
            },
            "self": {
              "href": "https:\/\/prodv0ojd6qy.main.acsf.baywsf.com\/jsonapi\/node\/answer\/202e2629-5eed-4add-9a6d-946fc73b961e\/relationships\/field_answer_category?resourceVersion=id%3A46241"
            }
          }
        },
        "field_next_question": {
          "data": null,
          "links": {
            "related": {
              "href": "https:\/\/prodv0ojd6qy.main.acsf.baywsf.com\/jsonapi\/node\/answer\/202e2629-5eed-4add-9a6d-946fc73b961e\/field_next_question?resourceVersion=id%3A46241"
            },
            "self": {
              "href": "https:\/\/prodv0ojd6qy.main.acsf.baywsf.com\/jsonapi\/node\/answer\/202e2629-5eed-4add-9a6d-946fc73b961e\/relationships\/field_next_question?resourceVersion=id%3A46241"
            }
          }
        },
        "field_result": {
          "data": null,
          "links": {
            "related": {
              "href": "https:\/\/prodv0ojd6qy.main.acsf.baywsf.com\/jsonapi\/node\/answer\/202e2629-5eed-4add-9a6d-946fc73b961e\/field_result?resourceVersion=id%3A46241"
            },
            "self": {
              "href": "https:\/\/prodv0ojd6qy.main.acsf.baywsf.com\/jsonapi\/node\/answer\/202e2629-5eed-4add-9a6d-946fc73b961e\/relationships\/field_result?resourceVersion=id%3A46241"
            }
          }
        }
      }
    }
  ],
  "links": {
    "self": {
      "href": "https:\/\/prodv0ojd6qy.main.acsf.baywsf.com\/jsonapi\/node\/question\/53096d1f-bfbe-4a87-80f9-351949c88e00?include=field_answer"
    }
  }
}