{
  "jsonapi": {
    "version": "1.0",
    "meta": {
      "links": {
        "self": {
          "href": "http:\/\/jsonapi.org\/format\/1.0\/"
        }
      }
    }
  },
  "data": {
    "type": "node--question",
    "id": "543a8b58-6de1-46d2-b8ad-de6a51718e38",
    "links": {
      "self": {
        "href": "https:\/\/prodv0ojd6qy.main.acsf.baywsf.com\/jsonapi\/node\/question\/543a8b58-6de1-46d2-b8ad-de6a51718e38?resourceVersion=id%3A46201"
      }
    },
    "attributes": {
      "drupal_internal__nid": 1321,
      "drupal_internal__vid": 46201,
      "langcode": "en",
      "revision_timestamp": "2023-01-17T13:54:28+00:00",
      "revision_log": null,
      "status": true,
      "title": "What is your biological sex?",
      "created": "2023-01-17T13:54:28+00:00",
      "changed": "2023-01-17T13:54:28+00:00",
      "promote": false,
      "sticky": false,
      "default_langcode": true,
      "revision_translation_affected": true,
      "moderation_state": null,
      "metatag": null,
      "path": {
        "alias": null,
        "pid": null,
        "langcode": "en"
      },
      "private": false,
      "field_metatags": null,
      "content_translation_source": "und",
      "content_translation_outdated": false,
      "published_at": "2023-01-17T13:54:28+00:00",
      "field_error": null,
      "field_explanation": null,
      "field_instruction": {
        "value": "\u003Cp\u003E\u003Cstrong\u003EWhy this matters\u003C\/strong\u003E\u003C\/p\u003E\r\n\r\n\u003Cp\u003EWe understand that your biological sex might not align with your gender identity and we\u2019re really sorry if this question causes you any discomfort. The sex you were registered with at birth impacts your chances of developing cardiovascular disease (CVD), so it\u2019s important we ask.\u003C\/p\u003E\r\n",
        "format": "cohesion_without_glossify",
        "processed": "\u003Cp\u003E\u003Cstrong\u003EWhy this matters\u003C\/strong\u003E\u003C\/p\u003E\n\n\u003Cp\u003EWe understand that your biological sex might not align with your gender identity and we\u2019re really sorry if this question causes you any discomfort. The sex you were registered with at birth impacts your chances of developing cardiovascular disease (CVD), so it\u2019s important we ask.\u003C\/p\u003E\n"
      },
      "field_references": null
    },
    "relationships": {
      "node_type": {
        "data": {
          "type": "node_type--node_type",
          "id": "b36305cf-d6a4-4b58-94fd-9bd56dc48d0a",
          "meta": {
            "drupal_internal__target_id": "question"
          }
        },
        "links": {
          "related": {
            "href": "https:\/\/prodv0ojd6qy.main.acsf.baywsf.com\/jsonapi\/node\/question\/543a8b58-6de1-46d2-b8ad-de6a51718e38\/node_type?resourceVersion=id%3A46201"
          },
          "self": {
            "href": "https:\/\/prodv0ojd6qy.main.acsf.baywsf.com\/jsonapi\/node\/question\/543a8b58-6de1-46d2-b8ad-de6a51718e38\/relationships\/node_type?resourceVersion=id%3A46201"
          }
        }
      },
      "revision_uid": {
        "data": {
          "type": "user--user",
          "id": "ca644710-b0bf-4511-85df-451f03b5e0fb",
          "meta": {
            "drupal_internal__target_id": 6216
          }
        },
        "links": {
          "related": {
            "href": "https:\/\/prodv0ojd6qy.main.acsf.baywsf.com\/jsonapi\/node\/question\/543a8b58-6de1-46d2-b8ad-de6a51718e38\/revision_uid?resourceVersion=id%3A46201"
          },
          "self": {
            "href": "https:\/\/prodv0ojd6qy.main.acsf.baywsf.com\/jsonapi\/node\/question\/543a8b58-6de1-46d2-b8ad-de6a51718e38\/relationships\/revision_uid?resourceVersion=id%3A46201"
          }
        }
      },
      "uid": {
        "data": {
          "type": "user--user",
          "id": "ca644710-b0bf-4511-85df-451f03b5e0fb",
          "meta": {
            "drupal_internal__target_id": 6216
          }
        },
        "links": {
          "related": {
            "href": "https:\/\/prodv0ojd6qy.main.acsf.baywsf.com\/jsonapi\/node\/question\/543a8b58-6de1-46d2-b8ad-de6a51718e38\/uid?resourceVersion=id%3A46201"
          },
          "self": {
            "href": "https:\/\/prodv0ojd6qy.main.acsf.baywsf.com\/jsonapi\/node\/question\/543a8b58-6de1-46d2-b8ad-de6a51718e38\/relationships\/uid?resourceVersion=id%3A46201"
          }
        }
      },
      "field_schema_json_ld_file": {
        "data": null,
        "links": {
          "related": {
            "href": "https:\/\/prodv0ojd6qy.main.acsf.baywsf.com\/jsonapi\/node\/question\/543a8b58-6de1-46d2-b8ad-de6a51718e38\/field_schema_json_ld_file?resourceVersion=id%3A46201"
          },
          "self": {
            "href": "https:\/\/prodv0ojd6qy.main.acsf.baywsf.com\/jsonapi\/node\/question\/543a8b58-6de1-46d2-b8ad-de6a51718e38\/relationships\/field_schema_json_ld_file?resourceVersion=id%3A46201"
          }
        }
      },
      "audience_tag": {
        "data": {
          "type": "taxonomy_term--audience",
          "id": "b0ef5480-df1e-45d3-a61b-12bc57be205d",
          "meta": {
            "drupal_internal__target_id": 316
          }
        },
        "links": {
          "related": {
            "href": "https:\/\/prodv0ojd6qy.main.acsf.baywsf.com\/jsonapi\/node\/question\/543a8b58-6de1-46d2-b8ad-de6a51718e38\/audience_tag?resourceVersion=id%3A46201"
          },
          "self": {
            "href": "https:\/\/prodv0ojd6qy.main.acsf.baywsf.com\/jsonapi\/node\/question\/543a8b58-6de1-46d2-b8ad-de6a51718e38\/relationships\/audience_tag?resourceVersion=id%3A46201"
          }
        }
      },
      "field_actions": {
        "data": [],
        "links": {
          "related": {
            "href": "https:\/\/prodv0ojd6qy.main.acsf.baywsf.com\/jsonapi\/node\/question\/543a8b58-6de1-46d2-b8ad-de6a51718e38\/field_actions?resourceVersion=id%3A46201"
          },
          "self": {
            "href": "https:\/\/prodv0ojd6qy.main.acsf.baywsf.com\/jsonapi\/node\/question\/543a8b58-6de1-46d2-b8ad-de6a51718e38\/relationships\/field_actions?resourceVersion=id%3A46201"
          }
        }
      },
      "field_answer": {
        "data": [
          {
            "type": "node--answer",
            "id": "0371bd23-d921-4430-a92c-8b861d6e08f0",
            "meta": {
              "drupal_internal__target_id": 1301
            }
          },
          {
            "type": "node--answer",
            "id": "d4f54fed-197a-40bc-b183-5f2bfb881a4d",
            "meta": {
              "drupal_internal__target_id": 1306
            }
          },
          {
            "type": "node--answer",
            "id": "5dce7992-159a-4e41-85c5-b3bbda3852c3",
            "meta": {
              "drupal_internal__target_id": 1311
            }
          },
          {
            "type": "node--answer",
            "id": "a026abc7-a97e-45b7-b9bc-54b7d703c27a",
            "meta": {
              "drupal_internal__target_id": 1316
            }
          }
        ],
        "links": {
          "related": {
            "href": "https:\/\/prodv0ojd6qy.main.acsf.baywsf.com\/jsonapi\/node\/question\/543a8b58-6de1-46d2-b8ad-de6a51718e38\/field_answer?resourceVersion=id%3A46201"
          },
          "self": {
            "href": "https:\/\/prodv0ojd6qy.main.acsf.baywsf.com\/jsonapi\/node\/question\/543a8b58-6de1-46d2-b8ad-de6a51718e38\/relationships\/field_answer?resourceVersion=id%3A46201"
          }
        }
      },
      "field_correct": {
        "data": [],
        "links": {
          "related": {
            "href": "https:\/\/prodv0ojd6qy.main.acsf.baywsf.com\/jsonapi\/node\/question\/543a8b58-6de1-46d2-b8ad-de6a51718e38\/field_correct?resourceVersion=id%3A46201"
          },
          "self": {
            "href": "https:\/\/prodv0ojd6qy.main.acsf.baywsf.com\/jsonapi\/node\/question\/543a8b58-6de1-46d2-b8ad-de6a51718e38\/relationships\/field_correct?resourceVersion=id%3A46201"
          }
        }
      },
      "field_question_group": {
        "data": [],
        "links": {
          "related": {
            "href": "https:\/\/prodv0ojd6qy.main.acsf.baywsf.com\/jsonapi\/node\/question\/543a8b58-6de1-46d2-b8ad-de6a51718e38\/field_question_group?resourceVersion=id%3A46201"
          },
          "self": {
            "href": "https:\/\/prodv0ojd6qy.main.acsf.baywsf.com\/jsonapi\/node\/question\/543a8b58-6de1-46d2-b8ad-de6a51718e38\/relationships\/field_question_group?resourceVersion=id%3A46201"
          }
        }
      }
    }
  },
  "included": [
    {
      "type": "node--answer",
      "id": "0371bd23-d921-4430-a92c-8b861d6e08f0",
      "links": {
        "self": {
          "href": "https:\/\/prodv0ojd6qy.main.acsf.baywsf.com\/jsonapi\/node\/answer\/0371bd23-d921-4430-a92c-8b861d6e08f0?resourceVersion=id%3A46181"
        }
      },
      "attributes": {
        "drupal_internal__nid": 1301,
        "drupal_internal__vid": 46181,
        "langcode": "en",
        "revision_timestamp": "2023-01-17T13:51:39+00:00",
        "revision_log": null,
        "status": true,
        "title": "Male",
        "created": "2023-01-17T13:51:39+00:00",
        "changed": "2023-01-17T13:51:39+00:00",
        "promote": true,
        "sticky": false,
        "default_langcode": true,
        "revision_translation_affected": true,
        "moderation_state": null,
        "metatag": null,
        "path": {
          "alias": null,
          "pid": null,
          "langcode": "en"
        },
        "private": false,
        "field_metatags": null,
        "content_translation_source": "und",
        "content_translation_outdated": false,
        "published_at": "2023-01-17T13:54:28+00:00",
        "field_answer_summary": {
          "value": "\u003Cp\u003EMALE\u003C\/p\u003E\r\n",
          "format": "cohesion_without_glossify",
          "processed": "\u003Cp\u003EMALE\u003C\/p\u003E\n"
        },
        "field_instruction": null
      },
      "relationships": {
        "node_type": {
          "data": {
            "type": "node_type--node_type",
            "id": "2b9459ba-6e80-4cd4-b243-d970bac27c44",
            "meta": {
              "drupal_internal__target_id": "answer"
            }
          },
          "links": {
            "related": {
              "href": "https:\/\/prodv0ojd6qy.main.acsf.baywsf.com\/jsonapi\/node\/answer\/0371bd23-d921-4430-a92c-8b861d6e08f0\/node_type?resourceVersion=id%3A46181"
            },
            "self": {
              "href": "https:\/\/prodv0ojd6qy.main.acsf.baywsf.com\/jsonapi\/node\/answer\/0371bd23-d921-4430-a92c-8b861d6e08f0\/relationships\/node_type?resourceVersion=id%3A46181"
            }
          }
        },
        "revision_uid": {
          "data": {
            "type": "user--user",
            "id": "ca644710-b0bf-4511-85df-451f03b5e0fb",
            "meta": {
              "drupal_internal__target_id": 6216
            }
          },
          "links": {
            "related": {
              "href": "https:\/\/prodv0ojd6qy.main.acsf.baywsf.com\/jsonapi\/node\/answer\/0371bd23-d921-4430-a92c-8b861d6e08f0\/revision_uid?resourceVersion=id%3A46181"
            },
            "self": {
              "href": "https:\/\/prodv0ojd6qy.main.acsf.baywsf.com\/jsonapi\/node\/answer\/0371bd23-d921-4430-a92c-8b861d6e08f0\/relationships\/revision_uid?resourceVersion=id%3A46181"
            }
          }
        },
        "uid": {
          "data": {
            "type": "user--user",
            "id": "ca644710-b0bf-4511-85df-451f03b5e0fb",
            "meta": {
              "drupal_internal__target_id": 6216
            }
          },
          "links": {
            "related": {
              "href": "https:\/\/prodv0ojd6qy.main.acsf.baywsf.com\/jsonapi\/node\/answer\/0371bd23-d921-4430-a92c-8b861d6e08f0\/uid?resourceVersion=id%3A46181"
            },
            "self": {
              "href": "https:\/\/prodv0ojd6qy.main.acsf.baywsf.com\/jsonapi\/node\/answer\/0371bd23-d921-4430-a92c-8b861d6e08f0\/relationships\/uid?resourceVersion=id%3A46181"
            }
          }
        },
        "field_schema_json_ld_file": {
          "data": null,
          "links": {
            "related": {
              "href": "https:\/\/prodv0ojd6qy.main.acsf.baywsf.com\/jsonapi\/node\/answer\/0371bd23-d921-4430-a92c-8b861d6e08f0\/field_schema_json_ld_file?resourceVersion=id%3A46181"
            },
            "self": {
              "href": "https:\/\/prodv0ojd6qy.main.acsf.baywsf.com\/jsonapi\/node\/answer\/0371bd23-d921-4430-a92c-8b861d6e08f0\/relationships\/field_schema_json_ld_file?resourceVersion=id%3A46181"
            }
          }
        },
        "audience_tag": {
          "data": {
            "type": "taxonomy_term--audience",
            "id": "b0ef5480-df1e-45d3-a61b-12bc57be205d",
            "meta": {
              "drupal_internal__target_id": 316
            }
          },
          "links": {
            "related": {
              "href": "https:\/\/prodv0ojd6qy.main.acsf.baywsf.com\/jsonapi\/node\/answer\/0371bd23-d921-4430-a92c-8b861d6e08f0\/audience_tag?resourceVersion=id%3A46181"
            },
            "self": {
              "href": "https:\/\/prodv0ojd6qy.main.acsf.baywsf.com\/jsonapi\/node\/answer\/0371bd23-d921-4430-a92c-8b861d6e08f0\/relationships\/audience_tag?resourceVersion=id%3A46181"
            }
          }
        },
        "field_answer_category": {
          "data": [],
          "links": {
            "related": {
              "href": "https:\/\/prodv0ojd6qy.main.acsf.baywsf.com\/jsonapi\/node\/answer\/0371bd23-d921-4430-a92c-8b861d6e08f0\/field_answer_category?resourceVersion=id%3A46181"
            },
            "self": {
              "href": "https:\/\/prodv0ojd6qy.main.acsf.baywsf.com\/jsonapi\/node\/answer\/0371bd23-d921-4430-a92c-8b861d6e08f0\/relationships\/field_answer_category?resourceVersion=id%3A46181"
            }
          }
        },
        "field_next_question": {
          "data": null,
          "links": {
            "related": {
              "href": "https:\/\/prodv0ojd6qy.main.acsf.baywsf.com\/jsonapi\/node\/answer\/0371bd23-d921-4430-a92c-8b861d6e08f0\/field_next_question?resourceVersion=id%3A46181"
            },
            "self": {
              "href": "https:\/\/prodv0ojd6qy.main.acsf.baywsf.com\/jsonapi\/node\/answer\/0371bd23-d921-4430-a92c-8b861d6e08f0\/relationships\/field_next_question?resourceVersion=id%3A46181"
            }
          }
        },
        "field_result": {
          "data": null,
          "links": {
            "related": {
              "href": "https:\/\/prodv0ojd6qy.main.acsf.baywsf.com\/jsonapi\/node\/answer\/0371bd23-d921-4430-a92c-8b861d6e08f0\/field_result?resourceVersion=id%3A46181"
            },
            "self": {
              "href": "https:\/\/prodv0ojd6qy.main.acsf.baywsf.com\/jsonapi\/node\/answer\/0371bd23-d921-4430-a92c-8b861d6e08f0\/relationships\/field_result?resourceVersion=id%3A46181"
            }
          }
        }
      }
    },
    {
      "type": "node--answer",
      "id": "d4f54fed-197a-40bc-b183-5f2bfb881a4d",
      "links": {
        "self": {
          "href": "https:\/\/prodv0ojd6qy.main.acsf.baywsf.com\/jsonapi\/node\/answer\/d4f54fed-197a-40bc-b183-5f2bfb881a4d?resourceVersion=id%3A46186"
        }
      },
      "attributes": {
        "drupal_internal__nid": 1306,
        "drupal_internal__vid": 46186,
        "langcode": "en",
        "revision_timestamp": "2023-01-17T13:52:32+00:00",
        "revision_log": null,
        "status": true,
        "title": "Female",
        "created": "2023-01-17T13:52:32+00:00",
        "changed": "2023-01-17T13:52:32+00:00",
        "promote": true,
        "sticky": false,
        "default_langcode": true,
        "revision_translation_affected": true,
        "moderation_state": null,
        "metatag": null,
        "path": {
          "alias": null,
          "pid": null,
          "langcode": "en"
        },
        "private": false,
        "field_metatags": null,
        "content_translation_source": "und",
        "content_translation_outdated": false,
        "published_at": "2023-01-17T13:54:28+00:00",
        "field_answer_summary": {
          "value": "\u003Cp\u003EFEMALE\u003C\/p\u003E\r\n",
          "format": "cohesion_without_glossify",
          "processed": "\u003Cp\u003EFEMALE\u003C\/p\u003E\n"
        },
        "field_instruction": null
      },
      "relationships": {
        "node_type": {
          "data": {
            "type": "node_type--node_type",
            "id": "2b9459ba-6e80-4cd4-b243-d970bac27c44",
            "meta": {
              "drupal_internal__target_id": "answer"
            }
          },
          "links": {
            "related": {
              "href": "https:\/\/prodv0ojd6qy.main.acsf.baywsf.com\/jsonapi\/node\/answer\/d4f54fed-197a-40bc-b183-5f2bfb881a4d\/node_type?resourceVersion=id%3A46186"
            },
            "self": {
              "href": "https:\/\/prodv0ojd6qy.main.acsf.baywsf.com\/jsonapi\/node\/answer\/d4f54fed-197a-40bc-b183-5f2bfb881a4d\/relationships\/node_type?resourceVersion=id%3A46186"
            }
          }
        },
        "revision_uid": {
          "data": {
            "type": "user--user",
            "id": "ca644710-b0bf-4511-85df-451f03b5e0fb",
            "meta": {
              "drupal_internal__target_id": 6216
            }
          },
          "links": {
            "related": {
              "href": "https:\/\/prodv0ojd6qy.main.acsf.baywsf.com\/jsonapi\/node\/answer\/d4f54fed-197a-40bc-b183-5f2bfb881a4d\/revision_uid?resourceVersion=id%3A46186"
            },
            "self": {
              "href": "https:\/\/prodv0ojd6qy.main.acsf.baywsf.com\/jsonapi\/node\/answer\/d4f54fed-197a-40bc-b183-5f2bfb881a4d\/relationships\/revision_uid?resourceVersion=id%3A46186"
            }
          }
        },
        "uid": {
          "data": {
            "type": "user--user",
            "id": "ca644710-b0bf-4511-85df-451f03b5e0fb",
            "meta": {
              "drupal_internal__target_id": 6216
            }
          },
          "links": {
            "related": {
              "href": "https:\/\/prodv0ojd6qy.main.acsf.baywsf.com\/jsonapi\/node\/answer\/d4f54fed-197a-40bc-b183-5f2bfb881a4d\/uid?resourceVersion=id%3A46186"
            },
            "self": {
              "href": "https:\/\/prodv0ojd6qy.main.acsf.baywsf.com\/jsonapi\/node\/answer\/d4f54fed-197a-40bc-b183-5f2bfb881a4d\/relationships\/uid?resourceVersion=id%3A46186"
            }
          }
        },
        "field_schema_json_ld_file": {
          "data": null,
          "links": {
            "related": {
              "href": "https:\/\/prodv0ojd6qy.main.acsf.baywsf.com\/jsonapi\/node\/answer\/d4f54fed-197a-40bc-b183-5f2bfb881a4d\/field_schema_json_ld_file?resourceVersion=id%3A46186"
            },
            "self": {
              "href": "https:\/\/prodv0ojd6qy.main.acsf.baywsf.com\/jsonapi\/node\/answer\/d4f54fed-197a-40bc-b183-5f2bfb881a4d\/relationships\/field_schema_json_ld_file?resourceVersion=id%3A46186"
            }
          }
        },
        "audience_tag": {
          "data": {
            "type": "taxonomy_term--audience",
            "id": "b0ef5480-df1e-45d3-a61b-12bc57be205d",
            "meta": {
              "drupal_internal__target_id": 316
            }
          },
          "links": {
            "related": {
              "href": "https:\/\/prodv0ojd6qy.main.acsf.baywsf.com\/jsonapi\/node\/answer\/d4f54fed-197a-40bc-b183-5f2bfb881a4d\/audience_tag?resourceVersion=id%3A46186"
            },
            "self": {
              "href": "https:\/\/prodv0ojd6qy.main.acsf.baywsf.com\/jsonapi\/node\/answer\/d4f54fed-197a-40bc-b183-5f2bfb881a4d\/relationships\/audience_tag?resourceVersion=id%3A46186"
            }
          }
        },
        "field_answer_category": {
          "data": [],
          "links": {
            "related": {
              "href": "https:\/\/prodv0ojd6qy.main.acsf.baywsf.com\/jsonapi\/node\/answer\/d4f54fed-197a-40bc-b183-5f2bfb881a4d\/field_answer_category?resourceVersion=id%3A46186"
            },
            "self": {
              "href": "https:\/\/prodv0ojd6qy.main.acsf.baywsf.com\/jsonapi\/node\/answer\/d4f54fed-197a-40bc-b183-5f2bfb881a4d\/relationships\/field_answer_category?resourceVersion=id%3A46186"
            }
          }
        },
        "field_next_question": {
          "data": null,
          "links": {
            "related": {
              "href": "https:\/\/prodv0ojd6qy.main.acsf.baywsf.com\/jsonapi\/node\/answer\/d4f54fed-197a-40bc-b183-5f2bfb881a4d\/field_next_question?resourceVersion=id%3A46186"
            },
            "self": {
              "href": "https:\/\/prodv0ojd6qy.main.acsf.baywsf.com\/jsonapi\/node\/answer\/d4f54fed-197a-40bc-b183-5f2bfb881a4d\/relationships\/field_next_question?resourceVersion=id%3A46186"
            }
          }
        },
        "field_result": {
          "data": null,
          "links": {
            "related": {
              "href": "https:\/\/prodv0ojd6qy.main.acsf.baywsf.com\/jsonapi\/node\/answer\/d4f54fed-197a-40bc-b183-5f2bfb881a4d\/field_result?resourceVersion=id%3A46186"
            },
            "self": {
              "href": "https:\/\/prodv0ojd6qy.main.acsf.baywsf.com\/jsonapi\/node\/answer\/d4f54fed-197a-40bc-b183-5f2bfb881a4d\/relationships\/field_result?resourceVersion=id%3A46186"
            }
          }
        }
      }
    },
    {
      "type": "node--answer",
      "id": "5dce7992-159a-4e41-85c5-b3bbda3852c3",
      "links": {
        "self": {
          "href": "https:\/\/prodv0ojd6qy.main.acsf.baywsf.com\/jsonapi\/node\/answer\/5dce7992-159a-4e41-85c5-b3bbda3852c3?resourceVersion=id%3A46191"
        }
      },
      "attributes": {
        "drupal_internal__nid": 1311,
        "drupal_internal__vid": 46191,
        "langcode": "en",
        "revision_timestamp": "2023-01-17T13:53:26+00:00",
        "revision_log": null,
        "status": true,
        "title": "Other",
        "created": "2023-01-17T13:53:26+00:00",
        "changed": "2023-01-17T13:53:26+00:00",
        "promote": true,
        "sticky": false,
        "default_langcode": true,
        "revision_translation_affected": true,
        "moderation_state": null,
        "metatag": null,
        "path": {
          "alias": null,
          "pid": null,
          "langcode": "en"
        },
        "private": false,
        "field_metatags": null,
        "content_translation_source": "und",
        "content_translation_outdated": false,
        "published_at": "2023-01-17T13:54:28+00:00",
        "field_answer_summary": {
          "value": "\u003Cp\u003EOTHER\u003C\/p\u003E\r\n",
          "format": "cohesion_without_glossify",
          "processed": "\u003Cp\u003EOTHER\u003C\/p\u003E\n"
        },
        "field_instruction": null
      },
      "relationships": {
        "node_type": {
          "data": {
            "type": "node_type--node_type",
            "id": "2b9459ba-6e80-4cd4-b243-d970bac27c44",
            "meta": {
              "drupal_internal__target_id": "answer"
            }
          },
          "links": {
            "related": {
              "href": "https:\/\/prodv0ojd6qy.main.acsf.baywsf.com\/jsonapi\/node\/answer\/5dce7992-159a-4e41-85c5-b3bbda3852c3\/node_type?resourceVersion=id%3A46191"
            },
            "self": {
              "href": "https:\/\/prodv0ojd6qy.main.acsf.baywsf.com\/jsonapi\/node\/answer\/5dce7992-159a-4e41-85c5-b3bbda3852c3\/relationships\/node_type?resourceVersion=id%3A46191"
            }
          }
        },
        "revision_uid": {
          "data": {
            "type": "user--user",
            "id": "ca644710-b0bf-4511-85df-451f03b5e0fb",
            "meta": {
              "drupal_internal__target_id": 6216
            }
          },
          "links": {
            "related": {
              "href": "https:\/\/prodv0ojd6qy.main.acsf.baywsf.com\/jsonapi\/node\/answer\/5dce7992-159a-4e41-85c5-b3bbda3852c3\/revision_uid?resourceVersion=id%3A46191"
            },
            "self": {
              "href": "https:\/\/prodv0ojd6qy.main.acsf.baywsf.com\/jsonapi\/node\/answer\/5dce7992-159a-4e41-85c5-b3bbda3852c3\/relationships\/revision_uid?resourceVersion=id%3A46191"
            }
          }
        },
        "uid": {
          "data": {
            "type": "user--user",
            "id": "ca644710-b0bf-4511-85df-451f03b5e0fb",
            "meta": {
              "drupal_internal__target_id": 6216
            }
          },
          "links": {
            "related": {
              "href": "https:\/\/prodv0ojd6qy.main.acsf.baywsf.com\/jsonapi\/node\/answer\/5dce7992-159a-4e41-85c5-b3bbda3852c3\/uid?resourceVersion=id%3A46191"
            },
            "self": {
              "href": "https:\/\/prodv0ojd6qy.main.acsf.baywsf.com\/jsonapi\/node\/answer\/5dce7992-159a-4e41-85c5-b3bbda3852c3\/relationships\/uid?resourceVersion=id%3A46191"
            }
          }
        },
        "field_schema_json_ld_file": {
          "data": null,
          "links": {
            "related": {
              "href": "https:\/\/prodv0ojd6qy.main.acsf.baywsf.com\/jsonapi\/node\/answer\/5dce7992-159a-4e41-85c5-b3bbda3852c3\/field_schema_json_ld_file?resourceVersion=id%3A46191"
            },
            "self": {
              "href": "https:\/\/prodv0ojd6qy.main.acsf.baywsf.com\/jsonapi\/node\/answer\/5dce7992-159a-4e41-85c5-b3bbda3852c3\/relationships\/field_schema_json_ld_file?resourceVersion=id%3A46191"
            }
          }
        },
        "audience_tag": {
          "data": {
            "type": "taxonomy_term--audience",
            "id": "b0ef5480-df1e-45d3-a61b-12bc57be205d",
            "meta": {
              "drupal_internal__target_id": 316
            }
          },
          "links": {
            "related": {
              "href": "https:\/\/prodv0ojd6qy.main.acsf.baywsf.com\/jsonapi\/node\/answer\/5dce7992-159a-4e41-85c5-b3bbda3852c3\/audience_tag?resourceVersion=id%3A46191"
            },
            "self": {
              "href": "https:\/\/prodv0ojd6qy.main.acsf.baywsf.com\/jsonapi\/node\/answer\/5dce7992-159a-4e41-85c5-b3bbda3852c3\/relationships\/audience_tag?resourceVersion=id%3A46191"
            }
          }
        },
        "field_answer_category": {
          "data": [],
          "links": {
            "related": {
              "href": "https:\/\/prodv0ojd6qy.main.acsf.baywsf.com\/jsonapi\/node\/answer\/5dce7992-159a-4e41-85c5-b3bbda3852c3\/field_answer_category?resourceVersion=id%3A46191"
            },
            "self": {
              "href": "https:\/\/prodv0ojd6qy.main.acsf.baywsf.com\/jsonapi\/node\/answer\/5dce7992-159a-4e41-85c5-b3bbda3852c3\/relationships\/field_answer_category?resourceVersion=id%3A46191"
            }
          }
        },
        "field_next_question": {
          "data": null,
          "links": {
            "related": {
              "href": "https:\/\/prodv0ojd6qy.main.acsf.baywsf.com\/jsonapi\/node\/answer\/5dce7992-159a-4e41-85c5-b3bbda3852c3\/field_next_question?resourceVersion=id%3A46191"
            },
            "self": {
              "href": "https:\/\/prodv0ojd6qy.main.acsf.baywsf.com\/jsonapi\/node\/answer\/5dce7992-159a-4e41-85c5-b3bbda3852c3\/relationships\/field_next_question?resourceVersion=id%3A46191"
            }
          }
        },
        "field_result": {
          "data": null,
          "links": {
            "related": {
              "href": "https:\/\/prodv0ojd6qy.main.acsf.baywsf.com\/jsonapi\/node\/answer\/5dce7992-159a-4e41-85c5-b3bbda3852c3\/field_result?resourceVersion=id%3A46191"
            },
            "self": {
              "href": "https:\/\/prodv0ojd6qy.main.acsf.baywsf.com\/jsonapi\/node\/answer\/5dce7992-159a-4e41-85c5-b3bbda3852c3\/relationships\/field_result?resourceVersion=id%3A46191"
            }
          }
        }
      }
    },
    {
      "type": "node--answer",
      "id": "a026abc7-a97e-45b7-b9bc-54b7d703c27a",
      "links": {
        "self": {
          "href": "https:\/\/prodv0ojd6qy.main.acsf.baywsf.com\/jsonapi\/node\/answer\/a026abc7-a97e-45b7-b9bc-54b7d703c27a?resourceVersion=id%3A46196"
        }
      },
      "attributes": {
        "drupal_internal__nid": 1316,
        "drupal_internal__vid": 46196,
        "langcode": "en",
        "revision_timestamp": "2023-01-17T13:54:24+00:00",
        "revision_log": null,
        "status": true,
        "title": "Prefer not to say",
        "created": "2023-01-17T13:54:24+00:00",
        "changed": "2023-01-17T13:54:24+00:00",
        "promote": true,
        "sticky": false,
        "default_langcode": true,
        "revision_translation_affected": true,
        "moderation_state": null,
        "metatag": null,
        "path": {
          "alias": null,
          "pid": null,
          "langcode": "en"
        },
        "private": false,
        "field_metatags": null,
        "content_translation_source": "und",
        "content_translation_outdated": false,
        "published_at": "2023-01-17T13:54:28+00:00",
        "field_answer_summary": {
          "value": "\u003Cp\u003ENOT_SPECIFIED\u003C\/p\u003E\r\n",
          "format": "cohesion_without_glossify",
          "processed": "\u003Cp\u003ENOT_SPECIFIED\u003C\/p\u003E\n"
        },
        "field_instruction": null
      },
      "relationships": {
        "node_type": {
          "data": {
            "type": "node_type--node_type",
            "id": "2b9459ba-6e80-4cd4-b243-d970bac27c44",
            "meta": {
              "drupal_internal__target_id": "answer"
            }
          },
          "links": {
            "related": {
              "href": "https:\/\/prodv0ojd6qy.main.acsf.baywsf.com\/jsonapi\/node\/answer\/a026abc7-a97e-45b7-b9bc-54b7d703c27a\/node_type?resourceVersion=id%3A46196"
            },
            "self": {
              "href": "https:\/\/prodv0ojd6qy.main.acsf.baywsf.com\/jsonapi\/node\/answer\/a026abc7-a97e-45b7-b9bc-54b7d703c27a\/relationships\/node_type?resourceVersion=id%3A46196"
            }
          }
        },
        "revision_uid": {
          "data": {
            "type": "user--user",
            "id": "ca644710-b0bf-4511-85df-451f03b5e0fb",
            "meta": {
              "drupal_internal__target_id": 6216
            }
          },
          "links": {
            "related": {
              "href": "https:\/\/prodv0ojd6qy.main.acsf.baywsf.com\/jsonapi\/node\/answer\/a026abc7-a97e-45b7-b9bc-54b7d703c27a\/revision_uid?resourceVersion=id%3A46196"
            },
            "self": {
              "href": "https:\/\/prodv0ojd6qy.main.acsf.baywsf.com\/jsonapi\/node\/answer\/a026abc7-a97e-45b7-b9bc-54b7d703c27a\/relationships\/revision_uid?resourceVersion=id%3A46196"
            }
          }
        },
        "uid": {
          "data": {
            "type": "user--user",
            "id": "ca644710-b0bf-4511-85df-451f03b5e0fb",
            "meta": {
              "drupal_internal__target_id": 6216
            }
          },
          "links": {
            "related": {
              "href": "https:\/\/prodv0ojd6qy.main.acsf.baywsf.com\/jsonapi\/node\/answer\/a026abc7-a97e-45b7-b9bc-54b7d703c27a\/uid?resourceVersion=id%3A46196"
            },
            "self": {
              "href": "https:\/\/prodv0ojd6qy.main.acsf.baywsf.com\/jsonapi\/node\/answer\/a026abc7-a97e-45b7-b9bc-54b7d703c27a\/relationships\/uid?resourceVersion=id%3A46196"
            }
          }
        },
        "field_schema_json_ld_file": {
          "data": null,
          "links": {
            "related": {
              "href": "https:\/\/prodv0ojd6qy.main.acsf.baywsf.com\/jsonapi\/node\/answer\/a026abc7-a97e-45b7-b9bc-54b7d703c27a\/field_schema_json_ld_file?resourceVersion=id%3A46196"
            },
            "self": {
              "href": "https:\/\/prodv0ojd6qy.main.acsf.baywsf.com\/jsonapi\/node\/answer\/a026abc7-a97e-45b7-b9bc-54b7d703c27a\/relationships\/field_schema_json_ld_file?resourceVersion=id%3A46196"
            }
          }
        },
        "audience_tag": {
          "data": {
            "type": "taxonomy_term--audience",
            "id": "b0ef5480-df1e-45d3-a61b-12bc57be205d",
            "meta": {
              "drupal_internal__target_id": 316
            }
          },
          "links": {
            "related": {
              "href": "https:\/\/prodv0ojd6qy.main.acsf.baywsf.com\/jsonapi\/node\/answer\/a026abc7-a97e-45b7-b9bc-54b7d703c27a\/audience_tag?resourceVersion=id%3A46196"
            },
            "self": {
              "href": "https:\/\/prodv0ojd6qy.main.acsf.baywsf.com\/jsonapi\/node\/answer\/a026abc7-a97e-45b7-b9bc-54b7d703c27a\/relationships\/audience_tag?resourceVersion=id%3A46196"
            }
          }
        },
        "field_answer_category": {
          "data": [],
          "links": {
            "related": {
              "href": "https:\/\/prodv0ojd6qy.main.acsf.baywsf.com\/jsonapi\/node\/answer\/a026abc7-a97e-45b7-b9bc-54b7d703c27a\/field_answer_category?resourceVersion=id%3A46196"
            },
            "self": {
              "href": "https:\/\/prodv0ojd6qy.main.acsf.baywsf.com\/jsonapi\/node\/answer\/a026abc7-a97e-45b7-b9bc-54b7d703c27a\/relationships\/field_answer_category?resourceVersion=id%3A46196"
            }
          }
        },
        "field_next_question": {
          "data": null,
          "links": {
            "related": {
              "href": "https:\/\/prodv0ojd6qy.main.acsf.baywsf.com\/jsonapi\/node\/answer\/a026abc7-a97e-45b7-b9bc-54b7d703c27a\/field_next_question?resourceVersion=id%3A46196"
            },
            "self": {
              "href": "https:\/\/prodv0ojd6qy.main.acsf.baywsf.com\/jsonapi\/node\/answer\/a026abc7-a97e-45b7-b9bc-54b7d703c27a\/relationships\/field_next_question?resourceVersion=id%3A46196"
            }
          }
        },
        "field_result": {
          "data": null,
          "links": {
            "related": {
              "href": "https:\/\/prodv0ojd6qy.main.acsf.baywsf.com\/jsonapi\/node\/answer\/a026abc7-a97e-45b7-b9bc-54b7d703c27a\/field_result?resourceVersion=id%3A46196"
            },
            "self": {
              "href": "https:\/\/prodv0ojd6qy.main.acsf.baywsf.com\/jsonapi\/node\/answer\/a026abc7-a97e-45b7-b9bc-54b7d703c27a\/relationships\/field_result?resourceVersion=id%3A46196"
            }
          }
        }
      }
    }
  ],
  "links": {
    "self": {
      "href": "https:\/\/prodv0ojd6qy.main.acsf.baywsf.com\/jsonapi\/node\/question\/543a8b58-6de1-46d2-b8ad-de6a51718e38?include=field_answer"
    }
  }
}