{
  "jsonapi": {
    "version": "1.0",
    "meta": {
      "links": {
        "self": {
          "href": "http:\/\/jsonapi.org\/format\/1.0\/"
        }
      }
    }
  },
  "data": {
    "type": "node--question",
    "id": "968470eb-c327-487b-a2bb-d5cb406c3e67",
    "links": {
      "self": {
        "href": "https:\/\/prodv0ojd6qy.main.acsf.baywsf.com\/jsonapi\/node\/question\/968470eb-c327-487b-a2bb-d5cb406c3e67?resourceVersion=id%3A46326"
      }
    },
    "attributes": {
      "drupal_internal__nid": 1416,
      "drupal_internal__vid": 46326,
      "langcode": "en",
      "revision_timestamp": "2023-01-17T14:10:20+00:00",
      "revision_log": null,
      "status": true,
      "title": "Do you currently smoke?",
      "created": "2023-01-17T14:10:20+00:00",
      "changed": "2023-01-17T14:10:20+00:00",
      "promote": false,
      "sticky": false,
      "default_langcode": true,
      "revision_translation_affected": true,
      "moderation_state": null,
      "metatag": null,
      "path": {
        "alias": null,
        "pid": null,
        "langcode": "en"
      },
      "private": false,
      "field_metatags": null,
      "content_translation_source": "und",
      "content_translation_outdated": false,
      "published_at": "2023-01-17T14:10:20+00:00",
      "field_error": null,
      "field_explanation": null,
      "field_instruction": null,
      "field_references": null
    },
    "relationships": {
      "node_type": {
        "data": {
          "type": "node_type--node_type",
          "id": "b36305cf-d6a4-4b58-94fd-9bd56dc48d0a",
          "meta": {
            "drupal_internal__target_id": "question"
          }
        },
        "links": {
          "related": {
            "href": "https:\/\/prodv0ojd6qy.main.acsf.baywsf.com\/jsonapi\/node\/question\/968470eb-c327-487b-a2bb-d5cb406c3e67\/node_type?resourceVersion=id%3A46326"
          },
          "self": {
            "href": "https:\/\/prodv0ojd6qy.main.acsf.baywsf.com\/jsonapi\/node\/question\/968470eb-c327-487b-a2bb-d5cb406c3e67\/relationships\/node_type?resourceVersion=id%3A46326"
          }
        }
      },
      "revision_uid": {
        "data": {
          "type": "user--user",
          "id": "ca644710-b0bf-4511-85df-451f03b5e0fb",
          "meta": {
            "drupal_internal__target_id": 6216
          }
        },
        "links": {
          "related": {
            "href": "https:\/\/prodv0ojd6qy.main.acsf.baywsf.com\/jsonapi\/node\/question\/968470eb-c327-487b-a2bb-d5cb406c3e67\/revision_uid?resourceVersion=id%3A46326"
          },
          "self": {
            "href": "https:\/\/prodv0ojd6qy.main.acsf.baywsf.com\/jsonapi\/node\/question\/968470eb-c327-487b-a2bb-d5cb406c3e67\/relationships\/revision_uid?resourceVersion=id%3A46326"
          }
        }
      },
      "uid": {
        "data": {
          "type": "user--user",
          "id": "ca644710-b0bf-4511-85df-451f03b5e0fb",
          "meta": {
            "drupal_internal__target_id": 6216
          }
        },
        "links": {
          "related": {
            "href": "https:\/\/prodv0ojd6qy.main.acsf.baywsf.com\/jsonapi\/node\/question\/968470eb-c327-487b-a2bb-d5cb406c3e67\/uid?resourceVersion=id%3A46326"
          },
          "self": {
            "href": "https:\/\/prodv0ojd6qy.main.acsf.baywsf.com\/jsonapi\/node\/question\/968470eb-c327-487b-a2bb-d5cb406c3e67\/relationships\/uid?resourceVersion=id%3A46326"
          }
        }
      },
      "field_schema_json_ld_file": {
        "data": null,
        "links": {
          "related": {
            "href": "https:\/\/prodv0ojd6qy.main.acsf.baywsf.com\/jsonapi\/node\/question\/968470eb-c327-487b-a2bb-d5cb406c3e67\/field_schema_json_ld_file?resourceVersion=id%3A46326"
          },
          "self": {
            "href": "https:\/\/prodv0ojd6qy.main.acsf.baywsf.com\/jsonapi\/node\/question\/968470eb-c327-487b-a2bb-d5cb406c3e67\/relationships\/field_schema_json_ld_file?resourceVersion=id%3A46326"
          }
        }
      },
      "audience_tag": {
        "data": {
          "type": "taxonomy_term--audience",
          "id": "b0ef5480-df1e-45d3-a61b-12bc57be205d",
          "meta": {
            "drupal_internal__target_id": 316
          }
        },
        "links": {
          "related": {
            "href": "https:\/\/prodv0ojd6qy.main.acsf.baywsf.com\/jsonapi\/node\/question\/968470eb-c327-487b-a2bb-d5cb406c3e67\/audience_tag?resourceVersion=id%3A46326"
          },
          "self": {
            "href": "https:\/\/prodv0ojd6qy.main.acsf.baywsf.com\/jsonapi\/node\/question\/968470eb-c327-487b-a2bb-d5cb406c3e67\/relationships\/audience_tag?resourceVersion=id%3A46326"
          }
        }
      },
      "field_actions": {
        "data": [],
        "links": {
          "related": {
            "href": "https:\/\/prodv0ojd6qy.main.acsf.baywsf.com\/jsonapi\/node\/question\/968470eb-c327-487b-a2bb-d5cb406c3e67\/field_actions?resourceVersion=id%3A46326"
          },
          "self": {
            "href": "https:\/\/prodv0ojd6qy.main.acsf.baywsf.com\/jsonapi\/node\/question\/968470eb-c327-487b-a2bb-d5cb406c3e67\/relationships\/field_actions?resourceVersion=id%3A46326"
          }
        }
      },
      "field_answer": {
        "data": [
          {
            "type": "node--answer",
            "id": "3bcb07c5-ca8e-461e-b6af-078760fb1c13",
            "meta": {
              "drupal_internal__target_id": 1406
            }
          },
          {
            "type": "node--answer",
            "id": "3b75822e-f389-45c6-9227-ab95b6b49247",
            "meta": {
              "drupal_internal__target_id": 1411
            }
          }
        ],
        "links": {
          "related": {
            "href": "https:\/\/prodv0ojd6qy.main.acsf.baywsf.com\/jsonapi\/node\/question\/968470eb-c327-487b-a2bb-d5cb406c3e67\/field_answer?resourceVersion=id%3A46326"
          },
          "self": {
            "href": "https:\/\/prodv0ojd6qy.main.acsf.baywsf.com\/jsonapi\/node\/question\/968470eb-c327-487b-a2bb-d5cb406c3e67\/relationships\/field_answer?resourceVersion=id%3A46326"
          }
        }
      },
      "field_correct": {
        "data": [],
        "links": {
          "related": {
            "href": "https:\/\/prodv0ojd6qy.main.acsf.baywsf.com\/jsonapi\/node\/question\/968470eb-c327-487b-a2bb-d5cb406c3e67\/field_correct?resourceVersion=id%3A46326"
          },
          "self": {
            "href": "https:\/\/prodv0ojd6qy.main.acsf.baywsf.com\/jsonapi\/node\/question\/968470eb-c327-487b-a2bb-d5cb406c3e67\/relationships\/field_correct?resourceVersion=id%3A46326"
          }
        }
      },
      "field_question_group": {
        "data": [],
        "links": {
          "related": {
            "href": "https:\/\/prodv0ojd6qy.main.acsf.baywsf.com\/jsonapi\/node\/question\/968470eb-c327-487b-a2bb-d5cb406c3e67\/field_question_group?resourceVersion=id%3A46326"
          },
          "self": {
            "href": "https:\/\/prodv0ojd6qy.main.acsf.baywsf.com\/jsonapi\/node\/question\/968470eb-c327-487b-a2bb-d5cb406c3e67\/relationships\/field_question_group?resourceVersion=id%3A46326"
          }
        }
      }
    }
  },
  "included": [
    {
      "type": "node--answer",
      "id": "3bcb07c5-ca8e-461e-b6af-078760fb1c13",
      "links": {
        "self": {
          "href": "https:\/\/prodv0ojd6qy.main.acsf.baywsf.com\/jsonapi\/node\/answer\/3bcb07c5-ca8e-461e-b6af-078760fb1c13?resourceVersion=id%3A46316"
        }
      },
      "attributes": {
        "drupal_internal__nid": 1406,
        "drupal_internal__vid": 46316,
        "langcode": "en",
        "revision_timestamp": "2023-01-17T14:09:51+00:00",
        "revision_log": null,
        "status": true,
        "title": "Yes",
        "created": "2023-01-17T14:09:51+00:00",
        "changed": "2023-01-17T14:09:51+00:00",
        "promote": true,
        "sticky": false,
        "default_langcode": true,
        "revision_translation_affected": true,
        "moderation_state": null,
        "metatag": null,
        "path": {
          "alias": null,
          "pid": null,
          "langcode": "en"
        },
        "private": false,
        "field_metatags": null,
        "content_translation_source": "und",
        "content_translation_outdated": false,
        "published_at": "2023-01-17T14:10:20+00:00",
        "field_answer_summary": {
          "value": "\u003Cp\u003ESMOKER\u003C\/p\u003E\r\n",
          "format": "cohesion_without_glossify",
          "processed": "\u003Cp\u003ESMOKER\u003C\/p\u003E\n"
        },
        "field_instruction": null
      },
      "relationships": {
        "node_type": {
          "data": {
            "type": "node_type--node_type",
            "id": "2b9459ba-6e80-4cd4-b243-d970bac27c44",
            "meta": {
              "drupal_internal__target_id": "answer"
            }
          },
          "links": {
            "related": {
              "href": "https:\/\/prodv0ojd6qy.main.acsf.baywsf.com\/jsonapi\/node\/answer\/3bcb07c5-ca8e-461e-b6af-078760fb1c13\/node_type?resourceVersion=id%3A46316"
            },
            "self": {
              "href": "https:\/\/prodv0ojd6qy.main.acsf.baywsf.com\/jsonapi\/node\/answer\/3bcb07c5-ca8e-461e-b6af-078760fb1c13\/relationships\/node_type?resourceVersion=id%3A46316"
            }
          }
        },
        "revision_uid": {
          "data": {
            "type": "user--user",
            "id": "ca644710-b0bf-4511-85df-451f03b5e0fb",
            "meta": {
              "drupal_internal__target_id": 6216
            }
          },
          "links": {
            "related": {
              "href": "https:\/\/prodv0ojd6qy.main.acsf.baywsf.com\/jsonapi\/node\/answer\/3bcb07c5-ca8e-461e-b6af-078760fb1c13\/revision_uid?resourceVersion=id%3A46316"
            },
            "self": {
              "href": "https:\/\/prodv0ojd6qy.main.acsf.baywsf.com\/jsonapi\/node\/answer\/3bcb07c5-ca8e-461e-b6af-078760fb1c13\/relationships\/revision_uid?resourceVersion=id%3A46316"
            }
          }
        },
        "uid": {
          "data": {
            "type": "user--user",
            "id": "ca644710-b0bf-4511-85df-451f03b5e0fb",
            "meta": {
              "drupal_internal__target_id": 6216
            }
          },
          "links": {
            "related": {
              "href": "https:\/\/prodv0ojd6qy.main.acsf.baywsf.com\/jsonapi\/node\/answer\/3bcb07c5-ca8e-461e-b6af-078760fb1c13\/uid?resourceVersion=id%3A46316"
            },
            "self": {
              "href": "https:\/\/prodv0ojd6qy.main.acsf.baywsf.com\/jsonapi\/node\/answer\/3bcb07c5-ca8e-461e-b6af-078760fb1c13\/relationships\/uid?resourceVersion=id%3A46316"
            }
          }
        },
        "field_schema_json_ld_file": {
          "data": null,
          "links": {
            "related": {
              "href": "https:\/\/prodv0ojd6qy.main.acsf.baywsf.com\/jsonapi\/node\/answer\/3bcb07c5-ca8e-461e-b6af-078760fb1c13\/field_schema_json_ld_file?resourceVersion=id%3A46316"
            },
            "self": {
              "href": "https:\/\/prodv0ojd6qy.main.acsf.baywsf.com\/jsonapi\/node\/answer\/3bcb07c5-ca8e-461e-b6af-078760fb1c13\/relationships\/field_schema_json_ld_file?resourceVersion=id%3A46316"
            }
          }
        },
        "audience_tag": {
          "data": {
            "type": "taxonomy_term--audience",
            "id": "b0ef5480-df1e-45d3-a61b-12bc57be205d",
            "meta": {
              "drupal_internal__target_id": 316
            }
          },
          "links": {
            "related": {
              "href": "https:\/\/prodv0ojd6qy.main.acsf.baywsf.com\/jsonapi\/node\/answer\/3bcb07c5-ca8e-461e-b6af-078760fb1c13\/audience_tag?resourceVersion=id%3A46316"
            },
            "self": {
              "href": "https:\/\/prodv0ojd6qy.main.acsf.baywsf.com\/jsonapi\/node\/answer\/3bcb07c5-ca8e-461e-b6af-078760fb1c13\/relationships\/audience_tag?resourceVersion=id%3A46316"
            }
          }
        },
        "field_answer_category": {
          "data": [],
          "links": {
            "related": {
              "href": "https:\/\/prodv0ojd6qy.main.acsf.baywsf.com\/jsonapi\/node\/answer\/3bcb07c5-ca8e-461e-b6af-078760fb1c13\/field_answer_category?resourceVersion=id%3A46316"
            },
            "self": {
              "href": "https:\/\/prodv0ojd6qy.main.acsf.baywsf.com\/jsonapi\/node\/answer\/3bcb07c5-ca8e-461e-b6af-078760fb1c13\/relationships\/field_answer_category?resourceVersion=id%3A46316"
            }
          }
        },
        "field_next_question": {
          "data": null,
          "links": {
            "related": {
              "href": "https:\/\/prodv0ojd6qy.main.acsf.baywsf.com\/jsonapi\/node\/answer\/3bcb07c5-ca8e-461e-b6af-078760fb1c13\/field_next_question?resourceVersion=id%3A46316"
            },
            "self": {
              "href": "https:\/\/prodv0ojd6qy.main.acsf.baywsf.com\/jsonapi\/node\/answer\/3bcb07c5-ca8e-461e-b6af-078760fb1c13\/relationships\/field_next_question?resourceVersion=id%3A46316"
            }
          }
        },
        "field_result": {
          "data": null,
          "links": {
            "related": {
              "href": "https:\/\/prodv0ojd6qy.main.acsf.baywsf.com\/jsonapi\/node\/answer\/3bcb07c5-ca8e-461e-b6af-078760fb1c13\/field_result?resourceVersion=id%3A46316"
            },
            "self": {
              "href": "https:\/\/prodv0ojd6qy.main.acsf.baywsf.com\/jsonapi\/node\/answer\/3bcb07c5-ca8e-461e-b6af-078760fb1c13\/relationships\/field_result?resourceVersion=id%3A46316"
            }
          }
        }
      }
    },
    {
      "type": "node--answer",
      "id": "3b75822e-f389-45c6-9227-ab95b6b49247",
      "links": {
        "self": {
          "href": "https:\/\/prodv0ojd6qy.main.acsf.baywsf.com\/jsonapi\/node\/answer\/3b75822e-f389-45c6-9227-ab95b6b49247?resourceVersion=id%3A46321"
        }
      },
      "attributes": {
        "drupal_internal__nid": 1411,
        "drupal_internal__vid": 46321,
        "langcode": "en",
        "revision_timestamp": "2023-01-17T14:10:17+00:00",
        "revision_log": null,
        "status": true,
        "title": "No",
        "created": "2023-01-17T14:10:17+00:00",
        "changed": "2023-01-17T14:10:17+00:00",
        "promote": true,
        "sticky": false,
        "default_langcode": true,
        "revision_translation_affected": true,
        "moderation_state": null,
        "metatag": null,
        "path": {
          "alias": null,
          "pid": null,
          "langcode": "en"
        },
        "private": false,
        "field_metatags": null,
        "content_translation_source": "und",
        "content_translation_outdated": false,
        "published_at": "2023-01-17T14:10:20+00:00",
        "field_answer_summary": {
          "value": "\u003Cp\u003ENON_SMOKER\u003C\/p\u003E\r\n",
          "format": "cohesion_without_glossify",
          "processed": "\u003Cp\u003ENON_SMOKER\u003C\/p\u003E\n"
        },
        "field_instruction": null
      },
      "relationships": {
        "node_type": {
          "data": {
            "type": "node_type--node_type",
            "id": "2b9459ba-6e80-4cd4-b243-d970bac27c44",
            "meta": {
              "drupal_internal__target_id": "answer"
            }
          },
          "links": {
            "related": {
              "href": "https:\/\/prodv0ojd6qy.main.acsf.baywsf.com\/jsonapi\/node\/answer\/3b75822e-f389-45c6-9227-ab95b6b49247\/node_type?resourceVersion=id%3A46321"
            },
            "self": {
              "href": "https:\/\/prodv0ojd6qy.main.acsf.baywsf.com\/jsonapi\/node\/answer\/3b75822e-f389-45c6-9227-ab95b6b49247\/relationships\/node_type?resourceVersion=id%3A46321"
            }
          }
        },
        "revision_uid": {
          "data": {
            "type": "user--user",
            "id": "ca644710-b0bf-4511-85df-451f03b5e0fb",
            "meta": {
              "drupal_internal__target_id": 6216
            }
          },
          "links": {
            "related": {
              "href": "https:\/\/prodv0ojd6qy.main.acsf.baywsf.com\/jsonapi\/node\/answer\/3b75822e-f389-45c6-9227-ab95b6b49247\/revision_uid?resourceVersion=id%3A46321"
            },
            "self": {
              "href": "https:\/\/prodv0ojd6qy.main.acsf.baywsf.com\/jsonapi\/node\/answer\/3b75822e-f389-45c6-9227-ab95b6b49247\/relationships\/revision_uid?resourceVersion=id%3A46321"
            }
          }
        },
        "uid": {
          "data": {
            "type": "user--user",
            "id": "ca644710-b0bf-4511-85df-451f03b5e0fb",
            "meta": {
              "drupal_internal__target_id": 6216
            }
          },
          "links": {
            "related": {
              "href": "https:\/\/prodv0ojd6qy.main.acsf.baywsf.com\/jsonapi\/node\/answer\/3b75822e-f389-45c6-9227-ab95b6b49247\/uid?resourceVersion=id%3A46321"
            },
            "self": {
              "href": "https:\/\/prodv0ojd6qy.main.acsf.baywsf.com\/jsonapi\/node\/answer\/3b75822e-f389-45c6-9227-ab95b6b49247\/relationships\/uid?resourceVersion=id%3A46321"
            }
          }
        },
        "field_schema_json_ld_file": {
          "data": null,
          "links": {
            "related": {
              "href": "https:\/\/prodv0ojd6qy.main.acsf.baywsf.com\/jsonapi\/node\/answer\/3b75822e-f389-45c6-9227-ab95b6b49247\/field_schema_json_ld_file?resourceVersion=id%3A46321"
            },
            "self": {
              "href": "https:\/\/prodv0ojd6qy.main.acsf.baywsf.com\/jsonapi\/node\/answer\/3b75822e-f389-45c6-9227-ab95b6b49247\/relationships\/field_schema_json_ld_file?resourceVersion=id%3A46321"
            }
          }
        },
        "audience_tag": {
          "data": {
            "type": "taxonomy_term--audience",
            "id": "b0ef5480-df1e-45d3-a61b-12bc57be205d",
            "meta": {
              "drupal_internal__target_id": 316
            }
          },
          "links": {
            "related": {
              "href": "https:\/\/prodv0ojd6qy.main.acsf.baywsf.com\/jsonapi\/node\/answer\/3b75822e-f389-45c6-9227-ab95b6b49247\/audience_tag?resourceVersion=id%3A46321"
            },
            "self": {
              "href": "https:\/\/prodv0ojd6qy.main.acsf.baywsf.com\/jsonapi\/node\/answer\/3b75822e-f389-45c6-9227-ab95b6b49247\/relationships\/audience_tag?resourceVersion=id%3A46321"
            }
          }
        },
        "field_answer_category": {
          "data": [],
          "links": {
            "related": {
              "href": "https:\/\/prodv0ojd6qy.main.acsf.baywsf.com\/jsonapi\/node\/answer\/3b75822e-f389-45c6-9227-ab95b6b49247\/field_answer_category?resourceVersion=id%3A46321"
            },
            "self": {
              "href": "https:\/\/prodv0ojd6qy.main.acsf.baywsf.com\/jsonapi\/node\/answer\/3b75822e-f389-45c6-9227-ab95b6b49247\/relationships\/field_answer_category?resourceVersion=id%3A46321"
            }
          }
        },
        "field_next_question": {
          "data": null,
          "links": {
            "related": {
              "href": "https:\/\/prodv0ojd6qy.main.acsf.baywsf.com\/jsonapi\/node\/answer\/3b75822e-f389-45c6-9227-ab95b6b49247\/field_next_question?resourceVersion=id%3A46321"
            },
            "self": {
              "href": "https:\/\/prodv0ojd6qy.main.acsf.baywsf.com\/jsonapi\/node\/answer\/3b75822e-f389-45c6-9227-ab95b6b49247\/relationships\/field_next_question?resourceVersion=id%3A46321"
            }
          }
        },
        "field_result": {
          "data": null,
          "links": {
            "related": {
              "href": "https:\/\/prodv0ojd6qy.main.acsf.baywsf.com\/jsonapi\/node\/answer\/3b75822e-f389-45c6-9227-ab95b6b49247\/field_result?resourceVersion=id%3A46321"
            },
            "self": {
              "href": "https:\/\/prodv0ojd6qy.main.acsf.baywsf.com\/jsonapi\/node\/answer\/3b75822e-f389-45c6-9227-ab95b6b49247\/relationships\/field_result?resourceVersion=id%3A46321"
            }
          }
        }
      }
    }
  ],
  "links": {
    "self": {
      "href": "https:\/\/prodv0ojd6qy.main.acsf.baywsf.com\/jsonapi\/node\/question\/968470eb-c327-487b-a2bb-d5cb406c3e67?include=field_answer"
    }
  }
}