{
  "jsonapi": {
    "version": "1.0",
    "meta": {
      "links": {
        "self": {
          "href": "http:\/\/jsonapi.org\/format\/1.0\/"
        }
      }
    }
  },
  "data": {
    "type": "node--question",
    "id": "a94951d5-912b-4756-89a5-19fd38a2f8f4",
    "links": {
      "self": {
        "href": "https:\/\/prodv0ojd6qy.main.acsf.baywsf.com\/jsonapi\/node\/question\/a94951d5-912b-4756-89a5-19fd38a2f8f4?resourceVersion=id%3A46111"
      }
    },
    "attributes": {
      "drupal_internal__nid": 1256,
      "drupal_internal__vid": 46111,
      "langcode": "en",
      "revision_timestamp": "2023-01-17T13:39:01+00:00",
      "revision_log": null,
      "status": true,
      "title": "How often do you watch sports content (live games, social media, interviews etc)?",
      "created": "2023-01-17T13:39:01+00:00",
      "changed": "2023-01-27T16:51:18+00:00",
      "promote": false,
      "sticky": false,
      "default_langcode": true,
      "revision_translation_affected": true,
      "moderation_state": null,
      "metatag": null,
      "path": {
        "alias": null,
        "pid": null,
        "langcode": "en"
      },
      "private": false,
      "field_metatags": null,
      "content_translation_source": "und",
      "content_translation_outdated": false,
      "published_at": "2023-01-17T13:39:01+00:00",
      "field_error": null,
      "field_explanation": null,
      "field_instruction": null,
      "field_references": null
    },
    "relationships": {
      "node_type": {
        "data": {
          "type": "node_type--node_type",
          "id": "b36305cf-d6a4-4b58-94fd-9bd56dc48d0a",
          "meta": {
            "drupal_internal__target_id": "question"
          }
        },
        "links": {
          "related": {
            "href": "https:\/\/prodv0ojd6qy.main.acsf.baywsf.com\/jsonapi\/node\/question\/a94951d5-912b-4756-89a5-19fd38a2f8f4\/node_type?resourceVersion=id%3A46111"
          },
          "self": {
            "href": "https:\/\/prodv0ojd6qy.main.acsf.baywsf.com\/jsonapi\/node\/question\/a94951d5-912b-4756-89a5-19fd38a2f8f4\/relationships\/node_type?resourceVersion=id%3A46111"
          }
        }
      },
      "revision_uid": {
        "data": {
          "type": "user--user",
          "id": "ca644710-b0bf-4511-85df-451f03b5e0fb",
          "meta": {
            "drupal_internal__target_id": 6216
          }
        },
        "links": {
          "related": {
            "href": "https:\/\/prodv0ojd6qy.main.acsf.baywsf.com\/jsonapi\/node\/question\/a94951d5-912b-4756-89a5-19fd38a2f8f4\/revision_uid?resourceVersion=id%3A46111"
          },
          "self": {
            "href": "https:\/\/prodv0ojd6qy.main.acsf.baywsf.com\/jsonapi\/node\/question\/a94951d5-912b-4756-89a5-19fd38a2f8f4\/relationships\/revision_uid?resourceVersion=id%3A46111"
          }
        }
      },
      "uid": {
        "data": {
          "type": "user--user",
          "id": "ca644710-b0bf-4511-85df-451f03b5e0fb",
          "meta": {
            "drupal_internal__target_id": 6216
          }
        },
        "links": {
          "related": {
            "href": "https:\/\/prodv0ojd6qy.main.acsf.baywsf.com\/jsonapi\/node\/question\/a94951d5-912b-4756-89a5-19fd38a2f8f4\/uid?resourceVersion=id%3A46111"
          },
          "self": {
            "href": "https:\/\/prodv0ojd6qy.main.acsf.baywsf.com\/jsonapi\/node\/question\/a94951d5-912b-4756-89a5-19fd38a2f8f4\/relationships\/uid?resourceVersion=id%3A46111"
          }
        }
      },
      "field_schema_json_ld_file": {
        "data": null,
        "links": {
          "related": {
            "href": "https:\/\/prodv0ojd6qy.main.acsf.baywsf.com\/jsonapi\/node\/question\/a94951d5-912b-4756-89a5-19fd38a2f8f4\/field_schema_json_ld_file?resourceVersion=id%3A46111"
          },
          "self": {
            "href": "https:\/\/prodv0ojd6qy.main.acsf.baywsf.com\/jsonapi\/node\/question\/a94951d5-912b-4756-89a5-19fd38a2f8f4\/relationships\/field_schema_json_ld_file?resourceVersion=id%3A46111"
          }
        }
      },
      "audience_tag": {
        "data": {
          "type": "taxonomy_term--audience",
          "id": "b0ef5480-df1e-45d3-a61b-12bc57be205d",
          "meta": {
            "drupal_internal__target_id": 316
          }
        },
        "links": {
          "related": {
            "href": "https:\/\/prodv0ojd6qy.main.acsf.baywsf.com\/jsonapi\/node\/question\/a94951d5-912b-4756-89a5-19fd38a2f8f4\/audience_tag?resourceVersion=id%3A46111"
          },
          "self": {
            "href": "https:\/\/prodv0ojd6qy.main.acsf.baywsf.com\/jsonapi\/node\/question\/a94951d5-912b-4756-89a5-19fd38a2f8f4\/relationships\/audience_tag?resourceVersion=id%3A46111"
          }
        }
      },
      "field_actions": {
        "data": [],
        "links": {
          "related": {
            "href": "https:\/\/prodv0ojd6qy.main.acsf.baywsf.com\/jsonapi\/node\/question\/a94951d5-912b-4756-89a5-19fd38a2f8f4\/field_actions?resourceVersion=id%3A46111"
          },
          "self": {
            "href": "https:\/\/prodv0ojd6qy.main.acsf.baywsf.com\/jsonapi\/node\/question\/a94951d5-912b-4756-89a5-19fd38a2f8f4\/relationships\/field_actions?resourceVersion=id%3A46111"
          }
        }
      },
      "field_answer": {
        "data": [
          {
            "type": "node--answer",
            "id": "e1f45f0d-30d9-4cde-82a1-7549f543af9b",
            "meta": {
              "drupal_internal__target_id": 1251
            }
          },
          {
            "type": "node--answer",
            "id": "a03024cd-bae1-4866-aa22-e45ce9e2627b",
            "meta": {
              "drupal_internal__target_id": 1261
            }
          },
          {
            "type": "node--answer",
            "id": "21f4e322-e227-4b98-8336-802b3a225ae2",
            "meta": {
              "drupal_internal__target_id": 1266
            }
          },
          {
            "type": "node--answer",
            "id": "4e201ded-7677-4430-b666-fd66bc674a53",
            "meta": {
              "drupal_internal__target_id": 1556
            }
          }
        ],
        "links": {
          "related": {
            "href": "https:\/\/prodv0ojd6qy.main.acsf.baywsf.com\/jsonapi\/node\/question\/a94951d5-912b-4756-89a5-19fd38a2f8f4\/field_answer?resourceVersion=id%3A46111"
          },
          "self": {
            "href": "https:\/\/prodv0ojd6qy.main.acsf.baywsf.com\/jsonapi\/node\/question\/a94951d5-912b-4756-89a5-19fd38a2f8f4\/relationships\/field_answer?resourceVersion=id%3A46111"
          }
        }
      },
      "field_correct": {
        "data": [],
        "links": {
          "related": {
            "href": "https:\/\/prodv0ojd6qy.main.acsf.baywsf.com\/jsonapi\/node\/question\/a94951d5-912b-4756-89a5-19fd38a2f8f4\/field_correct?resourceVersion=id%3A46111"
          },
          "self": {
            "href": "https:\/\/prodv0ojd6qy.main.acsf.baywsf.com\/jsonapi\/node\/question\/a94951d5-912b-4756-89a5-19fd38a2f8f4\/relationships\/field_correct?resourceVersion=id%3A46111"
          }
        }
      },
      "field_question_group": {
        "data": [],
        "links": {
          "related": {
            "href": "https:\/\/prodv0ojd6qy.main.acsf.baywsf.com\/jsonapi\/node\/question\/a94951d5-912b-4756-89a5-19fd38a2f8f4\/field_question_group?resourceVersion=id%3A46111"
          },
          "self": {
            "href": "https:\/\/prodv0ojd6qy.main.acsf.baywsf.com\/jsonapi\/node\/question\/a94951d5-912b-4756-89a5-19fd38a2f8f4\/relationships\/field_question_group?resourceVersion=id%3A46111"
          }
        }
      }
    }
  },
  "included": [
    {
      "type": "node--answer",
      "id": "e1f45f0d-30d9-4cde-82a1-7549f543af9b",
      "links": {
        "self": {
          "href": "https:\/\/prodv0ojd6qy.main.acsf.baywsf.com\/jsonapi\/node\/answer\/e1f45f0d-30d9-4cde-82a1-7549f543af9b?resourceVersion=id%3A46106"
        }
      },
      "attributes": {
        "drupal_internal__nid": 1251,
        "drupal_internal__vid": 46106,
        "langcode": "en",
        "revision_timestamp": "2023-01-17T13:38:22+00:00",
        "revision_log": null,
        "status": true,
        "title": "Once a week",
        "created": "2023-01-17T13:38:22+00:00",
        "changed": "2023-01-27T16:51:18+00:00",
        "promote": true,
        "sticky": false,
        "default_langcode": true,
        "revision_translation_affected": true,
        "moderation_state": null,
        "metatag": null,
        "path": {
          "alias": null,
          "pid": null,
          "langcode": "en"
        },
        "private": false,
        "field_metatags": null,
        "content_translation_source": "und",
        "content_translation_outdated": false,
        "published_at": "2023-01-17T13:39:01+00:00",
        "field_answer_summary": {
          "value": "\u003Cp\u003EONCE A WEEK\u003C\/p\u003E\r\n",
          "format": "cohesion_without_glossify",
          "processed": "\u003Cp\u003EONCE A WEEK\u003C\/p\u003E\n"
        },
        "field_instruction": {
          "value": "\u003Chr \/\u003E\r\n\u003Cp\u003E\u0026nbsp;\u003C\/p\u003E\r\n",
          "format": "cohesion_without_glossify",
          "processed": "\u003Chr \/\u003E\u003Cp\u003E\u00a0\u003C\/p\u003E\n"
        }
      },
      "relationships": {
        "node_type": {
          "data": {
            "type": "node_type--node_type",
            "id": "2b9459ba-6e80-4cd4-b243-d970bac27c44",
            "meta": {
              "drupal_internal__target_id": "answer"
            }
          },
          "links": {
            "related": {
              "href": "https:\/\/prodv0ojd6qy.main.acsf.baywsf.com\/jsonapi\/node\/answer\/e1f45f0d-30d9-4cde-82a1-7549f543af9b\/node_type?resourceVersion=id%3A46106"
            },
            "self": {
              "href": "https:\/\/prodv0ojd6qy.main.acsf.baywsf.com\/jsonapi\/node\/answer\/e1f45f0d-30d9-4cde-82a1-7549f543af9b\/relationships\/node_type?resourceVersion=id%3A46106"
            }
          }
        },
        "revision_uid": {
          "data": {
            "type": "user--user",
            "id": "ca644710-b0bf-4511-85df-451f03b5e0fb",
            "meta": {
              "drupal_internal__target_id": 6216
            }
          },
          "links": {
            "related": {
              "href": "https:\/\/prodv0ojd6qy.main.acsf.baywsf.com\/jsonapi\/node\/answer\/e1f45f0d-30d9-4cde-82a1-7549f543af9b\/revision_uid?resourceVersion=id%3A46106"
            },
            "self": {
              "href": "https:\/\/prodv0ojd6qy.main.acsf.baywsf.com\/jsonapi\/node\/answer\/e1f45f0d-30d9-4cde-82a1-7549f543af9b\/relationships\/revision_uid?resourceVersion=id%3A46106"
            }
          }
        },
        "uid": {
          "data": {
            "type": "user--user",
            "id": "ca644710-b0bf-4511-85df-451f03b5e0fb",
            "meta": {
              "drupal_internal__target_id": 6216
            }
          },
          "links": {
            "related": {
              "href": "https:\/\/prodv0ojd6qy.main.acsf.baywsf.com\/jsonapi\/node\/answer\/e1f45f0d-30d9-4cde-82a1-7549f543af9b\/uid?resourceVersion=id%3A46106"
            },
            "self": {
              "href": "https:\/\/prodv0ojd6qy.main.acsf.baywsf.com\/jsonapi\/node\/answer\/e1f45f0d-30d9-4cde-82a1-7549f543af9b\/relationships\/uid?resourceVersion=id%3A46106"
            }
          }
        },
        "field_schema_json_ld_file": {
          "data": null,
          "links": {
            "related": {
              "href": "https:\/\/prodv0ojd6qy.main.acsf.baywsf.com\/jsonapi\/node\/answer\/e1f45f0d-30d9-4cde-82a1-7549f543af9b\/field_schema_json_ld_file?resourceVersion=id%3A46106"
            },
            "self": {
              "href": "https:\/\/prodv0ojd6qy.main.acsf.baywsf.com\/jsonapi\/node\/answer\/e1f45f0d-30d9-4cde-82a1-7549f543af9b\/relationships\/field_schema_json_ld_file?resourceVersion=id%3A46106"
            }
          }
        },
        "audience_tag": {
          "data": {
            "type": "taxonomy_term--audience",
            "id": "b0ef5480-df1e-45d3-a61b-12bc57be205d",
            "meta": {
              "drupal_internal__target_id": 316
            }
          },
          "links": {
            "related": {
              "href": "https:\/\/prodv0ojd6qy.main.acsf.baywsf.com\/jsonapi\/node\/answer\/e1f45f0d-30d9-4cde-82a1-7549f543af9b\/audience_tag?resourceVersion=id%3A46106"
            },
            "self": {
              "href": "https:\/\/prodv0ojd6qy.main.acsf.baywsf.com\/jsonapi\/node\/answer\/e1f45f0d-30d9-4cde-82a1-7549f543af9b\/relationships\/audience_tag?resourceVersion=id%3A46106"
            }
          }
        },
        "field_answer_category": {
          "data": [],
          "links": {
            "related": {
              "href": "https:\/\/prodv0ojd6qy.main.acsf.baywsf.com\/jsonapi\/node\/answer\/e1f45f0d-30d9-4cde-82a1-7549f543af9b\/field_answer_category?resourceVersion=id%3A46106"
            },
            "self": {
              "href": "https:\/\/prodv0ojd6qy.main.acsf.baywsf.com\/jsonapi\/node\/answer\/e1f45f0d-30d9-4cde-82a1-7549f543af9b\/relationships\/field_answer_category?resourceVersion=id%3A46106"
            }
          }
        },
        "field_next_question": {
          "data": null,
          "links": {
            "related": {
              "href": "https:\/\/prodv0ojd6qy.main.acsf.baywsf.com\/jsonapi\/node\/answer\/e1f45f0d-30d9-4cde-82a1-7549f543af9b\/field_next_question?resourceVersion=id%3A46106"
            },
            "self": {
              "href": "https:\/\/prodv0ojd6qy.main.acsf.baywsf.com\/jsonapi\/node\/answer\/e1f45f0d-30d9-4cde-82a1-7549f543af9b\/relationships\/field_next_question?resourceVersion=id%3A46106"
            }
          }
        },
        "field_result": {
          "data": null,
          "links": {
            "related": {
              "href": "https:\/\/prodv0ojd6qy.main.acsf.baywsf.com\/jsonapi\/node\/answer\/e1f45f0d-30d9-4cde-82a1-7549f543af9b\/field_result?resourceVersion=id%3A46106"
            },
            "self": {
              "href": "https:\/\/prodv0ojd6qy.main.acsf.baywsf.com\/jsonapi\/node\/answer\/e1f45f0d-30d9-4cde-82a1-7549f543af9b\/relationships\/field_result?resourceVersion=id%3A46106"
            }
          }
        }
      }
    },
    {
      "type": "node--answer",
      "id": "a03024cd-bae1-4866-aa22-e45ce9e2627b",
      "links": {
        "self": {
          "href": "https:\/\/prodv0ojd6qy.main.acsf.baywsf.com\/jsonapi\/node\/answer\/a03024cd-bae1-4866-aa22-e45ce9e2627b?resourceVersion=id%3A46126"
        }
      },
      "attributes": {
        "drupal_internal__nid": 1261,
        "drupal_internal__vid": 46126,
        "langcode": "en",
        "revision_timestamp": "2023-01-17T13:41:51+00:00",
        "revision_log": null,
        "status": true,
        "title": "3-4 times a week",
        "created": "2023-01-17T13:41:51+00:00",
        "changed": "2023-01-27T16:51:18+00:00",
        "promote": true,
        "sticky": false,
        "default_langcode": true,
        "revision_translation_affected": true,
        "moderation_state": null,
        "metatag": null,
        "path": {
          "alias": null,
          "pid": null,
          "langcode": "en"
        },
        "private": false,
        "field_metatags": null,
        "content_translation_source": "und",
        "content_translation_outdated": false,
        "published_at": "2023-01-17T13:42:32+00:00",
        "field_answer_summary": {
          "value": "\u003Cp\u003E3-4 times a week\u003C\/p\u003E\r\n",
          "format": "cohesion_without_glossify",
          "processed": "\u003Cp\u003E3-4 times a week\u003C\/p\u003E\n"
        },
        "field_instruction": null
      },
      "relationships": {
        "node_type": {
          "data": {
            "type": "node_type--node_type",
            "id": "2b9459ba-6e80-4cd4-b243-d970bac27c44",
            "meta": {
              "drupal_internal__target_id": "answer"
            }
          },
          "links": {
            "related": {
              "href": "https:\/\/prodv0ojd6qy.main.acsf.baywsf.com\/jsonapi\/node\/answer\/a03024cd-bae1-4866-aa22-e45ce9e2627b\/node_type?resourceVersion=id%3A46126"
            },
            "self": {
              "href": "https:\/\/prodv0ojd6qy.main.acsf.baywsf.com\/jsonapi\/node\/answer\/a03024cd-bae1-4866-aa22-e45ce9e2627b\/relationships\/node_type?resourceVersion=id%3A46126"
            }
          }
        },
        "revision_uid": {
          "data": {
            "type": "user--user",
            "id": "ca644710-b0bf-4511-85df-451f03b5e0fb",
            "meta": {
              "drupal_internal__target_id": 6216
            }
          },
          "links": {
            "related": {
              "href": "https:\/\/prodv0ojd6qy.main.acsf.baywsf.com\/jsonapi\/node\/answer\/a03024cd-bae1-4866-aa22-e45ce9e2627b\/revision_uid?resourceVersion=id%3A46126"
            },
            "self": {
              "href": "https:\/\/prodv0ojd6qy.main.acsf.baywsf.com\/jsonapi\/node\/answer\/a03024cd-bae1-4866-aa22-e45ce9e2627b\/relationships\/revision_uid?resourceVersion=id%3A46126"
            }
          }
        },
        "uid": {
          "data": {
            "type": "user--user",
            "id": "ca644710-b0bf-4511-85df-451f03b5e0fb",
            "meta": {
              "drupal_internal__target_id": 6216
            }
          },
          "links": {
            "related": {
              "href": "https:\/\/prodv0ojd6qy.main.acsf.baywsf.com\/jsonapi\/node\/answer\/a03024cd-bae1-4866-aa22-e45ce9e2627b\/uid?resourceVersion=id%3A46126"
            },
            "self": {
              "href": "https:\/\/prodv0ojd6qy.main.acsf.baywsf.com\/jsonapi\/node\/answer\/a03024cd-bae1-4866-aa22-e45ce9e2627b\/relationships\/uid?resourceVersion=id%3A46126"
            }
          }
        },
        "field_schema_json_ld_file": {
          "data": null,
          "links": {
            "related": {
              "href": "https:\/\/prodv0ojd6qy.main.acsf.baywsf.com\/jsonapi\/node\/answer\/a03024cd-bae1-4866-aa22-e45ce9e2627b\/field_schema_json_ld_file?resourceVersion=id%3A46126"
            },
            "self": {
              "href": "https:\/\/prodv0ojd6qy.main.acsf.baywsf.com\/jsonapi\/node\/answer\/a03024cd-bae1-4866-aa22-e45ce9e2627b\/relationships\/field_schema_json_ld_file?resourceVersion=id%3A46126"
            }
          }
        },
        "audience_tag": {
          "data": {
            "type": "taxonomy_term--audience",
            "id": "b0ef5480-df1e-45d3-a61b-12bc57be205d",
            "meta": {
              "drupal_internal__target_id": 316
            }
          },
          "links": {
            "related": {
              "href": "https:\/\/prodv0ojd6qy.main.acsf.baywsf.com\/jsonapi\/node\/answer\/a03024cd-bae1-4866-aa22-e45ce9e2627b\/audience_tag?resourceVersion=id%3A46126"
            },
            "self": {
              "href": "https:\/\/prodv0ojd6qy.main.acsf.baywsf.com\/jsonapi\/node\/answer\/a03024cd-bae1-4866-aa22-e45ce9e2627b\/relationships\/audience_tag?resourceVersion=id%3A46126"
            }
          }
        },
        "field_answer_category": {
          "data": [],
          "links": {
            "related": {
              "href": "https:\/\/prodv0ojd6qy.main.acsf.baywsf.com\/jsonapi\/node\/answer\/a03024cd-bae1-4866-aa22-e45ce9e2627b\/field_answer_category?resourceVersion=id%3A46126"
            },
            "self": {
              "href": "https:\/\/prodv0ojd6qy.main.acsf.baywsf.com\/jsonapi\/node\/answer\/a03024cd-bae1-4866-aa22-e45ce9e2627b\/relationships\/field_answer_category?resourceVersion=id%3A46126"
            }
          }
        },
        "field_next_question": {
          "data": null,
          "links": {
            "related": {
              "href": "https:\/\/prodv0ojd6qy.main.acsf.baywsf.com\/jsonapi\/node\/answer\/a03024cd-bae1-4866-aa22-e45ce9e2627b\/field_next_question?resourceVersion=id%3A46126"
            },
            "self": {
              "href": "https:\/\/prodv0ojd6qy.main.acsf.baywsf.com\/jsonapi\/node\/answer\/a03024cd-bae1-4866-aa22-e45ce9e2627b\/relationships\/field_next_question?resourceVersion=id%3A46126"
            }
          }
        },
        "field_result": {
          "data": null,
          "links": {
            "related": {
              "href": "https:\/\/prodv0ojd6qy.main.acsf.baywsf.com\/jsonapi\/node\/answer\/a03024cd-bae1-4866-aa22-e45ce9e2627b\/field_result?resourceVersion=id%3A46126"
            },
            "self": {
              "href": "https:\/\/prodv0ojd6qy.main.acsf.baywsf.com\/jsonapi\/node\/answer\/a03024cd-bae1-4866-aa22-e45ce9e2627b\/relationships\/field_result?resourceVersion=id%3A46126"
            }
          }
        }
      }
    },
    {
      "type": "node--answer",
      "id": "21f4e322-e227-4b98-8336-802b3a225ae2",
      "links": {
        "self": {
          "href": "https:\/\/prodv0ojd6qy.main.acsf.baywsf.com\/jsonapi\/node\/answer\/21f4e322-e227-4b98-8336-802b3a225ae2?resourceVersion=id%3A46131"
        }
      },
      "attributes": {
        "drupal_internal__nid": 1266,
        "drupal_internal__vid": 46131,
        "langcode": "en",
        "revision_timestamp": "2023-01-17T13:42:25+00:00",
        "revision_log": null,
        "status": true,
        "title": "I never miss anything about \u2018my\u2019 team",
        "created": "2023-01-17T13:42:25+00:00",
        "changed": "2023-01-27T16:51:18+00:00",
        "promote": true,
        "sticky": false,
        "default_langcode": true,
        "revision_translation_affected": true,
        "moderation_state": null,
        "metatag": null,
        "path": {
          "alias": null,
          "pid": null,
          "langcode": "en"
        },
        "private": false,
        "field_metatags": null,
        "content_translation_source": "und",
        "content_translation_outdated": false,
        "published_at": "2023-01-17T13:42:32+00:00",
        "field_answer_summary": {
          "value": "\u003Cp\u003EI never miss anything about \u2018my\u2019 team\u003C\/p\u003E\r\n",
          "format": "cohesion_without_glossify",
          "processed": "\u003Cp\u003EI never miss anything about \u2018my\u2019 team\u003C\/p\u003E\n"
        },
        "field_instruction": null
      },
      "relationships": {
        "node_type": {
          "data": {
            "type": "node_type--node_type",
            "id": "2b9459ba-6e80-4cd4-b243-d970bac27c44",
            "meta": {
              "drupal_internal__target_id": "answer"
            }
          },
          "links": {
            "related": {
              "href": "https:\/\/prodv0ojd6qy.main.acsf.baywsf.com\/jsonapi\/node\/answer\/21f4e322-e227-4b98-8336-802b3a225ae2\/node_type?resourceVersion=id%3A46131"
            },
            "self": {
              "href": "https:\/\/prodv0ojd6qy.main.acsf.baywsf.com\/jsonapi\/node\/answer\/21f4e322-e227-4b98-8336-802b3a225ae2\/relationships\/node_type?resourceVersion=id%3A46131"
            }
          }
        },
        "revision_uid": {
          "data": {
            "type": "user--user",
            "id": "ca644710-b0bf-4511-85df-451f03b5e0fb",
            "meta": {
              "drupal_internal__target_id": 6216
            }
          },
          "links": {
            "related": {
              "href": "https:\/\/prodv0ojd6qy.main.acsf.baywsf.com\/jsonapi\/node\/answer\/21f4e322-e227-4b98-8336-802b3a225ae2\/revision_uid?resourceVersion=id%3A46131"
            },
            "self": {
              "href": "https:\/\/prodv0ojd6qy.main.acsf.baywsf.com\/jsonapi\/node\/answer\/21f4e322-e227-4b98-8336-802b3a225ae2\/relationships\/revision_uid?resourceVersion=id%3A46131"
            }
          }
        },
        "uid": {
          "data": {
            "type": "user--user",
            "id": "ca644710-b0bf-4511-85df-451f03b5e0fb",
            "meta": {
              "drupal_internal__target_id": 6216
            }
          },
          "links": {
            "related": {
              "href": "https:\/\/prodv0ojd6qy.main.acsf.baywsf.com\/jsonapi\/node\/answer\/21f4e322-e227-4b98-8336-802b3a225ae2\/uid?resourceVersion=id%3A46131"
            },
            "self": {
              "href": "https:\/\/prodv0ojd6qy.main.acsf.baywsf.com\/jsonapi\/node\/answer\/21f4e322-e227-4b98-8336-802b3a225ae2\/relationships\/uid?resourceVersion=id%3A46131"
            }
          }
        },
        "field_schema_json_ld_file": {
          "data": null,
          "links": {
            "related": {
              "href": "https:\/\/prodv0ojd6qy.main.acsf.baywsf.com\/jsonapi\/node\/answer\/21f4e322-e227-4b98-8336-802b3a225ae2\/field_schema_json_ld_file?resourceVersion=id%3A46131"
            },
            "self": {
              "href": "https:\/\/prodv0ojd6qy.main.acsf.baywsf.com\/jsonapi\/node\/answer\/21f4e322-e227-4b98-8336-802b3a225ae2\/relationships\/field_schema_json_ld_file?resourceVersion=id%3A46131"
            }
          }
        },
        "audience_tag": {
          "data": {
            "type": "taxonomy_term--audience",
            "id": "b0ef5480-df1e-45d3-a61b-12bc57be205d",
            "meta": {
              "drupal_internal__target_id": 316
            }
          },
          "links": {
            "related": {
              "href": "https:\/\/prodv0ojd6qy.main.acsf.baywsf.com\/jsonapi\/node\/answer\/21f4e322-e227-4b98-8336-802b3a225ae2\/audience_tag?resourceVersion=id%3A46131"
            },
            "self": {
              "href": "https:\/\/prodv0ojd6qy.main.acsf.baywsf.com\/jsonapi\/node\/answer\/21f4e322-e227-4b98-8336-802b3a225ae2\/relationships\/audience_tag?resourceVersion=id%3A46131"
            }
          }
        },
        "field_answer_category": {
          "data": [],
          "links": {
            "related": {
              "href": "https:\/\/prodv0ojd6qy.main.acsf.baywsf.com\/jsonapi\/node\/answer\/21f4e322-e227-4b98-8336-802b3a225ae2\/field_answer_category?resourceVersion=id%3A46131"
            },
            "self": {
              "href": "https:\/\/prodv0ojd6qy.main.acsf.baywsf.com\/jsonapi\/node\/answer\/21f4e322-e227-4b98-8336-802b3a225ae2\/relationships\/field_answer_category?resourceVersion=id%3A46131"
            }
          }
        },
        "field_next_question": {
          "data": null,
          "links": {
            "related": {
              "href": "https:\/\/prodv0ojd6qy.main.acsf.baywsf.com\/jsonapi\/node\/answer\/21f4e322-e227-4b98-8336-802b3a225ae2\/field_next_question?resourceVersion=id%3A46131"
            },
            "self": {
              "href": "https:\/\/prodv0ojd6qy.main.acsf.baywsf.com\/jsonapi\/node\/answer\/21f4e322-e227-4b98-8336-802b3a225ae2\/relationships\/field_next_question?resourceVersion=id%3A46131"
            }
          }
        },
        "field_result": {
          "data": null,
          "links": {
            "related": {
              "href": "https:\/\/prodv0ojd6qy.main.acsf.baywsf.com\/jsonapi\/node\/answer\/21f4e322-e227-4b98-8336-802b3a225ae2\/field_result?resourceVersion=id%3A46131"
            },
            "self": {
              "href": "https:\/\/prodv0ojd6qy.main.acsf.baywsf.com\/jsonapi\/node\/answer\/21f4e322-e227-4b98-8336-802b3a225ae2\/relationships\/field_result?resourceVersion=id%3A46131"
            }
          }
        }
      }
    },
    {
      "type": "node--answer",
      "id": "4e201ded-7677-4430-b666-fd66bc674a53",
      "links": {
        "self": {
          "href": "https:\/\/prodv0ojd6qy.main.acsf.baywsf.com\/jsonapi\/node\/answer\/4e201ded-7677-4430-b666-fd66bc674a53?resourceVersion=id%3A47711"
        }
      },
      "attributes": {
        "drupal_internal__nid": 1556,
        "drupal_internal__vid": 47711,
        "langcode": "en",
        "revision_timestamp": "2023-01-27T16:47:39+00:00",
        "revision_log": null,
        "status": true,
        "title": "If sports are on, I\u2019m watching",
        "created": "2023-01-27T16:47:39+00:00",
        "changed": "2023-01-27T16:47:39+00:00",
        "promote": true,
        "sticky": false,
        "default_langcode": true,
        "revision_translation_affected": true,
        "moderation_state": null,
        "metatag": null,
        "path": {
          "alias": null,
          "pid": null,
          "langcode": "en"
        },
        "private": false,
        "field_metatags": null,
        "content_translation_source": "und",
        "content_translation_outdated": false,
        "published_at": "2023-01-27T16:51:18+00:00",
        "field_answer_summary": {
          "value": "\u003Cp\u003EIf sports are on, I\u2019m watching\u003C\/p\u003E\r\n",
          "format": "cohesion_without_glossify",
          "processed": "\u003Cp\u003EIf sports are on, I\u2019m watching\u003C\/p\u003E\n"
        },
        "field_instruction": null
      },
      "relationships": {
        "node_type": {
          "data": {
            "type": "node_type--node_type",
            "id": "2b9459ba-6e80-4cd4-b243-d970bac27c44",
            "meta": {
              "drupal_internal__target_id": "answer"
            }
          },
          "links": {
            "related": {
              "href": "https:\/\/prodv0ojd6qy.main.acsf.baywsf.com\/jsonapi\/node\/answer\/4e201ded-7677-4430-b666-fd66bc674a53\/node_type?resourceVersion=id%3A47711"
            },
            "self": {
              "href": "https:\/\/prodv0ojd6qy.main.acsf.baywsf.com\/jsonapi\/node\/answer\/4e201ded-7677-4430-b666-fd66bc674a53\/relationships\/node_type?resourceVersion=id%3A47711"
            }
          }
        },
        "revision_uid": {
          "data": {
            "type": "user--user",
            "id": "ca644710-b0bf-4511-85df-451f03b5e0fb",
            "meta": {
              "drupal_internal__target_id": 6216
            }
          },
          "links": {
            "related": {
              "href": "https:\/\/prodv0ojd6qy.main.acsf.baywsf.com\/jsonapi\/node\/answer\/4e201ded-7677-4430-b666-fd66bc674a53\/revision_uid?resourceVersion=id%3A47711"
            },
            "self": {
              "href": "https:\/\/prodv0ojd6qy.main.acsf.baywsf.com\/jsonapi\/node\/answer\/4e201ded-7677-4430-b666-fd66bc674a53\/relationships\/revision_uid?resourceVersion=id%3A47711"
            }
          }
        },
        "uid": {
          "data": {
            "type": "user--user",
            "id": "ca644710-b0bf-4511-85df-451f03b5e0fb",
            "meta": {
              "drupal_internal__target_id": 6216
            }
          },
          "links": {
            "related": {
              "href": "https:\/\/prodv0ojd6qy.main.acsf.baywsf.com\/jsonapi\/node\/answer\/4e201ded-7677-4430-b666-fd66bc674a53\/uid?resourceVersion=id%3A47711"
            },
            "self": {
              "href": "https:\/\/prodv0ojd6qy.main.acsf.baywsf.com\/jsonapi\/node\/answer\/4e201ded-7677-4430-b666-fd66bc674a53\/relationships\/uid?resourceVersion=id%3A47711"
            }
          }
        },
        "field_schema_json_ld_file": {
          "data": null,
          "links": {
            "related": {
              "href": "https:\/\/prodv0ojd6qy.main.acsf.baywsf.com\/jsonapi\/node\/answer\/4e201ded-7677-4430-b666-fd66bc674a53\/field_schema_json_ld_file?resourceVersion=id%3A47711"
            },
            "self": {
              "href": "https:\/\/prodv0ojd6qy.main.acsf.baywsf.com\/jsonapi\/node\/answer\/4e201ded-7677-4430-b666-fd66bc674a53\/relationships\/field_schema_json_ld_file?resourceVersion=id%3A47711"
            }
          }
        },
        "audience_tag": {
          "data": {
            "type": "taxonomy_term--audience",
            "id": "b0ef5480-df1e-45d3-a61b-12bc57be205d",
            "meta": {
              "drupal_internal__target_id": 316
            }
          },
          "links": {
            "related": {
              "href": "https:\/\/prodv0ojd6qy.main.acsf.baywsf.com\/jsonapi\/node\/answer\/4e201ded-7677-4430-b666-fd66bc674a53\/audience_tag?resourceVersion=id%3A47711"
            },
            "self": {
              "href": "https:\/\/prodv0ojd6qy.main.acsf.baywsf.com\/jsonapi\/node\/answer\/4e201ded-7677-4430-b666-fd66bc674a53\/relationships\/audience_tag?resourceVersion=id%3A47711"
            }
          }
        },
        "field_answer_category": {
          "data": [],
          "links": {
            "related": {
              "href": "https:\/\/prodv0ojd6qy.main.acsf.baywsf.com\/jsonapi\/node\/answer\/4e201ded-7677-4430-b666-fd66bc674a53\/field_answer_category?resourceVersion=id%3A47711"
            },
            "self": {
              "href": "https:\/\/prodv0ojd6qy.main.acsf.baywsf.com\/jsonapi\/node\/answer\/4e201ded-7677-4430-b666-fd66bc674a53\/relationships\/field_answer_category?resourceVersion=id%3A47711"
            }
          }
        },
        "field_next_question": {
          "data": null,
          "links": {
            "related": {
              "href": "https:\/\/prodv0ojd6qy.main.acsf.baywsf.com\/jsonapi\/node\/answer\/4e201ded-7677-4430-b666-fd66bc674a53\/field_next_question?resourceVersion=id%3A47711"
            },
            "self": {
              "href": "https:\/\/prodv0ojd6qy.main.acsf.baywsf.com\/jsonapi\/node\/answer\/4e201ded-7677-4430-b666-fd66bc674a53\/relationships\/field_next_question?resourceVersion=id%3A47711"
            }
          }
        },
        "field_result": {
          "data": null,
          "links": {
            "related": {
              "href": "https:\/\/prodv0ojd6qy.main.acsf.baywsf.com\/jsonapi\/node\/answer\/4e201ded-7677-4430-b666-fd66bc674a53\/field_result?resourceVersion=id%3A47711"
            },
            "self": {
              "href": "https:\/\/prodv0ojd6qy.main.acsf.baywsf.com\/jsonapi\/node\/answer\/4e201ded-7677-4430-b666-fd66bc674a53\/relationships\/field_result?resourceVersion=id%3A47711"
            }
          }
        }
      }
    }
  ],
  "links": {
    "self": {
      "href": "https:\/\/prodv0ojd6qy.main.acsf.baywsf.com\/jsonapi\/node\/question\/a94951d5-912b-4756-89a5-19fd38a2f8f4?include=field_answer"
    }
  }
}