{
  "jsonapi": {
    "version": "1.0",
    "meta": {
      "links": {
        "self": {
          "href": "http:\/\/jsonapi.org\/format\/1.0\/"
        }
      }
    }
  },
  "data": {
    "type": "node--question",
    "id": "aa1999d3-2cc4-408a-bd75-c0eecd6c1589",
    "links": {
      "self": {
        "href": "https:\/\/prodv0ojd6qy.main.acsf.baywsf.com\/jsonapi\/node\/question\/aa1999d3-2cc4-408a-bd75-c0eecd6c1589?resourceVersion=id%3A46386"
      }
    },
    "attributes": {
      "drupal_internal__nid": 1471,
      "drupal_internal__vid": 46386,
      "langcode": "en",
      "revision_timestamp": "2023-01-17T14:18:15+00:00",
      "revision_log": null,
      "status": true,
      "title": "Have you been diagnosed with any of the following conditions?",
      "created": "2023-01-17T14:18:15+00:00",
      "changed": "2023-01-17T14:18:15+00:00",
      "promote": false,
      "sticky": false,
      "default_langcode": true,
      "revision_translation_affected": true,
      "moderation_state": null,
      "metatag": null,
      "path": {
        "alias": null,
        "pid": null,
        "langcode": "en"
      },
      "private": false,
      "field_metatags": null,
      "content_translation_source": "und",
      "content_translation_outdated": false,
      "published_at": "2023-01-17T14:20:03+00:00",
      "field_error": null,
      "field_explanation": null,
      "field_instruction": {
        "value": "\u003Cp\u003E\u0026nbsp;Select all that apply.\u003C\/p\u003E\r\n",
        "format": "cohesion_without_glossify",
        "processed": "\u003Cp\u003E\u00a0Select all that apply.\u003C\/p\u003E\n"
      },
      "field_references": null
    },
    "relationships": {
      "node_type": {
        "data": {
          "type": "node_type--node_type",
          "id": "b36305cf-d6a4-4b58-94fd-9bd56dc48d0a",
          "meta": {
            "drupal_internal__target_id": "question"
          }
        },
        "links": {
          "related": {
            "href": "https:\/\/prodv0ojd6qy.main.acsf.baywsf.com\/jsonapi\/node\/question\/aa1999d3-2cc4-408a-bd75-c0eecd6c1589\/node_type?resourceVersion=id%3A46386"
          },
          "self": {
            "href": "https:\/\/prodv0ojd6qy.main.acsf.baywsf.com\/jsonapi\/node\/question\/aa1999d3-2cc4-408a-bd75-c0eecd6c1589\/relationships\/node_type?resourceVersion=id%3A46386"
          }
        }
      },
      "revision_uid": {
        "data": {
          "type": "user--user",
          "id": "ca644710-b0bf-4511-85df-451f03b5e0fb",
          "meta": {
            "drupal_internal__target_id": 6216
          }
        },
        "links": {
          "related": {
            "href": "https:\/\/prodv0ojd6qy.main.acsf.baywsf.com\/jsonapi\/node\/question\/aa1999d3-2cc4-408a-bd75-c0eecd6c1589\/revision_uid?resourceVersion=id%3A46386"
          },
          "self": {
            "href": "https:\/\/prodv0ojd6qy.main.acsf.baywsf.com\/jsonapi\/node\/question\/aa1999d3-2cc4-408a-bd75-c0eecd6c1589\/relationships\/revision_uid?resourceVersion=id%3A46386"
          }
        }
      },
      "uid": {
        "data": {
          "type": "user--user",
          "id": "ca644710-b0bf-4511-85df-451f03b5e0fb",
          "meta": {
            "drupal_internal__target_id": 6216
          }
        },
        "links": {
          "related": {
            "href": "https:\/\/prodv0ojd6qy.main.acsf.baywsf.com\/jsonapi\/node\/question\/aa1999d3-2cc4-408a-bd75-c0eecd6c1589\/uid?resourceVersion=id%3A46386"
          },
          "self": {
            "href": "https:\/\/prodv0ojd6qy.main.acsf.baywsf.com\/jsonapi\/node\/question\/aa1999d3-2cc4-408a-bd75-c0eecd6c1589\/relationships\/uid?resourceVersion=id%3A46386"
          }
        }
      },
      "field_schema_json_ld_file": {
        "data": null,
        "links": {
          "related": {
            "href": "https:\/\/prodv0ojd6qy.main.acsf.baywsf.com\/jsonapi\/node\/question\/aa1999d3-2cc4-408a-bd75-c0eecd6c1589\/field_schema_json_ld_file?resourceVersion=id%3A46386"
          },
          "self": {
            "href": "https:\/\/prodv0ojd6qy.main.acsf.baywsf.com\/jsonapi\/node\/question\/aa1999d3-2cc4-408a-bd75-c0eecd6c1589\/relationships\/field_schema_json_ld_file?resourceVersion=id%3A46386"
          }
        }
      },
      "audience_tag": {
        "data": {
          "type": "taxonomy_term--audience",
          "id": "b0ef5480-df1e-45d3-a61b-12bc57be205d",
          "meta": {
            "drupal_internal__target_id": 316
          }
        },
        "links": {
          "related": {
            "href": "https:\/\/prodv0ojd6qy.main.acsf.baywsf.com\/jsonapi\/node\/question\/aa1999d3-2cc4-408a-bd75-c0eecd6c1589\/audience_tag?resourceVersion=id%3A46386"
          },
          "self": {
            "href": "https:\/\/prodv0ojd6qy.main.acsf.baywsf.com\/jsonapi\/node\/question\/aa1999d3-2cc4-408a-bd75-c0eecd6c1589\/relationships\/audience_tag?resourceVersion=id%3A46386"
          }
        }
      },
      "field_actions": {
        "data": [],
        "links": {
          "related": {
            "href": "https:\/\/prodv0ojd6qy.main.acsf.baywsf.com\/jsonapi\/node\/question\/aa1999d3-2cc4-408a-bd75-c0eecd6c1589\/field_actions?resourceVersion=id%3A46386"
          },
          "self": {
            "href": "https:\/\/prodv0ojd6qy.main.acsf.baywsf.com\/jsonapi\/node\/question\/aa1999d3-2cc4-408a-bd75-c0eecd6c1589\/relationships\/field_actions?resourceVersion=id%3A46386"
          }
        }
      },
      "field_answer": {
        "data": [
          {
            "type": "node--answer",
            "id": "7b64d489-0621-4d29-99d5-c65d642f3923",
            "meta": {
              "drupal_internal__target_id": 1421
            }
          },
          {
            "type": "node--answer",
            "id": "1a6e1536-5657-47f4-b20e-d59ed032cbf6",
            "meta": {
              "drupal_internal__target_id": 1426
            }
          },
          {
            "type": "node--answer",
            "id": "95c9d5be-21b3-4ce7-8799-55d7aab84353",
            "meta": {
              "drupal_internal__target_id": 1431
            }
          },
          {
            "type": "node--answer",
            "id": "ae5f4e6b-9310-4c14-baee-2fd9a9e64bc7",
            "meta": {
              "drupal_internal__target_id": 1436
            }
          },
          {
            "type": "node--answer",
            "id": "faca7ad1-dcec-42aa-a925-8c4b01e0574b",
            "meta": {
              "drupal_internal__target_id": 1441
            }
          },
          {
            "type": "node--answer",
            "id": "5e6fa79c-5d85-44b8-8ca9-54efc82a4687",
            "meta": {
              "drupal_internal__target_id": 1446
            }
          },
          {
            "type": "node--answer",
            "id": "f0651bf8-7e44-4274-a287-3116fc3a2eb9",
            "meta": {
              "drupal_internal__target_id": 1451
            }
          }
        ],
        "links": {
          "related": {
            "href": "https:\/\/prodv0ojd6qy.main.acsf.baywsf.com\/jsonapi\/node\/question\/aa1999d3-2cc4-408a-bd75-c0eecd6c1589\/field_answer?resourceVersion=id%3A46386"
          },
          "self": {
            "href": "https:\/\/prodv0ojd6qy.main.acsf.baywsf.com\/jsonapi\/node\/question\/aa1999d3-2cc4-408a-bd75-c0eecd6c1589\/relationships\/field_answer?resourceVersion=id%3A46386"
          }
        }
      },
      "field_correct": {
        "data": [],
        "links": {
          "related": {
            "href": "https:\/\/prodv0ojd6qy.main.acsf.baywsf.com\/jsonapi\/node\/question\/aa1999d3-2cc4-408a-bd75-c0eecd6c1589\/field_correct?resourceVersion=id%3A46386"
          },
          "self": {
            "href": "https:\/\/prodv0ojd6qy.main.acsf.baywsf.com\/jsonapi\/node\/question\/aa1999d3-2cc4-408a-bd75-c0eecd6c1589\/relationships\/field_correct?resourceVersion=id%3A46386"
          }
        }
      },
      "field_question_group": {
        "data": [],
        "links": {
          "related": {
            "href": "https:\/\/prodv0ojd6qy.main.acsf.baywsf.com\/jsonapi\/node\/question\/aa1999d3-2cc4-408a-bd75-c0eecd6c1589\/field_question_group?resourceVersion=id%3A46386"
          },
          "self": {
            "href": "https:\/\/prodv0ojd6qy.main.acsf.baywsf.com\/jsonapi\/node\/question\/aa1999d3-2cc4-408a-bd75-c0eecd6c1589\/relationships\/field_question_group?resourceVersion=id%3A46386"
          }
        }
      }
    }
  },
  "included": [
    {
      "type": "node--answer",
      "id": "7b64d489-0621-4d29-99d5-c65d642f3923",
      "links": {
        "self": {
          "href": "https:\/\/prodv0ojd6qy.main.acsf.baywsf.com\/jsonapi\/node\/answer\/7b64d489-0621-4d29-99d5-c65d642f3923?resourceVersion=id%3A46336"
        }
      },
      "attributes": {
        "drupal_internal__nid": 1421,
        "drupal_internal__vid": 46336,
        "langcode": "en",
        "revision_timestamp": "2023-01-17T14:14:31+00:00",
        "revision_log": null,
        "status": true,
        "title": "High blood pressure",
        "created": "2023-01-17T14:14:31+00:00",
        "changed": "2023-01-17T14:14:31+00:00",
        "promote": true,
        "sticky": false,
        "default_langcode": true,
        "revision_translation_affected": true,
        "moderation_state": null,
        "metatag": null,
        "path": {
          "alias": null,
          "pid": null,
          "langcode": "en"
        },
        "private": false,
        "field_metatags": null,
        "content_translation_source": "und",
        "content_translation_outdated": false,
        "published_at": "2023-01-17T14:20:03+00:00",
        "field_answer_summary": {
          "value": "\u003Cp\u003E\u0026nbsp;\u003C\/p\u003E\r\n\r\n\u003Cp\u003EHIGH_BLOOD_PRESSURE\u003C\/p\u003E\r\n",
          "format": "cohesion_without_glossify",
          "processed": "\u003Cp\u003E\u00a0\u003C\/p\u003E\n\n\u003Cp\u003EHIGH_BLOOD_PRESSURE\u003C\/p\u003E\n"
        },
        "field_instruction": null
      },
      "relationships": {
        "node_type": {
          "data": {
            "type": "node_type--node_type",
            "id": "2b9459ba-6e80-4cd4-b243-d970bac27c44",
            "meta": {
              "drupal_internal__target_id": "answer"
            }
          },
          "links": {
            "related": {
              "href": "https:\/\/prodv0ojd6qy.main.acsf.baywsf.com\/jsonapi\/node\/answer\/7b64d489-0621-4d29-99d5-c65d642f3923\/node_type?resourceVersion=id%3A46336"
            },
            "self": {
              "href": "https:\/\/prodv0ojd6qy.main.acsf.baywsf.com\/jsonapi\/node\/answer\/7b64d489-0621-4d29-99d5-c65d642f3923\/relationships\/node_type?resourceVersion=id%3A46336"
            }
          }
        },
        "revision_uid": {
          "data": {
            "type": "user--user",
            "id": "ca644710-b0bf-4511-85df-451f03b5e0fb",
            "meta": {
              "drupal_internal__target_id": 6216
            }
          },
          "links": {
            "related": {
              "href": "https:\/\/prodv0ojd6qy.main.acsf.baywsf.com\/jsonapi\/node\/answer\/7b64d489-0621-4d29-99d5-c65d642f3923\/revision_uid?resourceVersion=id%3A46336"
            },
            "self": {
              "href": "https:\/\/prodv0ojd6qy.main.acsf.baywsf.com\/jsonapi\/node\/answer\/7b64d489-0621-4d29-99d5-c65d642f3923\/relationships\/revision_uid?resourceVersion=id%3A46336"
            }
          }
        },
        "uid": {
          "data": {
            "type": "user--user",
            "id": "ca644710-b0bf-4511-85df-451f03b5e0fb",
            "meta": {
              "drupal_internal__target_id": 6216
            }
          },
          "links": {
            "related": {
              "href": "https:\/\/prodv0ojd6qy.main.acsf.baywsf.com\/jsonapi\/node\/answer\/7b64d489-0621-4d29-99d5-c65d642f3923\/uid?resourceVersion=id%3A46336"
            },
            "self": {
              "href": "https:\/\/prodv0ojd6qy.main.acsf.baywsf.com\/jsonapi\/node\/answer\/7b64d489-0621-4d29-99d5-c65d642f3923\/relationships\/uid?resourceVersion=id%3A46336"
            }
          }
        },
        "field_schema_json_ld_file": {
          "data": null,
          "links": {
            "related": {
              "href": "https:\/\/prodv0ojd6qy.main.acsf.baywsf.com\/jsonapi\/node\/answer\/7b64d489-0621-4d29-99d5-c65d642f3923\/field_schema_json_ld_file?resourceVersion=id%3A46336"
            },
            "self": {
              "href": "https:\/\/prodv0ojd6qy.main.acsf.baywsf.com\/jsonapi\/node\/answer\/7b64d489-0621-4d29-99d5-c65d642f3923\/relationships\/field_schema_json_ld_file?resourceVersion=id%3A46336"
            }
          }
        },
        "audience_tag": {
          "data": {
            "type": "taxonomy_term--audience",
            "id": "b0ef5480-df1e-45d3-a61b-12bc57be205d",
            "meta": {
              "drupal_internal__target_id": 316
            }
          },
          "links": {
            "related": {
              "href": "https:\/\/prodv0ojd6qy.main.acsf.baywsf.com\/jsonapi\/node\/answer\/7b64d489-0621-4d29-99d5-c65d642f3923\/audience_tag?resourceVersion=id%3A46336"
            },
            "self": {
              "href": "https:\/\/prodv0ojd6qy.main.acsf.baywsf.com\/jsonapi\/node\/answer\/7b64d489-0621-4d29-99d5-c65d642f3923\/relationships\/audience_tag?resourceVersion=id%3A46336"
            }
          }
        },
        "field_answer_category": {
          "data": [],
          "links": {
            "related": {
              "href": "https:\/\/prodv0ojd6qy.main.acsf.baywsf.com\/jsonapi\/node\/answer\/7b64d489-0621-4d29-99d5-c65d642f3923\/field_answer_category?resourceVersion=id%3A46336"
            },
            "self": {
              "href": "https:\/\/prodv0ojd6qy.main.acsf.baywsf.com\/jsonapi\/node\/answer\/7b64d489-0621-4d29-99d5-c65d642f3923\/relationships\/field_answer_category?resourceVersion=id%3A46336"
            }
          }
        },
        "field_next_question": {
          "data": null,
          "links": {
            "related": {
              "href": "https:\/\/prodv0ojd6qy.main.acsf.baywsf.com\/jsonapi\/node\/answer\/7b64d489-0621-4d29-99d5-c65d642f3923\/field_next_question?resourceVersion=id%3A46336"
            },
            "self": {
              "href": "https:\/\/prodv0ojd6qy.main.acsf.baywsf.com\/jsonapi\/node\/answer\/7b64d489-0621-4d29-99d5-c65d642f3923\/relationships\/field_next_question?resourceVersion=id%3A46336"
            }
          }
        },
        "field_result": {
          "data": null,
          "links": {
            "related": {
              "href": "https:\/\/prodv0ojd6qy.main.acsf.baywsf.com\/jsonapi\/node\/answer\/7b64d489-0621-4d29-99d5-c65d642f3923\/field_result?resourceVersion=id%3A46336"
            },
            "self": {
              "href": "https:\/\/prodv0ojd6qy.main.acsf.baywsf.com\/jsonapi\/node\/answer\/7b64d489-0621-4d29-99d5-c65d642f3923\/relationships\/field_result?resourceVersion=id%3A46336"
            }
          }
        }
      }
    },
    {
      "type": "node--answer",
      "id": "1a6e1536-5657-47f4-b20e-d59ed032cbf6",
      "links": {
        "self": {
          "href": "https:\/\/prodv0ojd6qy.main.acsf.baywsf.com\/jsonapi\/node\/answer\/1a6e1536-5657-47f4-b20e-d59ed032cbf6?resourceVersion=id%3A46341"
        }
      },
      "attributes": {
        "drupal_internal__nid": 1426,
        "drupal_internal__vid": 46341,
        "langcode": "en",
        "revision_timestamp": "2023-01-17T14:15:07+00:00",
        "revision_log": null,
        "status": true,
        "title": "Depression",
        "created": "2023-01-17T14:15:07+00:00",
        "changed": "2023-01-17T14:15:07+00:00",
        "promote": true,
        "sticky": false,
        "default_langcode": true,
        "revision_translation_affected": true,
        "moderation_state": null,
        "metatag": null,
        "path": {
          "alias": null,
          "pid": null,
          "langcode": "en"
        },
        "private": false,
        "field_metatags": null,
        "content_translation_source": "und",
        "content_translation_outdated": false,
        "published_at": "2023-01-17T14:20:03+00:00",
        "field_answer_summary": {
          "value": "\u003Cp\u003EDEPRESSION\u003C\/p\u003E\r\n",
          "format": "cohesion_without_glossify",
          "processed": "\u003Cp\u003EDEPRESSION\u003C\/p\u003E\n"
        },
        "field_instruction": null
      },
      "relationships": {
        "node_type": {
          "data": {
            "type": "node_type--node_type",
            "id": "2b9459ba-6e80-4cd4-b243-d970bac27c44",
            "meta": {
              "drupal_internal__target_id": "answer"
            }
          },
          "links": {
            "related": {
              "href": "https:\/\/prodv0ojd6qy.main.acsf.baywsf.com\/jsonapi\/node\/answer\/1a6e1536-5657-47f4-b20e-d59ed032cbf6\/node_type?resourceVersion=id%3A46341"
            },
            "self": {
              "href": "https:\/\/prodv0ojd6qy.main.acsf.baywsf.com\/jsonapi\/node\/answer\/1a6e1536-5657-47f4-b20e-d59ed032cbf6\/relationships\/node_type?resourceVersion=id%3A46341"
            }
          }
        },
        "revision_uid": {
          "data": {
            "type": "user--user",
            "id": "ca644710-b0bf-4511-85df-451f03b5e0fb",
            "meta": {
              "drupal_internal__target_id": 6216
            }
          },
          "links": {
            "related": {
              "href": "https:\/\/prodv0ojd6qy.main.acsf.baywsf.com\/jsonapi\/node\/answer\/1a6e1536-5657-47f4-b20e-d59ed032cbf6\/revision_uid?resourceVersion=id%3A46341"
            },
            "self": {
              "href": "https:\/\/prodv0ojd6qy.main.acsf.baywsf.com\/jsonapi\/node\/answer\/1a6e1536-5657-47f4-b20e-d59ed032cbf6\/relationships\/revision_uid?resourceVersion=id%3A46341"
            }
          }
        },
        "uid": {
          "data": {
            "type": "user--user",
            "id": "ca644710-b0bf-4511-85df-451f03b5e0fb",
            "meta": {
              "drupal_internal__target_id": 6216
            }
          },
          "links": {
            "related": {
              "href": "https:\/\/prodv0ojd6qy.main.acsf.baywsf.com\/jsonapi\/node\/answer\/1a6e1536-5657-47f4-b20e-d59ed032cbf6\/uid?resourceVersion=id%3A46341"
            },
            "self": {
              "href": "https:\/\/prodv0ojd6qy.main.acsf.baywsf.com\/jsonapi\/node\/answer\/1a6e1536-5657-47f4-b20e-d59ed032cbf6\/relationships\/uid?resourceVersion=id%3A46341"
            }
          }
        },
        "field_schema_json_ld_file": {
          "data": null,
          "links": {
            "related": {
              "href": "https:\/\/prodv0ojd6qy.main.acsf.baywsf.com\/jsonapi\/node\/answer\/1a6e1536-5657-47f4-b20e-d59ed032cbf6\/field_schema_json_ld_file?resourceVersion=id%3A46341"
            },
            "self": {
              "href": "https:\/\/prodv0ojd6qy.main.acsf.baywsf.com\/jsonapi\/node\/answer\/1a6e1536-5657-47f4-b20e-d59ed032cbf6\/relationships\/field_schema_json_ld_file?resourceVersion=id%3A46341"
            }
          }
        },
        "audience_tag": {
          "data": {
            "type": "taxonomy_term--audience",
            "id": "b0ef5480-df1e-45d3-a61b-12bc57be205d",
            "meta": {
              "drupal_internal__target_id": 316
            }
          },
          "links": {
            "related": {
              "href": "https:\/\/prodv0ojd6qy.main.acsf.baywsf.com\/jsonapi\/node\/answer\/1a6e1536-5657-47f4-b20e-d59ed032cbf6\/audience_tag?resourceVersion=id%3A46341"
            },
            "self": {
              "href": "https:\/\/prodv0ojd6qy.main.acsf.baywsf.com\/jsonapi\/node\/answer\/1a6e1536-5657-47f4-b20e-d59ed032cbf6\/relationships\/audience_tag?resourceVersion=id%3A46341"
            }
          }
        },
        "field_answer_category": {
          "data": [],
          "links": {
            "related": {
              "href": "https:\/\/prodv0ojd6qy.main.acsf.baywsf.com\/jsonapi\/node\/answer\/1a6e1536-5657-47f4-b20e-d59ed032cbf6\/field_answer_category?resourceVersion=id%3A46341"
            },
            "self": {
              "href": "https:\/\/prodv0ojd6qy.main.acsf.baywsf.com\/jsonapi\/node\/answer\/1a6e1536-5657-47f4-b20e-d59ed032cbf6\/relationships\/field_answer_category?resourceVersion=id%3A46341"
            }
          }
        },
        "field_next_question": {
          "data": null,
          "links": {
            "related": {
              "href": "https:\/\/prodv0ojd6qy.main.acsf.baywsf.com\/jsonapi\/node\/answer\/1a6e1536-5657-47f4-b20e-d59ed032cbf6\/field_next_question?resourceVersion=id%3A46341"
            },
            "self": {
              "href": "https:\/\/prodv0ojd6qy.main.acsf.baywsf.com\/jsonapi\/node\/answer\/1a6e1536-5657-47f4-b20e-d59ed032cbf6\/relationships\/field_next_question?resourceVersion=id%3A46341"
            }
          }
        },
        "field_result": {
          "data": null,
          "links": {
            "related": {
              "href": "https:\/\/prodv0ojd6qy.main.acsf.baywsf.com\/jsonapi\/node\/answer\/1a6e1536-5657-47f4-b20e-d59ed032cbf6\/field_result?resourceVersion=id%3A46341"
            },
            "self": {
              "href": "https:\/\/prodv0ojd6qy.main.acsf.baywsf.com\/jsonapi\/node\/answer\/1a6e1536-5657-47f4-b20e-d59ed032cbf6\/relationships\/field_result?resourceVersion=id%3A46341"
            }
          }
        }
      }
    },
    {
      "type": "node--answer",
      "id": "95c9d5be-21b3-4ce7-8799-55d7aab84353",
      "links": {
        "self": {
          "href": "https:\/\/prodv0ojd6qy.main.acsf.baywsf.com\/jsonapi\/node\/answer\/95c9d5be-21b3-4ce7-8799-55d7aab84353?resourceVersion=id%3A46346"
        }
      },
      "attributes": {
        "drupal_internal__nid": 1431,
        "drupal_internal__vid": 46346,
        "langcode": "en",
        "revision_timestamp": "2023-01-17T14:15:39+00:00",
        "revision_log": null,
        "status": true,
        "title": "Atrial fibrillation or flutter",
        "created": "2023-01-17T14:15:39+00:00",
        "changed": "2023-01-17T14:15:39+00:00",
        "promote": true,
        "sticky": false,
        "default_langcode": true,
        "revision_translation_affected": true,
        "moderation_state": null,
        "metatag": null,
        "path": {
          "alias": null,
          "pid": null,
          "langcode": "en"
        },
        "private": false,
        "field_metatags": null,
        "content_translation_source": "und",
        "content_translation_outdated": false,
        "published_at": "2023-01-17T14:20:03+00:00",
        "field_answer_summary": {
          "value": "\u003Cp\u003EATRIAL_FIBRILLATION_OR_FLUTTER\u003C\/p\u003E\r\n",
          "format": "cohesion_without_glossify",
          "processed": "\u003Cp\u003EATRIAL_FIBRILLATION_OR_FLUTTER\u003C\/p\u003E\n"
        },
        "field_instruction": null
      },
      "relationships": {
        "node_type": {
          "data": {
            "type": "node_type--node_type",
            "id": "2b9459ba-6e80-4cd4-b243-d970bac27c44",
            "meta": {
              "drupal_internal__target_id": "answer"
            }
          },
          "links": {
            "related": {
              "href": "https:\/\/prodv0ojd6qy.main.acsf.baywsf.com\/jsonapi\/node\/answer\/95c9d5be-21b3-4ce7-8799-55d7aab84353\/node_type?resourceVersion=id%3A46346"
            },
            "self": {
              "href": "https:\/\/prodv0ojd6qy.main.acsf.baywsf.com\/jsonapi\/node\/answer\/95c9d5be-21b3-4ce7-8799-55d7aab84353\/relationships\/node_type?resourceVersion=id%3A46346"
            }
          }
        },
        "revision_uid": {
          "data": {
            "type": "user--user",
            "id": "ca644710-b0bf-4511-85df-451f03b5e0fb",
            "meta": {
              "drupal_internal__target_id": 6216
            }
          },
          "links": {
            "related": {
              "href": "https:\/\/prodv0ojd6qy.main.acsf.baywsf.com\/jsonapi\/node\/answer\/95c9d5be-21b3-4ce7-8799-55d7aab84353\/revision_uid?resourceVersion=id%3A46346"
            },
            "self": {
              "href": "https:\/\/prodv0ojd6qy.main.acsf.baywsf.com\/jsonapi\/node\/answer\/95c9d5be-21b3-4ce7-8799-55d7aab84353\/relationships\/revision_uid?resourceVersion=id%3A46346"
            }
          }
        },
        "uid": {
          "data": {
            "type": "user--user",
            "id": "ca644710-b0bf-4511-85df-451f03b5e0fb",
            "meta": {
              "drupal_internal__target_id": 6216
            }
          },
          "links": {
            "related": {
              "href": "https:\/\/prodv0ojd6qy.main.acsf.baywsf.com\/jsonapi\/node\/answer\/95c9d5be-21b3-4ce7-8799-55d7aab84353\/uid?resourceVersion=id%3A46346"
            },
            "self": {
              "href": "https:\/\/prodv0ojd6qy.main.acsf.baywsf.com\/jsonapi\/node\/answer\/95c9d5be-21b3-4ce7-8799-55d7aab84353\/relationships\/uid?resourceVersion=id%3A46346"
            }
          }
        },
        "field_schema_json_ld_file": {
          "data": null,
          "links": {
            "related": {
              "href": "https:\/\/prodv0ojd6qy.main.acsf.baywsf.com\/jsonapi\/node\/answer\/95c9d5be-21b3-4ce7-8799-55d7aab84353\/field_schema_json_ld_file?resourceVersion=id%3A46346"
            },
            "self": {
              "href": "https:\/\/prodv0ojd6qy.main.acsf.baywsf.com\/jsonapi\/node\/answer\/95c9d5be-21b3-4ce7-8799-55d7aab84353\/relationships\/field_schema_json_ld_file?resourceVersion=id%3A46346"
            }
          }
        },
        "audience_tag": {
          "data": {
            "type": "taxonomy_term--audience",
            "id": "b0ef5480-df1e-45d3-a61b-12bc57be205d",
            "meta": {
              "drupal_internal__target_id": 316
            }
          },
          "links": {
            "related": {
              "href": "https:\/\/prodv0ojd6qy.main.acsf.baywsf.com\/jsonapi\/node\/answer\/95c9d5be-21b3-4ce7-8799-55d7aab84353\/audience_tag?resourceVersion=id%3A46346"
            },
            "self": {
              "href": "https:\/\/prodv0ojd6qy.main.acsf.baywsf.com\/jsonapi\/node\/answer\/95c9d5be-21b3-4ce7-8799-55d7aab84353\/relationships\/audience_tag?resourceVersion=id%3A46346"
            }
          }
        },
        "field_answer_category": {
          "data": [],
          "links": {
            "related": {
              "href": "https:\/\/prodv0ojd6qy.main.acsf.baywsf.com\/jsonapi\/node\/answer\/95c9d5be-21b3-4ce7-8799-55d7aab84353\/field_answer_category?resourceVersion=id%3A46346"
            },
            "self": {
              "href": "https:\/\/prodv0ojd6qy.main.acsf.baywsf.com\/jsonapi\/node\/answer\/95c9d5be-21b3-4ce7-8799-55d7aab84353\/relationships\/field_answer_category?resourceVersion=id%3A46346"
            }
          }
        },
        "field_next_question": {
          "data": null,
          "links": {
            "related": {
              "href": "https:\/\/prodv0ojd6qy.main.acsf.baywsf.com\/jsonapi\/node\/answer\/95c9d5be-21b3-4ce7-8799-55d7aab84353\/field_next_question?resourceVersion=id%3A46346"
            },
            "self": {
              "href": "https:\/\/prodv0ojd6qy.main.acsf.baywsf.com\/jsonapi\/node\/answer\/95c9d5be-21b3-4ce7-8799-55d7aab84353\/relationships\/field_next_question?resourceVersion=id%3A46346"
            }
          }
        },
        "field_result": {
          "data": null,
          "links": {
            "related": {
              "href": "https:\/\/prodv0ojd6qy.main.acsf.baywsf.com\/jsonapi\/node\/answer\/95c9d5be-21b3-4ce7-8799-55d7aab84353\/field_result?resourceVersion=id%3A46346"
            },
            "self": {
              "href": "https:\/\/prodv0ojd6qy.main.acsf.baywsf.com\/jsonapi\/node\/answer\/95c9d5be-21b3-4ce7-8799-55d7aab84353\/relationships\/field_result?resourceVersion=id%3A46346"
            }
          }
        }
      }
    },
    {
      "type": "node--answer",
      "id": "ae5f4e6b-9310-4c14-baee-2fd9a9e64bc7",
      "links": {
        "self": {
          "href": "https:\/\/prodv0ojd6qy.main.acsf.baywsf.com\/jsonapi\/node\/answer\/ae5f4e6b-9310-4c14-baee-2fd9a9e64bc7?resourceVersion=id%3A46351"
        }
      },
      "attributes": {
        "drupal_internal__nid": 1436,
        "drupal_internal__vid": 46351,
        "langcode": "en",
        "revision_timestamp": "2023-01-17T14:16:14+00:00",
        "revision_log": null,
        "status": true,
        "title": "Other heart arrhythmias",
        "created": "2023-01-17T14:16:14+00:00",
        "changed": "2023-01-17T14:16:14+00:00",
        "promote": true,
        "sticky": false,
        "default_langcode": true,
        "revision_translation_affected": true,
        "moderation_state": null,
        "metatag": null,
        "path": {
          "alias": null,
          "pid": null,
          "langcode": "en"
        },
        "private": false,
        "field_metatags": null,
        "content_translation_source": "und",
        "content_translation_outdated": false,
        "published_at": "2023-01-17T14:20:03+00:00",
        "field_answer_summary": {
          "value": "\u003Cp\u003EOTHER_HEART_ARRHYTHMIAS\u003C\/p\u003E\r\n",
          "format": "cohesion_without_glossify",
          "processed": "\u003Cp\u003EOTHER_HEART_ARRHYTHMIAS\u003C\/p\u003E\n"
        },
        "field_instruction": null
      },
      "relationships": {
        "node_type": {
          "data": {
            "type": "node_type--node_type",
            "id": "2b9459ba-6e80-4cd4-b243-d970bac27c44",
            "meta": {
              "drupal_internal__target_id": "answer"
            }
          },
          "links": {
            "related": {
              "href": "https:\/\/prodv0ojd6qy.main.acsf.baywsf.com\/jsonapi\/node\/answer\/ae5f4e6b-9310-4c14-baee-2fd9a9e64bc7\/node_type?resourceVersion=id%3A46351"
            },
            "self": {
              "href": "https:\/\/prodv0ojd6qy.main.acsf.baywsf.com\/jsonapi\/node\/answer\/ae5f4e6b-9310-4c14-baee-2fd9a9e64bc7\/relationships\/node_type?resourceVersion=id%3A46351"
            }
          }
        },
        "revision_uid": {
          "data": {
            "type": "user--user",
            "id": "ca644710-b0bf-4511-85df-451f03b5e0fb",
            "meta": {
              "drupal_internal__target_id": 6216
            }
          },
          "links": {
            "related": {
              "href": "https:\/\/prodv0ojd6qy.main.acsf.baywsf.com\/jsonapi\/node\/answer\/ae5f4e6b-9310-4c14-baee-2fd9a9e64bc7\/revision_uid?resourceVersion=id%3A46351"
            },
            "self": {
              "href": "https:\/\/prodv0ojd6qy.main.acsf.baywsf.com\/jsonapi\/node\/answer\/ae5f4e6b-9310-4c14-baee-2fd9a9e64bc7\/relationships\/revision_uid?resourceVersion=id%3A46351"
            }
          }
        },
        "uid": {
          "data": {
            "type": "user--user",
            "id": "ca644710-b0bf-4511-85df-451f03b5e0fb",
            "meta": {
              "drupal_internal__target_id": 6216
            }
          },
          "links": {
            "related": {
              "href": "https:\/\/prodv0ojd6qy.main.acsf.baywsf.com\/jsonapi\/node\/answer\/ae5f4e6b-9310-4c14-baee-2fd9a9e64bc7\/uid?resourceVersion=id%3A46351"
            },
            "self": {
              "href": "https:\/\/prodv0ojd6qy.main.acsf.baywsf.com\/jsonapi\/node\/answer\/ae5f4e6b-9310-4c14-baee-2fd9a9e64bc7\/relationships\/uid?resourceVersion=id%3A46351"
            }
          }
        },
        "field_schema_json_ld_file": {
          "data": null,
          "links": {
            "related": {
              "href": "https:\/\/prodv0ojd6qy.main.acsf.baywsf.com\/jsonapi\/node\/answer\/ae5f4e6b-9310-4c14-baee-2fd9a9e64bc7\/field_schema_json_ld_file?resourceVersion=id%3A46351"
            },
            "self": {
              "href": "https:\/\/prodv0ojd6qy.main.acsf.baywsf.com\/jsonapi\/node\/answer\/ae5f4e6b-9310-4c14-baee-2fd9a9e64bc7\/relationships\/field_schema_json_ld_file?resourceVersion=id%3A46351"
            }
          }
        },
        "audience_tag": {
          "data": {
            "type": "taxonomy_term--audience",
            "id": "b0ef5480-df1e-45d3-a61b-12bc57be205d",
            "meta": {
              "drupal_internal__target_id": 316
            }
          },
          "links": {
            "related": {
              "href": "https:\/\/prodv0ojd6qy.main.acsf.baywsf.com\/jsonapi\/node\/answer\/ae5f4e6b-9310-4c14-baee-2fd9a9e64bc7\/audience_tag?resourceVersion=id%3A46351"
            },
            "self": {
              "href": "https:\/\/prodv0ojd6qy.main.acsf.baywsf.com\/jsonapi\/node\/answer\/ae5f4e6b-9310-4c14-baee-2fd9a9e64bc7\/relationships\/audience_tag?resourceVersion=id%3A46351"
            }
          }
        },
        "field_answer_category": {
          "data": [],
          "links": {
            "related": {
              "href": "https:\/\/prodv0ojd6qy.main.acsf.baywsf.com\/jsonapi\/node\/answer\/ae5f4e6b-9310-4c14-baee-2fd9a9e64bc7\/field_answer_category?resourceVersion=id%3A46351"
            },
            "self": {
              "href": "https:\/\/prodv0ojd6qy.main.acsf.baywsf.com\/jsonapi\/node\/answer\/ae5f4e6b-9310-4c14-baee-2fd9a9e64bc7\/relationships\/field_answer_category?resourceVersion=id%3A46351"
            }
          }
        },
        "field_next_question": {
          "data": null,
          "links": {
            "related": {
              "href": "https:\/\/prodv0ojd6qy.main.acsf.baywsf.com\/jsonapi\/node\/answer\/ae5f4e6b-9310-4c14-baee-2fd9a9e64bc7\/field_next_question?resourceVersion=id%3A46351"
            },
            "self": {
              "href": "https:\/\/prodv0ojd6qy.main.acsf.baywsf.com\/jsonapi\/node\/answer\/ae5f4e6b-9310-4c14-baee-2fd9a9e64bc7\/relationships\/field_next_question?resourceVersion=id%3A46351"
            }
          }
        },
        "field_result": {
          "data": null,
          "links": {
            "related": {
              "href": "https:\/\/prodv0ojd6qy.main.acsf.baywsf.com\/jsonapi\/node\/answer\/ae5f4e6b-9310-4c14-baee-2fd9a9e64bc7\/field_result?resourceVersion=id%3A46351"
            },
            "self": {
              "href": "https:\/\/prodv0ojd6qy.main.acsf.baywsf.com\/jsonapi\/node\/answer\/ae5f4e6b-9310-4c14-baee-2fd9a9e64bc7\/relationships\/field_result?resourceVersion=id%3A46351"
            }
          }
        }
      }
    },
    {
      "type": "node--answer",
      "id": "faca7ad1-dcec-42aa-a925-8c4b01e0574b",
      "links": {
        "self": {
          "href": "https:\/\/prodv0ojd6qy.main.acsf.baywsf.com\/jsonapi\/node\/answer\/faca7ad1-dcec-42aa-a925-8c4b01e0574b?resourceVersion=id%3A46356"
        }
      },
      "attributes": {
        "drupal_internal__nid": 1441,
        "drupal_internal__vid": 46356,
        "langcode": "en",
        "revision_timestamp": "2023-01-17T14:16:47+00:00",
        "revision_log": null,
        "status": true,
        "title": "Leukemia, lymphoma or myeloma",
        "created": "2023-01-17T14:16:47+00:00",
        "changed": "2023-01-17T14:16:47+00:00",
        "promote": true,
        "sticky": false,
        "default_langcode": true,
        "revision_translation_affected": true,
        "moderation_state": null,
        "metatag": null,
        "path": {
          "alias": null,
          "pid": null,
          "langcode": "en"
        },
        "private": false,
        "field_metatags": null,
        "content_translation_source": "und",
        "content_translation_outdated": false,
        "published_at": "2023-01-17T14:20:03+00:00",
        "field_answer_summary": {
          "value": "\u003Cp\u003ELEUKAEMIA_LYMPHOMA_MYELOMA\u003C\/p\u003E\r\n",
          "format": "cohesion_without_glossify",
          "processed": "\u003Cp\u003ELEUKAEMIA_LYMPHOMA_MYELOMA\u003C\/p\u003E\n"
        },
        "field_instruction": null
      },
      "relationships": {
        "node_type": {
          "data": {
            "type": "node_type--node_type",
            "id": "2b9459ba-6e80-4cd4-b243-d970bac27c44",
            "meta": {
              "drupal_internal__target_id": "answer"
            }
          },
          "links": {
            "related": {
              "href": "https:\/\/prodv0ojd6qy.main.acsf.baywsf.com\/jsonapi\/node\/answer\/faca7ad1-dcec-42aa-a925-8c4b01e0574b\/node_type?resourceVersion=id%3A46356"
            },
            "self": {
              "href": "https:\/\/prodv0ojd6qy.main.acsf.baywsf.com\/jsonapi\/node\/answer\/faca7ad1-dcec-42aa-a925-8c4b01e0574b\/relationships\/node_type?resourceVersion=id%3A46356"
            }
          }
        },
        "revision_uid": {
          "data": {
            "type": "user--user",
            "id": "ca644710-b0bf-4511-85df-451f03b5e0fb",
            "meta": {
              "drupal_internal__target_id": 6216
            }
          },
          "links": {
            "related": {
              "href": "https:\/\/prodv0ojd6qy.main.acsf.baywsf.com\/jsonapi\/node\/answer\/faca7ad1-dcec-42aa-a925-8c4b01e0574b\/revision_uid?resourceVersion=id%3A46356"
            },
            "self": {
              "href": "https:\/\/prodv0ojd6qy.main.acsf.baywsf.com\/jsonapi\/node\/answer\/faca7ad1-dcec-42aa-a925-8c4b01e0574b\/relationships\/revision_uid?resourceVersion=id%3A46356"
            }
          }
        },
        "uid": {
          "data": {
            "type": "user--user",
            "id": "ca644710-b0bf-4511-85df-451f03b5e0fb",
            "meta": {
              "drupal_internal__target_id": 6216
            }
          },
          "links": {
            "related": {
              "href": "https:\/\/prodv0ojd6qy.main.acsf.baywsf.com\/jsonapi\/node\/answer\/faca7ad1-dcec-42aa-a925-8c4b01e0574b\/uid?resourceVersion=id%3A46356"
            },
            "self": {
              "href": "https:\/\/prodv0ojd6qy.main.acsf.baywsf.com\/jsonapi\/node\/answer\/faca7ad1-dcec-42aa-a925-8c4b01e0574b\/relationships\/uid?resourceVersion=id%3A46356"
            }
          }
        },
        "field_schema_json_ld_file": {
          "data": null,
          "links": {
            "related": {
              "href": "https:\/\/prodv0ojd6qy.main.acsf.baywsf.com\/jsonapi\/node\/answer\/faca7ad1-dcec-42aa-a925-8c4b01e0574b\/field_schema_json_ld_file?resourceVersion=id%3A46356"
            },
            "self": {
              "href": "https:\/\/prodv0ojd6qy.main.acsf.baywsf.com\/jsonapi\/node\/answer\/faca7ad1-dcec-42aa-a925-8c4b01e0574b\/relationships\/field_schema_json_ld_file?resourceVersion=id%3A46356"
            }
          }
        },
        "audience_tag": {
          "data": {
            "type": "taxonomy_term--audience",
            "id": "b0ef5480-df1e-45d3-a61b-12bc57be205d",
            "meta": {
              "drupal_internal__target_id": 316
            }
          },
          "links": {
            "related": {
              "href": "https:\/\/prodv0ojd6qy.main.acsf.baywsf.com\/jsonapi\/node\/answer\/faca7ad1-dcec-42aa-a925-8c4b01e0574b\/audience_tag?resourceVersion=id%3A46356"
            },
            "self": {
              "href": "https:\/\/prodv0ojd6qy.main.acsf.baywsf.com\/jsonapi\/node\/answer\/faca7ad1-dcec-42aa-a925-8c4b01e0574b\/relationships\/audience_tag?resourceVersion=id%3A46356"
            }
          }
        },
        "field_answer_category": {
          "data": [],
          "links": {
            "related": {
              "href": "https:\/\/prodv0ojd6qy.main.acsf.baywsf.com\/jsonapi\/node\/answer\/faca7ad1-dcec-42aa-a925-8c4b01e0574b\/field_answer_category?resourceVersion=id%3A46356"
            },
            "self": {
              "href": "https:\/\/prodv0ojd6qy.main.acsf.baywsf.com\/jsonapi\/node\/answer\/faca7ad1-dcec-42aa-a925-8c4b01e0574b\/relationships\/field_answer_category?resourceVersion=id%3A46356"
            }
          }
        },
        "field_next_question": {
          "data": null,
          "links": {
            "related": {
              "href": "https:\/\/prodv0ojd6qy.main.acsf.baywsf.com\/jsonapi\/node\/answer\/faca7ad1-dcec-42aa-a925-8c4b01e0574b\/field_next_question?resourceVersion=id%3A46356"
            },
            "self": {
              "href": "https:\/\/prodv0ojd6qy.main.acsf.baywsf.com\/jsonapi\/node\/answer\/faca7ad1-dcec-42aa-a925-8c4b01e0574b\/relationships\/field_next_question?resourceVersion=id%3A46356"
            }
          }
        },
        "field_result": {
          "data": null,
          "links": {
            "related": {
              "href": "https:\/\/prodv0ojd6qy.main.acsf.baywsf.com\/jsonapi\/node\/answer\/faca7ad1-dcec-42aa-a925-8c4b01e0574b\/field_result?resourceVersion=id%3A46356"
            },
            "self": {
              "href": "https:\/\/prodv0ojd6qy.main.acsf.baywsf.com\/jsonapi\/node\/answer\/faca7ad1-dcec-42aa-a925-8c4b01e0574b\/relationships\/field_result?resourceVersion=id%3A46356"
            }
          }
        }
      }
    },
    {
      "type": "node--answer",
      "id": "5e6fa79c-5d85-44b8-8ca9-54efc82a4687",
      "links": {
        "self": {
          "href": "https:\/\/prodv0ojd6qy.main.acsf.baywsf.com\/jsonapi\/node\/answer\/5e6fa79c-5d85-44b8-8ca9-54efc82a4687?resourceVersion=id%3A46361"
        }
      },
      "attributes": {
        "drupal_internal__nid": 1446,
        "drupal_internal__vid": 46361,
        "langcode": "en",
        "revision_timestamp": "2023-01-17T14:17:23+00:00",
        "revision_log": null,
        "status": true,
        "title": "Diabetes",
        "created": "2023-01-17T14:17:23+00:00",
        "changed": "2023-01-17T14:17:23+00:00",
        "promote": true,
        "sticky": false,
        "default_langcode": true,
        "revision_translation_affected": true,
        "moderation_state": null,
        "metatag": null,
        "path": {
          "alias": null,
          "pid": null,
          "langcode": "en"
        },
        "private": false,
        "field_metatags": null,
        "content_translation_source": "und",
        "content_translation_outdated": false,
        "published_at": "2023-01-17T14:20:03+00:00",
        "field_answer_summary": {
          "value": "\u003Cp\u003EDIABETES\u003C\/p\u003E\r\n",
          "format": "cohesion_without_glossify",
          "processed": "\u003Cp\u003EDIABETES\u003C\/p\u003E\n"
        },
        "field_instruction": null
      },
      "relationships": {
        "node_type": {
          "data": {
            "type": "node_type--node_type",
            "id": "2b9459ba-6e80-4cd4-b243-d970bac27c44",
            "meta": {
              "drupal_internal__target_id": "answer"
            }
          },
          "links": {
            "related": {
              "href": "https:\/\/prodv0ojd6qy.main.acsf.baywsf.com\/jsonapi\/node\/answer\/5e6fa79c-5d85-44b8-8ca9-54efc82a4687\/node_type?resourceVersion=id%3A46361"
            },
            "self": {
              "href": "https:\/\/prodv0ojd6qy.main.acsf.baywsf.com\/jsonapi\/node\/answer\/5e6fa79c-5d85-44b8-8ca9-54efc82a4687\/relationships\/node_type?resourceVersion=id%3A46361"
            }
          }
        },
        "revision_uid": {
          "data": {
            "type": "user--user",
            "id": "ca644710-b0bf-4511-85df-451f03b5e0fb",
            "meta": {
              "drupal_internal__target_id": 6216
            }
          },
          "links": {
            "related": {
              "href": "https:\/\/prodv0ojd6qy.main.acsf.baywsf.com\/jsonapi\/node\/answer\/5e6fa79c-5d85-44b8-8ca9-54efc82a4687\/revision_uid?resourceVersion=id%3A46361"
            },
            "self": {
              "href": "https:\/\/prodv0ojd6qy.main.acsf.baywsf.com\/jsonapi\/node\/answer\/5e6fa79c-5d85-44b8-8ca9-54efc82a4687\/relationships\/revision_uid?resourceVersion=id%3A46361"
            }
          }
        },
        "uid": {
          "data": {
            "type": "user--user",
            "id": "ca644710-b0bf-4511-85df-451f03b5e0fb",
            "meta": {
              "drupal_internal__target_id": 6216
            }
          },
          "links": {
            "related": {
              "href": "https:\/\/prodv0ojd6qy.main.acsf.baywsf.com\/jsonapi\/node\/answer\/5e6fa79c-5d85-44b8-8ca9-54efc82a4687\/uid?resourceVersion=id%3A46361"
            },
            "self": {
              "href": "https:\/\/prodv0ojd6qy.main.acsf.baywsf.com\/jsonapi\/node\/answer\/5e6fa79c-5d85-44b8-8ca9-54efc82a4687\/relationships\/uid?resourceVersion=id%3A46361"
            }
          }
        },
        "field_schema_json_ld_file": {
          "data": null,
          "links": {
            "related": {
              "href": "https:\/\/prodv0ojd6qy.main.acsf.baywsf.com\/jsonapi\/node\/answer\/5e6fa79c-5d85-44b8-8ca9-54efc82a4687\/field_schema_json_ld_file?resourceVersion=id%3A46361"
            },
            "self": {
              "href": "https:\/\/prodv0ojd6qy.main.acsf.baywsf.com\/jsonapi\/node\/answer\/5e6fa79c-5d85-44b8-8ca9-54efc82a4687\/relationships\/field_schema_json_ld_file?resourceVersion=id%3A46361"
            }
          }
        },
        "audience_tag": {
          "data": {
            "type": "taxonomy_term--audience",
            "id": "b0ef5480-df1e-45d3-a61b-12bc57be205d",
            "meta": {
              "drupal_internal__target_id": 316
            }
          },
          "links": {
            "related": {
              "href": "https:\/\/prodv0ojd6qy.main.acsf.baywsf.com\/jsonapi\/node\/answer\/5e6fa79c-5d85-44b8-8ca9-54efc82a4687\/audience_tag?resourceVersion=id%3A46361"
            },
            "self": {
              "href": "https:\/\/prodv0ojd6qy.main.acsf.baywsf.com\/jsonapi\/node\/answer\/5e6fa79c-5d85-44b8-8ca9-54efc82a4687\/relationships\/audience_tag?resourceVersion=id%3A46361"
            }
          }
        },
        "field_answer_category": {
          "data": [],
          "links": {
            "related": {
              "href": "https:\/\/prodv0ojd6qy.main.acsf.baywsf.com\/jsonapi\/node\/answer\/5e6fa79c-5d85-44b8-8ca9-54efc82a4687\/field_answer_category?resourceVersion=id%3A46361"
            },
            "self": {
              "href": "https:\/\/prodv0ojd6qy.main.acsf.baywsf.com\/jsonapi\/node\/answer\/5e6fa79c-5d85-44b8-8ca9-54efc82a4687\/relationships\/field_answer_category?resourceVersion=id%3A46361"
            }
          }
        },
        "field_next_question": {
          "data": null,
          "links": {
            "related": {
              "href": "https:\/\/prodv0ojd6qy.main.acsf.baywsf.com\/jsonapi\/node\/answer\/5e6fa79c-5d85-44b8-8ca9-54efc82a4687\/field_next_question?resourceVersion=id%3A46361"
            },
            "self": {
              "href": "https:\/\/prodv0ojd6qy.main.acsf.baywsf.com\/jsonapi\/node\/answer\/5e6fa79c-5d85-44b8-8ca9-54efc82a4687\/relationships\/field_next_question?resourceVersion=id%3A46361"
            }
          }
        },
        "field_result": {
          "data": null,
          "links": {
            "related": {
              "href": "https:\/\/prodv0ojd6qy.main.acsf.baywsf.com\/jsonapi\/node\/answer\/5e6fa79c-5d85-44b8-8ca9-54efc82a4687\/field_result?resourceVersion=id%3A46361"
            },
            "self": {
              "href": "https:\/\/prodv0ojd6qy.main.acsf.baywsf.com\/jsonapi\/node\/answer\/5e6fa79c-5d85-44b8-8ca9-54efc82a4687\/relationships\/field_result?resourceVersion=id%3A46361"
            }
          }
        }
      }
    },
    {
      "type": "node--answer",
      "id": "f0651bf8-7e44-4274-a287-3116fc3a2eb9",
      "links": {
        "self": {
          "href": "https:\/\/prodv0ojd6qy.main.acsf.baywsf.com\/jsonapi\/node\/answer\/f0651bf8-7e44-4274-a287-3116fc3a2eb9?resourceVersion=id%3A46366"
        }
      },
      "attributes": {
        "drupal_internal__nid": 1451,
        "drupal_internal__vid": 46366,
        "langcode": "en",
        "revision_timestamp": "2023-01-17T14:18:15+00:00",
        "revision_log": null,
        "status": true,
        "title": "None of the above",
        "created": "2023-01-17T14:18:15+00:00",
        "changed": "2023-01-17T14:18:15+00:00",
        "promote": true,
        "sticky": false,
        "default_langcode": true,
        "revision_translation_affected": true,
        "moderation_state": null,
        "metatag": null,
        "path": {
          "alias": null,
          "pid": null,
          "langcode": "en"
        },
        "private": false,
        "field_metatags": null,
        "content_translation_source": "und",
        "content_translation_outdated": false,
        "published_at": "2023-01-17T14:20:03+00:00",
        "field_answer_summary": null,
        "field_instruction": null
      },
      "relationships": {
        "node_type": {
          "data": {
            "type": "node_type--node_type",
            "id": "2b9459ba-6e80-4cd4-b243-d970bac27c44",
            "meta": {
              "drupal_internal__target_id": "answer"
            }
          },
          "links": {
            "related": {
              "href": "https:\/\/prodv0ojd6qy.main.acsf.baywsf.com\/jsonapi\/node\/answer\/f0651bf8-7e44-4274-a287-3116fc3a2eb9\/node_type?resourceVersion=id%3A46366"
            },
            "self": {
              "href": "https:\/\/prodv0ojd6qy.main.acsf.baywsf.com\/jsonapi\/node\/answer\/f0651bf8-7e44-4274-a287-3116fc3a2eb9\/relationships\/node_type?resourceVersion=id%3A46366"
            }
          }
        },
        "revision_uid": {
          "data": {
            "type": "user--user",
            "id": "ca644710-b0bf-4511-85df-451f03b5e0fb",
            "meta": {
              "drupal_internal__target_id": 6216
            }
          },
          "links": {
            "related": {
              "href": "https:\/\/prodv0ojd6qy.main.acsf.baywsf.com\/jsonapi\/node\/answer\/f0651bf8-7e44-4274-a287-3116fc3a2eb9\/revision_uid?resourceVersion=id%3A46366"
            },
            "self": {
              "href": "https:\/\/prodv0ojd6qy.main.acsf.baywsf.com\/jsonapi\/node\/answer\/f0651bf8-7e44-4274-a287-3116fc3a2eb9\/relationships\/revision_uid?resourceVersion=id%3A46366"
            }
          }
        },
        "uid": {
          "data": {
            "type": "user--user",
            "id": "ca644710-b0bf-4511-85df-451f03b5e0fb",
            "meta": {
              "drupal_internal__target_id": 6216
            }
          },
          "links": {
            "related": {
              "href": "https:\/\/prodv0ojd6qy.main.acsf.baywsf.com\/jsonapi\/node\/answer\/f0651bf8-7e44-4274-a287-3116fc3a2eb9\/uid?resourceVersion=id%3A46366"
            },
            "self": {
              "href": "https:\/\/prodv0ojd6qy.main.acsf.baywsf.com\/jsonapi\/node\/answer\/f0651bf8-7e44-4274-a287-3116fc3a2eb9\/relationships\/uid?resourceVersion=id%3A46366"
            }
          }
        },
        "field_schema_json_ld_file": {
          "data": null,
          "links": {
            "related": {
              "href": "https:\/\/prodv0ojd6qy.main.acsf.baywsf.com\/jsonapi\/node\/answer\/f0651bf8-7e44-4274-a287-3116fc3a2eb9\/field_schema_json_ld_file?resourceVersion=id%3A46366"
            },
            "self": {
              "href": "https:\/\/prodv0ojd6qy.main.acsf.baywsf.com\/jsonapi\/node\/answer\/f0651bf8-7e44-4274-a287-3116fc3a2eb9\/relationships\/field_schema_json_ld_file?resourceVersion=id%3A46366"
            }
          }
        },
        "audience_tag": {
          "data": {
            "type": "taxonomy_term--audience",
            "id": "b0ef5480-df1e-45d3-a61b-12bc57be205d",
            "meta": {
              "drupal_internal__target_id": 316
            }
          },
          "links": {
            "related": {
              "href": "https:\/\/prodv0ojd6qy.main.acsf.baywsf.com\/jsonapi\/node\/answer\/f0651bf8-7e44-4274-a287-3116fc3a2eb9\/audience_tag?resourceVersion=id%3A46366"
            },
            "self": {
              "href": "https:\/\/prodv0ojd6qy.main.acsf.baywsf.com\/jsonapi\/node\/answer\/f0651bf8-7e44-4274-a287-3116fc3a2eb9\/relationships\/audience_tag?resourceVersion=id%3A46366"
            }
          }
        },
        "field_answer_category": {
          "data": [],
          "links": {
            "related": {
              "href": "https:\/\/prodv0ojd6qy.main.acsf.baywsf.com\/jsonapi\/node\/answer\/f0651bf8-7e44-4274-a287-3116fc3a2eb9\/field_answer_category?resourceVersion=id%3A46366"
            },
            "self": {
              "href": "https:\/\/prodv0ojd6qy.main.acsf.baywsf.com\/jsonapi\/node\/answer\/f0651bf8-7e44-4274-a287-3116fc3a2eb9\/relationships\/field_answer_category?resourceVersion=id%3A46366"
            }
          }
        },
        "field_next_question": {
          "data": null,
          "links": {
            "related": {
              "href": "https:\/\/prodv0ojd6qy.main.acsf.baywsf.com\/jsonapi\/node\/answer\/f0651bf8-7e44-4274-a287-3116fc3a2eb9\/field_next_question?resourceVersion=id%3A46366"
            },
            "self": {
              "href": "https:\/\/prodv0ojd6qy.main.acsf.baywsf.com\/jsonapi\/node\/answer\/f0651bf8-7e44-4274-a287-3116fc3a2eb9\/relationships\/field_next_question?resourceVersion=id%3A46366"
            }
          }
        },
        "field_result": {
          "data": null,
          "links": {
            "related": {
              "href": "https:\/\/prodv0ojd6qy.main.acsf.baywsf.com\/jsonapi\/node\/answer\/f0651bf8-7e44-4274-a287-3116fc3a2eb9\/field_result?resourceVersion=id%3A46366"
            },
            "self": {
              "href": "https:\/\/prodv0ojd6qy.main.acsf.baywsf.com\/jsonapi\/node\/answer\/f0651bf8-7e44-4274-a287-3116fc3a2eb9\/relationships\/field_result?resourceVersion=id%3A46366"
            }
          }
        }
      }
    }
  ],
  "links": {
    "self": {
      "href": "https:\/\/prodv0ojd6qy.main.acsf.baywsf.com\/jsonapi\/node\/question\/aa1999d3-2cc4-408a-bd75-c0eecd6c1589?include=field_answer"
    }
  }
}