{
  "jsonapi": {
    "version": "1.0",
    "meta": {
      "links": {
        "self": {
          "href": "http:\/\/jsonapi.org\/format\/1.0\/"
        }
      }
    }
  },
  "data": {
    "type": "node--question",
    "id": "aa57da95-8d1e-4fec-bc7a-e2f1e12a7d24",
    "links": {
      "self": {
        "href": "https:\/\/prodv0ojd6qy.main.acsf.baywsf.com\/jsonapi\/node\/question\/aa57da95-8d1e-4fec-bc7a-e2f1e12a7d24?resourceVersion=id%3A46306"
      }
    },
    "attributes": {
      "drupal_internal__nid": 1401,
      "drupal_internal__vid": 46306,
      "langcode": "en",
      "revision_timestamp": "2023-01-17T14:08:11+00:00",
      "revision_log": null,
      "status": true,
      "title": "How would you describe your usual walking pace?",
      "created": "2023-01-17T14:08:11+00:00",
      "changed": "2023-01-17T14:08:11+00:00",
      "promote": false,
      "sticky": false,
      "default_langcode": true,
      "revision_translation_affected": true,
      "moderation_state": null,
      "metatag": null,
      "path": {
        "alias": null,
        "pid": null,
        "langcode": "en"
      },
      "private": false,
      "field_metatags": null,
      "content_translation_source": "und",
      "content_translation_outdated": false,
      "published_at": "2023-01-17T14:08:11+00:00",
      "field_error": null,
      "field_explanation": null,
      "field_instruction": null,
      "field_references": null
    },
    "relationships": {
      "node_type": {
        "data": {
          "type": "node_type--node_type",
          "id": "b36305cf-d6a4-4b58-94fd-9bd56dc48d0a",
          "meta": {
            "drupal_internal__target_id": "question"
          }
        },
        "links": {
          "related": {
            "href": "https:\/\/prodv0ojd6qy.main.acsf.baywsf.com\/jsonapi\/node\/question\/aa57da95-8d1e-4fec-bc7a-e2f1e12a7d24\/node_type?resourceVersion=id%3A46306"
          },
          "self": {
            "href": "https:\/\/prodv0ojd6qy.main.acsf.baywsf.com\/jsonapi\/node\/question\/aa57da95-8d1e-4fec-bc7a-e2f1e12a7d24\/relationships\/node_type?resourceVersion=id%3A46306"
          }
        }
      },
      "revision_uid": {
        "data": {
          "type": "user--user",
          "id": "ca644710-b0bf-4511-85df-451f03b5e0fb",
          "meta": {
            "drupal_internal__target_id": 6216
          }
        },
        "links": {
          "related": {
            "href": "https:\/\/prodv0ojd6qy.main.acsf.baywsf.com\/jsonapi\/node\/question\/aa57da95-8d1e-4fec-bc7a-e2f1e12a7d24\/revision_uid?resourceVersion=id%3A46306"
          },
          "self": {
            "href": "https:\/\/prodv0ojd6qy.main.acsf.baywsf.com\/jsonapi\/node\/question\/aa57da95-8d1e-4fec-bc7a-e2f1e12a7d24\/relationships\/revision_uid?resourceVersion=id%3A46306"
          }
        }
      },
      "uid": {
        "data": {
          "type": "user--user",
          "id": "ca644710-b0bf-4511-85df-451f03b5e0fb",
          "meta": {
            "drupal_internal__target_id": 6216
          }
        },
        "links": {
          "related": {
            "href": "https:\/\/prodv0ojd6qy.main.acsf.baywsf.com\/jsonapi\/node\/question\/aa57da95-8d1e-4fec-bc7a-e2f1e12a7d24\/uid?resourceVersion=id%3A46306"
          },
          "self": {
            "href": "https:\/\/prodv0ojd6qy.main.acsf.baywsf.com\/jsonapi\/node\/question\/aa57da95-8d1e-4fec-bc7a-e2f1e12a7d24\/relationships\/uid?resourceVersion=id%3A46306"
          }
        }
      },
      "field_schema_json_ld_file": {
        "data": null,
        "links": {
          "related": {
            "href": "https:\/\/prodv0ojd6qy.main.acsf.baywsf.com\/jsonapi\/node\/question\/aa57da95-8d1e-4fec-bc7a-e2f1e12a7d24\/field_schema_json_ld_file?resourceVersion=id%3A46306"
          },
          "self": {
            "href": "https:\/\/prodv0ojd6qy.main.acsf.baywsf.com\/jsonapi\/node\/question\/aa57da95-8d1e-4fec-bc7a-e2f1e12a7d24\/relationships\/field_schema_json_ld_file?resourceVersion=id%3A46306"
          }
        }
      },
      "audience_tag": {
        "data": {
          "type": "taxonomy_term--audience",
          "id": "b0ef5480-df1e-45d3-a61b-12bc57be205d",
          "meta": {
            "drupal_internal__target_id": 316
          }
        },
        "links": {
          "related": {
            "href": "https:\/\/prodv0ojd6qy.main.acsf.baywsf.com\/jsonapi\/node\/question\/aa57da95-8d1e-4fec-bc7a-e2f1e12a7d24\/audience_tag?resourceVersion=id%3A46306"
          },
          "self": {
            "href": "https:\/\/prodv0ojd6qy.main.acsf.baywsf.com\/jsonapi\/node\/question\/aa57da95-8d1e-4fec-bc7a-e2f1e12a7d24\/relationships\/audience_tag?resourceVersion=id%3A46306"
          }
        }
      },
      "field_actions": {
        "data": [],
        "links": {
          "related": {
            "href": "https:\/\/prodv0ojd6qy.main.acsf.baywsf.com\/jsonapi\/node\/question\/aa57da95-8d1e-4fec-bc7a-e2f1e12a7d24\/field_actions?resourceVersion=id%3A46306"
          },
          "self": {
            "href": "https:\/\/prodv0ojd6qy.main.acsf.baywsf.com\/jsonapi\/node\/question\/aa57da95-8d1e-4fec-bc7a-e2f1e12a7d24\/relationships\/field_actions?resourceVersion=id%3A46306"
          }
        }
      },
      "field_answer": {
        "data": [
          {
            "type": "node--answer",
            "id": "9c0dc672-7cb4-42dc-88fe-5cd057c81e70",
            "meta": {
              "drupal_internal__target_id": 1386
            }
          },
          {
            "type": "node--answer",
            "id": "9d805940-ab68-4a5e-9324-092628f3918a",
            "meta": {
              "drupal_internal__target_id": 1391
            }
          },
          {
            "type": "node--answer",
            "id": "576b68f0-0e2d-44bd-b474-584d741b3255",
            "meta": {
              "drupal_internal__target_id": 1396
            }
          }
        ],
        "links": {
          "related": {
            "href": "https:\/\/prodv0ojd6qy.main.acsf.baywsf.com\/jsonapi\/node\/question\/aa57da95-8d1e-4fec-bc7a-e2f1e12a7d24\/field_answer?resourceVersion=id%3A46306"
          },
          "self": {
            "href": "https:\/\/prodv0ojd6qy.main.acsf.baywsf.com\/jsonapi\/node\/question\/aa57da95-8d1e-4fec-bc7a-e2f1e12a7d24\/relationships\/field_answer?resourceVersion=id%3A46306"
          }
        }
      },
      "field_correct": {
        "data": [],
        "links": {
          "related": {
            "href": "https:\/\/prodv0ojd6qy.main.acsf.baywsf.com\/jsonapi\/node\/question\/aa57da95-8d1e-4fec-bc7a-e2f1e12a7d24\/field_correct?resourceVersion=id%3A46306"
          },
          "self": {
            "href": "https:\/\/prodv0ojd6qy.main.acsf.baywsf.com\/jsonapi\/node\/question\/aa57da95-8d1e-4fec-bc7a-e2f1e12a7d24\/relationships\/field_correct?resourceVersion=id%3A46306"
          }
        }
      },
      "field_question_group": {
        "data": [],
        "links": {
          "related": {
            "href": "https:\/\/prodv0ojd6qy.main.acsf.baywsf.com\/jsonapi\/node\/question\/aa57da95-8d1e-4fec-bc7a-e2f1e12a7d24\/field_question_group?resourceVersion=id%3A46306"
          },
          "self": {
            "href": "https:\/\/prodv0ojd6qy.main.acsf.baywsf.com\/jsonapi\/node\/question\/aa57da95-8d1e-4fec-bc7a-e2f1e12a7d24\/relationships\/field_question_group?resourceVersion=id%3A46306"
          }
        }
      }
    }
  },
  "included": [
    {
      "type": "node--answer",
      "id": "9c0dc672-7cb4-42dc-88fe-5cd057c81e70",
      "links": {
        "self": {
          "href": "https:\/\/prodv0ojd6qy.main.acsf.baywsf.com\/jsonapi\/node\/answer\/9c0dc672-7cb4-42dc-88fe-5cd057c81e70?resourceVersion=id%3A46291"
        }
      },
      "attributes": {
        "drupal_internal__nid": 1386,
        "drupal_internal__vid": 46291,
        "langcode": "en",
        "revision_timestamp": "2023-01-17T14:06:57+00:00",
        "revision_log": null,
        "status": true,
        "title": "Slow pace",
        "created": "2023-01-17T14:06:57+00:00",
        "changed": "2023-01-17T14:06:57+00:00",
        "promote": true,
        "sticky": false,
        "default_langcode": true,
        "revision_translation_affected": true,
        "moderation_state": null,
        "metatag": null,
        "path": {
          "alias": null,
          "pid": null,
          "langcode": "en"
        },
        "private": false,
        "field_metatags": null,
        "content_translation_source": "und",
        "content_translation_outdated": false,
        "published_at": "2023-01-17T14:08:11+00:00",
        "field_answer_summary": {
          "value": "\u003Cp\u003EOTHER\u003C\/p\u003E\r\n",
          "format": "cohesion_without_glossify",
          "processed": "\u003Cp\u003EOTHER\u003C\/p\u003E\n"
        },
        "field_instruction": null
      },
      "relationships": {
        "node_type": {
          "data": {
            "type": "node_type--node_type",
            "id": "2b9459ba-6e80-4cd4-b243-d970bac27c44",
            "meta": {
              "drupal_internal__target_id": "answer"
            }
          },
          "links": {
            "related": {
              "href": "https:\/\/prodv0ojd6qy.main.acsf.baywsf.com\/jsonapi\/node\/answer\/9c0dc672-7cb4-42dc-88fe-5cd057c81e70\/node_type?resourceVersion=id%3A46291"
            },
            "self": {
              "href": "https:\/\/prodv0ojd6qy.main.acsf.baywsf.com\/jsonapi\/node\/answer\/9c0dc672-7cb4-42dc-88fe-5cd057c81e70\/relationships\/node_type?resourceVersion=id%3A46291"
            }
          }
        },
        "revision_uid": {
          "data": {
            "type": "user--user",
            "id": "ca644710-b0bf-4511-85df-451f03b5e0fb",
            "meta": {
              "drupal_internal__target_id": 6216
            }
          },
          "links": {
            "related": {
              "href": "https:\/\/prodv0ojd6qy.main.acsf.baywsf.com\/jsonapi\/node\/answer\/9c0dc672-7cb4-42dc-88fe-5cd057c81e70\/revision_uid?resourceVersion=id%3A46291"
            },
            "self": {
              "href": "https:\/\/prodv0ojd6qy.main.acsf.baywsf.com\/jsonapi\/node\/answer\/9c0dc672-7cb4-42dc-88fe-5cd057c81e70\/relationships\/revision_uid?resourceVersion=id%3A46291"
            }
          }
        },
        "uid": {
          "data": {
            "type": "user--user",
            "id": "ca644710-b0bf-4511-85df-451f03b5e0fb",
            "meta": {
              "drupal_internal__target_id": 6216
            }
          },
          "links": {
            "related": {
              "href": "https:\/\/prodv0ojd6qy.main.acsf.baywsf.com\/jsonapi\/node\/answer\/9c0dc672-7cb4-42dc-88fe-5cd057c81e70\/uid?resourceVersion=id%3A46291"
            },
            "self": {
              "href": "https:\/\/prodv0ojd6qy.main.acsf.baywsf.com\/jsonapi\/node\/answer\/9c0dc672-7cb4-42dc-88fe-5cd057c81e70\/relationships\/uid?resourceVersion=id%3A46291"
            }
          }
        },
        "field_schema_json_ld_file": {
          "data": null,
          "links": {
            "related": {
              "href": "https:\/\/prodv0ojd6qy.main.acsf.baywsf.com\/jsonapi\/node\/answer\/9c0dc672-7cb4-42dc-88fe-5cd057c81e70\/field_schema_json_ld_file?resourceVersion=id%3A46291"
            },
            "self": {
              "href": "https:\/\/prodv0ojd6qy.main.acsf.baywsf.com\/jsonapi\/node\/answer\/9c0dc672-7cb4-42dc-88fe-5cd057c81e70\/relationships\/field_schema_json_ld_file?resourceVersion=id%3A46291"
            }
          }
        },
        "audience_tag": {
          "data": {
            "type": "taxonomy_term--audience",
            "id": "b0ef5480-df1e-45d3-a61b-12bc57be205d",
            "meta": {
              "drupal_internal__target_id": 316
            }
          },
          "links": {
            "related": {
              "href": "https:\/\/prodv0ojd6qy.main.acsf.baywsf.com\/jsonapi\/node\/answer\/9c0dc672-7cb4-42dc-88fe-5cd057c81e70\/audience_tag?resourceVersion=id%3A46291"
            },
            "self": {
              "href": "https:\/\/prodv0ojd6qy.main.acsf.baywsf.com\/jsonapi\/node\/answer\/9c0dc672-7cb4-42dc-88fe-5cd057c81e70\/relationships\/audience_tag?resourceVersion=id%3A46291"
            }
          }
        },
        "field_answer_category": {
          "data": [],
          "links": {
            "related": {
              "href": "https:\/\/prodv0ojd6qy.main.acsf.baywsf.com\/jsonapi\/node\/answer\/9c0dc672-7cb4-42dc-88fe-5cd057c81e70\/field_answer_category?resourceVersion=id%3A46291"
            },
            "self": {
              "href": "https:\/\/prodv0ojd6qy.main.acsf.baywsf.com\/jsonapi\/node\/answer\/9c0dc672-7cb4-42dc-88fe-5cd057c81e70\/relationships\/field_answer_category?resourceVersion=id%3A46291"
            }
          }
        },
        "field_next_question": {
          "data": null,
          "links": {
            "related": {
              "href": "https:\/\/prodv0ojd6qy.main.acsf.baywsf.com\/jsonapi\/node\/answer\/9c0dc672-7cb4-42dc-88fe-5cd057c81e70\/field_next_question?resourceVersion=id%3A46291"
            },
            "self": {
              "href": "https:\/\/prodv0ojd6qy.main.acsf.baywsf.com\/jsonapi\/node\/answer\/9c0dc672-7cb4-42dc-88fe-5cd057c81e70\/relationships\/field_next_question?resourceVersion=id%3A46291"
            }
          }
        },
        "field_result": {
          "data": null,
          "links": {
            "related": {
              "href": "https:\/\/prodv0ojd6qy.main.acsf.baywsf.com\/jsonapi\/node\/answer\/9c0dc672-7cb4-42dc-88fe-5cd057c81e70\/field_result?resourceVersion=id%3A46291"
            },
            "self": {
              "href": "https:\/\/prodv0ojd6qy.main.acsf.baywsf.com\/jsonapi\/node\/answer\/9c0dc672-7cb4-42dc-88fe-5cd057c81e70\/relationships\/field_result?resourceVersion=id%3A46291"
            }
          }
        }
      }
    },
    {
      "type": "node--answer",
      "id": "9d805940-ab68-4a5e-9324-092628f3918a",
      "links": {
        "self": {
          "href": "https:\/\/prodv0ojd6qy.main.acsf.baywsf.com\/jsonapi\/node\/answer\/9d805940-ab68-4a5e-9324-092628f3918a?resourceVersion=id%3A46296"
        }
      },
      "attributes": {
        "drupal_internal__nid": 1391,
        "drupal_internal__vid": 46296,
        "langcode": "en",
        "revision_timestamp": "2023-01-17T14:07:30+00:00",
        "revision_log": null,
        "status": true,
        "title": "Steady average pace",
        "created": "2023-01-17T14:07:30+00:00",
        "changed": "2023-01-17T14:07:30+00:00",
        "promote": true,
        "sticky": false,
        "default_langcode": true,
        "revision_translation_affected": true,
        "moderation_state": null,
        "metatag": null,
        "path": {
          "alias": null,
          "pid": null,
          "langcode": "en"
        },
        "private": false,
        "field_metatags": null,
        "content_translation_source": "und",
        "content_translation_outdated": false,
        "published_at": "2023-01-17T14:08:11+00:00",
        "field_answer_summary": {
          "value": "\u003Cp\u003ESTEADY_AVERAGE_PACE\u003C\/p\u003E\r\n",
          "format": "cohesion_without_glossify",
          "processed": "\u003Cp\u003ESTEADY_AVERAGE_PACE\u003C\/p\u003E\n"
        },
        "field_instruction": null
      },
      "relationships": {
        "node_type": {
          "data": {
            "type": "node_type--node_type",
            "id": "2b9459ba-6e80-4cd4-b243-d970bac27c44",
            "meta": {
              "drupal_internal__target_id": "answer"
            }
          },
          "links": {
            "related": {
              "href": "https:\/\/prodv0ojd6qy.main.acsf.baywsf.com\/jsonapi\/node\/answer\/9d805940-ab68-4a5e-9324-092628f3918a\/node_type?resourceVersion=id%3A46296"
            },
            "self": {
              "href": "https:\/\/prodv0ojd6qy.main.acsf.baywsf.com\/jsonapi\/node\/answer\/9d805940-ab68-4a5e-9324-092628f3918a\/relationships\/node_type?resourceVersion=id%3A46296"
            }
          }
        },
        "revision_uid": {
          "data": {
            "type": "user--user",
            "id": "ca644710-b0bf-4511-85df-451f03b5e0fb",
            "meta": {
              "drupal_internal__target_id": 6216
            }
          },
          "links": {
            "related": {
              "href": "https:\/\/prodv0ojd6qy.main.acsf.baywsf.com\/jsonapi\/node\/answer\/9d805940-ab68-4a5e-9324-092628f3918a\/revision_uid?resourceVersion=id%3A46296"
            },
            "self": {
              "href": "https:\/\/prodv0ojd6qy.main.acsf.baywsf.com\/jsonapi\/node\/answer\/9d805940-ab68-4a5e-9324-092628f3918a\/relationships\/revision_uid?resourceVersion=id%3A46296"
            }
          }
        },
        "uid": {
          "data": {
            "type": "user--user",
            "id": "ca644710-b0bf-4511-85df-451f03b5e0fb",
            "meta": {
              "drupal_internal__target_id": 6216
            }
          },
          "links": {
            "related": {
              "href": "https:\/\/prodv0ojd6qy.main.acsf.baywsf.com\/jsonapi\/node\/answer\/9d805940-ab68-4a5e-9324-092628f3918a\/uid?resourceVersion=id%3A46296"
            },
            "self": {
              "href": "https:\/\/prodv0ojd6qy.main.acsf.baywsf.com\/jsonapi\/node\/answer\/9d805940-ab68-4a5e-9324-092628f3918a\/relationships\/uid?resourceVersion=id%3A46296"
            }
          }
        },
        "field_schema_json_ld_file": {
          "data": null,
          "links": {
            "related": {
              "href": "https:\/\/prodv0ojd6qy.main.acsf.baywsf.com\/jsonapi\/node\/answer\/9d805940-ab68-4a5e-9324-092628f3918a\/field_schema_json_ld_file?resourceVersion=id%3A46296"
            },
            "self": {
              "href": "https:\/\/prodv0ojd6qy.main.acsf.baywsf.com\/jsonapi\/node\/answer\/9d805940-ab68-4a5e-9324-092628f3918a\/relationships\/field_schema_json_ld_file?resourceVersion=id%3A46296"
            }
          }
        },
        "audience_tag": {
          "data": {
            "type": "taxonomy_term--audience",
            "id": "b0ef5480-df1e-45d3-a61b-12bc57be205d",
            "meta": {
              "drupal_internal__target_id": 316
            }
          },
          "links": {
            "related": {
              "href": "https:\/\/prodv0ojd6qy.main.acsf.baywsf.com\/jsonapi\/node\/answer\/9d805940-ab68-4a5e-9324-092628f3918a\/audience_tag?resourceVersion=id%3A46296"
            },
            "self": {
              "href": "https:\/\/prodv0ojd6qy.main.acsf.baywsf.com\/jsonapi\/node\/answer\/9d805940-ab68-4a5e-9324-092628f3918a\/relationships\/audience_tag?resourceVersion=id%3A46296"
            }
          }
        },
        "field_answer_category": {
          "data": [],
          "links": {
            "related": {
              "href": "https:\/\/prodv0ojd6qy.main.acsf.baywsf.com\/jsonapi\/node\/answer\/9d805940-ab68-4a5e-9324-092628f3918a\/field_answer_category?resourceVersion=id%3A46296"
            },
            "self": {
              "href": "https:\/\/prodv0ojd6qy.main.acsf.baywsf.com\/jsonapi\/node\/answer\/9d805940-ab68-4a5e-9324-092628f3918a\/relationships\/field_answer_category?resourceVersion=id%3A46296"
            }
          }
        },
        "field_next_question": {
          "data": null,
          "links": {
            "related": {
              "href": "https:\/\/prodv0ojd6qy.main.acsf.baywsf.com\/jsonapi\/node\/answer\/9d805940-ab68-4a5e-9324-092628f3918a\/field_next_question?resourceVersion=id%3A46296"
            },
            "self": {
              "href": "https:\/\/prodv0ojd6qy.main.acsf.baywsf.com\/jsonapi\/node\/answer\/9d805940-ab68-4a5e-9324-092628f3918a\/relationships\/field_next_question?resourceVersion=id%3A46296"
            }
          }
        },
        "field_result": {
          "data": null,
          "links": {
            "related": {
              "href": "https:\/\/prodv0ojd6qy.main.acsf.baywsf.com\/jsonapi\/node\/answer\/9d805940-ab68-4a5e-9324-092628f3918a\/field_result?resourceVersion=id%3A46296"
            },
            "self": {
              "href": "https:\/\/prodv0ojd6qy.main.acsf.baywsf.com\/jsonapi\/node\/answer\/9d805940-ab68-4a5e-9324-092628f3918a\/relationships\/field_result?resourceVersion=id%3A46296"
            }
          }
        }
      }
    },
    {
      "type": "node--answer",
      "id": "576b68f0-0e2d-44bd-b474-584d741b3255",
      "links": {
        "self": {
          "href": "https:\/\/prodv0ojd6qy.main.acsf.baywsf.com\/jsonapi\/node\/answer\/576b68f0-0e2d-44bd-b474-584d741b3255?resourceVersion=id%3A46301"
        }
      },
      "attributes": {
        "drupal_internal__nid": 1396,
        "drupal_internal__vid": 46301,
        "langcode": "en",
        "revision_timestamp": "2023-01-17T14:08:03+00:00",
        "revision_log": null,
        "status": true,
        "title": "Brisk pace",
        "created": "2023-01-17T14:08:03+00:00",
        "changed": "2023-01-17T14:08:03+00:00",
        "promote": true,
        "sticky": false,
        "default_langcode": true,
        "revision_translation_affected": true,
        "moderation_state": null,
        "metatag": null,
        "path": {
          "alias": null,
          "pid": null,
          "langcode": "en"
        },
        "private": false,
        "field_metatags": null,
        "content_translation_source": "und",
        "content_translation_outdated": false,
        "published_at": "2023-01-17T14:08:11+00:00",
        "field_answer_summary": {
          "value": "\u003Cp\u003EBRISK_PACE\u003C\/p\u003E\r\n",
          "format": "cohesion_without_glossify",
          "processed": "\u003Cp\u003EBRISK_PACE\u003C\/p\u003E\n"
        },
        "field_instruction": null
      },
      "relationships": {
        "node_type": {
          "data": {
            "type": "node_type--node_type",
            "id": "2b9459ba-6e80-4cd4-b243-d970bac27c44",
            "meta": {
              "drupal_internal__target_id": "answer"
            }
          },
          "links": {
            "related": {
              "href": "https:\/\/prodv0ojd6qy.main.acsf.baywsf.com\/jsonapi\/node\/answer\/576b68f0-0e2d-44bd-b474-584d741b3255\/node_type?resourceVersion=id%3A46301"
            },
            "self": {
              "href": "https:\/\/prodv0ojd6qy.main.acsf.baywsf.com\/jsonapi\/node\/answer\/576b68f0-0e2d-44bd-b474-584d741b3255\/relationships\/node_type?resourceVersion=id%3A46301"
            }
          }
        },
        "revision_uid": {
          "data": {
            "type": "user--user",
            "id": "ca644710-b0bf-4511-85df-451f03b5e0fb",
            "meta": {
              "drupal_internal__target_id": 6216
            }
          },
          "links": {
            "related": {
              "href": "https:\/\/prodv0ojd6qy.main.acsf.baywsf.com\/jsonapi\/node\/answer\/576b68f0-0e2d-44bd-b474-584d741b3255\/revision_uid?resourceVersion=id%3A46301"
            },
            "self": {
              "href": "https:\/\/prodv0ojd6qy.main.acsf.baywsf.com\/jsonapi\/node\/answer\/576b68f0-0e2d-44bd-b474-584d741b3255\/relationships\/revision_uid?resourceVersion=id%3A46301"
            }
          }
        },
        "uid": {
          "data": {
            "type": "user--user",
            "id": "ca644710-b0bf-4511-85df-451f03b5e0fb",
            "meta": {
              "drupal_internal__target_id": 6216
            }
          },
          "links": {
            "related": {
              "href": "https:\/\/prodv0ojd6qy.main.acsf.baywsf.com\/jsonapi\/node\/answer\/576b68f0-0e2d-44bd-b474-584d741b3255\/uid?resourceVersion=id%3A46301"
            },
            "self": {
              "href": "https:\/\/prodv0ojd6qy.main.acsf.baywsf.com\/jsonapi\/node\/answer\/576b68f0-0e2d-44bd-b474-584d741b3255\/relationships\/uid?resourceVersion=id%3A46301"
            }
          }
        },
        "field_schema_json_ld_file": {
          "data": null,
          "links": {
            "related": {
              "href": "https:\/\/prodv0ojd6qy.main.acsf.baywsf.com\/jsonapi\/node\/answer\/576b68f0-0e2d-44bd-b474-584d741b3255\/field_schema_json_ld_file?resourceVersion=id%3A46301"
            },
            "self": {
              "href": "https:\/\/prodv0ojd6qy.main.acsf.baywsf.com\/jsonapi\/node\/answer\/576b68f0-0e2d-44bd-b474-584d741b3255\/relationships\/field_schema_json_ld_file?resourceVersion=id%3A46301"
            }
          }
        },
        "audience_tag": {
          "data": {
            "type": "taxonomy_term--audience",
            "id": "b0ef5480-df1e-45d3-a61b-12bc57be205d",
            "meta": {
              "drupal_internal__target_id": 316
            }
          },
          "links": {
            "related": {
              "href": "https:\/\/prodv0ojd6qy.main.acsf.baywsf.com\/jsonapi\/node\/answer\/576b68f0-0e2d-44bd-b474-584d741b3255\/audience_tag?resourceVersion=id%3A46301"
            },
            "self": {
              "href": "https:\/\/prodv0ojd6qy.main.acsf.baywsf.com\/jsonapi\/node\/answer\/576b68f0-0e2d-44bd-b474-584d741b3255\/relationships\/audience_tag?resourceVersion=id%3A46301"
            }
          }
        },
        "field_answer_category": {
          "data": [],
          "links": {
            "related": {
              "href": "https:\/\/prodv0ojd6qy.main.acsf.baywsf.com\/jsonapi\/node\/answer\/576b68f0-0e2d-44bd-b474-584d741b3255\/field_answer_category?resourceVersion=id%3A46301"
            },
            "self": {
              "href": "https:\/\/prodv0ojd6qy.main.acsf.baywsf.com\/jsonapi\/node\/answer\/576b68f0-0e2d-44bd-b474-584d741b3255\/relationships\/field_answer_category?resourceVersion=id%3A46301"
            }
          }
        },
        "field_next_question": {
          "data": null,
          "links": {
            "related": {
              "href": "https:\/\/prodv0ojd6qy.main.acsf.baywsf.com\/jsonapi\/node\/answer\/576b68f0-0e2d-44bd-b474-584d741b3255\/field_next_question?resourceVersion=id%3A46301"
            },
            "self": {
              "href": "https:\/\/prodv0ojd6qy.main.acsf.baywsf.com\/jsonapi\/node\/answer\/576b68f0-0e2d-44bd-b474-584d741b3255\/relationships\/field_next_question?resourceVersion=id%3A46301"
            }
          }
        },
        "field_result": {
          "data": null,
          "links": {
            "related": {
              "href": "https:\/\/prodv0ojd6qy.main.acsf.baywsf.com\/jsonapi\/node\/answer\/576b68f0-0e2d-44bd-b474-584d741b3255\/field_result?resourceVersion=id%3A46301"
            },
            "self": {
              "href": "https:\/\/prodv0ojd6qy.main.acsf.baywsf.com\/jsonapi\/node\/answer\/576b68f0-0e2d-44bd-b474-584d741b3255\/relationships\/field_result?resourceVersion=id%3A46301"
            }
          }
        }
      }
    }
  ],
  "links": {
    "self": {
      "href": "https:\/\/prodv0ojd6qy.main.acsf.baywsf.com\/jsonapi\/node\/question\/aa57da95-8d1e-4fec-bc7a-e2f1e12a7d24?include=field_answer"
    }
  }
}