{
  "jsonapi": {
    "version": "1.0",
    "meta": {
      "links": {
        "self": {
          "href": "http:\/\/jsonapi.org\/format\/1.0\/"
        }
      }
    }
  },
  "data": {
    "type": "node--question",
    "id": "abc06b1a-d27a-49eb-a386-57bab3f68fc2",
    "links": {
      "self": {
        "href": "https:\/\/prodv0ojd6qy.main.acsf.baywsf.com\/jsonapi\/node\/question\/abc06b1a-d27a-49eb-a386-57bab3f68fc2?resourceVersion=id%3A46511"
      }
    },
    "attributes": {
      "drupal_internal__nid": 1546,
      "drupal_internal__vid": 46511,
      "langcode": "en",
      "revision_timestamp": "2023-01-18T06:57:18+00:00",
      "revision_log": null,
      "status": true,
      "title": "Do you take any of the following medications?",
      "created": "2023-01-18T06:57:18+00:00",
      "changed": "2023-01-18T06:57:18+00:00",
      "promote": false,
      "sticky": false,
      "default_langcode": true,
      "revision_translation_affected": true,
      "moderation_state": null,
      "metatag": null,
      "path": {
        "alias": null,
        "pid": null,
        "langcode": "en"
      },
      "private": false,
      "field_metatags": null,
      "content_translation_source": "und",
      "content_translation_outdated": false,
      "published_at": "2023-01-18T07:02:43+00:00",
      "field_error": null,
      "field_explanation": null,
      "field_instruction": {
        "value": "\u003Cp\u003ESelect all that apply.\u003C\/p\u003E\r\n",
        "format": "cohesion_without_glossify",
        "processed": "\u003Cp\u003ESelect all that apply.\u003C\/p\u003E\n"
      },
      "field_references": null
    },
    "relationships": {
      "node_type": {
        "data": {
          "type": "node_type--node_type",
          "id": "b36305cf-d6a4-4b58-94fd-9bd56dc48d0a",
          "meta": {
            "drupal_internal__target_id": "question"
          }
        },
        "links": {
          "related": {
            "href": "https:\/\/prodv0ojd6qy.main.acsf.baywsf.com\/jsonapi\/node\/question\/abc06b1a-d27a-49eb-a386-57bab3f68fc2\/node_type?resourceVersion=id%3A46511"
          },
          "self": {
            "href": "https:\/\/prodv0ojd6qy.main.acsf.baywsf.com\/jsonapi\/node\/question\/abc06b1a-d27a-49eb-a386-57bab3f68fc2\/relationships\/node_type?resourceVersion=id%3A46511"
          }
        }
      },
      "revision_uid": {
        "data": {
          "type": "user--user",
          "id": "ca644710-b0bf-4511-85df-451f03b5e0fb",
          "meta": {
            "drupal_internal__target_id": 6216
          }
        },
        "links": {
          "related": {
            "href": "https:\/\/prodv0ojd6qy.main.acsf.baywsf.com\/jsonapi\/node\/question\/abc06b1a-d27a-49eb-a386-57bab3f68fc2\/revision_uid?resourceVersion=id%3A46511"
          },
          "self": {
            "href": "https:\/\/prodv0ojd6qy.main.acsf.baywsf.com\/jsonapi\/node\/question\/abc06b1a-d27a-49eb-a386-57bab3f68fc2\/relationships\/revision_uid?resourceVersion=id%3A46511"
          }
        }
      },
      "uid": {
        "data": {
          "type": "user--user",
          "id": "ca644710-b0bf-4511-85df-451f03b5e0fb",
          "meta": {
            "drupal_internal__target_id": 6216
          }
        },
        "links": {
          "related": {
            "href": "https:\/\/prodv0ojd6qy.main.acsf.baywsf.com\/jsonapi\/node\/question\/abc06b1a-d27a-49eb-a386-57bab3f68fc2\/uid?resourceVersion=id%3A46511"
          },
          "self": {
            "href": "https:\/\/prodv0ojd6qy.main.acsf.baywsf.com\/jsonapi\/node\/question\/abc06b1a-d27a-49eb-a386-57bab3f68fc2\/relationships\/uid?resourceVersion=id%3A46511"
          }
        }
      },
      "field_schema_json_ld_file": {
        "data": null,
        "links": {
          "related": {
            "href": "https:\/\/prodv0ojd6qy.main.acsf.baywsf.com\/jsonapi\/node\/question\/abc06b1a-d27a-49eb-a386-57bab3f68fc2\/field_schema_json_ld_file?resourceVersion=id%3A46511"
          },
          "self": {
            "href": "https:\/\/prodv0ojd6qy.main.acsf.baywsf.com\/jsonapi\/node\/question\/abc06b1a-d27a-49eb-a386-57bab3f68fc2\/relationships\/field_schema_json_ld_file?resourceVersion=id%3A46511"
          }
        }
      },
      "audience_tag": {
        "data": {
          "type": "taxonomy_term--audience",
          "id": "b0ef5480-df1e-45d3-a61b-12bc57be205d",
          "meta": {
            "drupal_internal__target_id": 316
          }
        },
        "links": {
          "related": {
            "href": "https:\/\/prodv0ojd6qy.main.acsf.baywsf.com\/jsonapi\/node\/question\/abc06b1a-d27a-49eb-a386-57bab3f68fc2\/audience_tag?resourceVersion=id%3A46511"
          },
          "self": {
            "href": "https:\/\/prodv0ojd6qy.main.acsf.baywsf.com\/jsonapi\/node\/question\/abc06b1a-d27a-49eb-a386-57bab3f68fc2\/relationships\/audience_tag?resourceVersion=id%3A46511"
          }
        }
      },
      "field_actions": {
        "data": [],
        "links": {
          "related": {
            "href": "https:\/\/prodv0ojd6qy.main.acsf.baywsf.com\/jsonapi\/node\/question\/abc06b1a-d27a-49eb-a386-57bab3f68fc2\/field_actions?resourceVersion=id%3A46511"
          },
          "self": {
            "href": "https:\/\/prodv0ojd6qy.main.acsf.baywsf.com\/jsonapi\/node\/question\/abc06b1a-d27a-49eb-a386-57bab3f68fc2\/relationships\/field_actions?resourceVersion=id%3A46511"
          }
        }
      },
      "field_answer": {
        "data": [
          {
            "type": "node--answer",
            "id": "f062e973-f503-40cb-be95-66879498195b",
            "meta": {
              "drupal_internal__target_id": 1526
            }
          },
          {
            "type": "node--answer",
            "id": "20a97292-0609-4e9c-b669-32d9937d9317",
            "meta": {
              "drupal_internal__target_id": 1531
            }
          },
          {
            "type": "node--answer",
            "id": "289674c1-878f-4c1a-b1b5-a059d64128ed",
            "meta": {
              "drupal_internal__target_id": 1536
            }
          },
          {
            "type": "node--answer",
            "id": "4d86ccf6-9d15-4de6-90c2-0113ec24a46c",
            "meta": {
              "drupal_internal__target_id": 1541
            }
          }
        ],
        "links": {
          "related": {
            "href": "https:\/\/prodv0ojd6qy.main.acsf.baywsf.com\/jsonapi\/node\/question\/abc06b1a-d27a-49eb-a386-57bab3f68fc2\/field_answer?resourceVersion=id%3A46511"
          },
          "self": {
            "href": "https:\/\/prodv0ojd6qy.main.acsf.baywsf.com\/jsonapi\/node\/question\/abc06b1a-d27a-49eb-a386-57bab3f68fc2\/relationships\/field_answer?resourceVersion=id%3A46511"
          }
        }
      },
      "field_correct": {
        "data": [],
        "links": {
          "related": {
            "href": "https:\/\/prodv0ojd6qy.main.acsf.baywsf.com\/jsonapi\/node\/question\/abc06b1a-d27a-49eb-a386-57bab3f68fc2\/field_correct?resourceVersion=id%3A46511"
          },
          "self": {
            "href": "https:\/\/prodv0ojd6qy.main.acsf.baywsf.com\/jsonapi\/node\/question\/abc06b1a-d27a-49eb-a386-57bab3f68fc2\/relationships\/field_correct?resourceVersion=id%3A46511"
          }
        }
      },
      "field_question_group": {
        "data": [],
        "links": {
          "related": {
            "href": "https:\/\/prodv0ojd6qy.main.acsf.baywsf.com\/jsonapi\/node\/question\/abc06b1a-d27a-49eb-a386-57bab3f68fc2\/field_question_group?resourceVersion=id%3A46511"
          },
          "self": {
            "href": "https:\/\/prodv0ojd6qy.main.acsf.baywsf.com\/jsonapi\/node\/question\/abc06b1a-d27a-49eb-a386-57bab3f68fc2\/relationships\/field_question_group?resourceVersion=id%3A46511"
          }
        }
      }
    }
  },
  "included": [
    {
      "type": "node--answer",
      "id": "f062e973-f503-40cb-be95-66879498195b",
      "links": {
        "self": {
          "href": "https:\/\/prodv0ojd6qy.main.acsf.baywsf.com\/jsonapi\/node\/answer\/f062e973-f503-40cb-be95-66879498195b?resourceVersion=id%3A46491"
        }
      },
      "attributes": {
        "drupal_internal__nid": 1526,
        "drupal_internal__vid": 46491,
        "langcode": "en",
        "revision_timestamp": "2023-01-18T06:55:18+00:00",
        "revision_log": null,
        "status": true,
        "title": "Cholesterol-lowering medication",
        "created": "2023-01-18T06:55:18+00:00",
        "changed": "2023-01-18T06:55:18+00:00",
        "promote": true,
        "sticky": false,
        "default_langcode": true,
        "revision_translation_affected": true,
        "moderation_state": null,
        "metatag": null,
        "path": {
          "alias": null,
          "pid": null,
          "langcode": "en"
        },
        "private": false,
        "field_metatags": null,
        "content_translation_source": "und",
        "content_translation_outdated": false,
        "published_at": "2023-01-18T07:02:43+00:00",
        "field_answer_summary": {
          "value": "\u003Cp\u003E\u0026nbsp;\u003C\/p\u003E\r\n\r\n\u003Cp\u003ECHOLESTEROL_LOWERING_MEDICATION\u003C\/p\u003E\r\n",
          "format": "cohesion_without_glossify",
          "processed": "\u003Cp\u003E\u00a0\u003C\/p\u003E\n\n\u003Cp\u003ECHOLESTEROL_LOWERING_MEDICATION\u003C\/p\u003E\n"
        },
        "field_instruction": null
      },
      "relationships": {
        "node_type": {
          "data": {
            "type": "node_type--node_type",
            "id": "2b9459ba-6e80-4cd4-b243-d970bac27c44",
            "meta": {
              "drupal_internal__target_id": "answer"
            }
          },
          "links": {
            "related": {
              "href": "https:\/\/prodv0ojd6qy.main.acsf.baywsf.com\/jsonapi\/node\/answer\/f062e973-f503-40cb-be95-66879498195b\/node_type?resourceVersion=id%3A46491"
            },
            "self": {
              "href": "https:\/\/prodv0ojd6qy.main.acsf.baywsf.com\/jsonapi\/node\/answer\/f062e973-f503-40cb-be95-66879498195b\/relationships\/node_type?resourceVersion=id%3A46491"
            }
          }
        },
        "revision_uid": {
          "data": {
            "type": "user--user",
            "id": "ca644710-b0bf-4511-85df-451f03b5e0fb",
            "meta": {
              "drupal_internal__target_id": 6216
            }
          },
          "links": {
            "related": {
              "href": "https:\/\/prodv0ojd6qy.main.acsf.baywsf.com\/jsonapi\/node\/answer\/f062e973-f503-40cb-be95-66879498195b\/revision_uid?resourceVersion=id%3A46491"
            },
            "self": {
              "href": "https:\/\/prodv0ojd6qy.main.acsf.baywsf.com\/jsonapi\/node\/answer\/f062e973-f503-40cb-be95-66879498195b\/relationships\/revision_uid?resourceVersion=id%3A46491"
            }
          }
        },
        "uid": {
          "data": {
            "type": "user--user",
            "id": "ca644710-b0bf-4511-85df-451f03b5e0fb",
            "meta": {
              "drupal_internal__target_id": 6216
            }
          },
          "links": {
            "related": {
              "href": "https:\/\/prodv0ojd6qy.main.acsf.baywsf.com\/jsonapi\/node\/answer\/f062e973-f503-40cb-be95-66879498195b\/uid?resourceVersion=id%3A46491"
            },
            "self": {
              "href": "https:\/\/prodv0ojd6qy.main.acsf.baywsf.com\/jsonapi\/node\/answer\/f062e973-f503-40cb-be95-66879498195b\/relationships\/uid?resourceVersion=id%3A46491"
            }
          }
        },
        "field_schema_json_ld_file": {
          "data": null,
          "links": {
            "related": {
              "href": "https:\/\/prodv0ojd6qy.main.acsf.baywsf.com\/jsonapi\/node\/answer\/f062e973-f503-40cb-be95-66879498195b\/field_schema_json_ld_file?resourceVersion=id%3A46491"
            },
            "self": {
              "href": "https:\/\/prodv0ojd6qy.main.acsf.baywsf.com\/jsonapi\/node\/answer\/f062e973-f503-40cb-be95-66879498195b\/relationships\/field_schema_json_ld_file?resourceVersion=id%3A46491"
            }
          }
        },
        "audience_tag": {
          "data": {
            "type": "taxonomy_term--audience",
            "id": "b0ef5480-df1e-45d3-a61b-12bc57be205d",
            "meta": {
              "drupal_internal__target_id": 316
            }
          },
          "links": {
            "related": {
              "href": "https:\/\/prodv0ojd6qy.main.acsf.baywsf.com\/jsonapi\/node\/answer\/f062e973-f503-40cb-be95-66879498195b\/audience_tag?resourceVersion=id%3A46491"
            },
            "self": {
              "href": "https:\/\/prodv0ojd6qy.main.acsf.baywsf.com\/jsonapi\/node\/answer\/f062e973-f503-40cb-be95-66879498195b\/relationships\/audience_tag?resourceVersion=id%3A46491"
            }
          }
        },
        "field_answer_category": {
          "data": [],
          "links": {
            "related": {
              "href": "https:\/\/prodv0ojd6qy.main.acsf.baywsf.com\/jsonapi\/node\/answer\/f062e973-f503-40cb-be95-66879498195b\/field_answer_category?resourceVersion=id%3A46491"
            },
            "self": {
              "href": "https:\/\/prodv0ojd6qy.main.acsf.baywsf.com\/jsonapi\/node\/answer\/f062e973-f503-40cb-be95-66879498195b\/relationships\/field_answer_category?resourceVersion=id%3A46491"
            }
          }
        },
        "field_next_question": {
          "data": null,
          "links": {
            "related": {
              "href": "https:\/\/prodv0ojd6qy.main.acsf.baywsf.com\/jsonapi\/node\/answer\/f062e973-f503-40cb-be95-66879498195b\/field_next_question?resourceVersion=id%3A46491"
            },
            "self": {
              "href": "https:\/\/prodv0ojd6qy.main.acsf.baywsf.com\/jsonapi\/node\/answer\/f062e973-f503-40cb-be95-66879498195b\/relationships\/field_next_question?resourceVersion=id%3A46491"
            }
          }
        },
        "field_result": {
          "data": null,
          "links": {
            "related": {
              "href": "https:\/\/prodv0ojd6qy.main.acsf.baywsf.com\/jsonapi\/node\/answer\/f062e973-f503-40cb-be95-66879498195b\/field_result?resourceVersion=id%3A46491"
            },
            "self": {
              "href": "https:\/\/prodv0ojd6qy.main.acsf.baywsf.com\/jsonapi\/node\/answer\/f062e973-f503-40cb-be95-66879498195b\/relationships\/field_result?resourceVersion=id%3A46491"
            }
          }
        }
      }
    },
    {
      "type": "node--answer",
      "id": "20a97292-0609-4e9c-b669-32d9937d9317",
      "links": {
        "self": {
          "href": "https:\/\/prodv0ojd6qy.main.acsf.baywsf.com\/jsonapi\/node\/answer\/20a97292-0609-4e9c-b669-32d9937d9317?resourceVersion=id%3A46496"
        }
      },
      "attributes": {
        "drupal_internal__nid": 1531,
        "drupal_internal__vid": 46496,
        "langcode": "en",
        "revision_timestamp": "2023-01-18T06:55:56+00:00",
        "revision_log": null,
        "status": true,
        "title": "Blood pressure medication",
        "created": "2023-01-18T06:55:56+00:00",
        "changed": "2023-01-18T06:55:56+00:00",
        "promote": true,
        "sticky": false,
        "default_langcode": true,
        "revision_translation_affected": true,
        "moderation_state": null,
        "metatag": null,
        "path": {
          "alias": null,
          "pid": null,
          "langcode": "en"
        },
        "private": false,
        "field_metatags": null,
        "content_translation_source": "und",
        "content_translation_outdated": false,
        "published_at": "2023-01-18T07:02:43+00:00",
        "field_answer_summary": {
          "value": "\u003Cp\u003EBLOOD_PRESSURE_MEDICATION\u003C\/p\u003E\r\n",
          "format": "cohesion_without_glossify",
          "processed": "\u003Cp\u003EBLOOD_PRESSURE_MEDICATION\u003C\/p\u003E\n"
        },
        "field_instruction": null
      },
      "relationships": {
        "node_type": {
          "data": {
            "type": "node_type--node_type",
            "id": "2b9459ba-6e80-4cd4-b243-d970bac27c44",
            "meta": {
              "drupal_internal__target_id": "answer"
            }
          },
          "links": {
            "related": {
              "href": "https:\/\/prodv0ojd6qy.main.acsf.baywsf.com\/jsonapi\/node\/answer\/20a97292-0609-4e9c-b669-32d9937d9317\/node_type?resourceVersion=id%3A46496"
            },
            "self": {
              "href": "https:\/\/prodv0ojd6qy.main.acsf.baywsf.com\/jsonapi\/node\/answer\/20a97292-0609-4e9c-b669-32d9937d9317\/relationships\/node_type?resourceVersion=id%3A46496"
            }
          }
        },
        "revision_uid": {
          "data": {
            "type": "user--user",
            "id": "ca644710-b0bf-4511-85df-451f03b5e0fb",
            "meta": {
              "drupal_internal__target_id": 6216
            }
          },
          "links": {
            "related": {
              "href": "https:\/\/prodv0ojd6qy.main.acsf.baywsf.com\/jsonapi\/node\/answer\/20a97292-0609-4e9c-b669-32d9937d9317\/revision_uid?resourceVersion=id%3A46496"
            },
            "self": {
              "href": "https:\/\/prodv0ojd6qy.main.acsf.baywsf.com\/jsonapi\/node\/answer\/20a97292-0609-4e9c-b669-32d9937d9317\/relationships\/revision_uid?resourceVersion=id%3A46496"
            }
          }
        },
        "uid": {
          "data": {
            "type": "user--user",
            "id": "ca644710-b0bf-4511-85df-451f03b5e0fb",
            "meta": {
              "drupal_internal__target_id": 6216
            }
          },
          "links": {
            "related": {
              "href": "https:\/\/prodv0ojd6qy.main.acsf.baywsf.com\/jsonapi\/node\/answer\/20a97292-0609-4e9c-b669-32d9937d9317\/uid?resourceVersion=id%3A46496"
            },
            "self": {
              "href": "https:\/\/prodv0ojd6qy.main.acsf.baywsf.com\/jsonapi\/node\/answer\/20a97292-0609-4e9c-b669-32d9937d9317\/relationships\/uid?resourceVersion=id%3A46496"
            }
          }
        },
        "field_schema_json_ld_file": {
          "data": null,
          "links": {
            "related": {
              "href": "https:\/\/prodv0ojd6qy.main.acsf.baywsf.com\/jsonapi\/node\/answer\/20a97292-0609-4e9c-b669-32d9937d9317\/field_schema_json_ld_file?resourceVersion=id%3A46496"
            },
            "self": {
              "href": "https:\/\/prodv0ojd6qy.main.acsf.baywsf.com\/jsonapi\/node\/answer\/20a97292-0609-4e9c-b669-32d9937d9317\/relationships\/field_schema_json_ld_file?resourceVersion=id%3A46496"
            }
          }
        },
        "audience_tag": {
          "data": {
            "type": "taxonomy_term--audience",
            "id": "b0ef5480-df1e-45d3-a61b-12bc57be205d",
            "meta": {
              "drupal_internal__target_id": 316
            }
          },
          "links": {
            "related": {
              "href": "https:\/\/prodv0ojd6qy.main.acsf.baywsf.com\/jsonapi\/node\/answer\/20a97292-0609-4e9c-b669-32d9937d9317\/audience_tag?resourceVersion=id%3A46496"
            },
            "self": {
              "href": "https:\/\/prodv0ojd6qy.main.acsf.baywsf.com\/jsonapi\/node\/answer\/20a97292-0609-4e9c-b669-32d9937d9317\/relationships\/audience_tag?resourceVersion=id%3A46496"
            }
          }
        },
        "field_answer_category": {
          "data": [],
          "links": {
            "related": {
              "href": "https:\/\/prodv0ojd6qy.main.acsf.baywsf.com\/jsonapi\/node\/answer\/20a97292-0609-4e9c-b669-32d9937d9317\/field_answer_category?resourceVersion=id%3A46496"
            },
            "self": {
              "href": "https:\/\/prodv0ojd6qy.main.acsf.baywsf.com\/jsonapi\/node\/answer\/20a97292-0609-4e9c-b669-32d9937d9317\/relationships\/field_answer_category?resourceVersion=id%3A46496"
            }
          }
        },
        "field_next_question": {
          "data": null,
          "links": {
            "related": {
              "href": "https:\/\/prodv0ojd6qy.main.acsf.baywsf.com\/jsonapi\/node\/answer\/20a97292-0609-4e9c-b669-32d9937d9317\/field_next_question?resourceVersion=id%3A46496"
            },
            "self": {
              "href": "https:\/\/prodv0ojd6qy.main.acsf.baywsf.com\/jsonapi\/node\/answer\/20a97292-0609-4e9c-b669-32d9937d9317\/relationships\/field_next_question?resourceVersion=id%3A46496"
            }
          }
        },
        "field_result": {
          "data": null,
          "links": {
            "related": {
              "href": "https:\/\/prodv0ojd6qy.main.acsf.baywsf.com\/jsonapi\/node\/answer\/20a97292-0609-4e9c-b669-32d9937d9317\/field_result?resourceVersion=id%3A46496"
            },
            "self": {
              "href": "https:\/\/prodv0ojd6qy.main.acsf.baywsf.com\/jsonapi\/node\/answer\/20a97292-0609-4e9c-b669-32d9937d9317\/relationships\/field_result?resourceVersion=id%3A46496"
            }
          }
        }
      }
    },
    {
      "type": "node--answer",
      "id": "289674c1-878f-4c1a-b1b5-a059d64128ed",
      "links": {
        "self": {
          "href": "https:\/\/prodv0ojd6qy.main.acsf.baywsf.com\/jsonapi\/node\/answer\/289674c1-878f-4c1a-b1b5-a059d64128ed?resourceVersion=id%3A46501"
        }
      },
      "attributes": {
        "drupal_internal__nid": 1536,
        "drupal_internal__vid": 46501,
        "langcode": "en",
        "revision_timestamp": "2023-01-18T06:56:28+00:00",
        "revision_log": null,
        "status": true,
        "title": "Insulin",
        "created": "2023-01-18T06:56:28+00:00",
        "changed": "2023-01-18T06:56:28+00:00",
        "promote": true,
        "sticky": false,
        "default_langcode": true,
        "revision_translation_affected": true,
        "moderation_state": null,
        "metatag": null,
        "path": {
          "alias": null,
          "pid": null,
          "langcode": "en"
        },
        "private": false,
        "field_metatags": null,
        "content_translation_source": "und",
        "content_translation_outdated": false,
        "published_at": "2023-01-18T07:02:43+00:00",
        "field_answer_summary": {
          "value": "\u003Cp\u003EINSULIN\u003C\/p\u003E\r\n",
          "format": "cohesion_without_glossify",
          "processed": "\u003Cp\u003EINSULIN\u003C\/p\u003E\n"
        },
        "field_instruction": null
      },
      "relationships": {
        "node_type": {
          "data": {
            "type": "node_type--node_type",
            "id": "2b9459ba-6e80-4cd4-b243-d970bac27c44",
            "meta": {
              "drupal_internal__target_id": "answer"
            }
          },
          "links": {
            "related": {
              "href": "https:\/\/prodv0ojd6qy.main.acsf.baywsf.com\/jsonapi\/node\/answer\/289674c1-878f-4c1a-b1b5-a059d64128ed\/node_type?resourceVersion=id%3A46501"
            },
            "self": {
              "href": "https:\/\/prodv0ojd6qy.main.acsf.baywsf.com\/jsonapi\/node\/answer\/289674c1-878f-4c1a-b1b5-a059d64128ed\/relationships\/node_type?resourceVersion=id%3A46501"
            }
          }
        },
        "revision_uid": {
          "data": {
            "type": "user--user",
            "id": "ca644710-b0bf-4511-85df-451f03b5e0fb",
            "meta": {
              "drupal_internal__target_id": 6216
            }
          },
          "links": {
            "related": {
              "href": "https:\/\/prodv0ojd6qy.main.acsf.baywsf.com\/jsonapi\/node\/answer\/289674c1-878f-4c1a-b1b5-a059d64128ed\/revision_uid?resourceVersion=id%3A46501"
            },
            "self": {
              "href": "https:\/\/prodv0ojd6qy.main.acsf.baywsf.com\/jsonapi\/node\/answer\/289674c1-878f-4c1a-b1b5-a059d64128ed\/relationships\/revision_uid?resourceVersion=id%3A46501"
            }
          }
        },
        "uid": {
          "data": {
            "type": "user--user",
            "id": "ca644710-b0bf-4511-85df-451f03b5e0fb",
            "meta": {
              "drupal_internal__target_id": 6216
            }
          },
          "links": {
            "related": {
              "href": "https:\/\/prodv0ojd6qy.main.acsf.baywsf.com\/jsonapi\/node\/answer\/289674c1-878f-4c1a-b1b5-a059d64128ed\/uid?resourceVersion=id%3A46501"
            },
            "self": {
              "href": "https:\/\/prodv0ojd6qy.main.acsf.baywsf.com\/jsonapi\/node\/answer\/289674c1-878f-4c1a-b1b5-a059d64128ed\/relationships\/uid?resourceVersion=id%3A46501"
            }
          }
        },
        "field_schema_json_ld_file": {
          "data": null,
          "links": {
            "related": {
              "href": "https:\/\/prodv0ojd6qy.main.acsf.baywsf.com\/jsonapi\/node\/answer\/289674c1-878f-4c1a-b1b5-a059d64128ed\/field_schema_json_ld_file?resourceVersion=id%3A46501"
            },
            "self": {
              "href": "https:\/\/prodv0ojd6qy.main.acsf.baywsf.com\/jsonapi\/node\/answer\/289674c1-878f-4c1a-b1b5-a059d64128ed\/relationships\/field_schema_json_ld_file?resourceVersion=id%3A46501"
            }
          }
        },
        "audience_tag": {
          "data": {
            "type": "taxonomy_term--audience",
            "id": "b0ef5480-df1e-45d3-a61b-12bc57be205d",
            "meta": {
              "drupal_internal__target_id": 316
            }
          },
          "links": {
            "related": {
              "href": "https:\/\/prodv0ojd6qy.main.acsf.baywsf.com\/jsonapi\/node\/answer\/289674c1-878f-4c1a-b1b5-a059d64128ed\/audience_tag?resourceVersion=id%3A46501"
            },
            "self": {
              "href": "https:\/\/prodv0ojd6qy.main.acsf.baywsf.com\/jsonapi\/node\/answer\/289674c1-878f-4c1a-b1b5-a059d64128ed\/relationships\/audience_tag?resourceVersion=id%3A46501"
            }
          }
        },
        "field_answer_category": {
          "data": [],
          "links": {
            "related": {
              "href": "https:\/\/prodv0ojd6qy.main.acsf.baywsf.com\/jsonapi\/node\/answer\/289674c1-878f-4c1a-b1b5-a059d64128ed\/field_answer_category?resourceVersion=id%3A46501"
            },
            "self": {
              "href": "https:\/\/prodv0ojd6qy.main.acsf.baywsf.com\/jsonapi\/node\/answer\/289674c1-878f-4c1a-b1b5-a059d64128ed\/relationships\/field_answer_category?resourceVersion=id%3A46501"
            }
          }
        },
        "field_next_question": {
          "data": null,
          "links": {
            "related": {
              "href": "https:\/\/prodv0ojd6qy.main.acsf.baywsf.com\/jsonapi\/node\/answer\/289674c1-878f-4c1a-b1b5-a059d64128ed\/field_next_question?resourceVersion=id%3A46501"
            },
            "self": {
              "href": "https:\/\/prodv0ojd6qy.main.acsf.baywsf.com\/jsonapi\/node\/answer\/289674c1-878f-4c1a-b1b5-a059d64128ed\/relationships\/field_next_question?resourceVersion=id%3A46501"
            }
          }
        },
        "field_result": {
          "data": null,
          "links": {
            "related": {
              "href": "https:\/\/prodv0ojd6qy.main.acsf.baywsf.com\/jsonapi\/node\/answer\/289674c1-878f-4c1a-b1b5-a059d64128ed\/field_result?resourceVersion=id%3A46501"
            },
            "self": {
              "href": "https:\/\/prodv0ojd6qy.main.acsf.baywsf.com\/jsonapi\/node\/answer\/289674c1-878f-4c1a-b1b5-a059d64128ed\/relationships\/field_result?resourceVersion=id%3A46501"
            }
          }
        }
      }
    },
    {
      "type": "node--answer",
      "id": "4d86ccf6-9d15-4de6-90c2-0113ec24a46c",
      "links": {
        "self": {
          "href": "https:\/\/prodv0ojd6qy.main.acsf.baywsf.com\/jsonapi\/node\/answer\/4d86ccf6-9d15-4de6-90c2-0113ec24a46c?resourceVersion=id%3A46506"
        }
      },
      "attributes": {
        "drupal_internal__nid": 1541,
        "drupal_internal__vid": 46506,
        "langcode": "en",
        "revision_timestamp": "2023-01-18T06:57:09+00:00",
        "revision_log": null,
        "status": true,
        "title": "None of the above",
        "created": "2023-01-18T06:57:09+00:00",
        "changed": "2023-01-18T06:57:09+00:00",
        "promote": true,
        "sticky": false,
        "default_langcode": true,
        "revision_translation_affected": true,
        "moderation_state": null,
        "metatag": null,
        "path": {
          "alias": null,
          "pid": null,
          "langcode": "en"
        },
        "private": false,
        "field_metatags": null,
        "content_translation_source": "und",
        "content_translation_outdated": false,
        "published_at": "2023-01-18T07:02:43+00:00",
        "field_answer_summary": null,
        "field_instruction": null
      },
      "relationships": {
        "node_type": {
          "data": {
            "type": "node_type--node_type",
            "id": "2b9459ba-6e80-4cd4-b243-d970bac27c44",
            "meta": {
              "drupal_internal__target_id": "answer"
            }
          },
          "links": {
            "related": {
              "href": "https:\/\/prodv0ojd6qy.main.acsf.baywsf.com\/jsonapi\/node\/answer\/4d86ccf6-9d15-4de6-90c2-0113ec24a46c\/node_type?resourceVersion=id%3A46506"
            },
            "self": {
              "href": "https:\/\/prodv0ojd6qy.main.acsf.baywsf.com\/jsonapi\/node\/answer\/4d86ccf6-9d15-4de6-90c2-0113ec24a46c\/relationships\/node_type?resourceVersion=id%3A46506"
            }
          }
        },
        "revision_uid": {
          "data": {
            "type": "user--user",
            "id": "ca644710-b0bf-4511-85df-451f03b5e0fb",
            "meta": {
              "drupal_internal__target_id": 6216
            }
          },
          "links": {
            "related": {
              "href": "https:\/\/prodv0ojd6qy.main.acsf.baywsf.com\/jsonapi\/node\/answer\/4d86ccf6-9d15-4de6-90c2-0113ec24a46c\/revision_uid?resourceVersion=id%3A46506"
            },
            "self": {
              "href": "https:\/\/prodv0ojd6qy.main.acsf.baywsf.com\/jsonapi\/node\/answer\/4d86ccf6-9d15-4de6-90c2-0113ec24a46c\/relationships\/revision_uid?resourceVersion=id%3A46506"
            }
          }
        },
        "uid": {
          "data": {
            "type": "user--user",
            "id": "ca644710-b0bf-4511-85df-451f03b5e0fb",
            "meta": {
              "drupal_internal__target_id": 6216
            }
          },
          "links": {
            "related": {
              "href": "https:\/\/prodv0ojd6qy.main.acsf.baywsf.com\/jsonapi\/node\/answer\/4d86ccf6-9d15-4de6-90c2-0113ec24a46c\/uid?resourceVersion=id%3A46506"
            },
            "self": {
              "href": "https:\/\/prodv0ojd6qy.main.acsf.baywsf.com\/jsonapi\/node\/answer\/4d86ccf6-9d15-4de6-90c2-0113ec24a46c\/relationships\/uid?resourceVersion=id%3A46506"
            }
          }
        },
        "field_schema_json_ld_file": {
          "data": null,
          "links": {
            "related": {
              "href": "https:\/\/prodv0ojd6qy.main.acsf.baywsf.com\/jsonapi\/node\/answer\/4d86ccf6-9d15-4de6-90c2-0113ec24a46c\/field_schema_json_ld_file?resourceVersion=id%3A46506"
            },
            "self": {
              "href": "https:\/\/prodv0ojd6qy.main.acsf.baywsf.com\/jsonapi\/node\/answer\/4d86ccf6-9d15-4de6-90c2-0113ec24a46c\/relationships\/field_schema_json_ld_file?resourceVersion=id%3A46506"
            }
          }
        },
        "audience_tag": {
          "data": {
            "type": "taxonomy_term--audience",
            "id": "b0ef5480-df1e-45d3-a61b-12bc57be205d",
            "meta": {
              "drupal_internal__target_id": 316
            }
          },
          "links": {
            "related": {
              "href": "https:\/\/prodv0ojd6qy.main.acsf.baywsf.com\/jsonapi\/node\/answer\/4d86ccf6-9d15-4de6-90c2-0113ec24a46c\/audience_tag?resourceVersion=id%3A46506"
            },
            "self": {
              "href": "https:\/\/prodv0ojd6qy.main.acsf.baywsf.com\/jsonapi\/node\/answer\/4d86ccf6-9d15-4de6-90c2-0113ec24a46c\/relationships\/audience_tag?resourceVersion=id%3A46506"
            }
          }
        },
        "field_answer_category": {
          "data": [],
          "links": {
            "related": {
              "href": "https:\/\/prodv0ojd6qy.main.acsf.baywsf.com\/jsonapi\/node\/answer\/4d86ccf6-9d15-4de6-90c2-0113ec24a46c\/field_answer_category?resourceVersion=id%3A46506"
            },
            "self": {
              "href": "https:\/\/prodv0ojd6qy.main.acsf.baywsf.com\/jsonapi\/node\/answer\/4d86ccf6-9d15-4de6-90c2-0113ec24a46c\/relationships\/field_answer_category?resourceVersion=id%3A46506"
            }
          }
        },
        "field_next_question": {
          "data": null,
          "links": {
            "related": {
              "href": "https:\/\/prodv0ojd6qy.main.acsf.baywsf.com\/jsonapi\/node\/answer\/4d86ccf6-9d15-4de6-90c2-0113ec24a46c\/field_next_question?resourceVersion=id%3A46506"
            },
            "self": {
              "href": "https:\/\/prodv0ojd6qy.main.acsf.baywsf.com\/jsonapi\/node\/answer\/4d86ccf6-9d15-4de6-90c2-0113ec24a46c\/relationships\/field_next_question?resourceVersion=id%3A46506"
            }
          }
        },
        "field_result": {
          "data": null,
          "links": {
            "related": {
              "href": "https:\/\/prodv0ojd6qy.main.acsf.baywsf.com\/jsonapi\/node\/answer\/4d86ccf6-9d15-4de6-90c2-0113ec24a46c\/field_result?resourceVersion=id%3A46506"
            },
            "self": {
              "href": "https:\/\/prodv0ojd6qy.main.acsf.baywsf.com\/jsonapi\/node\/answer\/4d86ccf6-9d15-4de6-90c2-0113ec24a46c\/relationships\/field_result?resourceVersion=id%3A46506"
            }
          }
        }
      }
    }
  ],
  "links": {
    "self": {
      "href": "https:\/\/prodv0ojd6qy.main.acsf.baywsf.com\/jsonapi\/node\/question\/abc06b1a-d27a-49eb-a386-57bab3f68fc2?include=field_answer"
    }
  }
}