{
  "jsonapi": {
    "version": "1.0",
    "meta": {
      "links": {
        "self": {
          "href": "http:\/\/jsonapi.org\/format\/1.0\/"
        }
      }
    }
  },
  "data": {
    "type": "node--question",
    "id": "b228d223-1985-4f79-8236-8ea36cf7f49c",
    "links": {
      "self": {
        "href": "https:\/\/prodv0ojd6qy.main.acsf.baywsf.com\/jsonapi\/node\/question\/b228d223-1985-4f79-8236-8ea36cf7f49c?resourceVersion=id%3A46516"
      }
    },
    "attributes": {
      "drupal_internal__nid": 1551,
      "drupal_internal__vid": 46516,
      "langcode": "en",
      "revision_timestamp": "2023-01-18T07:02:34+00:00",
      "revision_log": null,
      "status": true,
      "title": "Do any of your close relatives have a heart disease?",
      "created": "2023-01-18T07:02:34+00:00",
      "changed": "2023-01-18T07:02:34+00:00",
      "promote": false,
      "sticky": false,
      "default_langcode": true,
      "revision_translation_affected": true,
      "moderation_state": null,
      "metatag": null,
      "path": {
        "alias": null,
        "pid": null,
        "langcode": "en"
      },
      "private": false,
      "field_metatags": null,
      "content_translation_source": "und",
      "content_translation_outdated": false,
      "published_at": "2023-01-18T07:02:43+00:00",
      "field_error": null,
      "field_explanation": null,
      "field_instruction": {
        "value": "\u003Cp\u003ESelect all that apply.\u003C\/p\u003E\r\n",
        "format": "cohesion_without_glossify",
        "processed": "\u003Cp\u003ESelect all that apply.\u003C\/p\u003E\n"
      },
      "field_references": null
    },
    "relationships": {
      "node_type": {
        "data": {
          "type": "node_type--node_type",
          "id": "b36305cf-d6a4-4b58-94fd-9bd56dc48d0a",
          "meta": {
            "drupal_internal__target_id": "question"
          }
        },
        "links": {
          "related": {
            "href": "https:\/\/prodv0ojd6qy.main.acsf.baywsf.com\/jsonapi\/node\/question\/b228d223-1985-4f79-8236-8ea36cf7f49c\/node_type?resourceVersion=id%3A46516"
          },
          "self": {
            "href": "https:\/\/prodv0ojd6qy.main.acsf.baywsf.com\/jsonapi\/node\/question\/b228d223-1985-4f79-8236-8ea36cf7f49c\/relationships\/node_type?resourceVersion=id%3A46516"
          }
        }
      },
      "revision_uid": {
        "data": {
          "type": "user--user",
          "id": "ca644710-b0bf-4511-85df-451f03b5e0fb",
          "meta": {
            "drupal_internal__target_id": 6216
          }
        },
        "links": {
          "related": {
            "href": "https:\/\/prodv0ojd6qy.main.acsf.baywsf.com\/jsonapi\/node\/question\/b228d223-1985-4f79-8236-8ea36cf7f49c\/revision_uid?resourceVersion=id%3A46516"
          },
          "self": {
            "href": "https:\/\/prodv0ojd6qy.main.acsf.baywsf.com\/jsonapi\/node\/question\/b228d223-1985-4f79-8236-8ea36cf7f49c\/relationships\/revision_uid?resourceVersion=id%3A46516"
          }
        }
      },
      "uid": {
        "data": {
          "type": "user--user",
          "id": "ca644710-b0bf-4511-85df-451f03b5e0fb",
          "meta": {
            "drupal_internal__target_id": 6216
          }
        },
        "links": {
          "related": {
            "href": "https:\/\/prodv0ojd6qy.main.acsf.baywsf.com\/jsonapi\/node\/question\/b228d223-1985-4f79-8236-8ea36cf7f49c\/uid?resourceVersion=id%3A46516"
          },
          "self": {
            "href": "https:\/\/prodv0ojd6qy.main.acsf.baywsf.com\/jsonapi\/node\/question\/b228d223-1985-4f79-8236-8ea36cf7f49c\/relationships\/uid?resourceVersion=id%3A46516"
          }
        }
      },
      "field_schema_json_ld_file": {
        "data": null,
        "links": {
          "related": {
            "href": "https:\/\/prodv0ojd6qy.main.acsf.baywsf.com\/jsonapi\/node\/question\/b228d223-1985-4f79-8236-8ea36cf7f49c\/field_schema_json_ld_file?resourceVersion=id%3A46516"
          },
          "self": {
            "href": "https:\/\/prodv0ojd6qy.main.acsf.baywsf.com\/jsonapi\/node\/question\/b228d223-1985-4f79-8236-8ea36cf7f49c\/relationships\/field_schema_json_ld_file?resourceVersion=id%3A46516"
          }
        }
      },
      "audience_tag": {
        "data": {
          "type": "taxonomy_term--audience",
          "id": "b0ef5480-df1e-45d3-a61b-12bc57be205d",
          "meta": {
            "drupal_internal__target_id": 316
          }
        },
        "links": {
          "related": {
            "href": "https:\/\/prodv0ojd6qy.main.acsf.baywsf.com\/jsonapi\/node\/question\/b228d223-1985-4f79-8236-8ea36cf7f49c\/audience_tag?resourceVersion=id%3A46516"
          },
          "self": {
            "href": "https:\/\/prodv0ojd6qy.main.acsf.baywsf.com\/jsonapi\/node\/question\/b228d223-1985-4f79-8236-8ea36cf7f49c\/relationships\/audience_tag?resourceVersion=id%3A46516"
          }
        }
      },
      "field_actions": {
        "data": [],
        "links": {
          "related": {
            "href": "https:\/\/prodv0ojd6qy.main.acsf.baywsf.com\/jsonapi\/node\/question\/b228d223-1985-4f79-8236-8ea36cf7f49c\/field_actions?resourceVersion=id%3A46516"
          },
          "self": {
            "href": "https:\/\/prodv0ojd6qy.main.acsf.baywsf.com\/jsonapi\/node\/question\/b228d223-1985-4f79-8236-8ea36cf7f49c\/relationships\/field_actions?resourceVersion=id%3A46516"
          }
        }
      },
      "field_answer": {
        "data": [
          {
            "type": "node--answer",
            "id": "ddf385a6-24d1-46f1-a09a-7dd09426e97e",
            "meta": {
              "drupal_internal__target_id": 1506
            }
          },
          {
            "type": "node--answer",
            "id": "89d27937-304b-4175-a87d-f48efbea8f46",
            "meta": {
              "drupal_internal__target_id": 1511
            }
          },
          {
            "type": "node--answer",
            "id": "d439f2fc-a702-43d9-8b69-081d4b90574d",
            "meta": {
              "drupal_internal__target_id": 1516
            }
          },
          {
            "type": "node--answer",
            "id": "33d07fee-8a7d-4d51-93c7-501674f3bc15",
            "meta": {
              "drupal_internal__target_id": 1521
            }
          }
        ],
        "links": {
          "related": {
            "href": "https:\/\/prodv0ojd6qy.main.acsf.baywsf.com\/jsonapi\/node\/question\/b228d223-1985-4f79-8236-8ea36cf7f49c\/field_answer?resourceVersion=id%3A46516"
          },
          "self": {
            "href": "https:\/\/prodv0ojd6qy.main.acsf.baywsf.com\/jsonapi\/node\/question\/b228d223-1985-4f79-8236-8ea36cf7f49c\/relationships\/field_answer?resourceVersion=id%3A46516"
          }
        }
      },
      "field_correct": {
        "data": [],
        "links": {
          "related": {
            "href": "https:\/\/prodv0ojd6qy.main.acsf.baywsf.com\/jsonapi\/node\/question\/b228d223-1985-4f79-8236-8ea36cf7f49c\/field_correct?resourceVersion=id%3A46516"
          },
          "self": {
            "href": "https:\/\/prodv0ojd6qy.main.acsf.baywsf.com\/jsonapi\/node\/question\/b228d223-1985-4f79-8236-8ea36cf7f49c\/relationships\/field_correct?resourceVersion=id%3A46516"
          }
        }
      },
      "field_question_group": {
        "data": [],
        "links": {
          "related": {
            "href": "https:\/\/prodv0ojd6qy.main.acsf.baywsf.com\/jsonapi\/node\/question\/b228d223-1985-4f79-8236-8ea36cf7f49c\/field_question_group?resourceVersion=id%3A46516"
          },
          "self": {
            "href": "https:\/\/prodv0ojd6qy.main.acsf.baywsf.com\/jsonapi\/node\/question\/b228d223-1985-4f79-8236-8ea36cf7f49c\/relationships\/field_question_group?resourceVersion=id%3A46516"
          }
        }
      }
    }
  },
  "included": [
    {
      "type": "node--answer",
      "id": "ddf385a6-24d1-46f1-a09a-7dd09426e97e",
      "links": {
        "self": {
          "href": "https:\/\/prodv0ojd6qy.main.acsf.baywsf.com\/jsonapi\/node\/answer\/ddf385a6-24d1-46f1-a09a-7dd09426e97e?resourceVersion=id%3A46471"
        }
      },
      "attributes": {
        "drupal_internal__nid": 1506,
        "drupal_internal__vid": 46471,
        "langcode": "en",
        "revision_timestamp": "2023-01-18T06:58:41+00:00",
        "revision_log": null,
        "status": true,
        "title": "Father",
        "created": "2023-01-18T06:58:41+00:00",
        "changed": "2023-01-18T06:58:41+00:00",
        "promote": true,
        "sticky": false,
        "default_langcode": true,
        "revision_translation_affected": true,
        "moderation_state": null,
        "metatag": null,
        "path": {
          "alias": null,
          "pid": null,
          "langcode": "en"
        },
        "private": false,
        "field_metatags": null,
        "content_translation_source": "und",
        "content_translation_outdated": false,
        "published_at": "2023-01-18T07:02:43+00:00",
        "field_answer_summary": {
          "value": "\u003Cp\u003EFATHER\u003C\/p\u003E\r\n",
          "format": "cohesion_without_glossify",
          "processed": "\u003Cp\u003EFATHER\u003C\/p\u003E\n"
        },
        "field_instruction": null
      },
      "relationships": {
        "node_type": {
          "data": {
            "type": "node_type--node_type",
            "id": "2b9459ba-6e80-4cd4-b243-d970bac27c44",
            "meta": {
              "drupal_internal__target_id": "answer"
            }
          },
          "links": {
            "related": {
              "href": "https:\/\/prodv0ojd6qy.main.acsf.baywsf.com\/jsonapi\/node\/answer\/ddf385a6-24d1-46f1-a09a-7dd09426e97e\/node_type?resourceVersion=id%3A46471"
            },
            "self": {
              "href": "https:\/\/prodv0ojd6qy.main.acsf.baywsf.com\/jsonapi\/node\/answer\/ddf385a6-24d1-46f1-a09a-7dd09426e97e\/relationships\/node_type?resourceVersion=id%3A46471"
            }
          }
        },
        "revision_uid": {
          "data": {
            "type": "user--user",
            "id": "ca644710-b0bf-4511-85df-451f03b5e0fb",
            "meta": {
              "drupal_internal__target_id": 6216
            }
          },
          "links": {
            "related": {
              "href": "https:\/\/prodv0ojd6qy.main.acsf.baywsf.com\/jsonapi\/node\/answer\/ddf385a6-24d1-46f1-a09a-7dd09426e97e\/revision_uid?resourceVersion=id%3A46471"
            },
            "self": {
              "href": "https:\/\/prodv0ojd6qy.main.acsf.baywsf.com\/jsonapi\/node\/answer\/ddf385a6-24d1-46f1-a09a-7dd09426e97e\/relationships\/revision_uid?resourceVersion=id%3A46471"
            }
          }
        },
        "uid": {
          "data": {
            "type": "user--user",
            "id": "ca644710-b0bf-4511-85df-451f03b5e0fb",
            "meta": {
              "drupal_internal__target_id": 6216
            }
          },
          "links": {
            "related": {
              "href": "https:\/\/prodv0ojd6qy.main.acsf.baywsf.com\/jsonapi\/node\/answer\/ddf385a6-24d1-46f1-a09a-7dd09426e97e\/uid?resourceVersion=id%3A46471"
            },
            "self": {
              "href": "https:\/\/prodv0ojd6qy.main.acsf.baywsf.com\/jsonapi\/node\/answer\/ddf385a6-24d1-46f1-a09a-7dd09426e97e\/relationships\/uid?resourceVersion=id%3A46471"
            }
          }
        },
        "field_schema_json_ld_file": {
          "data": null,
          "links": {
            "related": {
              "href": "https:\/\/prodv0ojd6qy.main.acsf.baywsf.com\/jsonapi\/node\/answer\/ddf385a6-24d1-46f1-a09a-7dd09426e97e\/field_schema_json_ld_file?resourceVersion=id%3A46471"
            },
            "self": {
              "href": "https:\/\/prodv0ojd6qy.main.acsf.baywsf.com\/jsonapi\/node\/answer\/ddf385a6-24d1-46f1-a09a-7dd09426e97e\/relationships\/field_schema_json_ld_file?resourceVersion=id%3A46471"
            }
          }
        },
        "audience_tag": {
          "data": {
            "type": "taxonomy_term--audience",
            "id": "b0ef5480-df1e-45d3-a61b-12bc57be205d",
            "meta": {
              "drupal_internal__target_id": 316
            }
          },
          "links": {
            "related": {
              "href": "https:\/\/prodv0ojd6qy.main.acsf.baywsf.com\/jsonapi\/node\/answer\/ddf385a6-24d1-46f1-a09a-7dd09426e97e\/audience_tag?resourceVersion=id%3A46471"
            },
            "self": {
              "href": "https:\/\/prodv0ojd6qy.main.acsf.baywsf.com\/jsonapi\/node\/answer\/ddf385a6-24d1-46f1-a09a-7dd09426e97e\/relationships\/audience_tag?resourceVersion=id%3A46471"
            }
          }
        },
        "field_answer_category": {
          "data": [],
          "links": {
            "related": {
              "href": "https:\/\/prodv0ojd6qy.main.acsf.baywsf.com\/jsonapi\/node\/answer\/ddf385a6-24d1-46f1-a09a-7dd09426e97e\/field_answer_category?resourceVersion=id%3A46471"
            },
            "self": {
              "href": "https:\/\/prodv0ojd6qy.main.acsf.baywsf.com\/jsonapi\/node\/answer\/ddf385a6-24d1-46f1-a09a-7dd09426e97e\/relationships\/field_answer_category?resourceVersion=id%3A46471"
            }
          }
        },
        "field_next_question": {
          "data": null,
          "links": {
            "related": {
              "href": "https:\/\/prodv0ojd6qy.main.acsf.baywsf.com\/jsonapi\/node\/answer\/ddf385a6-24d1-46f1-a09a-7dd09426e97e\/field_next_question?resourceVersion=id%3A46471"
            },
            "self": {
              "href": "https:\/\/prodv0ojd6qy.main.acsf.baywsf.com\/jsonapi\/node\/answer\/ddf385a6-24d1-46f1-a09a-7dd09426e97e\/relationships\/field_next_question?resourceVersion=id%3A46471"
            }
          }
        },
        "field_result": {
          "data": null,
          "links": {
            "related": {
              "href": "https:\/\/prodv0ojd6qy.main.acsf.baywsf.com\/jsonapi\/node\/answer\/ddf385a6-24d1-46f1-a09a-7dd09426e97e\/field_result?resourceVersion=id%3A46471"
            },
            "self": {
              "href": "https:\/\/prodv0ojd6qy.main.acsf.baywsf.com\/jsonapi\/node\/answer\/ddf385a6-24d1-46f1-a09a-7dd09426e97e\/relationships\/field_result?resourceVersion=id%3A46471"
            }
          }
        }
      }
    },
    {
      "type": "node--answer",
      "id": "89d27937-304b-4175-a87d-f48efbea8f46",
      "links": {
        "self": {
          "href": "https:\/\/prodv0ojd6qy.main.acsf.baywsf.com\/jsonapi\/node\/answer\/89d27937-304b-4175-a87d-f48efbea8f46?resourceVersion=id%3A46476"
        }
      },
      "attributes": {
        "drupal_internal__nid": 1511,
        "drupal_internal__vid": 46476,
        "langcode": "en",
        "revision_timestamp": "2023-01-18T06:59:10+00:00",
        "revision_log": null,
        "status": true,
        "title": "Mother",
        "created": "2023-01-18T06:59:10+00:00",
        "changed": "2023-01-18T06:59:10+00:00",
        "promote": true,
        "sticky": false,
        "default_langcode": true,
        "revision_translation_affected": true,
        "moderation_state": null,
        "metatag": null,
        "path": {
          "alias": null,
          "pid": null,
          "langcode": "en"
        },
        "private": false,
        "field_metatags": null,
        "content_translation_source": "und",
        "content_translation_outdated": false,
        "published_at": "2023-01-18T07:02:43+00:00",
        "field_answer_summary": {
          "value": "\u003Cp\u003EMOTHER\u003C\/p\u003E\r\n",
          "format": "cohesion_without_glossify",
          "processed": "\u003Cp\u003EMOTHER\u003C\/p\u003E\n"
        },
        "field_instruction": null
      },
      "relationships": {
        "node_type": {
          "data": {
            "type": "node_type--node_type",
            "id": "2b9459ba-6e80-4cd4-b243-d970bac27c44",
            "meta": {
              "drupal_internal__target_id": "answer"
            }
          },
          "links": {
            "related": {
              "href": "https:\/\/prodv0ojd6qy.main.acsf.baywsf.com\/jsonapi\/node\/answer\/89d27937-304b-4175-a87d-f48efbea8f46\/node_type?resourceVersion=id%3A46476"
            },
            "self": {
              "href": "https:\/\/prodv0ojd6qy.main.acsf.baywsf.com\/jsonapi\/node\/answer\/89d27937-304b-4175-a87d-f48efbea8f46\/relationships\/node_type?resourceVersion=id%3A46476"
            }
          }
        },
        "revision_uid": {
          "data": {
            "type": "user--user",
            "id": "ca644710-b0bf-4511-85df-451f03b5e0fb",
            "meta": {
              "drupal_internal__target_id": 6216
            }
          },
          "links": {
            "related": {
              "href": "https:\/\/prodv0ojd6qy.main.acsf.baywsf.com\/jsonapi\/node\/answer\/89d27937-304b-4175-a87d-f48efbea8f46\/revision_uid?resourceVersion=id%3A46476"
            },
            "self": {
              "href": "https:\/\/prodv0ojd6qy.main.acsf.baywsf.com\/jsonapi\/node\/answer\/89d27937-304b-4175-a87d-f48efbea8f46\/relationships\/revision_uid?resourceVersion=id%3A46476"
            }
          }
        },
        "uid": {
          "data": {
            "type": "user--user",
            "id": "ca644710-b0bf-4511-85df-451f03b5e0fb",
            "meta": {
              "drupal_internal__target_id": 6216
            }
          },
          "links": {
            "related": {
              "href": "https:\/\/prodv0ojd6qy.main.acsf.baywsf.com\/jsonapi\/node\/answer\/89d27937-304b-4175-a87d-f48efbea8f46\/uid?resourceVersion=id%3A46476"
            },
            "self": {
              "href": "https:\/\/prodv0ojd6qy.main.acsf.baywsf.com\/jsonapi\/node\/answer\/89d27937-304b-4175-a87d-f48efbea8f46\/relationships\/uid?resourceVersion=id%3A46476"
            }
          }
        },
        "field_schema_json_ld_file": {
          "data": null,
          "links": {
            "related": {
              "href": "https:\/\/prodv0ojd6qy.main.acsf.baywsf.com\/jsonapi\/node\/answer\/89d27937-304b-4175-a87d-f48efbea8f46\/field_schema_json_ld_file?resourceVersion=id%3A46476"
            },
            "self": {
              "href": "https:\/\/prodv0ojd6qy.main.acsf.baywsf.com\/jsonapi\/node\/answer\/89d27937-304b-4175-a87d-f48efbea8f46\/relationships\/field_schema_json_ld_file?resourceVersion=id%3A46476"
            }
          }
        },
        "audience_tag": {
          "data": {
            "type": "taxonomy_term--audience",
            "id": "b0ef5480-df1e-45d3-a61b-12bc57be205d",
            "meta": {
              "drupal_internal__target_id": 316
            }
          },
          "links": {
            "related": {
              "href": "https:\/\/prodv0ojd6qy.main.acsf.baywsf.com\/jsonapi\/node\/answer\/89d27937-304b-4175-a87d-f48efbea8f46\/audience_tag?resourceVersion=id%3A46476"
            },
            "self": {
              "href": "https:\/\/prodv0ojd6qy.main.acsf.baywsf.com\/jsonapi\/node\/answer\/89d27937-304b-4175-a87d-f48efbea8f46\/relationships\/audience_tag?resourceVersion=id%3A46476"
            }
          }
        },
        "field_answer_category": {
          "data": [],
          "links": {
            "related": {
              "href": "https:\/\/prodv0ojd6qy.main.acsf.baywsf.com\/jsonapi\/node\/answer\/89d27937-304b-4175-a87d-f48efbea8f46\/field_answer_category?resourceVersion=id%3A46476"
            },
            "self": {
              "href": "https:\/\/prodv0ojd6qy.main.acsf.baywsf.com\/jsonapi\/node\/answer\/89d27937-304b-4175-a87d-f48efbea8f46\/relationships\/field_answer_category?resourceVersion=id%3A46476"
            }
          }
        },
        "field_next_question": {
          "data": null,
          "links": {
            "related": {
              "href": "https:\/\/prodv0ojd6qy.main.acsf.baywsf.com\/jsonapi\/node\/answer\/89d27937-304b-4175-a87d-f48efbea8f46\/field_next_question?resourceVersion=id%3A46476"
            },
            "self": {
              "href": "https:\/\/prodv0ojd6qy.main.acsf.baywsf.com\/jsonapi\/node\/answer\/89d27937-304b-4175-a87d-f48efbea8f46\/relationships\/field_next_question?resourceVersion=id%3A46476"
            }
          }
        },
        "field_result": {
          "data": null,
          "links": {
            "related": {
              "href": "https:\/\/prodv0ojd6qy.main.acsf.baywsf.com\/jsonapi\/node\/answer\/89d27937-304b-4175-a87d-f48efbea8f46\/field_result?resourceVersion=id%3A46476"
            },
            "self": {
              "href": "https:\/\/prodv0ojd6qy.main.acsf.baywsf.com\/jsonapi\/node\/answer\/89d27937-304b-4175-a87d-f48efbea8f46\/relationships\/field_result?resourceVersion=id%3A46476"
            }
          }
        }
      }
    },
    {
      "type": "node--answer",
      "id": "d439f2fc-a702-43d9-8b69-081d4b90574d",
      "links": {
        "self": {
          "href": "https:\/\/prodv0ojd6qy.main.acsf.baywsf.com\/jsonapi\/node\/answer\/d439f2fc-a702-43d9-8b69-081d4b90574d?resourceVersion=id%3A46481"
        }
      },
      "attributes": {
        "drupal_internal__nid": 1516,
        "drupal_internal__vid": 46481,
        "langcode": "en",
        "revision_timestamp": "2023-01-18T06:59:54+00:00",
        "revision_log": null,
        "status": true,
        "title": "Sibling",
        "created": "2023-01-18T06:59:54+00:00",
        "changed": "2023-01-18T06:59:54+00:00",
        "promote": true,
        "sticky": false,
        "default_langcode": true,
        "revision_translation_affected": true,
        "moderation_state": null,
        "metatag": null,
        "path": {
          "alias": null,
          "pid": null,
          "langcode": "en"
        },
        "private": false,
        "field_metatags": null,
        "content_translation_source": "und",
        "content_translation_outdated": false,
        "published_at": "2023-01-18T07:02:43+00:00",
        "field_answer_summary": {
          "value": "\u003Cp\u003ESIBLINGS\u003C\/p\u003E\r\n",
          "format": "cohesion_without_glossify",
          "processed": "\u003Cp\u003ESIBLINGS\u003C\/p\u003E\n"
        },
        "field_instruction": null
      },
      "relationships": {
        "node_type": {
          "data": {
            "type": "node_type--node_type",
            "id": "2b9459ba-6e80-4cd4-b243-d970bac27c44",
            "meta": {
              "drupal_internal__target_id": "answer"
            }
          },
          "links": {
            "related": {
              "href": "https:\/\/prodv0ojd6qy.main.acsf.baywsf.com\/jsonapi\/node\/answer\/d439f2fc-a702-43d9-8b69-081d4b90574d\/node_type?resourceVersion=id%3A46481"
            },
            "self": {
              "href": "https:\/\/prodv0ojd6qy.main.acsf.baywsf.com\/jsonapi\/node\/answer\/d439f2fc-a702-43d9-8b69-081d4b90574d\/relationships\/node_type?resourceVersion=id%3A46481"
            }
          }
        },
        "revision_uid": {
          "data": {
            "type": "user--user",
            "id": "ca644710-b0bf-4511-85df-451f03b5e0fb",
            "meta": {
              "drupal_internal__target_id": 6216
            }
          },
          "links": {
            "related": {
              "href": "https:\/\/prodv0ojd6qy.main.acsf.baywsf.com\/jsonapi\/node\/answer\/d439f2fc-a702-43d9-8b69-081d4b90574d\/revision_uid?resourceVersion=id%3A46481"
            },
            "self": {
              "href": "https:\/\/prodv0ojd6qy.main.acsf.baywsf.com\/jsonapi\/node\/answer\/d439f2fc-a702-43d9-8b69-081d4b90574d\/relationships\/revision_uid?resourceVersion=id%3A46481"
            }
          }
        },
        "uid": {
          "data": {
            "type": "user--user",
            "id": "ca644710-b0bf-4511-85df-451f03b5e0fb",
            "meta": {
              "drupal_internal__target_id": 6216
            }
          },
          "links": {
            "related": {
              "href": "https:\/\/prodv0ojd6qy.main.acsf.baywsf.com\/jsonapi\/node\/answer\/d439f2fc-a702-43d9-8b69-081d4b90574d\/uid?resourceVersion=id%3A46481"
            },
            "self": {
              "href": "https:\/\/prodv0ojd6qy.main.acsf.baywsf.com\/jsonapi\/node\/answer\/d439f2fc-a702-43d9-8b69-081d4b90574d\/relationships\/uid?resourceVersion=id%3A46481"
            }
          }
        },
        "field_schema_json_ld_file": {
          "data": null,
          "links": {
            "related": {
              "href": "https:\/\/prodv0ojd6qy.main.acsf.baywsf.com\/jsonapi\/node\/answer\/d439f2fc-a702-43d9-8b69-081d4b90574d\/field_schema_json_ld_file?resourceVersion=id%3A46481"
            },
            "self": {
              "href": "https:\/\/prodv0ojd6qy.main.acsf.baywsf.com\/jsonapi\/node\/answer\/d439f2fc-a702-43d9-8b69-081d4b90574d\/relationships\/field_schema_json_ld_file?resourceVersion=id%3A46481"
            }
          }
        },
        "audience_tag": {
          "data": {
            "type": "taxonomy_term--audience",
            "id": "b0ef5480-df1e-45d3-a61b-12bc57be205d",
            "meta": {
              "drupal_internal__target_id": 316
            }
          },
          "links": {
            "related": {
              "href": "https:\/\/prodv0ojd6qy.main.acsf.baywsf.com\/jsonapi\/node\/answer\/d439f2fc-a702-43d9-8b69-081d4b90574d\/audience_tag?resourceVersion=id%3A46481"
            },
            "self": {
              "href": "https:\/\/prodv0ojd6qy.main.acsf.baywsf.com\/jsonapi\/node\/answer\/d439f2fc-a702-43d9-8b69-081d4b90574d\/relationships\/audience_tag?resourceVersion=id%3A46481"
            }
          }
        },
        "field_answer_category": {
          "data": [],
          "links": {
            "related": {
              "href": "https:\/\/prodv0ojd6qy.main.acsf.baywsf.com\/jsonapi\/node\/answer\/d439f2fc-a702-43d9-8b69-081d4b90574d\/field_answer_category?resourceVersion=id%3A46481"
            },
            "self": {
              "href": "https:\/\/prodv0ojd6qy.main.acsf.baywsf.com\/jsonapi\/node\/answer\/d439f2fc-a702-43d9-8b69-081d4b90574d\/relationships\/field_answer_category?resourceVersion=id%3A46481"
            }
          }
        },
        "field_next_question": {
          "data": null,
          "links": {
            "related": {
              "href": "https:\/\/prodv0ojd6qy.main.acsf.baywsf.com\/jsonapi\/node\/answer\/d439f2fc-a702-43d9-8b69-081d4b90574d\/field_next_question?resourceVersion=id%3A46481"
            },
            "self": {
              "href": "https:\/\/prodv0ojd6qy.main.acsf.baywsf.com\/jsonapi\/node\/answer\/d439f2fc-a702-43d9-8b69-081d4b90574d\/relationships\/field_next_question?resourceVersion=id%3A46481"
            }
          }
        },
        "field_result": {
          "data": null,
          "links": {
            "related": {
              "href": "https:\/\/prodv0ojd6qy.main.acsf.baywsf.com\/jsonapi\/node\/answer\/d439f2fc-a702-43d9-8b69-081d4b90574d\/field_result?resourceVersion=id%3A46481"
            },
            "self": {
              "href": "https:\/\/prodv0ojd6qy.main.acsf.baywsf.com\/jsonapi\/node\/answer\/d439f2fc-a702-43d9-8b69-081d4b90574d\/relationships\/field_result?resourceVersion=id%3A46481"
            }
          }
        }
      }
    },
    {
      "type": "node--answer",
      "id": "33d07fee-8a7d-4d51-93c7-501674f3bc15",
      "links": {
        "self": {
          "href": "https:\/\/prodv0ojd6qy.main.acsf.baywsf.com\/jsonapi\/node\/answer\/33d07fee-8a7d-4d51-93c7-501674f3bc15?resourceVersion=id%3A46486"
        }
      },
      "attributes": {
        "drupal_internal__nid": 1521,
        "drupal_internal__vid": 46486,
        "langcode": "en",
        "revision_timestamp": "2023-01-18T07:01:50+00:00",
        "revision_log": null,
        "status": true,
        "title": "None of the above",
        "created": "2023-01-18T07:01:50+00:00",
        "changed": "2023-01-18T07:01:50+00:00",
        "promote": true,
        "sticky": false,
        "default_langcode": true,
        "revision_translation_affected": true,
        "moderation_state": null,
        "metatag": null,
        "path": {
          "alias": null,
          "pid": null,
          "langcode": "en"
        },
        "private": false,
        "field_metatags": null,
        "content_translation_source": "und",
        "content_translation_outdated": false,
        "published_at": "2023-01-18T07:02:43+00:00",
        "field_answer_summary": null,
        "field_instruction": null
      },
      "relationships": {
        "node_type": {
          "data": {
            "type": "node_type--node_type",
            "id": "2b9459ba-6e80-4cd4-b243-d970bac27c44",
            "meta": {
              "drupal_internal__target_id": "answer"
            }
          },
          "links": {
            "related": {
              "href": "https:\/\/prodv0ojd6qy.main.acsf.baywsf.com\/jsonapi\/node\/answer\/33d07fee-8a7d-4d51-93c7-501674f3bc15\/node_type?resourceVersion=id%3A46486"
            },
            "self": {
              "href": "https:\/\/prodv0ojd6qy.main.acsf.baywsf.com\/jsonapi\/node\/answer\/33d07fee-8a7d-4d51-93c7-501674f3bc15\/relationships\/node_type?resourceVersion=id%3A46486"
            }
          }
        },
        "revision_uid": {
          "data": {
            "type": "user--user",
            "id": "ca644710-b0bf-4511-85df-451f03b5e0fb",
            "meta": {
              "drupal_internal__target_id": 6216
            }
          },
          "links": {
            "related": {
              "href": "https:\/\/prodv0ojd6qy.main.acsf.baywsf.com\/jsonapi\/node\/answer\/33d07fee-8a7d-4d51-93c7-501674f3bc15\/revision_uid?resourceVersion=id%3A46486"
            },
            "self": {
              "href": "https:\/\/prodv0ojd6qy.main.acsf.baywsf.com\/jsonapi\/node\/answer\/33d07fee-8a7d-4d51-93c7-501674f3bc15\/relationships\/revision_uid?resourceVersion=id%3A46486"
            }
          }
        },
        "uid": {
          "data": {
            "type": "user--user",
            "id": "ca644710-b0bf-4511-85df-451f03b5e0fb",
            "meta": {
              "drupal_internal__target_id": 6216
            }
          },
          "links": {
            "related": {
              "href": "https:\/\/prodv0ojd6qy.main.acsf.baywsf.com\/jsonapi\/node\/answer\/33d07fee-8a7d-4d51-93c7-501674f3bc15\/uid?resourceVersion=id%3A46486"
            },
            "self": {
              "href": "https:\/\/prodv0ojd6qy.main.acsf.baywsf.com\/jsonapi\/node\/answer\/33d07fee-8a7d-4d51-93c7-501674f3bc15\/relationships\/uid?resourceVersion=id%3A46486"
            }
          }
        },
        "field_schema_json_ld_file": {
          "data": null,
          "links": {
            "related": {
              "href": "https:\/\/prodv0ojd6qy.main.acsf.baywsf.com\/jsonapi\/node\/answer\/33d07fee-8a7d-4d51-93c7-501674f3bc15\/field_schema_json_ld_file?resourceVersion=id%3A46486"
            },
            "self": {
              "href": "https:\/\/prodv0ojd6qy.main.acsf.baywsf.com\/jsonapi\/node\/answer\/33d07fee-8a7d-4d51-93c7-501674f3bc15\/relationships\/field_schema_json_ld_file?resourceVersion=id%3A46486"
            }
          }
        },
        "audience_tag": {
          "data": {
            "type": "taxonomy_term--audience",
            "id": "b0ef5480-df1e-45d3-a61b-12bc57be205d",
            "meta": {
              "drupal_internal__target_id": 316
            }
          },
          "links": {
            "related": {
              "href": "https:\/\/prodv0ojd6qy.main.acsf.baywsf.com\/jsonapi\/node\/answer\/33d07fee-8a7d-4d51-93c7-501674f3bc15\/audience_tag?resourceVersion=id%3A46486"
            },
            "self": {
              "href": "https:\/\/prodv0ojd6qy.main.acsf.baywsf.com\/jsonapi\/node\/answer\/33d07fee-8a7d-4d51-93c7-501674f3bc15\/relationships\/audience_tag?resourceVersion=id%3A46486"
            }
          }
        },
        "field_answer_category": {
          "data": [],
          "links": {
            "related": {
              "href": "https:\/\/prodv0ojd6qy.main.acsf.baywsf.com\/jsonapi\/node\/answer\/33d07fee-8a7d-4d51-93c7-501674f3bc15\/field_answer_category?resourceVersion=id%3A46486"
            },
            "self": {
              "href": "https:\/\/prodv0ojd6qy.main.acsf.baywsf.com\/jsonapi\/node\/answer\/33d07fee-8a7d-4d51-93c7-501674f3bc15\/relationships\/field_answer_category?resourceVersion=id%3A46486"
            }
          }
        },
        "field_next_question": {
          "data": null,
          "links": {
            "related": {
              "href": "https:\/\/prodv0ojd6qy.main.acsf.baywsf.com\/jsonapi\/node\/answer\/33d07fee-8a7d-4d51-93c7-501674f3bc15\/field_next_question?resourceVersion=id%3A46486"
            },
            "self": {
              "href": "https:\/\/prodv0ojd6qy.main.acsf.baywsf.com\/jsonapi\/node\/answer\/33d07fee-8a7d-4d51-93c7-501674f3bc15\/relationships\/field_next_question?resourceVersion=id%3A46486"
            }
          }
        },
        "field_result": {
          "data": null,
          "links": {
            "related": {
              "href": "https:\/\/prodv0ojd6qy.main.acsf.baywsf.com\/jsonapi\/node\/answer\/33d07fee-8a7d-4d51-93c7-501674f3bc15\/field_result?resourceVersion=id%3A46486"
            },
            "self": {
              "href": "https:\/\/prodv0ojd6qy.main.acsf.baywsf.com\/jsonapi\/node\/answer\/33d07fee-8a7d-4d51-93c7-501674f3bc15\/relationships\/field_result?resourceVersion=id%3A46486"
            }
          }
        }
      }
    }
  ],
  "links": {
    "self": {
      "href": "https:\/\/prodv0ojd6qy.main.acsf.baywsf.com\/jsonapi\/node\/question\/b228d223-1985-4f79-8236-8ea36cf7f49c?include=field_answer"
    }
  }
}