{
  "jsonapi": {
    "version": "1.0",
    "meta": {
      "links": {
        "self": {
          "href": "http://jsonapi.org/format/1.0/"
        }
      }
    }
  },
  "data": {
    "type": "node--question",
    "id": "cd2a7f65-30e3-427b-aef5-460db19d0662",
    "links": {
      "self": {
        "href": "https://prodv0ojd6qy.main.acsf.baywsf.com/jsonapi/node/question/cd2a7f65-30e3-427b-aef5-460db19d0662?resourceVersion=id%3A46166"
      }
    },
    "attributes": {
      "drupal_internal__nid": 1296,
      "drupal_internal__vid": 46166,
      "langcode": "en",
      "revision_timestamp": "2023-01-17T13:49:06+00:00",
      "revision_log": null,
      "status": true,
      "title": "On a scale of sports aren\u0027t my thing to \u2018FANATICAL\u2019, how big of a fan are you?",
      "created": "2023-01-17T13:49:06+00:00",
      "changed": "2023-02-09T06:05:21+00:00",
      "promote": false,
      "sticky": false,
      "default_langcode": true,
      "revision_translation_affected": true,
      "moderation_state": null,
      "metatag": null,
      "path": {
        "alias": null,
        "pid": null,
        "langcode": "en"
      },
      "private": false,
      "field_metatags": null,
      "content_translation_source": "und",
      "content_translation_outdated": false,
      "published_at": "2023-01-17T13:49:06+00:00",
      "field_error": null,
      "field_explanation": null,
      "field_instruction": null,
      "field_references": null
    },
    "relationships": {
      "node_type": {
        "data": {
          "type": "node_type--node_type",
          "id": "b36305cf-d6a4-4b58-94fd-9bd56dc48d0a",
          "meta": {
            "drupal_internal__target_id": "question"
          }
        },
        "links": {
          "related": {
            "href": "https://prodv0ojd6qy.main.acsf.baywsf.com/jsonapi/node/question/cd2a7f65-30e3-427b-aef5-460db19d0662/node_type?resourceVersion=id%3A46166"
          },
          "self": {
            "href": "https://prodv0ojd6qy.main.acsf.baywsf.com/jsonapi/node/question/cd2a7f65-30e3-427b-aef5-460db19d0662/relationships/node_type?resourceVersion=id%3A46166"
          }
        }
      },
      "revision_uid": {
        "data": {
          "type": "user--user",
          "id": "ca644710-b0bf-4511-85df-451f03b5e0fb",
          "meta": {
            "drupal_internal__target_id": 6216
          }
        },
        "links": {
          "related": {
            "href": "https://prodv0ojd6qy.main.acsf.baywsf.com/jsonapi/node/question/cd2a7f65-30e3-427b-aef5-460db19d0662/revision_uid?resourceVersion=id%3A46166"
          },
          "self": {
            "href": "https://prodv0ojd6qy.main.acsf.baywsf.com/jsonapi/node/question/cd2a7f65-30e3-427b-aef5-460db19d0662/relationships/revision_uid?resourceVersion=id%3A46166"
          }
        }
      },
      "uid": {
        "data": {
          "type": "user--user",
          "id": "ca644710-b0bf-4511-85df-451f03b5e0fb",
          "meta": {
            "drupal_internal__target_id": 6216
          }
        },
        "links": {
          "related": {
            "href": "https://prodv0ojd6qy.main.acsf.baywsf.com/jsonapi/node/question/cd2a7f65-30e3-427b-aef5-460db19d0662/uid?resourceVersion=id%3A46166"
          },
          "self": {
            "href": "https://prodv0ojd6qy.main.acsf.baywsf.com/jsonapi/node/question/cd2a7f65-30e3-427b-aef5-460db19d0662/relationships/uid?resourceVersion=id%3A46166"
          }
        }
      },
      "field_schema_json_ld_file": {
        "data": null,
        "links": {
          "related": {
            "href": "https://prodv0ojd6qy.main.acsf.baywsf.com/jsonapi/node/question/cd2a7f65-30e3-427b-aef5-460db19d0662/field_schema_json_ld_file?resourceVersion=id%3A46166"
          },
          "self": {
            "href": "https://prodv0ojd6qy.main.acsf.baywsf.com/jsonapi/node/question/cd2a7f65-30e3-427b-aef5-460db19d0662/relationships/field_schema_json_ld_file?resourceVersion=id%3A46166"
          }
        }
      },
      "audience_tag": {
        "data": {
          "type": "taxonomy_term--audience",
          "id": "b0ef5480-df1e-45d3-a61b-12bc57be205d",
          "meta": {
            "drupal_internal__target_id": 316
          }
        },
        "links": {
          "related": {
            "href": "https://prodv0ojd6qy.main.acsf.baywsf.com/jsonapi/node/question/cd2a7f65-30e3-427b-aef5-460db19d0662/audience_tag?resourceVersion=id%3A46166"
          },
          "self": {
            "href": "https://prodv0ojd6qy.main.acsf.baywsf.com/jsonapi/node/question/cd2a7f65-30e3-427b-aef5-460db19d0662/relationships/audience_tag?resourceVersion=id%3A46166"
          }
        }
      },
      "field_actions": {
        "data": [],
        "links": {
          "related": {
            "href": "https://prodv0ojd6qy.main.acsf.baywsf.com/jsonapi/node/question/cd2a7f65-30e3-427b-aef5-460db19d0662/field_actions?resourceVersion=id%3A46166"
          },
          "self": {
            "href": "https://prodv0ojd6qy.main.acsf.baywsf.com/jsonapi/node/question/cd2a7f65-30e3-427b-aef5-460db19d0662/relationships/field_actions?resourceVersion=id%3A46166"
          }
        }
      },
      "field_answer": {
        "data": [
          {
            "type": "node--answer",
            "id": "e1616db3-0134-4c5f-abb8-375b13f2e8a7",
            "meta": {
              "drupal_internal__target_id": 1286
            }
          },
          {
            "type": "node--answer",
            "id": "b6acfaf1-0c57-4db6-bd99-d8ba9dd80ea7",
            "meta": {
              "drupal_internal__target_id": 1271
            }
          },
          {
            "type": "node--answer",
            "id": "bb8431ba-a7fb-4e3b-8fb0-0764bca5999d",
            "meta": {
              "drupal_internal__target_id": 1276
            }
          },
          {
            "type": "node--answer",
            "id": "8fe9d98b-c9dc-4ab1-bab7-25bc1472368e",
            "meta": {
              "drupal_internal__target_id": 1281
            }
          }
        ],
        "links": {
          "related": {
            "href": "https://prodv0ojd6qy.main.acsf.baywsf.com/jsonapi/node/question/cd2a7f65-30e3-427b-aef5-460db19d0662/field_answer?resourceVersion=id%3A46166"
          },
          "self": {
            "href": "https://prodv0ojd6qy.main.acsf.baywsf.com/jsonapi/node/question/cd2a7f65-30e3-427b-aef5-460db19d0662/relationships/field_answer?resourceVersion=id%3A46166"
          }
        }
      },
      "field_correct": {
        "data": [],
        "links": {
          "related": {
            "href": "https://prodv0ojd6qy.main.acsf.baywsf.com/jsonapi/node/question/cd2a7f65-30e3-427b-aef5-460db19d0662/field_correct?resourceVersion=id%3A46166"
          },
          "self": {
            "href": "https://prodv0ojd6qy.main.acsf.baywsf.com/jsonapi/node/question/cd2a7f65-30e3-427b-aef5-460db19d0662/relationships/field_correct?resourceVersion=id%3A46166"
          }
        }
      },
      "field_question_group": {
        "data": [],
        "links": {
          "related": {
            "href": "https://prodv0ojd6qy.main.acsf.baywsf.com/jsonapi/node/question/cd2a7f65-30e3-427b-aef5-460db19d0662/field_question_group?resourceVersion=id%3A46166"
          },
          "self": {
            "href": "https://prodv0ojd6qy.main.acsf.baywsf.com/jsonapi/node/question/cd2a7f65-30e3-427b-aef5-460db19d0662/relationships/field_question_group?resourceVersion=id%3A46166"
          }
        }
      }
    }
  },
  "included": [
    {
      "type": "node--answer",
      "id": "e1616db3-0134-4c5f-abb8-375b13f2e8a7",
      "links": {
        "self": {
          "href": "https://prodv0ojd6qy.main.acsf.baywsf.com/jsonapi/node/answer/e1616db3-0134-4c5f-abb8-375b13f2e8a7?resourceVersion=id%3A46156"
        }
      },
      "attributes": {
        "drupal_internal__nid": 1286,
        "drupal_internal__vid": 46156,
        "langcode": "en",
        "revision_timestamp": "2023-01-17T13:48:24+00:00",
        "revision_log": null,
        "status": true,
        "title": "Sports aren\u0027t my thing",
        "created": "2023-01-17T13:48:24+00:00",
        "changed": "2023-02-08T08:59:01+00:00",
        "promote": true,
        "sticky": false,
        "default_langcode": true,
        "revision_translation_affected": true,
        "moderation_state": null,
        "metatag": null,
        "path": {
          "alias": null,
          "pid": null,
          "langcode": "en"
        },
        "private": false,
        "field_metatags": null,
        "content_translation_source": "und",
        "content_translation_outdated": false,
        "published_at": "2023-01-17T13:49:06+00:00",
        "field_answer_summary": {
          "value": "\u003Cp\u003ESports aren\u0027t my thing\u003C/p\u003E\r\n",
          "format": "cohesion_without_glossify",
          "processed": "\u003Cp\u003ESports aren\u0027t my thing\u003C/p\u003E\n"
        },
        "field_instruction": null
      },
      "relationships": {
        "node_type": {
          "data": {
            "type": "node_type--node_type",
            "id": "2b9459ba-6e80-4cd4-b243-d970bac27c44",
            "meta": {
              "drupal_internal__target_id": "answer"
            }
          },
          "links": {
            "related": {
              "href": "https://prodv0ojd6qy.main.acsf.baywsf.com/jsonapi/node/answer/e1616db3-0134-4c5f-abb8-375b13f2e8a7/node_type?resourceVersion=id%3A46156"
            },
            "self": {
              "href": "https://prodv0ojd6qy.main.acsf.baywsf.com/jsonapi/node/answer/e1616db3-0134-4c5f-abb8-375b13f2e8a7/relationships/node_type?resourceVersion=id%3A46156"
            }
          }
        },
        "revision_uid": {
          "data": {
            "type": "user--user",
            "id": "ca644710-b0bf-4511-85df-451f03b5e0fb",
            "meta": {
              "drupal_internal__target_id": 6216
            }
          },
          "links": {
            "related": {
              "href": "https://prodv0ojd6qy.main.acsf.baywsf.com/jsonapi/node/answer/e1616db3-0134-4c5f-abb8-375b13f2e8a7/revision_uid?resourceVersion=id%3A46156"
            },
            "self": {
              "href": "https://prodv0ojd6qy.main.acsf.baywsf.com/jsonapi/node/answer/e1616db3-0134-4c5f-abb8-375b13f2e8a7/relationships/revision_uid?resourceVersion=id%3A46156"
            }
          }
        },
        "uid": {
          "data": {
            "type": "user--user",
            "id": "ca644710-b0bf-4511-85df-451f03b5e0fb",
            "meta": {
              "drupal_internal__target_id": 6216
            }
          },
          "links": {
            "related": {
              "href": "https://prodv0ojd6qy.main.acsf.baywsf.com/jsonapi/node/answer/e1616db3-0134-4c5f-abb8-375b13f2e8a7/uid?resourceVersion=id%3A46156"
            },
            "self": {
              "href": "https://prodv0ojd6qy.main.acsf.baywsf.com/jsonapi/node/answer/e1616db3-0134-4c5f-abb8-375b13f2e8a7/relationships/uid?resourceVersion=id%3A46156"
            }
          }
        },
        "field_schema_json_ld_file": {
          "data": null,
          "links": {
            "related": {
              "href": "https://prodv0ojd6qy.main.acsf.baywsf.com/jsonapi/node/answer/e1616db3-0134-4c5f-abb8-375b13f2e8a7/field_schema_json_ld_file?resourceVersion=id%3A46156"
            },
            "self": {
              "href": "https://prodv0ojd6qy.main.acsf.baywsf.com/jsonapi/node/answer/e1616db3-0134-4c5f-abb8-375b13f2e8a7/relationships/field_schema_json_ld_file?resourceVersion=id%3A46156"
            }
          }
        },
        "audience_tag": {
          "data": {
            "type": "taxonomy_term--audience",
            "id": "b0ef5480-df1e-45d3-a61b-12bc57be205d",
            "meta": {
              "drupal_internal__target_id": 316
            }
          },
          "links": {
            "related": {
              "href": "https://prodv0ojd6qy.main.acsf.baywsf.com/jsonapi/node/answer/e1616db3-0134-4c5f-abb8-375b13f2e8a7/audience_tag?resourceVersion=id%3A46156"
            },
            "self": {
              "href": "https://prodv0ojd6qy.main.acsf.baywsf.com/jsonapi/node/answer/e1616db3-0134-4c5f-abb8-375b13f2e8a7/relationships/audience_tag?resourceVersion=id%3A46156"
            }
          }
        },
        "field_answer_category": {
          "data": [],
          "links": {
            "related": {
              "href": "https://prodv0ojd6qy.main.acsf.baywsf.com/jsonapi/node/answer/e1616db3-0134-4c5f-abb8-375b13f2e8a7/field_answer_category?resourceVersion=id%3A46156"
            },
            "self": {
              "href": "https://prodv0ojd6qy.main.acsf.baywsf.com/jsonapi/node/answer/e1616db3-0134-4c5f-abb8-375b13f2e8a7/relationships/field_answer_category?resourceVersion=id%3A46156"
            }
          }
        },
        "field_next_question": {
          "data": null,
          "links": {
            "related": {
              "href": "https://prodv0ojd6qy.main.acsf.baywsf.com/jsonapi/node/answer/e1616db3-0134-4c5f-abb8-375b13f2e8a7/field_next_question?resourceVersion=id%3A46156"
            },
            "self": {
              "href": "https://prodv0ojd6qy.main.acsf.baywsf.com/jsonapi/node/answer/e1616db3-0134-4c5f-abb8-375b13f2e8a7/relationships/field_next_question?resourceVersion=id%3A46156"
            }
          }
        },
        "field_result": {
          "data": null,
          "links": {
            "related": {
              "href": "https://prodv0ojd6qy.main.acsf.baywsf.com/jsonapi/node/answer/e1616db3-0134-4c5f-abb8-375b13f2e8a7/field_result?resourceVersion=id%3A46156"
            },
            "self": {
              "href": "https://prodv0ojd6qy.main.acsf.baywsf.com/jsonapi/node/answer/e1616db3-0134-4c5f-abb8-375b13f2e8a7/relationships/field_result?resourceVersion=id%3A46156"
            }
          }
        }
      }
    },
    {
      "type": "node--answer",
      "id": "b6acfaf1-0c57-4db6-bd99-d8ba9dd80ea7",
      "links": {
        "self": {
          "href": "https://prodv0ojd6qy.main.acsf.baywsf.com/jsonapi/node/answer/b6acfaf1-0c57-4db6-bd99-d8ba9dd80ea7?resourceVersion=id%3A46141"
        }
      },
      "attributes": {
        "drupal_internal__nid": 1271,
        "drupal_internal__vid": 46141,
        "langcode": "en",
        "revision_timestamp": "2023-01-17T13:44:26+00:00",
        "revision_log": null,
        "status": true,
        "title": "Sports are a hobby",
        "created": "2023-01-17T13:44:26+00:00",
        "changed": "2023-01-27T16:51:18+00:00",
        "promote": true,
        "sticky": false,
        "default_langcode": true,
        "revision_translation_affected": true,
        "moderation_state": null,
        "metatag": null,
        "path": {
          "alias": null,
          "pid": null,
          "langcode": "en"
        },
        "private": false,
        "field_metatags": null,
        "content_translation_source": "und",
        "content_translation_outdated": false,
        "published_at": "2023-01-17T13:49:06+00:00",
        "field_answer_summary": {
          "value": "\u003Cp\u003ESports are a hobby\u003C/p\u003E\r\n",
          "format": "cohesion_without_glossify",
          "processed": "\u003Cp\u003ESports are a hobby\u003C/p\u003E\n"
        },
        "field_instruction": null
      },
      "relationships": {
        "node_type": {
          "data": {
            "type": "node_type--node_type",
            "id": "2b9459ba-6e80-4cd4-b243-d970bac27c44",
            "meta": {
              "drupal_internal__target_id": "answer"
            }
          },
          "links": {
            "related": {
              "href": "https://prodv0ojd6qy.main.acsf.baywsf.com/jsonapi/node/answer/b6acfaf1-0c57-4db6-bd99-d8ba9dd80ea7/node_type?resourceVersion=id%3A46141"
            },
            "self": {
              "href": "https://prodv0ojd6qy.main.acsf.baywsf.com/jsonapi/node/answer/b6acfaf1-0c57-4db6-bd99-d8ba9dd80ea7/relationships/node_type?resourceVersion=id%3A46141"
            }
          }
        },
        "revision_uid": {
          "data": {
            "type": "user--user",
            "id": "ca644710-b0bf-4511-85df-451f03b5e0fb",
            "meta": {
              "drupal_internal__target_id": 6216
            }
          },
          "links": {
            "related": {
              "href": "https://prodv0ojd6qy.main.acsf.baywsf.com/jsonapi/node/answer/b6acfaf1-0c57-4db6-bd99-d8ba9dd80ea7/revision_uid?resourceVersion=id%3A46141"
            },
            "self": {
              "href": "https://prodv0ojd6qy.main.acsf.baywsf.com/jsonapi/node/answer/b6acfaf1-0c57-4db6-bd99-d8ba9dd80ea7/relationships/revision_uid?resourceVersion=id%3A46141"
            }
          }
        },
        "uid": {
          "data": {
            "type": "user--user",
            "id": "ca644710-b0bf-4511-85df-451f03b5e0fb",
            "meta": {
              "drupal_internal__target_id": 6216
            }
          },
          "links": {
            "related": {
              "href": "https://prodv0ojd6qy.main.acsf.baywsf.com/jsonapi/node/answer/b6acfaf1-0c57-4db6-bd99-d8ba9dd80ea7/uid?resourceVersion=id%3A46141"
            },
            "self": {
              "href": "https://prodv0ojd6qy.main.acsf.baywsf.com/jsonapi/node/answer/b6acfaf1-0c57-4db6-bd99-d8ba9dd80ea7/relationships/uid?resourceVersion=id%3A46141"
            }
          }
        },
        "field_schema_json_ld_file": {
          "data": null,
          "links": {
            "related": {
              "href": "https://prodv0ojd6qy.main.acsf.baywsf.com/jsonapi/node/answer/b6acfaf1-0c57-4db6-bd99-d8ba9dd80ea7/field_schema_json_ld_file?resourceVersion=id%3A46141"
            },
            "self": {
              "href": "https://prodv0ojd6qy.main.acsf.baywsf.com/jsonapi/node/answer/b6acfaf1-0c57-4db6-bd99-d8ba9dd80ea7/relationships/field_schema_json_ld_file?resourceVersion=id%3A46141"
            }
          }
        },
        "audience_tag": {
          "data": {
            "type": "taxonomy_term--audience",
            "id": "b0ef5480-df1e-45d3-a61b-12bc57be205d",
            "meta": {
              "drupal_internal__target_id": 316
            }
          },
          "links": {
            "related": {
              "href": "https://prodv0ojd6qy.main.acsf.baywsf.com/jsonapi/node/answer/b6acfaf1-0c57-4db6-bd99-d8ba9dd80ea7/audience_tag?resourceVersion=id%3A46141"
            },
            "self": {
              "href": "https://prodv0ojd6qy.main.acsf.baywsf.com/jsonapi/node/answer/b6acfaf1-0c57-4db6-bd99-d8ba9dd80ea7/relationships/audience_tag?resourceVersion=id%3A46141"
            }
          }
        },
        "field_answer_category": {
          "data": [],
          "links": {
            "related": {
              "href": "https://prodv0ojd6qy.main.acsf.baywsf.com/jsonapi/node/answer/b6acfaf1-0c57-4db6-bd99-d8ba9dd80ea7/field_answer_category?resourceVersion=id%3A46141"
            },
            "self": {
              "href": "https://prodv0ojd6qy.main.acsf.baywsf.com/jsonapi/node/answer/b6acfaf1-0c57-4db6-bd99-d8ba9dd80ea7/relationships/field_answer_category?resourceVersion=id%3A46141"
            }
          }
        },
        "field_next_question": {
          "data": null,
          "links": {
            "related": {
              "href": "https://prodv0ojd6qy.main.acsf.baywsf.com/jsonapi/node/answer/b6acfaf1-0c57-4db6-bd99-d8ba9dd80ea7/field_next_question?resourceVersion=id%3A46141"
            },
            "self": {
              "href": "https://prodv0ojd6qy.main.acsf.baywsf.com/jsonapi/node/answer/b6acfaf1-0c57-4db6-bd99-d8ba9dd80ea7/relationships/field_next_question?resourceVersion=id%3A46141"
            }
          }
        },
        "field_result": {
          "data": null,
          "links": {
            "related": {
              "href": "https://prodv0ojd6qy.main.acsf.baywsf.com/jsonapi/node/answer/b6acfaf1-0c57-4db6-bd99-d8ba9dd80ea7/field_result?resourceVersion=id%3A46141"
            },
            "self": {
              "href": "https://prodv0ojd6qy.main.acsf.baywsf.com/jsonapi/node/answer/b6acfaf1-0c57-4db6-bd99-d8ba9dd80ea7/relationships/field_result?resourceVersion=id%3A46141"
            }
          }
        }
      }
    },
    {
      "type": "node--answer",
      "id": "bb8431ba-a7fb-4e3b-8fb0-0764bca5999d",
      "links": {
        "self": {
          "href": "https://prodv0ojd6qy.main.acsf.baywsf.com/jsonapi/node/answer/bb8431ba-a7fb-4e3b-8fb0-0764bca5999d?resourceVersion=id%3A46146"
        }
      },
      "attributes": {
        "drupal_internal__nid": 1276,
        "drupal_internal__vid": 46146,
        "langcode": "en",
        "revision_timestamp": "2023-01-17T13:45:05+00:00",
        "revision_log": null,
        "status": true,
        "title": "Just a regular fan",
        "created": "2023-01-17T13:45:05+00:00",
        "changed": "2023-01-27T16:51:18+00:00",
        "promote": true,
        "sticky": false,
        "default_langcode": true,
        "revision_translation_affected": true,
        "moderation_state": null,
        "metatag": null,
        "path": {
          "alias": null,
          "pid": null,
          "langcode": "en"
        },
        "private": false,
        "field_metatags": null,
        "content_translation_source": "und",
        "content_translation_outdated": false,
        "published_at": "2023-01-17T13:49:06+00:00",
        "field_answer_summary": {
          "value": "\u003Cp\u003EJust a regular fan\u003C/p\u003E\r\n",
          "format": "cohesion_without_glossify",
          "processed": "\u003Cp\u003EJust a regular fan\u003C/p\u003E\n"
        },
        "field_instruction": null
      },
      "relationships": {
        "node_type": {
          "data": {
            "type": "node_type--node_type",
            "id": "2b9459ba-6e80-4cd4-b243-d970bac27c44",
            "meta": {
              "drupal_internal__target_id": "answer"
            }
          },
          "links": {
            "related": {
              "href": "https://prodv0ojd6qy.main.acsf.baywsf.com/jsonapi/node/answer/bb8431ba-a7fb-4e3b-8fb0-0764bca5999d/node_type?resourceVersion=id%3A46146"
            },
            "self": {
              "href": "https://prodv0ojd6qy.main.acsf.baywsf.com/jsonapi/node/answer/bb8431ba-a7fb-4e3b-8fb0-0764bca5999d/relationships/node_type?resourceVersion=id%3A46146"
            }
          }
        },
        "revision_uid": {
          "data": {
            "type": "user--user",
            "id": "ca644710-b0bf-4511-85df-451f03b5e0fb",
            "meta": {
              "drupal_internal__target_id": 6216
            }
          },
          "links": {
            "related": {
              "href": "https://prodv0ojd6qy.main.acsf.baywsf.com/jsonapi/node/answer/bb8431ba-a7fb-4e3b-8fb0-0764bca5999d/revision_uid?resourceVersion=id%3A46146"
            },
            "self": {
              "href": "https://prodv0ojd6qy.main.acsf.baywsf.com/jsonapi/node/answer/bb8431ba-a7fb-4e3b-8fb0-0764bca5999d/relationships/revision_uid?resourceVersion=id%3A46146"
            }
          }
        },
        "uid": {
          "data": {
            "type": "user--user",
            "id": "ca644710-b0bf-4511-85df-451f03b5e0fb",
            "meta": {
              "drupal_internal__target_id": 6216
            }
          },
          "links": {
            "related": {
              "href": "https://prodv0ojd6qy.main.acsf.baywsf.com/jsonapi/node/answer/bb8431ba-a7fb-4e3b-8fb0-0764bca5999d/uid?resourceVersion=id%3A46146"
            },
            "self": {
              "href": "https://prodv0ojd6qy.main.acsf.baywsf.com/jsonapi/node/answer/bb8431ba-a7fb-4e3b-8fb0-0764bca5999d/relationships/uid?resourceVersion=id%3A46146"
            }
          }
        },
        "field_schema_json_ld_file": {
          "data": null,
          "links": {
            "related": {
              "href": "https://prodv0ojd6qy.main.acsf.baywsf.com/jsonapi/node/answer/bb8431ba-a7fb-4e3b-8fb0-0764bca5999d/field_schema_json_ld_file?resourceVersion=id%3A46146"
            },
            "self": {
              "href": "https://prodv0ojd6qy.main.acsf.baywsf.com/jsonapi/node/answer/bb8431ba-a7fb-4e3b-8fb0-0764bca5999d/relationships/field_schema_json_ld_file?resourceVersion=id%3A46146"
            }
          }
        },
        "audience_tag": {
          "data": {
            "type": "taxonomy_term--audience",
            "id": "b0ef5480-df1e-45d3-a61b-12bc57be205d",
            "meta": {
              "drupal_internal__target_id": 316
            }
          },
          "links": {
            "related": {
              "href": "https://prodv0ojd6qy.main.acsf.baywsf.com/jsonapi/node/answer/bb8431ba-a7fb-4e3b-8fb0-0764bca5999d/audience_tag?resourceVersion=id%3A46146"
            },
            "self": {
              "href": "https://prodv0ojd6qy.main.acsf.baywsf.com/jsonapi/node/answer/bb8431ba-a7fb-4e3b-8fb0-0764bca5999d/relationships/audience_tag?resourceVersion=id%3A46146"
            }
          }
        },
        "field_answer_category": {
          "data": [],
          "links": {
            "related": {
              "href": "https://prodv0ojd6qy.main.acsf.baywsf.com/jsonapi/node/answer/bb8431ba-a7fb-4e3b-8fb0-0764bca5999d/field_answer_category?resourceVersion=id%3A46146"
            },
            "self": {
              "href": "https://prodv0ojd6qy.main.acsf.baywsf.com/jsonapi/node/answer/bb8431ba-a7fb-4e3b-8fb0-0764bca5999d/relationships/field_answer_category?resourceVersion=id%3A46146"
            }
          }
        },
        "field_next_question": {
          "data": null,
          "links": {
            "related": {
              "href": "https://prodv0ojd6qy.main.acsf.baywsf.com/jsonapi/node/answer/bb8431ba-a7fb-4e3b-8fb0-0764bca5999d/field_next_question?resourceVersion=id%3A46146"
            },
            "self": {
              "href": "https://prodv0ojd6qy.main.acsf.baywsf.com/jsonapi/node/answer/bb8431ba-a7fb-4e3b-8fb0-0764bca5999d/relationships/field_next_question?resourceVersion=id%3A46146"
            }
          }
        },
        "field_result": {
          "data": null,
          "links": {
            "related": {
              "href": "https://prodv0ojd6qy.main.acsf.baywsf.com/jsonapi/node/answer/bb8431ba-a7fb-4e3b-8fb0-0764bca5999d/field_result?resourceVersion=id%3A46146"
            },
            "self": {
              "href": "https://prodv0ojd6qy.main.acsf.baywsf.com/jsonapi/node/answer/bb8431ba-a7fb-4e3b-8fb0-0764bca5999d/relationships/field_result?resourceVersion=id%3A46146"
            }
          }
        }
      }
    },
    {
      "type": "node--answer",
      "id": "8fe9d98b-c9dc-4ab1-bab7-25bc1472368e",
      "links": {
        "self": {
          "href": "https://prodv0ojd6qy.main.acsf.baywsf.com/jsonapi/node/answer/8fe9d98b-c9dc-4ab1-bab7-25bc1472368e?resourceVersion=id%3A46151"
        }
      },
      "attributes": {
        "drupal_internal__nid": 1281,
        "drupal_internal__vid": 46151,
        "langcode": "en",
        "revision_timestamp": "2023-01-17T13:47:55+00:00",
        "revision_log": null,
        "status": true,
        "title": "I \u201cride or die\u201d for \u2018my\u2019 team",
        "created": "2023-01-17T13:47:55+00:00",
        "changed": "2023-01-27T16:51:18+00:00",
        "promote": true,
        "sticky": false,
        "default_langcode": true,
        "revision_translation_affected": true,
        "moderation_state": null,
        "metatag": null,
        "path": {
          "alias": null,
          "pid": null,
          "langcode": "en"
        },
        "private": false,
        "field_metatags": null,
        "content_translation_source": "und",
        "content_translation_outdated": false,
        "published_at": "2023-01-17T13:49:06+00:00",
        "field_answer_summary": {
          "value": "\u003Cp\u003EI \u201cride or die\u201d for \u2018my\u2019 team\u003C/p\u003E\r\n",
          "format": "cohesion_without_glossify",
          "processed": "\u003Cp\u003EI \u201cride or die\u201d for \u2018my\u2019 team\u003C/p\u003E\n"
        },
        "field_instruction": null
      },
      "relationships": {
        "node_type": {
          "data": {
            "type": "node_type--node_type",
            "id": "2b9459ba-6e80-4cd4-b243-d970bac27c44",
            "meta": {
              "drupal_internal__target_id": "answer"
            }
          },
          "links": {
            "related": {
              "href": "https://prodv0ojd6qy.main.acsf.baywsf.com/jsonapi/node/answer/8fe9d98b-c9dc-4ab1-bab7-25bc1472368e/node_type?resourceVersion=id%3A46151"
            },
            "self": {
              "href": "https://prodv0ojd6qy.main.acsf.baywsf.com/jsonapi/node/answer/8fe9d98b-c9dc-4ab1-bab7-25bc1472368e/relationships/node_type?resourceVersion=id%3A46151"
            }
          }
        },
        "revision_uid": {
          "data": {
            "type": "user--user",
            "id": "ca644710-b0bf-4511-85df-451f03b5e0fb",
            "meta": {
              "drupal_internal__target_id": 6216
            }
          },
          "links": {
            "related": {
              "href": "https://prodv0ojd6qy.main.acsf.baywsf.com/jsonapi/node/answer/8fe9d98b-c9dc-4ab1-bab7-25bc1472368e/revision_uid?resourceVersion=id%3A46151"
            },
            "self": {
              "href": "https://prodv0ojd6qy.main.acsf.baywsf.com/jsonapi/node/answer/8fe9d98b-c9dc-4ab1-bab7-25bc1472368e/relationships/revision_uid?resourceVersion=id%3A46151"
            }
          }
        },
        "uid": {
          "data": {
            "type": "user--user",
            "id": "ca644710-b0bf-4511-85df-451f03b5e0fb",
            "meta": {
              "drupal_internal__target_id": 6216
            }
          },
          "links": {
            "related": {
              "href": "https://prodv0ojd6qy.main.acsf.baywsf.com/jsonapi/node/answer/8fe9d98b-c9dc-4ab1-bab7-25bc1472368e/uid?resourceVersion=id%3A46151"
            },
            "self": {
              "href": "https://prodv0ojd6qy.main.acsf.baywsf.com/jsonapi/node/answer/8fe9d98b-c9dc-4ab1-bab7-25bc1472368e/relationships/uid?resourceVersion=id%3A46151"
            }
          }
        },
        "field_schema_json_ld_file": {
          "data": null,
          "links": {
            "related": {
              "href": "https://prodv0ojd6qy.main.acsf.baywsf.com/jsonapi/node/answer/8fe9d98b-c9dc-4ab1-bab7-25bc1472368e/field_schema_json_ld_file?resourceVersion=id%3A46151"
            },
            "self": {
              "href": "https://prodv0ojd6qy.main.acsf.baywsf.com/jsonapi/node/answer/8fe9d98b-c9dc-4ab1-bab7-25bc1472368e/relationships/field_schema_json_ld_file?resourceVersion=id%3A46151"
            }
          }
        },
        "audience_tag": {
          "data": {
            "type": "taxonomy_term--audience",
            "id": "b0ef5480-df1e-45d3-a61b-12bc57be205d",
            "meta": {
              "drupal_internal__target_id": 316
            }
          },
          "links": {
            "related": {
              "href": "https://prodv0ojd6qy.main.acsf.baywsf.com/jsonapi/node/answer/8fe9d98b-c9dc-4ab1-bab7-25bc1472368e/audience_tag?resourceVersion=id%3A46151"
            },
            "self": {
              "href": "https://prodv0ojd6qy.main.acsf.baywsf.com/jsonapi/node/answer/8fe9d98b-c9dc-4ab1-bab7-25bc1472368e/relationships/audience_tag?resourceVersion=id%3A46151"
            }
          }
        },
        "field_answer_category": {
          "data": [],
          "links": {
            "related": {
              "href": "https://prodv0ojd6qy.main.acsf.baywsf.com/jsonapi/node/answer/8fe9d98b-c9dc-4ab1-bab7-25bc1472368e/field_answer_category?resourceVersion=id%3A46151"
            },
            "self": {
              "href": "https://prodv0ojd6qy.main.acsf.baywsf.com/jsonapi/node/answer/8fe9d98b-c9dc-4ab1-bab7-25bc1472368e/relationships/field_answer_category?resourceVersion=id%3A46151"
            }
          }
        },
        "field_next_question": {
          "data": null,
          "links": {
            "related": {
              "href": "https://prodv0ojd6qy.main.acsf.baywsf.com/jsonapi/node/answer/8fe9d98b-c9dc-4ab1-bab7-25bc1472368e/field_next_question?resourceVersion=id%3A46151"
            },
            "self": {
              "href": "https://prodv0ojd6qy.main.acsf.baywsf.com/jsonapi/node/answer/8fe9d98b-c9dc-4ab1-bab7-25bc1472368e/relationships/field_next_question?resourceVersion=id%3A46151"
            }
          }
        },
        "field_result": {
          "data": null,
          "links": {
            "related": {
              "href": "https://prodv0ojd6qy.main.acsf.baywsf.com/jsonapi/node/answer/8fe9d98b-c9dc-4ab1-bab7-25bc1472368e/field_result?resourceVersion=id%3A46151"
            },
            "self": {
              "href": "https://prodv0ojd6qy.main.acsf.baywsf.com/jsonapi/node/answer/8fe9d98b-c9dc-4ab1-bab7-25bc1472368e/relationships/field_result?resourceVersion=id%3A46151"
            }
          }
        }
      }
    }
  ],
  "links": {
    "self": {
      "href": "https://prodv0ojd6qy.main.acsf.baywsf.com/jsonapi/node/question/cd2a7f65-30e3-427b-aef5-460db19d0662?include=field_answer"
    }
  }
}
