{
  "jsonapi": {
    "version": "1.0",
    "meta": {
      "links": {
        "self": {
          "href": "http:\/\/jsonapi.org\/format\/1.0\/"
        }
      }
    }
  },
  "data": {
    "type": "node--question",
    "id": "cd94008a-5c2b-4528-831f-d2b8939a6a45",
    "links": {
      "self": {
        "href": "https:\/\/prodv0ojd6qy.main.acsf.baywsf.com\/jsonapi\/node\/question\/cd94008a-5c2b-4528-831f-d2b8939a6a45?resourceVersion=id%3A46421"
      }
    },
    "attributes": {
      "drupal_internal__nid": 1501,
      "drupal_internal__vid": 46421,
      "langcode": "en",
      "revision_timestamp": "2023-01-17T14:24:09+00:00",
      "revision_log": null,
      "status": true,
      "title": "Do you experience any of the following symptoms?",
      "created": "2023-01-17T14:24:09+00:00",
      "changed": "2023-01-17T14:24:09+00:00",
      "promote": false,
      "sticky": false,
      "default_langcode": true,
      "revision_translation_affected": true,
      "moderation_state": null,
      "metatag": null,
      "path": {
        "alias": null,
        "pid": null,
        "langcode": "en"
      },
      "private": false,
      "field_metatags": null,
      "content_translation_source": "und",
      "content_translation_outdated": false,
      "published_at": "2023-01-17T14:24:15+00:00",
      "field_error": null,
      "field_explanation": null,
      "field_instruction": {
        "value": "\u003Cp\u003E\u0026nbsp;Select all that apply.\u003C\/p\u003E\r\n",
        "format": "cohesion_without_glossify",
        "processed": "\u003Cp\u003E\u00a0Select all that apply.\u003C\/p\u003E\n"
      },
      "field_references": null
    },
    "relationships": {
      "node_type": {
        "data": {
          "type": "node_type--node_type",
          "id": "b36305cf-d6a4-4b58-94fd-9bd56dc48d0a",
          "meta": {
            "drupal_internal__target_id": "question"
          }
        },
        "links": {
          "related": {
            "href": "https:\/\/prodv0ojd6qy.main.acsf.baywsf.com\/jsonapi\/node\/question\/cd94008a-5c2b-4528-831f-d2b8939a6a45\/node_type?resourceVersion=id%3A46421"
          },
          "self": {
            "href": "https:\/\/prodv0ojd6qy.main.acsf.baywsf.com\/jsonapi\/node\/question\/cd94008a-5c2b-4528-831f-d2b8939a6a45\/relationships\/node_type?resourceVersion=id%3A46421"
          }
        }
      },
      "revision_uid": {
        "data": {
          "type": "user--user",
          "id": "ca644710-b0bf-4511-85df-451f03b5e0fb",
          "meta": {
            "drupal_internal__target_id": 6216
          }
        },
        "links": {
          "related": {
            "href": "https:\/\/prodv0ojd6qy.main.acsf.baywsf.com\/jsonapi\/node\/question\/cd94008a-5c2b-4528-831f-d2b8939a6a45\/revision_uid?resourceVersion=id%3A46421"
          },
          "self": {
            "href": "https:\/\/prodv0ojd6qy.main.acsf.baywsf.com\/jsonapi\/node\/question\/cd94008a-5c2b-4528-831f-d2b8939a6a45\/relationships\/revision_uid?resourceVersion=id%3A46421"
          }
        }
      },
      "uid": {
        "data": {
          "type": "user--user",
          "id": "ca644710-b0bf-4511-85df-451f03b5e0fb",
          "meta": {
            "drupal_internal__target_id": 6216
          }
        },
        "links": {
          "related": {
            "href": "https:\/\/prodv0ojd6qy.main.acsf.baywsf.com\/jsonapi\/node\/question\/cd94008a-5c2b-4528-831f-d2b8939a6a45\/uid?resourceVersion=id%3A46421"
          },
          "self": {
            "href": "https:\/\/prodv0ojd6qy.main.acsf.baywsf.com\/jsonapi\/node\/question\/cd94008a-5c2b-4528-831f-d2b8939a6a45\/relationships\/uid?resourceVersion=id%3A46421"
          }
        }
      },
      "field_schema_json_ld_file": {
        "data": null,
        "links": {
          "related": {
            "href": "https:\/\/prodv0ojd6qy.main.acsf.baywsf.com\/jsonapi\/node\/question\/cd94008a-5c2b-4528-831f-d2b8939a6a45\/field_schema_json_ld_file?resourceVersion=id%3A46421"
          },
          "self": {
            "href": "https:\/\/prodv0ojd6qy.main.acsf.baywsf.com\/jsonapi\/node\/question\/cd94008a-5c2b-4528-831f-d2b8939a6a45\/relationships\/field_schema_json_ld_file?resourceVersion=id%3A46421"
          }
        }
      },
      "audience_tag": {
        "data": {
          "type": "taxonomy_term--audience",
          "id": "b0ef5480-df1e-45d3-a61b-12bc57be205d",
          "meta": {
            "drupal_internal__target_id": 316
          }
        },
        "links": {
          "related": {
            "href": "https:\/\/prodv0ojd6qy.main.acsf.baywsf.com\/jsonapi\/node\/question\/cd94008a-5c2b-4528-831f-d2b8939a6a45\/audience_tag?resourceVersion=id%3A46421"
          },
          "self": {
            "href": "https:\/\/prodv0ojd6qy.main.acsf.baywsf.com\/jsonapi\/node\/question\/cd94008a-5c2b-4528-831f-d2b8939a6a45\/relationships\/audience_tag?resourceVersion=id%3A46421"
          }
        }
      },
      "field_actions": {
        "data": [],
        "links": {
          "related": {
            "href": "https:\/\/prodv0ojd6qy.main.acsf.baywsf.com\/jsonapi\/node\/question\/cd94008a-5c2b-4528-831f-d2b8939a6a45\/field_actions?resourceVersion=id%3A46421"
          },
          "self": {
            "href": "https:\/\/prodv0ojd6qy.main.acsf.baywsf.com\/jsonapi\/node\/question\/cd94008a-5c2b-4528-831f-d2b8939a6a45\/relationships\/field_actions?resourceVersion=id%3A46421"
          }
        }
      },
      "field_answer": {
        "data": [
          {
            "type": "node--answer",
            "id": "c649cece-76eb-4d00-bd12-99c3ef772b50",
            "meta": {
              "drupal_internal__target_id": 1476
            }
          },
          {
            "type": "node--answer",
            "id": "15c159f5-8466-4cea-ade2-1648f0875549",
            "meta": {
              "drupal_internal__target_id": 1481
            }
          },
          {
            "type": "node--answer",
            "id": "ca53434e-7f53-4cb4-89f1-c17b3ce7619a",
            "meta": {
              "drupal_internal__target_id": 1486
            }
          },
          {
            "type": "node--answer",
            "id": "824f6b53-341e-47ea-bd79-bd76a30dc744",
            "meta": {
              "drupal_internal__target_id": 1491
            }
          },
          {
            "type": "node--answer",
            "id": "e739b918-1a8a-4f5e-b617-86dfe341c8fc",
            "meta": {
              "drupal_internal__target_id": 1496
            }
          }
        ],
        "links": {
          "related": {
            "href": "https:\/\/prodv0ojd6qy.main.acsf.baywsf.com\/jsonapi\/node\/question\/cd94008a-5c2b-4528-831f-d2b8939a6a45\/field_answer?resourceVersion=id%3A46421"
          },
          "self": {
            "href": "https:\/\/prodv0ojd6qy.main.acsf.baywsf.com\/jsonapi\/node\/question\/cd94008a-5c2b-4528-831f-d2b8939a6a45\/relationships\/field_answer?resourceVersion=id%3A46421"
          }
        }
      },
      "field_correct": {
        "data": [],
        "links": {
          "related": {
            "href": "https:\/\/prodv0ojd6qy.main.acsf.baywsf.com\/jsonapi\/node\/question\/cd94008a-5c2b-4528-831f-d2b8939a6a45\/field_correct?resourceVersion=id%3A46421"
          },
          "self": {
            "href": "https:\/\/prodv0ojd6qy.main.acsf.baywsf.com\/jsonapi\/node\/question\/cd94008a-5c2b-4528-831f-d2b8939a6a45\/relationships\/field_correct?resourceVersion=id%3A46421"
          }
        }
      },
      "field_question_group": {
        "data": [],
        "links": {
          "related": {
            "href": "https:\/\/prodv0ojd6qy.main.acsf.baywsf.com\/jsonapi\/node\/question\/cd94008a-5c2b-4528-831f-d2b8939a6a45\/field_question_group?resourceVersion=id%3A46421"
          },
          "self": {
            "href": "https:\/\/prodv0ojd6qy.main.acsf.baywsf.com\/jsonapi\/node\/question\/cd94008a-5c2b-4528-831f-d2b8939a6a45\/relationships\/field_question_group?resourceVersion=id%3A46421"
          }
        }
      }
    }
  },
  "included": [
    {
      "type": "node--answer",
      "id": "c649cece-76eb-4d00-bd12-99c3ef772b50",
      "links": {
        "self": {
          "href": "https:\/\/prodv0ojd6qy.main.acsf.baywsf.com\/jsonapi\/node\/answer\/c649cece-76eb-4d00-bd12-99c3ef772b50?resourceVersion=id%3A46396"
        }
      },
      "attributes": {
        "drupal_internal__nid": 1476,
        "drupal_internal__vid": 46396,
        "langcode": "en",
        "revision_timestamp": "2023-01-17T14:21:45+00:00",
        "revision_log": null,
        "status": true,
        "title": "Breathlessness",
        "created": "2023-01-17T14:21:45+00:00",
        "changed": "2023-01-17T14:21:45+00:00",
        "promote": true,
        "sticky": false,
        "default_langcode": true,
        "revision_translation_affected": true,
        "moderation_state": null,
        "metatag": null,
        "path": {
          "alias": null,
          "pid": null,
          "langcode": "en"
        },
        "private": false,
        "field_metatags": null,
        "content_translation_source": "und",
        "content_translation_outdated": false,
        "published_at": "2023-01-17T14:24:15+00:00",
        "field_answer_summary": {
          "value": "\u003Cp\u003EBREATHLESSNESS\u003C\/p\u003E\r\n",
          "format": "cohesion_without_glossify",
          "processed": "\u003Cp\u003EBREATHLESSNESS\u003C\/p\u003E\n"
        },
        "field_instruction": null
      },
      "relationships": {
        "node_type": {
          "data": {
            "type": "node_type--node_type",
            "id": "2b9459ba-6e80-4cd4-b243-d970bac27c44",
            "meta": {
              "drupal_internal__target_id": "answer"
            }
          },
          "links": {
            "related": {
              "href": "https:\/\/prodv0ojd6qy.main.acsf.baywsf.com\/jsonapi\/node\/answer\/c649cece-76eb-4d00-bd12-99c3ef772b50\/node_type?resourceVersion=id%3A46396"
            },
            "self": {
              "href": "https:\/\/prodv0ojd6qy.main.acsf.baywsf.com\/jsonapi\/node\/answer\/c649cece-76eb-4d00-bd12-99c3ef772b50\/relationships\/node_type?resourceVersion=id%3A46396"
            }
          }
        },
        "revision_uid": {
          "data": {
            "type": "user--user",
            "id": "ca644710-b0bf-4511-85df-451f03b5e0fb",
            "meta": {
              "drupal_internal__target_id": 6216
            }
          },
          "links": {
            "related": {
              "href": "https:\/\/prodv0ojd6qy.main.acsf.baywsf.com\/jsonapi\/node\/answer\/c649cece-76eb-4d00-bd12-99c3ef772b50\/revision_uid?resourceVersion=id%3A46396"
            },
            "self": {
              "href": "https:\/\/prodv0ojd6qy.main.acsf.baywsf.com\/jsonapi\/node\/answer\/c649cece-76eb-4d00-bd12-99c3ef772b50\/relationships\/revision_uid?resourceVersion=id%3A46396"
            }
          }
        },
        "uid": {
          "data": {
            "type": "user--user",
            "id": "ca644710-b0bf-4511-85df-451f03b5e0fb",
            "meta": {
              "drupal_internal__target_id": 6216
            }
          },
          "links": {
            "related": {
              "href": "https:\/\/prodv0ojd6qy.main.acsf.baywsf.com\/jsonapi\/node\/answer\/c649cece-76eb-4d00-bd12-99c3ef772b50\/uid?resourceVersion=id%3A46396"
            },
            "self": {
              "href": "https:\/\/prodv0ojd6qy.main.acsf.baywsf.com\/jsonapi\/node\/answer\/c649cece-76eb-4d00-bd12-99c3ef772b50\/relationships\/uid?resourceVersion=id%3A46396"
            }
          }
        },
        "field_schema_json_ld_file": {
          "data": null,
          "links": {
            "related": {
              "href": "https:\/\/prodv0ojd6qy.main.acsf.baywsf.com\/jsonapi\/node\/answer\/c649cece-76eb-4d00-bd12-99c3ef772b50\/field_schema_json_ld_file?resourceVersion=id%3A46396"
            },
            "self": {
              "href": "https:\/\/prodv0ojd6qy.main.acsf.baywsf.com\/jsonapi\/node\/answer\/c649cece-76eb-4d00-bd12-99c3ef772b50\/relationships\/field_schema_json_ld_file?resourceVersion=id%3A46396"
            }
          }
        },
        "audience_tag": {
          "data": {
            "type": "taxonomy_term--audience",
            "id": "b0ef5480-df1e-45d3-a61b-12bc57be205d",
            "meta": {
              "drupal_internal__target_id": 316
            }
          },
          "links": {
            "related": {
              "href": "https:\/\/prodv0ojd6qy.main.acsf.baywsf.com\/jsonapi\/node\/answer\/c649cece-76eb-4d00-bd12-99c3ef772b50\/audience_tag?resourceVersion=id%3A46396"
            },
            "self": {
              "href": "https:\/\/prodv0ojd6qy.main.acsf.baywsf.com\/jsonapi\/node\/answer\/c649cece-76eb-4d00-bd12-99c3ef772b50\/relationships\/audience_tag?resourceVersion=id%3A46396"
            }
          }
        },
        "field_answer_category": {
          "data": [],
          "links": {
            "related": {
              "href": "https:\/\/prodv0ojd6qy.main.acsf.baywsf.com\/jsonapi\/node\/answer\/c649cece-76eb-4d00-bd12-99c3ef772b50\/field_answer_category?resourceVersion=id%3A46396"
            },
            "self": {
              "href": "https:\/\/prodv0ojd6qy.main.acsf.baywsf.com\/jsonapi\/node\/answer\/c649cece-76eb-4d00-bd12-99c3ef772b50\/relationships\/field_answer_category?resourceVersion=id%3A46396"
            }
          }
        },
        "field_next_question": {
          "data": null,
          "links": {
            "related": {
              "href": "https:\/\/prodv0ojd6qy.main.acsf.baywsf.com\/jsonapi\/node\/answer\/c649cece-76eb-4d00-bd12-99c3ef772b50\/field_next_question?resourceVersion=id%3A46396"
            },
            "self": {
              "href": "https:\/\/prodv0ojd6qy.main.acsf.baywsf.com\/jsonapi\/node\/answer\/c649cece-76eb-4d00-bd12-99c3ef772b50\/relationships\/field_next_question?resourceVersion=id%3A46396"
            }
          }
        },
        "field_result": {
          "data": null,
          "links": {
            "related": {
              "href": "https:\/\/prodv0ojd6qy.main.acsf.baywsf.com\/jsonapi\/node\/answer\/c649cece-76eb-4d00-bd12-99c3ef772b50\/field_result?resourceVersion=id%3A46396"
            },
            "self": {
              "href": "https:\/\/prodv0ojd6qy.main.acsf.baywsf.com\/jsonapi\/node\/answer\/c649cece-76eb-4d00-bd12-99c3ef772b50\/relationships\/field_result?resourceVersion=id%3A46396"
            }
          }
        }
      }
    },
    {
      "type": "node--answer",
      "id": "15c159f5-8466-4cea-ade2-1648f0875549",
      "links": {
        "self": {
          "href": "https:\/\/prodv0ojd6qy.main.acsf.baywsf.com\/jsonapi\/node\/answer\/15c159f5-8466-4cea-ade2-1648f0875549?resourceVersion=id%3A46401"
        }
      },
      "attributes": {
        "drupal_internal__nid": 1481,
        "drupal_internal__vid": 46401,
        "langcode": "en",
        "revision_timestamp": "2023-01-17T14:22:22+00:00",
        "revision_log": null,
        "status": true,
        "title": "Dizziness or giddiness",
        "created": "2023-01-17T14:22:22+00:00",
        "changed": "2023-01-17T14:22:22+00:00",
        "promote": true,
        "sticky": false,
        "default_langcode": true,
        "revision_translation_affected": true,
        "moderation_state": null,
        "metatag": null,
        "path": {
          "alias": null,
          "pid": null,
          "langcode": "en"
        },
        "private": false,
        "field_metatags": null,
        "content_translation_source": "und",
        "content_translation_outdated": false,
        "published_at": "2023-01-17T14:24:15+00:00",
        "field_answer_summary": {
          "value": "\u003Cp\u003EDIZZINESS_OR_GIDDINESS\u003C\/p\u003E\r\n",
          "format": "cohesion_without_glossify",
          "processed": "\u003Cp\u003EDIZZINESS_OR_GIDDINESS\u003C\/p\u003E\n"
        },
        "field_instruction": null
      },
      "relationships": {
        "node_type": {
          "data": {
            "type": "node_type--node_type",
            "id": "2b9459ba-6e80-4cd4-b243-d970bac27c44",
            "meta": {
              "drupal_internal__target_id": "answer"
            }
          },
          "links": {
            "related": {
              "href": "https:\/\/prodv0ojd6qy.main.acsf.baywsf.com\/jsonapi\/node\/answer\/15c159f5-8466-4cea-ade2-1648f0875549\/node_type?resourceVersion=id%3A46401"
            },
            "self": {
              "href": "https:\/\/prodv0ojd6qy.main.acsf.baywsf.com\/jsonapi\/node\/answer\/15c159f5-8466-4cea-ade2-1648f0875549\/relationships\/node_type?resourceVersion=id%3A46401"
            }
          }
        },
        "revision_uid": {
          "data": {
            "type": "user--user",
            "id": "ca644710-b0bf-4511-85df-451f03b5e0fb",
            "meta": {
              "drupal_internal__target_id": 6216
            }
          },
          "links": {
            "related": {
              "href": "https:\/\/prodv0ojd6qy.main.acsf.baywsf.com\/jsonapi\/node\/answer\/15c159f5-8466-4cea-ade2-1648f0875549\/revision_uid?resourceVersion=id%3A46401"
            },
            "self": {
              "href": "https:\/\/prodv0ojd6qy.main.acsf.baywsf.com\/jsonapi\/node\/answer\/15c159f5-8466-4cea-ade2-1648f0875549\/relationships\/revision_uid?resourceVersion=id%3A46401"
            }
          }
        },
        "uid": {
          "data": {
            "type": "user--user",
            "id": "ca644710-b0bf-4511-85df-451f03b5e0fb",
            "meta": {
              "drupal_internal__target_id": 6216
            }
          },
          "links": {
            "related": {
              "href": "https:\/\/prodv0ojd6qy.main.acsf.baywsf.com\/jsonapi\/node\/answer\/15c159f5-8466-4cea-ade2-1648f0875549\/uid?resourceVersion=id%3A46401"
            },
            "self": {
              "href": "https:\/\/prodv0ojd6qy.main.acsf.baywsf.com\/jsonapi\/node\/answer\/15c159f5-8466-4cea-ade2-1648f0875549\/relationships\/uid?resourceVersion=id%3A46401"
            }
          }
        },
        "field_schema_json_ld_file": {
          "data": null,
          "links": {
            "related": {
              "href": "https:\/\/prodv0ojd6qy.main.acsf.baywsf.com\/jsonapi\/node\/answer\/15c159f5-8466-4cea-ade2-1648f0875549\/field_schema_json_ld_file?resourceVersion=id%3A46401"
            },
            "self": {
              "href": "https:\/\/prodv0ojd6qy.main.acsf.baywsf.com\/jsonapi\/node\/answer\/15c159f5-8466-4cea-ade2-1648f0875549\/relationships\/field_schema_json_ld_file?resourceVersion=id%3A46401"
            }
          }
        },
        "audience_tag": {
          "data": {
            "type": "taxonomy_term--audience",
            "id": "b0ef5480-df1e-45d3-a61b-12bc57be205d",
            "meta": {
              "drupal_internal__target_id": 316
            }
          },
          "links": {
            "related": {
              "href": "https:\/\/prodv0ojd6qy.main.acsf.baywsf.com\/jsonapi\/node\/answer\/15c159f5-8466-4cea-ade2-1648f0875549\/audience_tag?resourceVersion=id%3A46401"
            },
            "self": {
              "href": "https:\/\/prodv0ojd6qy.main.acsf.baywsf.com\/jsonapi\/node\/answer\/15c159f5-8466-4cea-ade2-1648f0875549\/relationships\/audience_tag?resourceVersion=id%3A46401"
            }
          }
        },
        "field_answer_category": {
          "data": [],
          "links": {
            "related": {
              "href": "https:\/\/prodv0ojd6qy.main.acsf.baywsf.com\/jsonapi\/node\/answer\/15c159f5-8466-4cea-ade2-1648f0875549\/field_answer_category?resourceVersion=id%3A46401"
            },
            "self": {
              "href": "https:\/\/prodv0ojd6qy.main.acsf.baywsf.com\/jsonapi\/node\/answer\/15c159f5-8466-4cea-ade2-1648f0875549\/relationships\/field_answer_category?resourceVersion=id%3A46401"
            }
          }
        },
        "field_next_question": {
          "data": null,
          "links": {
            "related": {
              "href": "https:\/\/prodv0ojd6qy.main.acsf.baywsf.com\/jsonapi\/node\/answer\/15c159f5-8466-4cea-ade2-1648f0875549\/field_next_question?resourceVersion=id%3A46401"
            },
            "self": {
              "href": "https:\/\/prodv0ojd6qy.main.acsf.baywsf.com\/jsonapi\/node\/answer\/15c159f5-8466-4cea-ade2-1648f0875549\/relationships\/field_next_question?resourceVersion=id%3A46401"
            }
          }
        },
        "field_result": {
          "data": null,
          "links": {
            "related": {
              "href": "https:\/\/prodv0ojd6qy.main.acsf.baywsf.com\/jsonapi\/node\/answer\/15c159f5-8466-4cea-ade2-1648f0875549\/field_result?resourceVersion=id%3A46401"
            },
            "self": {
              "href": "https:\/\/prodv0ojd6qy.main.acsf.baywsf.com\/jsonapi\/node\/answer\/15c159f5-8466-4cea-ade2-1648f0875549\/relationships\/field_result?resourceVersion=id%3A46401"
            }
          }
        }
      }
    },
    {
      "type": "node--answer",
      "id": "ca53434e-7f53-4cb4-89f1-c17b3ce7619a",
      "links": {
        "self": {
          "href": "https:\/\/prodv0ojd6qy.main.acsf.baywsf.com\/jsonapi\/node\/answer\/ca53434e-7f53-4cb4-89f1-c17b3ce7619a?resourceVersion=id%3A46406"
        }
      },
      "attributes": {
        "drupal_internal__nid": 1486,
        "drupal_internal__vid": 46406,
        "langcode": "en",
        "revision_timestamp": "2023-01-17T14:23:03+00:00",
        "revision_log": null,
        "status": true,
        "title": "Loss of consciousness or collapse",
        "created": "2023-01-17T14:23:03+00:00",
        "changed": "2023-01-17T14:23:03+00:00",
        "promote": true,
        "sticky": false,
        "default_langcode": true,
        "revision_translation_affected": true,
        "moderation_state": null,
        "metatag": null,
        "path": {
          "alias": null,
          "pid": null,
          "langcode": "en"
        },
        "private": false,
        "field_metatags": null,
        "content_translation_source": "und",
        "content_translation_outdated": false,
        "published_at": "2023-01-17T14:24:15+00:00",
        "field_answer_summary": {
          "value": "\u003Cp\u003ELOSS_OF_CONSCIOUSNESS_OR_COLLAPSE\u003C\/p\u003E\r\n",
          "format": "cohesion_without_glossify",
          "processed": "\u003Cp\u003ELOSS_OF_CONSCIOUSNESS_OR_COLLAPSE\u003C\/p\u003E\n"
        },
        "field_instruction": null
      },
      "relationships": {
        "node_type": {
          "data": {
            "type": "node_type--node_type",
            "id": "2b9459ba-6e80-4cd4-b243-d970bac27c44",
            "meta": {
              "drupal_internal__target_id": "answer"
            }
          },
          "links": {
            "related": {
              "href": "https:\/\/prodv0ojd6qy.main.acsf.baywsf.com\/jsonapi\/node\/answer\/ca53434e-7f53-4cb4-89f1-c17b3ce7619a\/node_type?resourceVersion=id%3A46406"
            },
            "self": {
              "href": "https:\/\/prodv0ojd6qy.main.acsf.baywsf.com\/jsonapi\/node\/answer\/ca53434e-7f53-4cb4-89f1-c17b3ce7619a\/relationships\/node_type?resourceVersion=id%3A46406"
            }
          }
        },
        "revision_uid": {
          "data": {
            "type": "user--user",
            "id": "ca644710-b0bf-4511-85df-451f03b5e0fb",
            "meta": {
              "drupal_internal__target_id": 6216
            }
          },
          "links": {
            "related": {
              "href": "https:\/\/prodv0ojd6qy.main.acsf.baywsf.com\/jsonapi\/node\/answer\/ca53434e-7f53-4cb4-89f1-c17b3ce7619a\/revision_uid?resourceVersion=id%3A46406"
            },
            "self": {
              "href": "https:\/\/prodv0ojd6qy.main.acsf.baywsf.com\/jsonapi\/node\/answer\/ca53434e-7f53-4cb4-89f1-c17b3ce7619a\/relationships\/revision_uid?resourceVersion=id%3A46406"
            }
          }
        },
        "uid": {
          "data": {
            "type": "user--user",
            "id": "ca644710-b0bf-4511-85df-451f03b5e0fb",
            "meta": {
              "drupal_internal__target_id": 6216
            }
          },
          "links": {
            "related": {
              "href": "https:\/\/prodv0ojd6qy.main.acsf.baywsf.com\/jsonapi\/node\/answer\/ca53434e-7f53-4cb4-89f1-c17b3ce7619a\/uid?resourceVersion=id%3A46406"
            },
            "self": {
              "href": "https:\/\/prodv0ojd6qy.main.acsf.baywsf.com\/jsonapi\/node\/answer\/ca53434e-7f53-4cb4-89f1-c17b3ce7619a\/relationships\/uid?resourceVersion=id%3A46406"
            }
          }
        },
        "field_schema_json_ld_file": {
          "data": null,
          "links": {
            "related": {
              "href": "https:\/\/prodv0ojd6qy.main.acsf.baywsf.com\/jsonapi\/node\/answer\/ca53434e-7f53-4cb4-89f1-c17b3ce7619a\/field_schema_json_ld_file?resourceVersion=id%3A46406"
            },
            "self": {
              "href": "https:\/\/prodv0ojd6qy.main.acsf.baywsf.com\/jsonapi\/node\/answer\/ca53434e-7f53-4cb4-89f1-c17b3ce7619a\/relationships\/field_schema_json_ld_file?resourceVersion=id%3A46406"
            }
          }
        },
        "audience_tag": {
          "data": {
            "type": "taxonomy_term--audience",
            "id": "b0ef5480-df1e-45d3-a61b-12bc57be205d",
            "meta": {
              "drupal_internal__target_id": 316
            }
          },
          "links": {
            "related": {
              "href": "https:\/\/prodv0ojd6qy.main.acsf.baywsf.com\/jsonapi\/node\/answer\/ca53434e-7f53-4cb4-89f1-c17b3ce7619a\/audience_tag?resourceVersion=id%3A46406"
            },
            "self": {
              "href": "https:\/\/prodv0ojd6qy.main.acsf.baywsf.com\/jsonapi\/node\/answer\/ca53434e-7f53-4cb4-89f1-c17b3ce7619a\/relationships\/audience_tag?resourceVersion=id%3A46406"
            }
          }
        },
        "field_answer_category": {
          "data": [],
          "links": {
            "related": {
              "href": "https:\/\/prodv0ojd6qy.main.acsf.baywsf.com\/jsonapi\/node\/answer\/ca53434e-7f53-4cb4-89f1-c17b3ce7619a\/field_answer_category?resourceVersion=id%3A46406"
            },
            "self": {
              "href": "https:\/\/prodv0ojd6qy.main.acsf.baywsf.com\/jsonapi\/node\/answer\/ca53434e-7f53-4cb4-89f1-c17b3ce7619a\/relationships\/field_answer_category?resourceVersion=id%3A46406"
            }
          }
        },
        "field_next_question": {
          "data": null,
          "links": {
            "related": {
              "href": "https:\/\/prodv0ojd6qy.main.acsf.baywsf.com\/jsonapi\/node\/answer\/ca53434e-7f53-4cb4-89f1-c17b3ce7619a\/field_next_question?resourceVersion=id%3A46406"
            },
            "self": {
              "href": "https:\/\/prodv0ojd6qy.main.acsf.baywsf.com\/jsonapi\/node\/answer\/ca53434e-7f53-4cb4-89f1-c17b3ce7619a\/relationships\/field_next_question?resourceVersion=id%3A46406"
            }
          }
        },
        "field_result": {
          "data": null,
          "links": {
            "related": {
              "href": "https:\/\/prodv0ojd6qy.main.acsf.baywsf.com\/jsonapi\/node\/answer\/ca53434e-7f53-4cb4-89f1-c17b3ce7619a\/field_result?resourceVersion=id%3A46406"
            },
            "self": {
              "href": "https:\/\/prodv0ojd6qy.main.acsf.baywsf.com\/jsonapi\/node\/answer\/ca53434e-7f53-4cb4-89f1-c17b3ce7619a\/relationships\/field_result?resourceVersion=id%3A46406"
            }
          }
        }
      }
    },
    {
      "type": "node--answer",
      "id": "824f6b53-341e-47ea-bd79-bd76a30dc744",
      "links": {
        "self": {
          "href": "https:\/\/prodv0ojd6qy.main.acsf.baywsf.com\/jsonapi\/node\/answer\/824f6b53-341e-47ea-bd79-bd76a30dc744?resourceVersion=id%3A46411"
        }
      },
      "attributes": {
        "drupal_internal__nid": 1491,
        "drupal_internal__vid": 46411,
        "langcode": "en",
        "revision_timestamp": "2023-01-17T14:23:36+00:00",
        "revision_log": null,
        "status": true,
        "title": "Abdominal and pelvic pain",
        "created": "2023-01-17T14:23:36+00:00",
        "changed": "2023-01-17T14:23:36+00:00",
        "promote": true,
        "sticky": false,
        "default_langcode": true,
        "revision_translation_affected": true,
        "moderation_state": null,
        "metatag": null,
        "path": {
          "alias": null,
          "pid": null,
          "langcode": "en"
        },
        "private": false,
        "field_metatags": null,
        "content_translation_source": "und",
        "content_translation_outdated": false,
        "published_at": "2023-01-17T14:24:15+00:00",
        "field_answer_summary": {
          "value": "\u003Cp\u003EABDOMINAL_AND_PELVIC_PAIN\u003C\/p\u003E\r\n",
          "format": "cohesion_without_glossify",
          "processed": "\u003Cp\u003EABDOMINAL_AND_PELVIC_PAIN\u003C\/p\u003E\n"
        },
        "field_instruction": null
      },
      "relationships": {
        "node_type": {
          "data": {
            "type": "node_type--node_type",
            "id": "2b9459ba-6e80-4cd4-b243-d970bac27c44",
            "meta": {
              "drupal_internal__target_id": "answer"
            }
          },
          "links": {
            "related": {
              "href": "https:\/\/prodv0ojd6qy.main.acsf.baywsf.com\/jsonapi\/node\/answer\/824f6b53-341e-47ea-bd79-bd76a30dc744\/node_type?resourceVersion=id%3A46411"
            },
            "self": {
              "href": "https:\/\/prodv0ojd6qy.main.acsf.baywsf.com\/jsonapi\/node\/answer\/824f6b53-341e-47ea-bd79-bd76a30dc744\/relationships\/node_type?resourceVersion=id%3A46411"
            }
          }
        },
        "revision_uid": {
          "data": {
            "type": "user--user",
            "id": "ca644710-b0bf-4511-85df-451f03b5e0fb",
            "meta": {
              "drupal_internal__target_id": 6216
            }
          },
          "links": {
            "related": {
              "href": "https:\/\/prodv0ojd6qy.main.acsf.baywsf.com\/jsonapi\/node\/answer\/824f6b53-341e-47ea-bd79-bd76a30dc744\/revision_uid?resourceVersion=id%3A46411"
            },
            "self": {
              "href": "https:\/\/prodv0ojd6qy.main.acsf.baywsf.com\/jsonapi\/node\/answer\/824f6b53-341e-47ea-bd79-bd76a30dc744\/relationships\/revision_uid?resourceVersion=id%3A46411"
            }
          }
        },
        "uid": {
          "data": {
            "type": "user--user",
            "id": "ca644710-b0bf-4511-85df-451f03b5e0fb",
            "meta": {
              "drupal_internal__target_id": 6216
            }
          },
          "links": {
            "related": {
              "href": "https:\/\/prodv0ojd6qy.main.acsf.baywsf.com\/jsonapi\/node\/answer\/824f6b53-341e-47ea-bd79-bd76a30dc744\/uid?resourceVersion=id%3A46411"
            },
            "self": {
              "href": "https:\/\/prodv0ojd6qy.main.acsf.baywsf.com\/jsonapi\/node\/answer\/824f6b53-341e-47ea-bd79-bd76a30dc744\/relationships\/uid?resourceVersion=id%3A46411"
            }
          }
        },
        "field_schema_json_ld_file": {
          "data": null,
          "links": {
            "related": {
              "href": "https:\/\/prodv0ojd6qy.main.acsf.baywsf.com\/jsonapi\/node\/answer\/824f6b53-341e-47ea-bd79-bd76a30dc744\/field_schema_json_ld_file?resourceVersion=id%3A46411"
            },
            "self": {
              "href": "https:\/\/prodv0ojd6qy.main.acsf.baywsf.com\/jsonapi\/node\/answer\/824f6b53-341e-47ea-bd79-bd76a30dc744\/relationships\/field_schema_json_ld_file?resourceVersion=id%3A46411"
            }
          }
        },
        "audience_tag": {
          "data": {
            "type": "taxonomy_term--audience",
            "id": "b0ef5480-df1e-45d3-a61b-12bc57be205d",
            "meta": {
              "drupal_internal__target_id": 316
            }
          },
          "links": {
            "related": {
              "href": "https:\/\/prodv0ojd6qy.main.acsf.baywsf.com\/jsonapi\/node\/answer\/824f6b53-341e-47ea-bd79-bd76a30dc744\/audience_tag?resourceVersion=id%3A46411"
            },
            "self": {
              "href": "https:\/\/prodv0ojd6qy.main.acsf.baywsf.com\/jsonapi\/node\/answer\/824f6b53-341e-47ea-bd79-bd76a30dc744\/relationships\/audience_tag?resourceVersion=id%3A46411"
            }
          }
        },
        "field_answer_category": {
          "data": [],
          "links": {
            "related": {
              "href": "https:\/\/prodv0ojd6qy.main.acsf.baywsf.com\/jsonapi\/node\/answer\/824f6b53-341e-47ea-bd79-bd76a30dc744\/field_answer_category?resourceVersion=id%3A46411"
            },
            "self": {
              "href": "https:\/\/prodv0ojd6qy.main.acsf.baywsf.com\/jsonapi\/node\/answer\/824f6b53-341e-47ea-bd79-bd76a30dc744\/relationships\/field_answer_category?resourceVersion=id%3A46411"
            }
          }
        },
        "field_next_question": {
          "data": null,
          "links": {
            "related": {
              "href": "https:\/\/prodv0ojd6qy.main.acsf.baywsf.com\/jsonapi\/node\/answer\/824f6b53-341e-47ea-bd79-bd76a30dc744\/field_next_question?resourceVersion=id%3A46411"
            },
            "self": {
              "href": "https:\/\/prodv0ojd6qy.main.acsf.baywsf.com\/jsonapi\/node\/answer\/824f6b53-341e-47ea-bd79-bd76a30dc744\/relationships\/field_next_question?resourceVersion=id%3A46411"
            }
          }
        },
        "field_result": {
          "data": null,
          "links": {
            "related": {
              "href": "https:\/\/prodv0ojd6qy.main.acsf.baywsf.com\/jsonapi\/node\/answer\/824f6b53-341e-47ea-bd79-bd76a30dc744\/field_result?resourceVersion=id%3A46411"
            },
            "self": {
              "href": "https:\/\/prodv0ojd6qy.main.acsf.baywsf.com\/jsonapi\/node\/answer\/824f6b53-341e-47ea-bd79-bd76a30dc744\/relationships\/field_result?resourceVersion=id%3A46411"
            }
          }
        }
      }
    },
    {
      "type": "node--answer",
      "id": "e739b918-1a8a-4f5e-b617-86dfe341c8fc",
      "links": {
        "self": {
          "href": "https:\/\/prodv0ojd6qy.main.acsf.baywsf.com\/jsonapi\/node\/answer\/e739b918-1a8a-4f5e-b617-86dfe341c8fc?resourceVersion=id%3A46416"
        }
      },
      "attributes": {
        "drupal_internal__nid": 1496,
        "drupal_internal__vid": 46416,
        "langcode": "en",
        "revision_timestamp": "2023-01-17T14:23:58+00:00",
        "revision_log": null,
        "status": true,
        "title": "None of the above",
        "created": "2023-01-17T14:23:58+00:00",
        "changed": "2023-01-17T14:23:58+00:00",
        "promote": true,
        "sticky": false,
        "default_langcode": true,
        "revision_translation_affected": true,
        "moderation_state": null,
        "metatag": null,
        "path": {
          "alias": null,
          "pid": null,
          "langcode": "en"
        },
        "private": false,
        "field_metatags": null,
        "content_translation_source": "und",
        "content_translation_outdated": false,
        "published_at": "2023-01-17T14:24:15+00:00",
        "field_answer_summary": null,
        "field_instruction": null
      },
      "relationships": {
        "node_type": {
          "data": {
            "type": "node_type--node_type",
            "id": "2b9459ba-6e80-4cd4-b243-d970bac27c44",
            "meta": {
              "drupal_internal__target_id": "answer"
            }
          },
          "links": {
            "related": {
              "href": "https:\/\/prodv0ojd6qy.main.acsf.baywsf.com\/jsonapi\/node\/answer\/e739b918-1a8a-4f5e-b617-86dfe341c8fc\/node_type?resourceVersion=id%3A46416"
            },
            "self": {
              "href": "https:\/\/prodv0ojd6qy.main.acsf.baywsf.com\/jsonapi\/node\/answer\/e739b918-1a8a-4f5e-b617-86dfe341c8fc\/relationships\/node_type?resourceVersion=id%3A46416"
            }
          }
        },
        "revision_uid": {
          "data": {
            "type": "user--user",
            "id": "ca644710-b0bf-4511-85df-451f03b5e0fb",
            "meta": {
              "drupal_internal__target_id": 6216
            }
          },
          "links": {
            "related": {
              "href": "https:\/\/prodv0ojd6qy.main.acsf.baywsf.com\/jsonapi\/node\/answer\/e739b918-1a8a-4f5e-b617-86dfe341c8fc\/revision_uid?resourceVersion=id%3A46416"
            },
            "self": {
              "href": "https:\/\/prodv0ojd6qy.main.acsf.baywsf.com\/jsonapi\/node\/answer\/e739b918-1a8a-4f5e-b617-86dfe341c8fc\/relationships\/revision_uid?resourceVersion=id%3A46416"
            }
          }
        },
        "uid": {
          "data": {
            "type": "user--user",
            "id": "ca644710-b0bf-4511-85df-451f03b5e0fb",
            "meta": {
              "drupal_internal__target_id": 6216
            }
          },
          "links": {
            "related": {
              "href": "https:\/\/prodv0ojd6qy.main.acsf.baywsf.com\/jsonapi\/node\/answer\/e739b918-1a8a-4f5e-b617-86dfe341c8fc\/uid?resourceVersion=id%3A46416"
            },
            "self": {
              "href": "https:\/\/prodv0ojd6qy.main.acsf.baywsf.com\/jsonapi\/node\/answer\/e739b918-1a8a-4f5e-b617-86dfe341c8fc\/relationships\/uid?resourceVersion=id%3A46416"
            }
          }
        },
        "field_schema_json_ld_file": {
          "data": null,
          "links": {
            "related": {
              "href": "https:\/\/prodv0ojd6qy.main.acsf.baywsf.com\/jsonapi\/node\/answer\/e739b918-1a8a-4f5e-b617-86dfe341c8fc\/field_schema_json_ld_file?resourceVersion=id%3A46416"
            },
            "self": {
              "href": "https:\/\/prodv0ojd6qy.main.acsf.baywsf.com\/jsonapi\/node\/answer\/e739b918-1a8a-4f5e-b617-86dfe341c8fc\/relationships\/field_schema_json_ld_file?resourceVersion=id%3A46416"
            }
          }
        },
        "audience_tag": {
          "data": {
            "type": "taxonomy_term--audience",
            "id": "b0ef5480-df1e-45d3-a61b-12bc57be205d",
            "meta": {
              "drupal_internal__target_id": 316
            }
          },
          "links": {
            "related": {
              "href": "https:\/\/prodv0ojd6qy.main.acsf.baywsf.com\/jsonapi\/node\/answer\/e739b918-1a8a-4f5e-b617-86dfe341c8fc\/audience_tag?resourceVersion=id%3A46416"
            },
            "self": {
              "href": "https:\/\/prodv0ojd6qy.main.acsf.baywsf.com\/jsonapi\/node\/answer\/e739b918-1a8a-4f5e-b617-86dfe341c8fc\/relationships\/audience_tag?resourceVersion=id%3A46416"
            }
          }
        },
        "field_answer_category": {
          "data": [],
          "links": {
            "related": {
              "href": "https:\/\/prodv0ojd6qy.main.acsf.baywsf.com\/jsonapi\/node\/answer\/e739b918-1a8a-4f5e-b617-86dfe341c8fc\/field_answer_category?resourceVersion=id%3A46416"
            },
            "self": {
              "href": "https:\/\/prodv0ojd6qy.main.acsf.baywsf.com\/jsonapi\/node\/answer\/e739b918-1a8a-4f5e-b617-86dfe341c8fc\/relationships\/field_answer_category?resourceVersion=id%3A46416"
            }
          }
        },
        "field_next_question": {
          "data": null,
          "links": {
            "related": {
              "href": "https:\/\/prodv0ojd6qy.main.acsf.baywsf.com\/jsonapi\/node\/answer\/e739b918-1a8a-4f5e-b617-86dfe341c8fc\/field_next_question?resourceVersion=id%3A46416"
            },
            "self": {
              "href": "https:\/\/prodv0ojd6qy.main.acsf.baywsf.com\/jsonapi\/node\/answer\/e739b918-1a8a-4f5e-b617-86dfe341c8fc\/relationships\/field_next_question?resourceVersion=id%3A46416"
            }
          }
        },
        "field_result": {
          "data": null,
          "links": {
            "related": {
              "href": "https:\/\/prodv0ojd6qy.main.acsf.baywsf.com\/jsonapi\/node\/answer\/e739b918-1a8a-4f5e-b617-86dfe341c8fc\/field_result?resourceVersion=id%3A46416"
            },
            "self": {
              "href": "https:\/\/prodv0ojd6qy.main.acsf.baywsf.com\/jsonapi\/node\/answer\/e739b918-1a8a-4f5e-b617-86dfe341c8fc\/relationships\/field_result?resourceVersion=id%3A46416"
            }
          }
        }
      }
    }
  ],
  "links": {
    "self": {
      "href": "https:\/\/prodv0ojd6qy.main.acsf.baywsf.com\/jsonapi\/node\/question\/cd94008a-5c2b-4528-831f-d2b8939a6a45?include=field_answer"
    }
  }
}