{
  "jsonapi": {
    "version": "1.0",
    "meta": {
      "links": {
        "self": {
          "href": "http:\/\/jsonapi.org\/format\/1.0\/"
        }
      }
    }
  },
  "data": {
    "type": "node--question",
    "id": "dbf0da98-634c-4e5f-9c66-b3a976dce83e",
    "links": {
      "self": {
        "href": "https:\/\/prodv0ojd6qy.main.acsf.baywsf.com\/jsonapi\/node\/question\/dbf0da98-634c-4e5f-9c66-b3a976dce83e?resourceVersion=id%3A46231"
      }
    },
    "attributes": {
      "drupal_internal__nid": 1346,
      "drupal_internal__vid": 46231,
      "langcode": "en",
      "revision_timestamp": "2023-01-17T14:00:07+00:00",
      "revision_log": null,
      "status": true,
      "title": "In general, how would you rate your overall health?",
      "created": "2023-01-17T14:00:07+00:00",
      "changed": "2023-01-17T14:00:07+00:00",
      "promote": false,
      "sticky": false,
      "default_langcode": true,
      "revision_translation_affected": true,
      "moderation_state": null,
      "metatag": null,
      "path": {
        "alias": null,
        "pid": null,
        "langcode": "en"
      },
      "private": false,
      "field_metatags": null,
      "content_translation_source": "und",
      "content_translation_outdated": false,
      "published_at": "2023-01-17T14:00:07+00:00",
      "field_error": null,
      "field_explanation": null,
      "field_instruction": null,
      "field_references": null
    },
    "relationships": {
      "node_type": {
        "data": {
          "type": "node_type--node_type",
          "id": "b36305cf-d6a4-4b58-94fd-9bd56dc48d0a",
          "meta": {
            "drupal_internal__target_id": "question"
          }
        },
        "links": {
          "related": {
            "href": "https:\/\/prodv0ojd6qy.main.acsf.baywsf.com\/jsonapi\/node\/question\/dbf0da98-634c-4e5f-9c66-b3a976dce83e\/node_type?resourceVersion=id%3A46231"
          },
          "self": {
            "href": "https:\/\/prodv0ojd6qy.main.acsf.baywsf.com\/jsonapi\/node\/question\/dbf0da98-634c-4e5f-9c66-b3a976dce83e\/relationships\/node_type?resourceVersion=id%3A46231"
          }
        }
      },
      "revision_uid": {
        "data": {
          "type": "user--user",
          "id": "ca644710-b0bf-4511-85df-451f03b5e0fb",
          "meta": {
            "drupal_internal__target_id": 6216
          }
        },
        "links": {
          "related": {
            "href": "https:\/\/prodv0ojd6qy.main.acsf.baywsf.com\/jsonapi\/node\/question\/dbf0da98-634c-4e5f-9c66-b3a976dce83e\/revision_uid?resourceVersion=id%3A46231"
          },
          "self": {
            "href": "https:\/\/prodv0ojd6qy.main.acsf.baywsf.com\/jsonapi\/node\/question\/dbf0da98-634c-4e5f-9c66-b3a976dce83e\/relationships\/revision_uid?resourceVersion=id%3A46231"
          }
        }
      },
      "uid": {
        "data": {
          "type": "user--user",
          "id": "ca644710-b0bf-4511-85df-451f03b5e0fb",
          "meta": {
            "drupal_internal__target_id": 6216
          }
        },
        "links": {
          "related": {
            "href": "https:\/\/prodv0ojd6qy.main.acsf.baywsf.com\/jsonapi\/node\/question\/dbf0da98-634c-4e5f-9c66-b3a976dce83e\/uid?resourceVersion=id%3A46231"
          },
          "self": {
            "href": "https:\/\/prodv0ojd6qy.main.acsf.baywsf.com\/jsonapi\/node\/question\/dbf0da98-634c-4e5f-9c66-b3a976dce83e\/relationships\/uid?resourceVersion=id%3A46231"
          }
        }
      },
      "field_schema_json_ld_file": {
        "data": null,
        "links": {
          "related": {
            "href": "https:\/\/prodv0ojd6qy.main.acsf.baywsf.com\/jsonapi\/node\/question\/dbf0da98-634c-4e5f-9c66-b3a976dce83e\/field_schema_json_ld_file?resourceVersion=id%3A46231"
          },
          "self": {
            "href": "https:\/\/prodv0ojd6qy.main.acsf.baywsf.com\/jsonapi\/node\/question\/dbf0da98-634c-4e5f-9c66-b3a976dce83e\/relationships\/field_schema_json_ld_file?resourceVersion=id%3A46231"
          }
        }
      },
      "audience_tag": {
        "data": {
          "type": "taxonomy_term--audience",
          "id": "b0ef5480-df1e-45d3-a61b-12bc57be205d",
          "meta": {
            "drupal_internal__target_id": 316
          }
        },
        "links": {
          "related": {
            "href": "https:\/\/prodv0ojd6qy.main.acsf.baywsf.com\/jsonapi\/node\/question\/dbf0da98-634c-4e5f-9c66-b3a976dce83e\/audience_tag?resourceVersion=id%3A46231"
          },
          "self": {
            "href": "https:\/\/prodv0ojd6qy.main.acsf.baywsf.com\/jsonapi\/node\/question\/dbf0da98-634c-4e5f-9c66-b3a976dce83e\/relationships\/audience_tag?resourceVersion=id%3A46231"
          }
        }
      },
      "field_actions": {
        "data": [],
        "links": {
          "related": {
            "href": "https:\/\/prodv0ojd6qy.main.acsf.baywsf.com\/jsonapi\/node\/question\/dbf0da98-634c-4e5f-9c66-b3a976dce83e\/field_actions?resourceVersion=id%3A46231"
          },
          "self": {
            "href": "https:\/\/prodv0ojd6qy.main.acsf.baywsf.com\/jsonapi\/node\/question\/dbf0da98-634c-4e5f-9c66-b3a976dce83e\/relationships\/field_actions?resourceVersion=id%3A46231"
          }
        }
      },
      "field_answer": {
        "data": [
          {
            "type": "node--answer",
            "id": "19c3b05f-e06a-4a1d-ba79-d4dadb93a4a4",
            "meta": {
              "drupal_internal__target_id": 1326
            }
          },
          {
            "type": "node--answer",
            "id": "9bdbff6e-5235-4229-9ed0-96ca5a1a7ed5",
            "meta": {
              "drupal_internal__target_id": 1331
            }
          },
          {
            "type": "node--answer",
            "id": "8cb06a9d-c964-4f07-8f18-5c55ac4d57fd",
            "meta": {
              "drupal_internal__target_id": 1336
            }
          },
          {
            "type": "node--answer",
            "id": "fa937610-4aa8-43ad-b518-b5309984848c",
            "meta": {
              "drupal_internal__target_id": 1341
            }
          }
        ],
        "links": {
          "related": {
            "href": "https:\/\/prodv0ojd6qy.main.acsf.baywsf.com\/jsonapi\/node\/question\/dbf0da98-634c-4e5f-9c66-b3a976dce83e\/field_answer?resourceVersion=id%3A46231"
          },
          "self": {
            "href": "https:\/\/prodv0ojd6qy.main.acsf.baywsf.com\/jsonapi\/node\/question\/dbf0da98-634c-4e5f-9c66-b3a976dce83e\/relationships\/field_answer?resourceVersion=id%3A46231"
          }
        }
      },
      "field_correct": {
        "data": [],
        "links": {
          "related": {
            "href": "https:\/\/prodv0ojd6qy.main.acsf.baywsf.com\/jsonapi\/node\/question\/dbf0da98-634c-4e5f-9c66-b3a976dce83e\/field_correct?resourceVersion=id%3A46231"
          },
          "self": {
            "href": "https:\/\/prodv0ojd6qy.main.acsf.baywsf.com\/jsonapi\/node\/question\/dbf0da98-634c-4e5f-9c66-b3a976dce83e\/relationships\/field_correct?resourceVersion=id%3A46231"
          }
        }
      },
      "field_question_group": {
        "data": [],
        "links": {
          "related": {
            "href": "https:\/\/prodv0ojd6qy.main.acsf.baywsf.com\/jsonapi\/node\/question\/dbf0da98-634c-4e5f-9c66-b3a976dce83e\/field_question_group?resourceVersion=id%3A46231"
          },
          "self": {
            "href": "https:\/\/prodv0ojd6qy.main.acsf.baywsf.com\/jsonapi\/node\/question\/dbf0da98-634c-4e5f-9c66-b3a976dce83e\/relationships\/field_question_group?resourceVersion=id%3A46231"
          }
        }
      }
    }
  },
  "included": [
    {
      "type": "node--answer",
      "id": "19c3b05f-e06a-4a1d-ba79-d4dadb93a4a4",
      "links": {
        "self": {
          "href": "https:\/\/prodv0ojd6qy.main.acsf.baywsf.com\/jsonapi\/node\/answer\/19c3b05f-e06a-4a1d-ba79-d4dadb93a4a4?resourceVersion=id%3A46211"
        }
      },
      "attributes": {
        "drupal_internal__nid": 1326,
        "drupal_internal__vid": 46211,
        "langcode": "en",
        "revision_timestamp": "2023-01-17T13:57:55+00:00",
        "revision_log": null,
        "status": true,
        "title": "Excellent",
        "created": "2023-01-17T13:57:55+00:00",
        "changed": "2023-01-17T13:57:55+00:00",
        "promote": true,
        "sticky": false,
        "default_langcode": true,
        "revision_translation_affected": true,
        "moderation_state": null,
        "metatag": null,
        "path": {
          "alias": null,
          "pid": null,
          "langcode": "en"
        },
        "private": false,
        "field_metatags": null,
        "content_translation_source": "und",
        "content_translation_outdated": false,
        "published_at": "2023-01-17T14:00:07+00:00",
        "field_answer_summary": {
          "value": "\u003Cp\u003EEXCELLENT\u003C\/p\u003E\r\n",
          "format": "cohesion_without_glossify",
          "processed": "\u003Cp\u003EEXCELLENT\u003C\/p\u003E\n"
        },
        "field_instruction": null
      },
      "relationships": {
        "node_type": {
          "data": {
            "type": "node_type--node_type",
            "id": "2b9459ba-6e80-4cd4-b243-d970bac27c44",
            "meta": {
              "drupal_internal__target_id": "answer"
            }
          },
          "links": {
            "related": {
              "href": "https:\/\/prodv0ojd6qy.main.acsf.baywsf.com\/jsonapi\/node\/answer\/19c3b05f-e06a-4a1d-ba79-d4dadb93a4a4\/node_type?resourceVersion=id%3A46211"
            },
            "self": {
              "href": "https:\/\/prodv0ojd6qy.main.acsf.baywsf.com\/jsonapi\/node\/answer\/19c3b05f-e06a-4a1d-ba79-d4dadb93a4a4\/relationships\/node_type?resourceVersion=id%3A46211"
            }
          }
        },
        "revision_uid": {
          "data": {
            "type": "user--user",
            "id": "ca644710-b0bf-4511-85df-451f03b5e0fb",
            "meta": {
              "drupal_internal__target_id": 6216
            }
          },
          "links": {
            "related": {
              "href": "https:\/\/prodv0ojd6qy.main.acsf.baywsf.com\/jsonapi\/node\/answer\/19c3b05f-e06a-4a1d-ba79-d4dadb93a4a4\/revision_uid?resourceVersion=id%3A46211"
            },
            "self": {
              "href": "https:\/\/prodv0ojd6qy.main.acsf.baywsf.com\/jsonapi\/node\/answer\/19c3b05f-e06a-4a1d-ba79-d4dadb93a4a4\/relationships\/revision_uid?resourceVersion=id%3A46211"
            }
          }
        },
        "uid": {
          "data": {
            "type": "user--user",
            "id": "ca644710-b0bf-4511-85df-451f03b5e0fb",
            "meta": {
              "drupal_internal__target_id": 6216
            }
          },
          "links": {
            "related": {
              "href": "https:\/\/prodv0ojd6qy.main.acsf.baywsf.com\/jsonapi\/node\/answer\/19c3b05f-e06a-4a1d-ba79-d4dadb93a4a4\/uid?resourceVersion=id%3A46211"
            },
            "self": {
              "href": "https:\/\/prodv0ojd6qy.main.acsf.baywsf.com\/jsonapi\/node\/answer\/19c3b05f-e06a-4a1d-ba79-d4dadb93a4a4\/relationships\/uid?resourceVersion=id%3A46211"
            }
          }
        },
        "field_schema_json_ld_file": {
          "data": null,
          "links": {
            "related": {
              "href": "https:\/\/prodv0ojd6qy.main.acsf.baywsf.com\/jsonapi\/node\/answer\/19c3b05f-e06a-4a1d-ba79-d4dadb93a4a4\/field_schema_json_ld_file?resourceVersion=id%3A46211"
            },
            "self": {
              "href": "https:\/\/prodv0ojd6qy.main.acsf.baywsf.com\/jsonapi\/node\/answer\/19c3b05f-e06a-4a1d-ba79-d4dadb93a4a4\/relationships\/field_schema_json_ld_file?resourceVersion=id%3A46211"
            }
          }
        },
        "audience_tag": {
          "data": {
            "type": "taxonomy_term--audience",
            "id": "b0ef5480-df1e-45d3-a61b-12bc57be205d",
            "meta": {
              "drupal_internal__target_id": 316
            }
          },
          "links": {
            "related": {
              "href": "https:\/\/prodv0ojd6qy.main.acsf.baywsf.com\/jsonapi\/node\/answer\/19c3b05f-e06a-4a1d-ba79-d4dadb93a4a4\/audience_tag?resourceVersion=id%3A46211"
            },
            "self": {
              "href": "https:\/\/prodv0ojd6qy.main.acsf.baywsf.com\/jsonapi\/node\/answer\/19c3b05f-e06a-4a1d-ba79-d4dadb93a4a4\/relationships\/audience_tag?resourceVersion=id%3A46211"
            }
          }
        },
        "field_answer_category": {
          "data": [],
          "links": {
            "related": {
              "href": "https:\/\/prodv0ojd6qy.main.acsf.baywsf.com\/jsonapi\/node\/answer\/19c3b05f-e06a-4a1d-ba79-d4dadb93a4a4\/field_answer_category?resourceVersion=id%3A46211"
            },
            "self": {
              "href": "https:\/\/prodv0ojd6qy.main.acsf.baywsf.com\/jsonapi\/node\/answer\/19c3b05f-e06a-4a1d-ba79-d4dadb93a4a4\/relationships\/field_answer_category?resourceVersion=id%3A46211"
            }
          }
        },
        "field_next_question": {
          "data": null,
          "links": {
            "related": {
              "href": "https:\/\/prodv0ojd6qy.main.acsf.baywsf.com\/jsonapi\/node\/answer\/19c3b05f-e06a-4a1d-ba79-d4dadb93a4a4\/field_next_question?resourceVersion=id%3A46211"
            },
            "self": {
              "href": "https:\/\/prodv0ojd6qy.main.acsf.baywsf.com\/jsonapi\/node\/answer\/19c3b05f-e06a-4a1d-ba79-d4dadb93a4a4\/relationships\/field_next_question?resourceVersion=id%3A46211"
            }
          }
        },
        "field_result": {
          "data": null,
          "links": {
            "related": {
              "href": "https:\/\/prodv0ojd6qy.main.acsf.baywsf.com\/jsonapi\/node\/answer\/19c3b05f-e06a-4a1d-ba79-d4dadb93a4a4\/field_result?resourceVersion=id%3A46211"
            },
            "self": {
              "href": "https:\/\/prodv0ojd6qy.main.acsf.baywsf.com\/jsonapi\/node\/answer\/19c3b05f-e06a-4a1d-ba79-d4dadb93a4a4\/relationships\/field_result?resourceVersion=id%3A46211"
            }
          }
        }
      }
    },
    {
      "type": "node--answer",
      "id": "9bdbff6e-5235-4229-9ed0-96ca5a1a7ed5",
      "links": {
        "self": {
          "href": "https:\/\/prodv0ojd6qy.main.acsf.baywsf.com\/jsonapi\/node\/answer\/9bdbff6e-5235-4229-9ed0-96ca5a1a7ed5?resourceVersion=id%3A46216"
        }
      },
      "attributes": {
        "drupal_internal__nid": 1331,
        "drupal_internal__vid": 46216,
        "langcode": "en",
        "revision_timestamp": "2023-01-17T13:58:26+00:00",
        "revision_log": null,
        "status": true,
        "title": "Good",
        "created": "2023-01-17T13:58:26+00:00",
        "changed": "2023-01-17T13:58:26+00:00",
        "promote": true,
        "sticky": false,
        "default_langcode": true,
        "revision_translation_affected": true,
        "moderation_state": null,
        "metatag": null,
        "path": {
          "alias": null,
          "pid": null,
          "langcode": "en"
        },
        "private": false,
        "field_metatags": null,
        "content_translation_source": "und",
        "content_translation_outdated": false,
        "published_at": "2023-01-17T14:00:07+00:00",
        "field_answer_summary": {
          "value": "\u003Cp\u003EGOOD\u003C\/p\u003E\r\n",
          "format": "cohesion_without_glossify",
          "processed": "\u003Cp\u003EGOOD\u003C\/p\u003E\n"
        },
        "field_instruction": null
      },
      "relationships": {
        "node_type": {
          "data": {
            "type": "node_type--node_type",
            "id": "2b9459ba-6e80-4cd4-b243-d970bac27c44",
            "meta": {
              "drupal_internal__target_id": "answer"
            }
          },
          "links": {
            "related": {
              "href": "https:\/\/prodv0ojd6qy.main.acsf.baywsf.com\/jsonapi\/node\/answer\/9bdbff6e-5235-4229-9ed0-96ca5a1a7ed5\/node_type?resourceVersion=id%3A46216"
            },
            "self": {
              "href": "https:\/\/prodv0ojd6qy.main.acsf.baywsf.com\/jsonapi\/node\/answer\/9bdbff6e-5235-4229-9ed0-96ca5a1a7ed5\/relationships\/node_type?resourceVersion=id%3A46216"
            }
          }
        },
        "revision_uid": {
          "data": {
            "type": "user--user",
            "id": "ca644710-b0bf-4511-85df-451f03b5e0fb",
            "meta": {
              "drupal_internal__target_id": 6216
            }
          },
          "links": {
            "related": {
              "href": "https:\/\/prodv0ojd6qy.main.acsf.baywsf.com\/jsonapi\/node\/answer\/9bdbff6e-5235-4229-9ed0-96ca5a1a7ed5\/revision_uid?resourceVersion=id%3A46216"
            },
            "self": {
              "href": "https:\/\/prodv0ojd6qy.main.acsf.baywsf.com\/jsonapi\/node\/answer\/9bdbff6e-5235-4229-9ed0-96ca5a1a7ed5\/relationships\/revision_uid?resourceVersion=id%3A46216"
            }
          }
        },
        "uid": {
          "data": {
            "type": "user--user",
            "id": "ca644710-b0bf-4511-85df-451f03b5e0fb",
            "meta": {
              "drupal_internal__target_id": 6216
            }
          },
          "links": {
            "related": {
              "href": "https:\/\/prodv0ojd6qy.main.acsf.baywsf.com\/jsonapi\/node\/answer\/9bdbff6e-5235-4229-9ed0-96ca5a1a7ed5\/uid?resourceVersion=id%3A46216"
            },
            "self": {
              "href": "https:\/\/prodv0ojd6qy.main.acsf.baywsf.com\/jsonapi\/node\/answer\/9bdbff6e-5235-4229-9ed0-96ca5a1a7ed5\/relationships\/uid?resourceVersion=id%3A46216"
            }
          }
        },
        "field_schema_json_ld_file": {
          "data": null,
          "links": {
            "related": {
              "href": "https:\/\/prodv0ojd6qy.main.acsf.baywsf.com\/jsonapi\/node\/answer\/9bdbff6e-5235-4229-9ed0-96ca5a1a7ed5\/field_schema_json_ld_file?resourceVersion=id%3A46216"
            },
            "self": {
              "href": "https:\/\/prodv0ojd6qy.main.acsf.baywsf.com\/jsonapi\/node\/answer\/9bdbff6e-5235-4229-9ed0-96ca5a1a7ed5\/relationships\/field_schema_json_ld_file?resourceVersion=id%3A46216"
            }
          }
        },
        "audience_tag": {
          "data": {
            "type": "taxonomy_term--audience",
            "id": "b0ef5480-df1e-45d3-a61b-12bc57be205d",
            "meta": {
              "drupal_internal__target_id": 316
            }
          },
          "links": {
            "related": {
              "href": "https:\/\/prodv0ojd6qy.main.acsf.baywsf.com\/jsonapi\/node\/answer\/9bdbff6e-5235-4229-9ed0-96ca5a1a7ed5\/audience_tag?resourceVersion=id%3A46216"
            },
            "self": {
              "href": "https:\/\/prodv0ojd6qy.main.acsf.baywsf.com\/jsonapi\/node\/answer\/9bdbff6e-5235-4229-9ed0-96ca5a1a7ed5\/relationships\/audience_tag?resourceVersion=id%3A46216"
            }
          }
        },
        "field_answer_category": {
          "data": [],
          "links": {
            "related": {
              "href": "https:\/\/prodv0ojd6qy.main.acsf.baywsf.com\/jsonapi\/node\/answer\/9bdbff6e-5235-4229-9ed0-96ca5a1a7ed5\/field_answer_category?resourceVersion=id%3A46216"
            },
            "self": {
              "href": "https:\/\/prodv0ojd6qy.main.acsf.baywsf.com\/jsonapi\/node\/answer\/9bdbff6e-5235-4229-9ed0-96ca5a1a7ed5\/relationships\/field_answer_category?resourceVersion=id%3A46216"
            }
          }
        },
        "field_next_question": {
          "data": null,
          "links": {
            "related": {
              "href": "https:\/\/prodv0ojd6qy.main.acsf.baywsf.com\/jsonapi\/node\/answer\/9bdbff6e-5235-4229-9ed0-96ca5a1a7ed5\/field_next_question?resourceVersion=id%3A46216"
            },
            "self": {
              "href": "https:\/\/prodv0ojd6qy.main.acsf.baywsf.com\/jsonapi\/node\/answer\/9bdbff6e-5235-4229-9ed0-96ca5a1a7ed5\/relationships\/field_next_question?resourceVersion=id%3A46216"
            }
          }
        },
        "field_result": {
          "data": null,
          "links": {
            "related": {
              "href": "https:\/\/prodv0ojd6qy.main.acsf.baywsf.com\/jsonapi\/node\/answer\/9bdbff6e-5235-4229-9ed0-96ca5a1a7ed5\/field_result?resourceVersion=id%3A46216"
            },
            "self": {
              "href": "https:\/\/prodv0ojd6qy.main.acsf.baywsf.com\/jsonapi\/node\/answer\/9bdbff6e-5235-4229-9ed0-96ca5a1a7ed5\/relationships\/field_result?resourceVersion=id%3A46216"
            }
          }
        }
      }
    },
    {
      "type": "node--answer",
      "id": "8cb06a9d-c964-4f07-8f18-5c55ac4d57fd",
      "links": {
        "self": {
          "href": "https:\/\/prodv0ojd6qy.main.acsf.baywsf.com\/jsonapi\/node\/answer\/8cb06a9d-c964-4f07-8f18-5c55ac4d57fd?resourceVersion=id%3A46221"
        }
      },
      "attributes": {
        "drupal_internal__nid": 1336,
        "drupal_internal__vid": 46221,
        "langcode": "en",
        "revision_timestamp": "2023-01-17T13:59:05+00:00",
        "revision_log": null,
        "status": true,
        "title": "Fair",
        "created": "2023-01-17T13:59:05+00:00",
        "changed": "2023-01-17T13:59:05+00:00",
        "promote": true,
        "sticky": false,
        "default_langcode": true,
        "revision_translation_affected": true,
        "moderation_state": null,
        "metatag": null,
        "path": {
          "alias": null,
          "pid": null,
          "langcode": "en"
        },
        "private": false,
        "field_metatags": null,
        "content_translation_source": "und",
        "content_translation_outdated": false,
        "published_at": "2023-01-17T14:00:07+00:00",
        "field_answer_summary": {
          "value": "\u003Cp\u003EOTHER\u003C\/p\u003E\r\n",
          "format": "cohesion_without_glossify",
          "processed": "\u003Cp\u003EOTHER\u003C\/p\u003E\n"
        },
        "field_instruction": null
      },
      "relationships": {
        "node_type": {
          "data": {
            "type": "node_type--node_type",
            "id": "2b9459ba-6e80-4cd4-b243-d970bac27c44",
            "meta": {
              "drupal_internal__target_id": "answer"
            }
          },
          "links": {
            "related": {
              "href": "https:\/\/prodv0ojd6qy.main.acsf.baywsf.com\/jsonapi\/node\/answer\/8cb06a9d-c964-4f07-8f18-5c55ac4d57fd\/node_type?resourceVersion=id%3A46221"
            },
            "self": {
              "href": "https:\/\/prodv0ojd6qy.main.acsf.baywsf.com\/jsonapi\/node\/answer\/8cb06a9d-c964-4f07-8f18-5c55ac4d57fd\/relationships\/node_type?resourceVersion=id%3A46221"
            }
          }
        },
        "revision_uid": {
          "data": {
            "type": "user--user",
            "id": "ca644710-b0bf-4511-85df-451f03b5e0fb",
            "meta": {
              "drupal_internal__target_id": 6216
            }
          },
          "links": {
            "related": {
              "href": "https:\/\/prodv0ojd6qy.main.acsf.baywsf.com\/jsonapi\/node\/answer\/8cb06a9d-c964-4f07-8f18-5c55ac4d57fd\/revision_uid?resourceVersion=id%3A46221"
            },
            "self": {
              "href": "https:\/\/prodv0ojd6qy.main.acsf.baywsf.com\/jsonapi\/node\/answer\/8cb06a9d-c964-4f07-8f18-5c55ac4d57fd\/relationships\/revision_uid?resourceVersion=id%3A46221"
            }
          }
        },
        "uid": {
          "data": {
            "type": "user--user",
            "id": "ca644710-b0bf-4511-85df-451f03b5e0fb",
            "meta": {
              "drupal_internal__target_id": 6216
            }
          },
          "links": {
            "related": {
              "href": "https:\/\/prodv0ojd6qy.main.acsf.baywsf.com\/jsonapi\/node\/answer\/8cb06a9d-c964-4f07-8f18-5c55ac4d57fd\/uid?resourceVersion=id%3A46221"
            },
            "self": {
              "href": "https:\/\/prodv0ojd6qy.main.acsf.baywsf.com\/jsonapi\/node\/answer\/8cb06a9d-c964-4f07-8f18-5c55ac4d57fd\/relationships\/uid?resourceVersion=id%3A46221"
            }
          }
        },
        "field_schema_json_ld_file": {
          "data": null,
          "links": {
            "related": {
              "href": "https:\/\/prodv0ojd6qy.main.acsf.baywsf.com\/jsonapi\/node\/answer\/8cb06a9d-c964-4f07-8f18-5c55ac4d57fd\/field_schema_json_ld_file?resourceVersion=id%3A46221"
            },
            "self": {
              "href": "https:\/\/prodv0ojd6qy.main.acsf.baywsf.com\/jsonapi\/node\/answer\/8cb06a9d-c964-4f07-8f18-5c55ac4d57fd\/relationships\/field_schema_json_ld_file?resourceVersion=id%3A46221"
            }
          }
        },
        "audience_tag": {
          "data": {
            "type": "taxonomy_term--audience",
            "id": "b0ef5480-df1e-45d3-a61b-12bc57be205d",
            "meta": {
              "drupal_internal__target_id": 316
            }
          },
          "links": {
            "related": {
              "href": "https:\/\/prodv0ojd6qy.main.acsf.baywsf.com\/jsonapi\/node\/answer\/8cb06a9d-c964-4f07-8f18-5c55ac4d57fd\/audience_tag?resourceVersion=id%3A46221"
            },
            "self": {
              "href": "https:\/\/prodv0ojd6qy.main.acsf.baywsf.com\/jsonapi\/node\/answer\/8cb06a9d-c964-4f07-8f18-5c55ac4d57fd\/relationships\/audience_tag?resourceVersion=id%3A46221"
            }
          }
        },
        "field_answer_category": {
          "data": [],
          "links": {
            "related": {
              "href": "https:\/\/prodv0ojd6qy.main.acsf.baywsf.com\/jsonapi\/node\/answer\/8cb06a9d-c964-4f07-8f18-5c55ac4d57fd\/field_answer_category?resourceVersion=id%3A46221"
            },
            "self": {
              "href": "https:\/\/prodv0ojd6qy.main.acsf.baywsf.com\/jsonapi\/node\/answer\/8cb06a9d-c964-4f07-8f18-5c55ac4d57fd\/relationships\/field_answer_category?resourceVersion=id%3A46221"
            }
          }
        },
        "field_next_question": {
          "data": null,
          "links": {
            "related": {
              "href": "https:\/\/prodv0ojd6qy.main.acsf.baywsf.com\/jsonapi\/node\/answer\/8cb06a9d-c964-4f07-8f18-5c55ac4d57fd\/field_next_question?resourceVersion=id%3A46221"
            },
            "self": {
              "href": "https:\/\/prodv0ojd6qy.main.acsf.baywsf.com\/jsonapi\/node\/answer\/8cb06a9d-c964-4f07-8f18-5c55ac4d57fd\/relationships\/field_next_question?resourceVersion=id%3A46221"
            }
          }
        },
        "field_result": {
          "data": null,
          "links": {
            "related": {
              "href": "https:\/\/prodv0ojd6qy.main.acsf.baywsf.com\/jsonapi\/node\/answer\/8cb06a9d-c964-4f07-8f18-5c55ac4d57fd\/field_result?resourceVersion=id%3A46221"
            },
            "self": {
              "href": "https:\/\/prodv0ojd6qy.main.acsf.baywsf.com\/jsonapi\/node\/answer\/8cb06a9d-c964-4f07-8f18-5c55ac4d57fd\/relationships\/field_result?resourceVersion=id%3A46221"
            }
          }
        }
      }
    },
    {
      "type": "node--answer",
      "id": "fa937610-4aa8-43ad-b518-b5309984848c",
      "links": {
        "self": {
          "href": "https:\/\/prodv0ojd6qy.main.acsf.baywsf.com\/jsonapi\/node\/answer\/fa937610-4aa8-43ad-b518-b5309984848c?resourceVersion=id%3A46226"
        }
      },
      "attributes": {
        "drupal_internal__nid": 1341,
        "drupal_internal__vid": 46226,
        "langcode": "en",
        "revision_timestamp": "2023-01-17T13:59:39+00:00",
        "revision_log": null,
        "status": true,
        "title": "Poor",
        "created": "2023-01-17T13:59:39+00:00",
        "changed": "2023-01-17T13:59:39+00:00",
        "promote": true,
        "sticky": false,
        "default_langcode": true,
        "revision_translation_affected": true,
        "moderation_state": null,
        "metatag": null,
        "path": {
          "alias": null,
          "pid": null,
          "langcode": "en"
        },
        "private": false,
        "field_metatags": null,
        "content_translation_source": "und",
        "content_translation_outdated": false,
        "published_at": "2023-01-17T14:00:07+00:00",
        "field_answer_summary": {
          "value": "\u003Cp\u003EPOOR\u003C\/p\u003E\r\n",
          "format": "cohesion_without_glossify",
          "processed": "\u003Cp\u003EPOOR\u003C\/p\u003E\n"
        },
        "field_instruction": null
      },
      "relationships": {
        "node_type": {
          "data": {
            "type": "node_type--node_type",
            "id": "2b9459ba-6e80-4cd4-b243-d970bac27c44",
            "meta": {
              "drupal_internal__target_id": "answer"
            }
          },
          "links": {
            "related": {
              "href": "https:\/\/prodv0ojd6qy.main.acsf.baywsf.com\/jsonapi\/node\/answer\/fa937610-4aa8-43ad-b518-b5309984848c\/node_type?resourceVersion=id%3A46226"
            },
            "self": {
              "href": "https:\/\/prodv0ojd6qy.main.acsf.baywsf.com\/jsonapi\/node\/answer\/fa937610-4aa8-43ad-b518-b5309984848c\/relationships\/node_type?resourceVersion=id%3A46226"
            }
          }
        },
        "revision_uid": {
          "data": {
            "type": "user--user",
            "id": "ca644710-b0bf-4511-85df-451f03b5e0fb",
            "meta": {
              "drupal_internal__target_id": 6216
            }
          },
          "links": {
            "related": {
              "href": "https:\/\/prodv0ojd6qy.main.acsf.baywsf.com\/jsonapi\/node\/answer\/fa937610-4aa8-43ad-b518-b5309984848c\/revision_uid?resourceVersion=id%3A46226"
            },
            "self": {
              "href": "https:\/\/prodv0ojd6qy.main.acsf.baywsf.com\/jsonapi\/node\/answer\/fa937610-4aa8-43ad-b518-b5309984848c\/relationships\/revision_uid?resourceVersion=id%3A46226"
            }
          }
        },
        "uid": {
          "data": {
            "type": "user--user",
            "id": "ca644710-b0bf-4511-85df-451f03b5e0fb",
            "meta": {
              "drupal_internal__target_id": 6216
            }
          },
          "links": {
            "related": {
              "href": "https:\/\/prodv0ojd6qy.main.acsf.baywsf.com\/jsonapi\/node\/answer\/fa937610-4aa8-43ad-b518-b5309984848c\/uid?resourceVersion=id%3A46226"
            },
            "self": {
              "href": "https:\/\/prodv0ojd6qy.main.acsf.baywsf.com\/jsonapi\/node\/answer\/fa937610-4aa8-43ad-b518-b5309984848c\/relationships\/uid?resourceVersion=id%3A46226"
            }
          }
        },
        "field_schema_json_ld_file": {
          "data": null,
          "links": {
            "related": {
              "href": "https:\/\/prodv0ojd6qy.main.acsf.baywsf.com\/jsonapi\/node\/answer\/fa937610-4aa8-43ad-b518-b5309984848c\/field_schema_json_ld_file?resourceVersion=id%3A46226"
            },
            "self": {
              "href": "https:\/\/prodv0ojd6qy.main.acsf.baywsf.com\/jsonapi\/node\/answer\/fa937610-4aa8-43ad-b518-b5309984848c\/relationships\/field_schema_json_ld_file?resourceVersion=id%3A46226"
            }
          }
        },
        "audience_tag": {
          "data": {
            "type": "taxonomy_term--audience",
            "id": "b0ef5480-df1e-45d3-a61b-12bc57be205d",
            "meta": {
              "drupal_internal__target_id": 316
            }
          },
          "links": {
            "related": {
              "href": "https:\/\/prodv0ojd6qy.main.acsf.baywsf.com\/jsonapi\/node\/answer\/fa937610-4aa8-43ad-b518-b5309984848c\/audience_tag?resourceVersion=id%3A46226"
            },
            "self": {
              "href": "https:\/\/prodv0ojd6qy.main.acsf.baywsf.com\/jsonapi\/node\/answer\/fa937610-4aa8-43ad-b518-b5309984848c\/relationships\/audience_tag?resourceVersion=id%3A46226"
            }
          }
        },
        "field_answer_category": {
          "data": [],
          "links": {
            "related": {
              "href": "https:\/\/prodv0ojd6qy.main.acsf.baywsf.com\/jsonapi\/node\/answer\/fa937610-4aa8-43ad-b518-b5309984848c\/field_answer_category?resourceVersion=id%3A46226"
            },
            "self": {
              "href": "https:\/\/prodv0ojd6qy.main.acsf.baywsf.com\/jsonapi\/node\/answer\/fa937610-4aa8-43ad-b518-b5309984848c\/relationships\/field_answer_category?resourceVersion=id%3A46226"
            }
          }
        },
        "field_next_question": {
          "data": null,
          "links": {
            "related": {
              "href": "https:\/\/prodv0ojd6qy.main.acsf.baywsf.com\/jsonapi\/node\/answer\/fa937610-4aa8-43ad-b518-b5309984848c\/field_next_question?resourceVersion=id%3A46226"
            },
            "self": {
              "href": "https:\/\/prodv0ojd6qy.main.acsf.baywsf.com\/jsonapi\/node\/answer\/fa937610-4aa8-43ad-b518-b5309984848c\/relationships\/field_next_question?resourceVersion=id%3A46226"
            }
          }
        },
        "field_result": {
          "data": null,
          "links": {
            "related": {
              "href": "https:\/\/prodv0ojd6qy.main.acsf.baywsf.com\/jsonapi\/node\/answer\/fa937610-4aa8-43ad-b518-b5309984848c\/field_result?resourceVersion=id%3A46226"
            },
            "self": {
              "href": "https:\/\/prodv0ojd6qy.main.acsf.baywsf.com\/jsonapi\/node\/answer\/fa937610-4aa8-43ad-b518-b5309984848c\/relationships\/field_result?resourceVersion=id%3A46226"
            }
          }
        }
      }
    }
  ],
  "links": {
    "self": {
      "href": "https:\/\/prodv0ojd6qy.main.acsf.baywsf.com\/jsonapi\/node\/question\/dbf0da98-634c-4e5f-9c66-b3a976dce83e?include=field_answer"
    }
  }
}