{
  "jsonapi": {
    "version": "1.0",
    "meta": {
      "links": {
        "self": {
          "href": "http:\/\/jsonapi.org\/format\/1.0\/"
        }
      }
    }
  },
  "data": {
    "type": "node--question",
    "id": "df915092-1d7d-45f0-a96a-9a6358d488c9",
    "links": {
      "self": {
        "href": "https:\/\/prodv0ojd6qy.main.acsf.baywsf.com\/jsonapi\/node\/question\/df915092-1d7d-45f0-a96a-9a6358d488c9?resourceVersion=id%3A46381"
      }
    },
    "attributes": {
      "drupal_internal__nid": 1466,
      "drupal_internal__vid": 46381,
      "langcode": "en",
      "revision_timestamp": "2023-01-17T14:12:18+00:00",
      "revision_log": null,
      "status": true,
      "title": "Do you drink alcohol?",
      "created": "2023-01-17T14:12:18+00:00",
      "changed": "2023-01-17T14:12:18+00:00",
      "promote": false,
      "sticky": false,
      "default_langcode": true,
      "revision_translation_affected": true,
      "moderation_state": null,
      "metatag": null,
      "path": {
        "alias": null,
        "pid": null,
        "langcode": "en"
      },
      "private": false,
      "field_metatags": null,
      "content_translation_source": "und",
      "content_translation_outdated": false,
      "published_at": "2023-01-17T14:20:03+00:00",
      "field_error": null,
      "field_explanation": null,
      "field_instruction": null,
      "field_references": null
    },
    "relationships": {
      "node_type": {
        "data": {
          "type": "node_type--node_type",
          "id": "b36305cf-d6a4-4b58-94fd-9bd56dc48d0a",
          "meta": {
            "drupal_internal__target_id": "question"
          }
        },
        "links": {
          "related": {
            "href": "https:\/\/prodv0ojd6qy.main.acsf.baywsf.com\/jsonapi\/node\/question\/df915092-1d7d-45f0-a96a-9a6358d488c9\/node_type?resourceVersion=id%3A46381"
          },
          "self": {
            "href": "https:\/\/prodv0ojd6qy.main.acsf.baywsf.com\/jsonapi\/node\/question\/df915092-1d7d-45f0-a96a-9a6358d488c9\/relationships\/node_type?resourceVersion=id%3A46381"
          }
        }
      },
      "revision_uid": {
        "data": {
          "type": "user--user",
          "id": "ca644710-b0bf-4511-85df-451f03b5e0fb",
          "meta": {
            "drupal_internal__target_id": 6216
          }
        },
        "links": {
          "related": {
            "href": "https:\/\/prodv0ojd6qy.main.acsf.baywsf.com\/jsonapi\/node\/question\/df915092-1d7d-45f0-a96a-9a6358d488c9\/revision_uid?resourceVersion=id%3A46381"
          },
          "self": {
            "href": "https:\/\/prodv0ojd6qy.main.acsf.baywsf.com\/jsonapi\/node\/question\/df915092-1d7d-45f0-a96a-9a6358d488c9\/relationships\/revision_uid?resourceVersion=id%3A46381"
          }
        }
      },
      "uid": {
        "data": {
          "type": "user--user",
          "id": "ca644710-b0bf-4511-85df-451f03b5e0fb",
          "meta": {
            "drupal_internal__target_id": 6216
          }
        },
        "links": {
          "related": {
            "href": "https:\/\/prodv0ojd6qy.main.acsf.baywsf.com\/jsonapi\/node\/question\/df915092-1d7d-45f0-a96a-9a6358d488c9\/uid?resourceVersion=id%3A46381"
          },
          "self": {
            "href": "https:\/\/prodv0ojd6qy.main.acsf.baywsf.com\/jsonapi\/node\/question\/df915092-1d7d-45f0-a96a-9a6358d488c9\/relationships\/uid?resourceVersion=id%3A46381"
          }
        }
      },
      "field_schema_json_ld_file": {
        "data": null,
        "links": {
          "related": {
            "href": "https:\/\/prodv0ojd6qy.main.acsf.baywsf.com\/jsonapi\/node\/question\/df915092-1d7d-45f0-a96a-9a6358d488c9\/field_schema_json_ld_file?resourceVersion=id%3A46381"
          },
          "self": {
            "href": "https:\/\/prodv0ojd6qy.main.acsf.baywsf.com\/jsonapi\/node\/question\/df915092-1d7d-45f0-a96a-9a6358d488c9\/relationships\/field_schema_json_ld_file?resourceVersion=id%3A46381"
          }
        }
      },
      "audience_tag": {
        "data": {
          "type": "taxonomy_term--audience",
          "id": "b0ef5480-df1e-45d3-a61b-12bc57be205d",
          "meta": {
            "drupal_internal__target_id": 316
          }
        },
        "links": {
          "related": {
            "href": "https:\/\/prodv0ojd6qy.main.acsf.baywsf.com\/jsonapi\/node\/question\/df915092-1d7d-45f0-a96a-9a6358d488c9\/audience_tag?resourceVersion=id%3A46381"
          },
          "self": {
            "href": "https:\/\/prodv0ojd6qy.main.acsf.baywsf.com\/jsonapi\/node\/question\/df915092-1d7d-45f0-a96a-9a6358d488c9\/relationships\/audience_tag?resourceVersion=id%3A46381"
          }
        }
      },
      "field_actions": {
        "data": [],
        "links": {
          "related": {
            "href": "https:\/\/prodv0ojd6qy.main.acsf.baywsf.com\/jsonapi\/node\/question\/df915092-1d7d-45f0-a96a-9a6358d488c9\/field_actions?resourceVersion=id%3A46381"
          },
          "self": {
            "href": "https:\/\/prodv0ojd6qy.main.acsf.baywsf.com\/jsonapi\/node\/question\/df915092-1d7d-45f0-a96a-9a6358d488c9\/relationships\/field_actions?resourceVersion=id%3A46381"
          }
        }
      },
      "field_answer": {
        "data": [
          {
            "type": "node--answer",
            "id": "20208a18-ef14-46a8-8a2f-fadba596960d",
            "meta": {
              "drupal_internal__target_id": 1456
            }
          },
          {
            "type": "node--answer",
            "id": "604333c6-07cf-4d49-b514-2e3adb39f52e",
            "meta": {
              "drupal_internal__target_id": 1461
            }
          }
        ],
        "links": {
          "related": {
            "href": "https:\/\/prodv0ojd6qy.main.acsf.baywsf.com\/jsonapi\/node\/question\/df915092-1d7d-45f0-a96a-9a6358d488c9\/field_answer?resourceVersion=id%3A46381"
          },
          "self": {
            "href": "https:\/\/prodv0ojd6qy.main.acsf.baywsf.com\/jsonapi\/node\/question\/df915092-1d7d-45f0-a96a-9a6358d488c9\/relationships\/field_answer?resourceVersion=id%3A46381"
          }
        }
      },
      "field_correct": {
        "data": [],
        "links": {
          "related": {
            "href": "https:\/\/prodv0ojd6qy.main.acsf.baywsf.com\/jsonapi\/node\/question\/df915092-1d7d-45f0-a96a-9a6358d488c9\/field_correct?resourceVersion=id%3A46381"
          },
          "self": {
            "href": "https:\/\/prodv0ojd6qy.main.acsf.baywsf.com\/jsonapi\/node\/question\/df915092-1d7d-45f0-a96a-9a6358d488c9\/relationships\/field_correct?resourceVersion=id%3A46381"
          }
        }
      },
      "field_question_group": {
        "data": [],
        "links": {
          "related": {
            "href": "https:\/\/prodv0ojd6qy.main.acsf.baywsf.com\/jsonapi\/node\/question\/df915092-1d7d-45f0-a96a-9a6358d488c9\/field_question_group?resourceVersion=id%3A46381"
          },
          "self": {
            "href": "https:\/\/prodv0ojd6qy.main.acsf.baywsf.com\/jsonapi\/node\/question\/df915092-1d7d-45f0-a96a-9a6358d488c9\/relationships\/field_question_group?resourceVersion=id%3A46381"
          }
        }
      }
    }
  },
  "included": [
    {
      "type": "node--answer",
      "id": "20208a18-ef14-46a8-8a2f-fadba596960d",
      "links": {
        "self": {
          "href": "https:\/\/prodv0ojd6qy.main.acsf.baywsf.com\/jsonapi\/node\/answer\/20208a18-ef14-46a8-8a2f-fadba596960d?resourceVersion=id%3A46371"
        }
      },
      "attributes": {
        "drupal_internal__nid": 1456,
        "drupal_internal__vid": 46371,
        "langcode": "en",
        "revision_timestamp": "2023-01-17T14:12:18+00:00",
        "revision_log": null,
        "status": true,
        "title": "Yes",
        "created": "2023-01-17T14:12:18+00:00",
        "changed": "2023-01-17T14:12:18+00:00",
        "promote": true,
        "sticky": false,
        "default_langcode": true,
        "revision_translation_affected": true,
        "moderation_state": null,
        "metatag": null,
        "path": {
          "alias": null,
          "pid": null,
          "langcode": "en"
        },
        "private": false,
        "field_metatags": null,
        "content_translation_source": "und",
        "content_translation_outdated": false,
        "published_at": "2023-01-17T14:20:03+00:00",
        "field_answer_summary": {
          "value": "\u003Cp\u003E{ \u0022Daily or almost daily\u0022: \u0022DAILY_OR_ALMOST_DAILY\u0022,\u003Cbr \/\u003E\r\n\u0022Three or four times a week\u0022:\u0022THREE_OR_FOUR_TIMES_A_WEEK\u0022,\u003Cbr \/\u003E\r\n\u0022Once or twice a week\u0022:\u0022ONCE_OR_TWICE_A_WEEK\u0022,\u003Cbr \/\u003E\r\n\u0022One to three times a month\u0022:\u0022ONE_TO_THREE_TIMES_A_MONTH\u0022,\u003Cbr \/\u003E\r\n\u0022Special occasions only\u0022:\u0022SPECIAL_OCCASIONS_ONLY\u0022}\u003C\/p\u003E\r\n",
          "format": "cohesion_without_glossify",
          "processed": "\u003Cp\u003E{ \u0022Daily or almost daily\u0022: \u0022DAILY_OR_ALMOST_DAILY\u0022,\u003Cbr \/\u003E\n\u0022Three or four times a week\u0022:\u0022THREE_OR_FOUR_TIMES_A_WEEK\u0022,\u003Cbr \/\u003E\n\u0022Once or twice a week\u0022:\u0022ONCE_OR_TWICE_A_WEEK\u0022,\u003Cbr \/\u003E\n\u0022One to three times a month\u0022:\u0022ONE_TO_THREE_TIMES_A_MONTH\u0022,\u003Cbr \/\u003E\n\u0022Special occasions only\u0022:\u0022SPECIAL_OCCASIONS_ONLY\u0022}\u003C\/p\u003E\n"
        },
        "field_instruction": null
      },
      "relationships": {
        "node_type": {
          "data": {
            "type": "node_type--node_type",
            "id": "2b9459ba-6e80-4cd4-b243-d970bac27c44",
            "meta": {
              "drupal_internal__target_id": "answer"
            }
          },
          "links": {
            "related": {
              "href": "https:\/\/prodv0ojd6qy.main.acsf.baywsf.com\/jsonapi\/node\/answer\/20208a18-ef14-46a8-8a2f-fadba596960d\/node_type?resourceVersion=id%3A46371"
            },
            "self": {
              "href": "https:\/\/prodv0ojd6qy.main.acsf.baywsf.com\/jsonapi\/node\/answer\/20208a18-ef14-46a8-8a2f-fadba596960d\/relationships\/node_type?resourceVersion=id%3A46371"
            }
          }
        },
        "revision_uid": {
          "data": {
            "type": "user--user",
            "id": "ca644710-b0bf-4511-85df-451f03b5e0fb",
            "meta": {
              "drupal_internal__target_id": 6216
            }
          },
          "links": {
            "related": {
              "href": "https:\/\/prodv0ojd6qy.main.acsf.baywsf.com\/jsonapi\/node\/answer\/20208a18-ef14-46a8-8a2f-fadba596960d\/revision_uid?resourceVersion=id%3A46371"
            },
            "self": {
              "href": "https:\/\/prodv0ojd6qy.main.acsf.baywsf.com\/jsonapi\/node\/answer\/20208a18-ef14-46a8-8a2f-fadba596960d\/relationships\/revision_uid?resourceVersion=id%3A46371"
            }
          }
        },
        "uid": {
          "data": {
            "type": "user--user",
            "id": "ca644710-b0bf-4511-85df-451f03b5e0fb",
            "meta": {
              "drupal_internal__target_id": 6216
            }
          },
          "links": {
            "related": {
              "href": "https:\/\/prodv0ojd6qy.main.acsf.baywsf.com\/jsonapi\/node\/answer\/20208a18-ef14-46a8-8a2f-fadba596960d\/uid?resourceVersion=id%3A46371"
            },
            "self": {
              "href": "https:\/\/prodv0ojd6qy.main.acsf.baywsf.com\/jsonapi\/node\/answer\/20208a18-ef14-46a8-8a2f-fadba596960d\/relationships\/uid?resourceVersion=id%3A46371"
            }
          }
        },
        "field_schema_json_ld_file": {
          "data": null,
          "links": {
            "related": {
              "href": "https:\/\/prodv0ojd6qy.main.acsf.baywsf.com\/jsonapi\/node\/answer\/20208a18-ef14-46a8-8a2f-fadba596960d\/field_schema_json_ld_file?resourceVersion=id%3A46371"
            },
            "self": {
              "href": "https:\/\/prodv0ojd6qy.main.acsf.baywsf.com\/jsonapi\/node\/answer\/20208a18-ef14-46a8-8a2f-fadba596960d\/relationships\/field_schema_json_ld_file?resourceVersion=id%3A46371"
            }
          }
        },
        "audience_tag": {
          "data": {
            "type": "taxonomy_term--audience",
            "id": "b0ef5480-df1e-45d3-a61b-12bc57be205d",
            "meta": {
              "drupal_internal__target_id": 316
            }
          },
          "links": {
            "related": {
              "href": "https:\/\/prodv0ojd6qy.main.acsf.baywsf.com\/jsonapi\/node\/answer\/20208a18-ef14-46a8-8a2f-fadba596960d\/audience_tag?resourceVersion=id%3A46371"
            },
            "self": {
              "href": "https:\/\/prodv0ojd6qy.main.acsf.baywsf.com\/jsonapi\/node\/answer\/20208a18-ef14-46a8-8a2f-fadba596960d\/relationships\/audience_tag?resourceVersion=id%3A46371"
            }
          }
        },
        "field_answer_category": {
          "data": [],
          "links": {
            "related": {
              "href": "https:\/\/prodv0ojd6qy.main.acsf.baywsf.com\/jsonapi\/node\/answer\/20208a18-ef14-46a8-8a2f-fadba596960d\/field_answer_category?resourceVersion=id%3A46371"
            },
            "self": {
              "href": "https:\/\/prodv0ojd6qy.main.acsf.baywsf.com\/jsonapi\/node\/answer\/20208a18-ef14-46a8-8a2f-fadba596960d\/relationships\/field_answer_category?resourceVersion=id%3A46371"
            }
          }
        },
        "field_next_question": {
          "data": null,
          "links": {
            "related": {
              "href": "https:\/\/prodv0ojd6qy.main.acsf.baywsf.com\/jsonapi\/node\/answer\/20208a18-ef14-46a8-8a2f-fadba596960d\/field_next_question?resourceVersion=id%3A46371"
            },
            "self": {
              "href": "https:\/\/prodv0ojd6qy.main.acsf.baywsf.com\/jsonapi\/node\/answer\/20208a18-ef14-46a8-8a2f-fadba596960d\/relationships\/field_next_question?resourceVersion=id%3A46371"
            }
          }
        },
        "field_result": {
          "data": null,
          "links": {
            "related": {
              "href": "https:\/\/prodv0ojd6qy.main.acsf.baywsf.com\/jsonapi\/node\/answer\/20208a18-ef14-46a8-8a2f-fadba596960d\/field_result?resourceVersion=id%3A46371"
            },
            "self": {
              "href": "https:\/\/prodv0ojd6qy.main.acsf.baywsf.com\/jsonapi\/node\/answer\/20208a18-ef14-46a8-8a2f-fadba596960d\/relationships\/field_result?resourceVersion=id%3A46371"
            }
          }
        }
      }
    },
    {
      "type": "node--answer",
      "id": "604333c6-07cf-4d49-b514-2e3adb39f52e",
      "links": {
        "self": {
          "href": "https:\/\/prodv0ojd6qy.main.acsf.baywsf.com\/jsonapi\/node\/answer\/604333c6-07cf-4d49-b514-2e3adb39f52e?resourceVersion=id%3A46376"
        }
      },
      "attributes": {
        "drupal_internal__nid": 1461,
        "drupal_internal__vid": 46376,
        "langcode": "en",
        "revision_timestamp": "2023-01-17T14:13:04+00:00",
        "revision_log": null,
        "status": true,
        "title": "No",
        "created": "2023-01-17T14:13:04+00:00",
        "changed": "2023-01-17T14:13:04+00:00",
        "promote": true,
        "sticky": false,
        "default_langcode": true,
        "revision_translation_affected": true,
        "moderation_state": null,
        "metatag": null,
        "path": {
          "alias": null,
          "pid": null,
          "langcode": "en"
        },
        "private": false,
        "field_metatags": null,
        "content_translation_source": "und",
        "content_translation_outdated": false,
        "published_at": "2023-01-17T14:20:03+00:00",
        "field_answer_summary": {
          "value": "\u003Cp\u003ENEVER\u003C\/p\u003E\r\n",
          "format": "cohesion_without_glossify",
          "processed": "\u003Cp\u003ENEVER\u003C\/p\u003E\n"
        },
        "field_instruction": null
      },
      "relationships": {
        "node_type": {
          "data": {
            "type": "node_type--node_type",
            "id": "2b9459ba-6e80-4cd4-b243-d970bac27c44",
            "meta": {
              "drupal_internal__target_id": "answer"
            }
          },
          "links": {
            "related": {
              "href": "https:\/\/prodv0ojd6qy.main.acsf.baywsf.com\/jsonapi\/node\/answer\/604333c6-07cf-4d49-b514-2e3adb39f52e\/node_type?resourceVersion=id%3A46376"
            },
            "self": {
              "href": "https:\/\/prodv0ojd6qy.main.acsf.baywsf.com\/jsonapi\/node\/answer\/604333c6-07cf-4d49-b514-2e3adb39f52e\/relationships\/node_type?resourceVersion=id%3A46376"
            }
          }
        },
        "revision_uid": {
          "data": {
            "type": "user--user",
            "id": "ca644710-b0bf-4511-85df-451f03b5e0fb",
            "meta": {
              "drupal_internal__target_id": 6216
            }
          },
          "links": {
            "related": {
              "href": "https:\/\/prodv0ojd6qy.main.acsf.baywsf.com\/jsonapi\/node\/answer\/604333c6-07cf-4d49-b514-2e3adb39f52e\/revision_uid?resourceVersion=id%3A46376"
            },
            "self": {
              "href": "https:\/\/prodv0ojd6qy.main.acsf.baywsf.com\/jsonapi\/node\/answer\/604333c6-07cf-4d49-b514-2e3adb39f52e\/relationships\/revision_uid?resourceVersion=id%3A46376"
            }
          }
        },
        "uid": {
          "data": {
            "type": "user--user",
            "id": "ca644710-b0bf-4511-85df-451f03b5e0fb",
            "meta": {
              "drupal_internal__target_id": 6216
            }
          },
          "links": {
            "related": {
              "href": "https:\/\/prodv0ojd6qy.main.acsf.baywsf.com\/jsonapi\/node\/answer\/604333c6-07cf-4d49-b514-2e3adb39f52e\/uid?resourceVersion=id%3A46376"
            },
            "self": {
              "href": "https:\/\/prodv0ojd6qy.main.acsf.baywsf.com\/jsonapi\/node\/answer\/604333c6-07cf-4d49-b514-2e3adb39f52e\/relationships\/uid?resourceVersion=id%3A46376"
            }
          }
        },
        "field_schema_json_ld_file": {
          "data": null,
          "links": {
            "related": {
              "href": "https:\/\/prodv0ojd6qy.main.acsf.baywsf.com\/jsonapi\/node\/answer\/604333c6-07cf-4d49-b514-2e3adb39f52e\/field_schema_json_ld_file?resourceVersion=id%3A46376"
            },
            "self": {
              "href": "https:\/\/prodv0ojd6qy.main.acsf.baywsf.com\/jsonapi\/node\/answer\/604333c6-07cf-4d49-b514-2e3adb39f52e\/relationships\/field_schema_json_ld_file?resourceVersion=id%3A46376"
            }
          }
        },
        "audience_tag": {
          "data": {
            "type": "taxonomy_term--audience",
            "id": "b0ef5480-df1e-45d3-a61b-12bc57be205d",
            "meta": {
              "drupal_internal__target_id": 316
            }
          },
          "links": {
            "related": {
              "href": "https:\/\/prodv0ojd6qy.main.acsf.baywsf.com\/jsonapi\/node\/answer\/604333c6-07cf-4d49-b514-2e3adb39f52e\/audience_tag?resourceVersion=id%3A46376"
            },
            "self": {
              "href": "https:\/\/prodv0ojd6qy.main.acsf.baywsf.com\/jsonapi\/node\/answer\/604333c6-07cf-4d49-b514-2e3adb39f52e\/relationships\/audience_tag?resourceVersion=id%3A46376"
            }
          }
        },
        "field_answer_category": {
          "data": [],
          "links": {
            "related": {
              "href": "https:\/\/prodv0ojd6qy.main.acsf.baywsf.com\/jsonapi\/node\/answer\/604333c6-07cf-4d49-b514-2e3adb39f52e\/field_answer_category?resourceVersion=id%3A46376"
            },
            "self": {
              "href": "https:\/\/prodv0ojd6qy.main.acsf.baywsf.com\/jsonapi\/node\/answer\/604333c6-07cf-4d49-b514-2e3adb39f52e\/relationships\/field_answer_category?resourceVersion=id%3A46376"
            }
          }
        },
        "field_next_question": {
          "data": null,
          "links": {
            "related": {
              "href": "https:\/\/prodv0ojd6qy.main.acsf.baywsf.com\/jsonapi\/node\/answer\/604333c6-07cf-4d49-b514-2e3adb39f52e\/field_next_question?resourceVersion=id%3A46376"
            },
            "self": {
              "href": "https:\/\/prodv0ojd6qy.main.acsf.baywsf.com\/jsonapi\/node\/answer\/604333c6-07cf-4d49-b514-2e3adb39f52e\/relationships\/field_next_question?resourceVersion=id%3A46376"
            }
          }
        },
        "field_result": {
          "data": null,
          "links": {
            "related": {
              "href": "https:\/\/prodv0ojd6qy.main.acsf.baywsf.com\/jsonapi\/node\/answer\/604333c6-07cf-4d49-b514-2e3adb39f52e\/field_result?resourceVersion=id%3A46376"
            },
            "self": {
              "href": "https:\/\/prodv0ojd6qy.main.acsf.baywsf.com\/jsonapi\/node\/answer\/604333c6-07cf-4d49-b514-2e3adb39f52e\/relationships\/field_result?resourceVersion=id%3A46376"
            }
          }
        }
      }
    }
  ],
  "links": {
    "self": {
      "href": "https:\/\/prodv0ojd6qy.main.acsf.baywsf.com\/jsonapi\/node\/question\/df915092-1d7d-45f0-a96a-9a6358d488c9?include=field_answer"
    }
  }
}