{
  "jsonapi": {
    "version": "1.0",
    "meta": {
      "links": {
        "self": {
          "href": "http:\/\/jsonapi.org\/format\/1.0\/"
        }
      }
    }
  },
  "data": {
    "type": "node--question",
    "id": "edca4f14-b6cf-4bbe-8b31-fa2458c84a05",
    "links": {
      "self": {
        "href": "https:\/\/prodv0ojd6qy.main.acsf.baywsf.com\/jsonapi\/node\/question\/edca4f14-b6cf-4bbe-8b31-fa2458c84a05?resourceVersion=id%3A46091"
      }
    },
    "attributes": {
      "drupal_internal__nid": 1246,
      "drupal_internal__vid": 46091,
      "langcode": "en",
      "revision_timestamp": "2023-01-17T12:09:14+00:00",
      "revision_log": null,
      "status": true,
      "title": "What\u2019s your age?",
      "created": "2023-01-17T12:09:14+00:00",
      "changed": "2023-01-17T12:09:14+00:00",
      "promote": false,
      "sticky": false,
      "default_langcode": true,
      "revision_translation_affected": true,
      "moderation_state": null,
      "metatag": null,
      "path": {
        "alias": null,
        "pid": null,
        "langcode": "en"
      },
      "private": false,
      "field_metatags": null,
      "content_translation_source": "und",
      "content_translation_outdated": false,
      "published_at": "2023-01-17T12:09:14+00:00",
      "field_error": null,
      "field_explanation": null,
      "field_instruction": {
        "value": "\u003Cp\u003ESelect your age\u003C\/p\u003E\r\n",
        "format": "cohesion_without_glossify",
        "processed": "\u003Cp\u003ESelect your age\u003C\/p\u003E\n"
      },
      "field_references": null
    },
    "relationships": {
      "node_type": {
        "data": {
          "type": "node_type--node_type",
          "id": "b36305cf-d6a4-4b58-94fd-9bd56dc48d0a",
          "meta": {
            "drupal_internal__target_id": "question"
          }
        },
        "links": {
          "related": {
            "href": "https:\/\/prodv0ojd6qy.main.acsf.baywsf.com\/jsonapi\/node\/question\/edca4f14-b6cf-4bbe-8b31-fa2458c84a05\/node_type?resourceVersion=id%3A46091"
          },
          "self": {
            "href": "https:\/\/prodv0ojd6qy.main.acsf.baywsf.com\/jsonapi\/node\/question\/edca4f14-b6cf-4bbe-8b31-fa2458c84a05\/relationships\/node_type?resourceVersion=id%3A46091"
          }
        }
      },
      "revision_uid": {
        "data": {
          "type": "user--user",
          "id": "ca644710-b0bf-4511-85df-451f03b5e0fb",
          "meta": {
            "drupal_internal__target_id": 6216
          }
        },
        "links": {
          "related": {
            "href": "https:\/\/prodv0ojd6qy.main.acsf.baywsf.com\/jsonapi\/node\/question\/edca4f14-b6cf-4bbe-8b31-fa2458c84a05\/revision_uid?resourceVersion=id%3A46091"
          },
          "self": {
            "href": "https:\/\/prodv0ojd6qy.main.acsf.baywsf.com\/jsonapi\/node\/question\/edca4f14-b6cf-4bbe-8b31-fa2458c84a05\/relationships\/revision_uid?resourceVersion=id%3A46091"
          }
        }
      },
      "uid": {
        "data": {
          "type": "user--user",
          "id": "ca644710-b0bf-4511-85df-451f03b5e0fb",
          "meta": {
            "drupal_internal__target_id": 6216
          }
        },
        "links": {
          "related": {
            "href": "https:\/\/prodv0ojd6qy.main.acsf.baywsf.com\/jsonapi\/node\/question\/edca4f14-b6cf-4bbe-8b31-fa2458c84a05\/uid?resourceVersion=id%3A46091"
          },
          "self": {
            "href": "https:\/\/prodv0ojd6qy.main.acsf.baywsf.com\/jsonapi\/node\/question\/edca4f14-b6cf-4bbe-8b31-fa2458c84a05\/relationships\/uid?resourceVersion=id%3A46091"
          }
        }
      },
      "field_schema_json_ld_file": {
        "data": null,
        "links": {
          "related": {
            "href": "https:\/\/prodv0ojd6qy.main.acsf.baywsf.com\/jsonapi\/node\/question\/edca4f14-b6cf-4bbe-8b31-fa2458c84a05\/field_schema_json_ld_file?resourceVersion=id%3A46091"
          },
          "self": {
            "href": "https:\/\/prodv0ojd6qy.main.acsf.baywsf.com\/jsonapi\/node\/question\/edca4f14-b6cf-4bbe-8b31-fa2458c84a05\/relationships\/field_schema_json_ld_file?resourceVersion=id%3A46091"
          }
        }
      },
      "audience_tag": {
        "data": {
          "type": "taxonomy_term--audience",
          "id": "b0ef5480-df1e-45d3-a61b-12bc57be205d",
          "meta": {
            "drupal_internal__target_id": 316
          }
        },
        "links": {
          "related": {
            "href": "https:\/\/prodv0ojd6qy.main.acsf.baywsf.com\/jsonapi\/node\/question\/edca4f14-b6cf-4bbe-8b31-fa2458c84a05\/audience_tag?resourceVersion=id%3A46091"
          },
          "self": {
            "href": "https:\/\/prodv0ojd6qy.main.acsf.baywsf.com\/jsonapi\/node\/question\/edca4f14-b6cf-4bbe-8b31-fa2458c84a05\/relationships\/audience_tag?resourceVersion=id%3A46091"
          }
        }
      },
      "field_actions": {
        "data": [],
        "links": {
          "related": {
            "href": "https:\/\/prodv0ojd6qy.main.acsf.baywsf.com\/jsonapi\/node\/question\/edca4f14-b6cf-4bbe-8b31-fa2458c84a05\/field_actions?resourceVersion=id%3A46091"
          },
          "self": {
            "href": "https:\/\/prodv0ojd6qy.main.acsf.baywsf.com\/jsonapi\/node\/question\/edca4f14-b6cf-4bbe-8b31-fa2458c84a05\/relationships\/field_actions?resourceVersion=id%3A46091"
          }
        }
      },
      "field_answer": {
        "data": [
          {
            "type": "node--answer",
            "id": "ec2c1411-065c-477c-ba36-fc9ca7974429",
            "meta": {
              "drupal_internal__target_id": 1241
            }
          }
        ],
        "links": {
          "related": {
            "href": "https:\/\/prodv0ojd6qy.main.acsf.baywsf.com\/jsonapi\/node\/question\/edca4f14-b6cf-4bbe-8b31-fa2458c84a05\/field_answer?resourceVersion=id%3A46091"
          },
          "self": {
            "href": "https:\/\/prodv0ojd6qy.main.acsf.baywsf.com\/jsonapi\/node\/question\/edca4f14-b6cf-4bbe-8b31-fa2458c84a05\/relationships\/field_answer?resourceVersion=id%3A46091"
          }
        }
      },
      "field_correct": {
        "data": [],
        "links": {
          "related": {
            "href": "https:\/\/prodv0ojd6qy.main.acsf.baywsf.com\/jsonapi\/node\/question\/edca4f14-b6cf-4bbe-8b31-fa2458c84a05\/field_correct?resourceVersion=id%3A46091"
          },
          "self": {
            "href": "https:\/\/prodv0ojd6qy.main.acsf.baywsf.com\/jsonapi\/node\/question\/edca4f14-b6cf-4bbe-8b31-fa2458c84a05\/relationships\/field_correct?resourceVersion=id%3A46091"
          }
        }
      },
      "field_question_group": {
        "data": [],
        "links": {
          "related": {
            "href": "https:\/\/prodv0ojd6qy.main.acsf.baywsf.com\/jsonapi\/node\/question\/edca4f14-b6cf-4bbe-8b31-fa2458c84a05\/field_question_group?resourceVersion=id%3A46091"
          },
          "self": {
            "href": "https:\/\/prodv0ojd6qy.main.acsf.baywsf.com\/jsonapi\/node\/question\/edca4f14-b6cf-4bbe-8b31-fa2458c84a05\/relationships\/field_question_group?resourceVersion=id%3A46091"
          }
        }
      }
    }
  },
  "included": [
    {
      "type": "node--answer",
      "id": "ec2c1411-065c-477c-ba36-fc9ca7974429",
      "links": {
        "self": {
          "href": "https:\/\/prodv0ojd6qy.main.acsf.baywsf.com\/jsonapi\/node\/answer\/ec2c1411-065c-477c-ba36-fc9ca7974429?resourceVersion=id%3A46086"
        }
      },
      "attributes": {
        "drupal_internal__nid": 1241,
        "drupal_internal__vid": 46086,
        "langcode": "en",
        "revision_timestamp": "2023-01-17T12:08:51+00:00",
        "revision_log": null,
        "status": true,
        "title": "age",
        "created": "2023-01-17T12:08:51+00:00",
        "changed": "2023-01-17T12:08:51+00:00",
        "promote": true,
        "sticky": false,
        "default_langcode": true,
        "revision_translation_affected": true,
        "moderation_state": null,
        "metatag": null,
        "path": {
          "alias": null,
          "pid": null,
          "langcode": "en"
        },
        "private": false,
        "field_metatags": null,
        "content_translation_source": "und",
        "content_translation_outdated": false,
        "published_at": "2023-01-17T12:09:14+00:00",
        "field_answer_summary": {
          "value": "\u003Cp\u003Eage\u003C\/p\u003E\r\n",
          "format": "cohesion_without_glossify",
          "processed": "\u003Cp\u003Eage\u003C\/p\u003E\n"
        },
        "field_instruction": null
      },
      "relationships": {
        "node_type": {
          "data": {
            "type": "node_type--node_type",
            "id": "2b9459ba-6e80-4cd4-b243-d970bac27c44",
            "meta": {
              "drupal_internal__target_id": "answer"
            }
          },
          "links": {
            "related": {
              "href": "https:\/\/prodv0ojd6qy.main.acsf.baywsf.com\/jsonapi\/node\/answer\/ec2c1411-065c-477c-ba36-fc9ca7974429\/node_type?resourceVersion=id%3A46086"
            },
            "self": {
              "href": "https:\/\/prodv0ojd6qy.main.acsf.baywsf.com\/jsonapi\/node\/answer\/ec2c1411-065c-477c-ba36-fc9ca7974429\/relationships\/node_type?resourceVersion=id%3A46086"
            }
          }
        },
        "revision_uid": {
          "data": {
            "type": "user--user",
            "id": "ca644710-b0bf-4511-85df-451f03b5e0fb",
            "meta": {
              "drupal_internal__target_id": 6216
            }
          },
          "links": {
            "related": {
              "href": "https:\/\/prodv0ojd6qy.main.acsf.baywsf.com\/jsonapi\/node\/answer\/ec2c1411-065c-477c-ba36-fc9ca7974429\/revision_uid?resourceVersion=id%3A46086"
            },
            "self": {
              "href": "https:\/\/prodv0ojd6qy.main.acsf.baywsf.com\/jsonapi\/node\/answer\/ec2c1411-065c-477c-ba36-fc9ca7974429\/relationships\/revision_uid?resourceVersion=id%3A46086"
            }
          }
        },
        "uid": {
          "data": {
            "type": "user--user",
            "id": "ca644710-b0bf-4511-85df-451f03b5e0fb",
            "meta": {
              "drupal_internal__target_id": 6216
            }
          },
          "links": {
            "related": {
              "href": "https:\/\/prodv0ojd6qy.main.acsf.baywsf.com\/jsonapi\/node\/answer\/ec2c1411-065c-477c-ba36-fc9ca7974429\/uid?resourceVersion=id%3A46086"
            },
            "self": {
              "href": "https:\/\/prodv0ojd6qy.main.acsf.baywsf.com\/jsonapi\/node\/answer\/ec2c1411-065c-477c-ba36-fc9ca7974429\/relationships\/uid?resourceVersion=id%3A46086"
            }
          }
        },
        "field_schema_json_ld_file": {
          "data": null,
          "links": {
            "related": {
              "href": "https:\/\/prodv0ojd6qy.main.acsf.baywsf.com\/jsonapi\/node\/answer\/ec2c1411-065c-477c-ba36-fc9ca7974429\/field_schema_json_ld_file?resourceVersion=id%3A46086"
            },
            "self": {
              "href": "https:\/\/prodv0ojd6qy.main.acsf.baywsf.com\/jsonapi\/node\/answer\/ec2c1411-065c-477c-ba36-fc9ca7974429\/relationships\/field_schema_json_ld_file?resourceVersion=id%3A46086"
            }
          }
        },
        "audience_tag": {
          "data": {
            "type": "taxonomy_term--audience",
            "id": "b0ef5480-df1e-45d3-a61b-12bc57be205d",
            "meta": {
              "drupal_internal__target_id": 316
            }
          },
          "links": {
            "related": {
              "href": "https:\/\/prodv0ojd6qy.main.acsf.baywsf.com\/jsonapi\/node\/answer\/ec2c1411-065c-477c-ba36-fc9ca7974429\/audience_tag?resourceVersion=id%3A46086"
            },
            "self": {
              "href": "https:\/\/prodv0ojd6qy.main.acsf.baywsf.com\/jsonapi\/node\/answer\/ec2c1411-065c-477c-ba36-fc9ca7974429\/relationships\/audience_tag?resourceVersion=id%3A46086"
            }
          }
        },
        "field_answer_category": {
          "data": [],
          "links": {
            "related": {
              "href": "https:\/\/prodv0ojd6qy.main.acsf.baywsf.com\/jsonapi\/node\/answer\/ec2c1411-065c-477c-ba36-fc9ca7974429\/field_answer_category?resourceVersion=id%3A46086"
            },
            "self": {
              "href": "https:\/\/prodv0ojd6qy.main.acsf.baywsf.com\/jsonapi\/node\/answer\/ec2c1411-065c-477c-ba36-fc9ca7974429\/relationships\/field_answer_category?resourceVersion=id%3A46086"
            }
          }
        },
        "field_next_question": {
          "data": null,
          "links": {
            "related": {
              "href": "https:\/\/prodv0ojd6qy.main.acsf.baywsf.com\/jsonapi\/node\/answer\/ec2c1411-065c-477c-ba36-fc9ca7974429\/field_next_question?resourceVersion=id%3A46086"
            },
            "self": {
              "href": "https:\/\/prodv0ojd6qy.main.acsf.baywsf.com\/jsonapi\/node\/answer\/ec2c1411-065c-477c-ba36-fc9ca7974429\/relationships\/field_next_question?resourceVersion=id%3A46086"
            }
          }
        },
        "field_result": {
          "data": null,
          "links": {
            "related": {
              "href": "https:\/\/prodv0ojd6qy.main.acsf.baywsf.com\/jsonapi\/node\/answer\/ec2c1411-065c-477c-ba36-fc9ca7974429\/field_result?resourceVersion=id%3A46086"
            },
            "self": {
              "href": "https:\/\/prodv0ojd6qy.main.acsf.baywsf.com\/jsonapi\/node\/answer\/ec2c1411-065c-477c-ba36-fc9ca7974429\/relationships\/field_result?resourceVersion=id%3A46086"
            }
          }
        }
      }
    }
  ],
  "links": {
    "self": {
      "href": "https:\/\/prodv0ojd6qy.main.acsf.baywsf.com\/jsonapi\/node\/question\/edca4f14-b6cf-4bbe-8b31-fa2458c84a05?include=field_answer"
    }
  }
}