{
  "jsonapi": {
    "version": "1.0",
    "meta": {
      "links": {
        "self": {
          "href": "http:\/\/jsonapi.org\/format\/1.0\/"
        }
      }
    }
  },
  "data": {
    "type": "node--question",
    "id": "efa9832d-533a-438f-bb4b-84bdbe22b246",
    "links": {
      "self": {
        "href": "https:\/\/prodv0ojd6qy.main.acsf.baywsf.com\/jsonapi\/node\/question\/efa9832d-533a-438f-bb4b-84bdbe22b246?resourceVersion=id%3A46266"
      }
    },
    "attributes": {
      "drupal_internal__nid": 1371,
      "drupal_internal__vid": 46266,
      "langcode": "en",
      "revision_timestamp": "2023-01-17T14:04:03+00:00",
      "revision_log": null,
      "status": true,
      "title": "What are your waist and hip circumferences in inches?",
      "created": "2023-01-17T14:04:03+00:00",
      "changed": "2023-01-17T14:04:03+00:00",
      "promote": false,
      "sticky": false,
      "default_langcode": true,
      "revision_translation_affected": true,
      "moderation_state": null,
      "metatag": null,
      "path": {
        "alias": null,
        "pid": null,
        "langcode": "en"
      },
      "private": false,
      "field_metatags": null,
      "content_translation_source": "und",
      "content_translation_outdated": false,
      "published_at": "2023-01-17T14:04:03+00:00",
      "field_error": null,
      "field_explanation": null,
      "field_instruction": null,
      "field_references": null
    },
    "relationships": {
      "node_type": {
        "data": {
          "type": "node_type--node_type",
          "id": "b36305cf-d6a4-4b58-94fd-9bd56dc48d0a",
          "meta": {
            "drupal_internal__target_id": "question"
          }
        },
        "links": {
          "related": {
            "href": "https:\/\/prodv0ojd6qy.main.acsf.baywsf.com\/jsonapi\/node\/question\/efa9832d-533a-438f-bb4b-84bdbe22b246\/node_type?resourceVersion=id%3A46266"
          },
          "self": {
            "href": "https:\/\/prodv0ojd6qy.main.acsf.baywsf.com\/jsonapi\/node\/question\/efa9832d-533a-438f-bb4b-84bdbe22b246\/relationships\/node_type?resourceVersion=id%3A46266"
          }
        }
      },
      "revision_uid": {
        "data": {
          "type": "user--user",
          "id": "ca644710-b0bf-4511-85df-451f03b5e0fb",
          "meta": {
            "drupal_internal__target_id": 6216
          }
        },
        "links": {
          "related": {
            "href": "https:\/\/prodv0ojd6qy.main.acsf.baywsf.com\/jsonapi\/node\/question\/efa9832d-533a-438f-bb4b-84bdbe22b246\/revision_uid?resourceVersion=id%3A46266"
          },
          "self": {
            "href": "https:\/\/prodv0ojd6qy.main.acsf.baywsf.com\/jsonapi\/node\/question\/efa9832d-533a-438f-bb4b-84bdbe22b246\/relationships\/revision_uid?resourceVersion=id%3A46266"
          }
        }
      },
      "uid": {
        "data": {
          "type": "user--user",
          "id": "ca644710-b0bf-4511-85df-451f03b5e0fb",
          "meta": {
            "drupal_internal__target_id": 6216
          }
        },
        "links": {
          "related": {
            "href": "https:\/\/prodv0ojd6qy.main.acsf.baywsf.com\/jsonapi\/node\/question\/efa9832d-533a-438f-bb4b-84bdbe22b246\/uid?resourceVersion=id%3A46266"
          },
          "self": {
            "href": "https:\/\/prodv0ojd6qy.main.acsf.baywsf.com\/jsonapi\/node\/question\/efa9832d-533a-438f-bb4b-84bdbe22b246\/relationships\/uid?resourceVersion=id%3A46266"
          }
        }
      },
      "field_schema_json_ld_file": {
        "data": null,
        "links": {
          "related": {
            "href": "https:\/\/prodv0ojd6qy.main.acsf.baywsf.com\/jsonapi\/node\/question\/efa9832d-533a-438f-bb4b-84bdbe22b246\/field_schema_json_ld_file?resourceVersion=id%3A46266"
          },
          "self": {
            "href": "https:\/\/prodv0ojd6qy.main.acsf.baywsf.com\/jsonapi\/node\/question\/efa9832d-533a-438f-bb4b-84bdbe22b246\/relationships\/field_schema_json_ld_file?resourceVersion=id%3A46266"
          }
        }
      },
      "audience_tag": {
        "data": {
          "type": "taxonomy_term--audience",
          "id": "b0ef5480-df1e-45d3-a61b-12bc57be205d",
          "meta": {
            "drupal_internal__target_id": 316
          }
        },
        "links": {
          "related": {
            "href": "https:\/\/prodv0ojd6qy.main.acsf.baywsf.com\/jsonapi\/node\/question\/efa9832d-533a-438f-bb4b-84bdbe22b246\/audience_tag?resourceVersion=id%3A46266"
          },
          "self": {
            "href": "https:\/\/prodv0ojd6qy.main.acsf.baywsf.com\/jsonapi\/node\/question\/efa9832d-533a-438f-bb4b-84bdbe22b246\/relationships\/audience_tag?resourceVersion=id%3A46266"
          }
        }
      },
      "field_actions": {
        "data": [],
        "links": {
          "related": {
            "href": "https:\/\/prodv0ojd6qy.main.acsf.baywsf.com\/jsonapi\/node\/question\/efa9832d-533a-438f-bb4b-84bdbe22b246\/field_actions?resourceVersion=id%3A46266"
          },
          "self": {
            "href": "https:\/\/prodv0ojd6qy.main.acsf.baywsf.com\/jsonapi\/node\/question\/efa9832d-533a-438f-bb4b-84bdbe22b246\/relationships\/field_actions?resourceVersion=id%3A46266"
          }
        }
      },
      "field_answer": {
        "data": [
          {
            "type": "node--answer",
            "id": "10e03d07-faeb-4c1f-892f-e5676c49788c",
            "meta": {
              "drupal_internal__target_id": 1361
            }
          },
          {
            "type": "node--answer",
            "id": "f52f578a-9a90-482a-acb0-b1a36bcba5bc",
            "meta": {
              "drupal_internal__target_id": 1366
            }
          }
        ],
        "links": {
          "related": {
            "href": "https:\/\/prodv0ojd6qy.main.acsf.baywsf.com\/jsonapi\/node\/question\/efa9832d-533a-438f-bb4b-84bdbe22b246\/field_answer?resourceVersion=id%3A46266"
          },
          "self": {
            "href": "https:\/\/prodv0ojd6qy.main.acsf.baywsf.com\/jsonapi\/node\/question\/efa9832d-533a-438f-bb4b-84bdbe22b246\/relationships\/field_answer?resourceVersion=id%3A46266"
          }
        }
      },
      "field_correct": {
        "data": [],
        "links": {
          "related": {
            "href": "https:\/\/prodv0ojd6qy.main.acsf.baywsf.com\/jsonapi\/node\/question\/efa9832d-533a-438f-bb4b-84bdbe22b246\/field_correct?resourceVersion=id%3A46266"
          },
          "self": {
            "href": "https:\/\/prodv0ojd6qy.main.acsf.baywsf.com\/jsonapi\/node\/question\/efa9832d-533a-438f-bb4b-84bdbe22b246\/relationships\/field_correct?resourceVersion=id%3A46266"
          }
        }
      },
      "field_question_group": {
        "data": [],
        "links": {
          "related": {
            "href": "https:\/\/prodv0ojd6qy.main.acsf.baywsf.com\/jsonapi\/node\/question\/efa9832d-533a-438f-bb4b-84bdbe22b246\/field_question_group?resourceVersion=id%3A46266"
          },
          "self": {
            "href": "https:\/\/prodv0ojd6qy.main.acsf.baywsf.com\/jsonapi\/node\/question\/efa9832d-533a-438f-bb4b-84bdbe22b246\/relationships\/field_question_group?resourceVersion=id%3A46266"
          }
        }
      }
    }
  },
  "included": [
    {
      "type": "node--answer",
      "id": "10e03d07-faeb-4c1f-892f-e5676c49788c",
      "links": {
        "self": {
          "href": "https:\/\/prodv0ojd6qy.main.acsf.baywsf.com\/jsonapi\/node\/answer\/10e03d07-faeb-4c1f-892f-e5676c49788c?resourceVersion=id%3A46256"
        }
      },
      "attributes": {
        "drupal_internal__nid": 1361,
        "drupal_internal__vid": 46256,
        "langcode": "en",
        "revision_timestamp": "2023-01-17T14:03:24+00:00",
        "revision_log": null,
        "status": true,
        "title": "Waist",
        "created": "2023-01-17T14:03:24+00:00",
        "changed": "2023-01-17T14:03:24+00:00",
        "promote": true,
        "sticky": false,
        "default_langcode": true,
        "revision_translation_affected": true,
        "moderation_state": null,
        "metatag": null,
        "path": {
          "alias": null,
          "pid": null,
          "langcode": "en"
        },
        "private": false,
        "field_metatags": null,
        "content_translation_source": "und",
        "content_translation_outdated": false,
        "published_at": "2023-01-17T14:04:03+00:00",
        "field_answer_summary": {
          "value": "\u003Cp\u003EwaistCircumference\u003C\/p\u003E\r\n",
          "format": "cohesion_without_glossify",
          "processed": "\u003Cp\u003EwaistCircumference\u003C\/p\u003E\n"
        },
        "field_instruction": null
      },
      "relationships": {
        "node_type": {
          "data": {
            "type": "node_type--node_type",
            "id": "2b9459ba-6e80-4cd4-b243-d970bac27c44",
            "meta": {
              "drupal_internal__target_id": "answer"
            }
          },
          "links": {
            "related": {
              "href": "https:\/\/prodv0ojd6qy.main.acsf.baywsf.com\/jsonapi\/node\/answer\/10e03d07-faeb-4c1f-892f-e5676c49788c\/node_type?resourceVersion=id%3A46256"
            },
            "self": {
              "href": "https:\/\/prodv0ojd6qy.main.acsf.baywsf.com\/jsonapi\/node\/answer\/10e03d07-faeb-4c1f-892f-e5676c49788c\/relationships\/node_type?resourceVersion=id%3A46256"
            }
          }
        },
        "revision_uid": {
          "data": {
            "type": "user--user",
            "id": "ca644710-b0bf-4511-85df-451f03b5e0fb",
            "meta": {
              "drupal_internal__target_id": 6216
            }
          },
          "links": {
            "related": {
              "href": "https:\/\/prodv0ojd6qy.main.acsf.baywsf.com\/jsonapi\/node\/answer\/10e03d07-faeb-4c1f-892f-e5676c49788c\/revision_uid?resourceVersion=id%3A46256"
            },
            "self": {
              "href": "https:\/\/prodv0ojd6qy.main.acsf.baywsf.com\/jsonapi\/node\/answer\/10e03d07-faeb-4c1f-892f-e5676c49788c\/relationships\/revision_uid?resourceVersion=id%3A46256"
            }
          }
        },
        "uid": {
          "data": {
            "type": "user--user",
            "id": "ca644710-b0bf-4511-85df-451f03b5e0fb",
            "meta": {
              "drupal_internal__target_id": 6216
            }
          },
          "links": {
            "related": {
              "href": "https:\/\/prodv0ojd6qy.main.acsf.baywsf.com\/jsonapi\/node\/answer\/10e03d07-faeb-4c1f-892f-e5676c49788c\/uid?resourceVersion=id%3A46256"
            },
            "self": {
              "href": "https:\/\/prodv0ojd6qy.main.acsf.baywsf.com\/jsonapi\/node\/answer\/10e03d07-faeb-4c1f-892f-e5676c49788c\/relationships\/uid?resourceVersion=id%3A46256"
            }
          }
        },
        "field_schema_json_ld_file": {
          "data": null,
          "links": {
            "related": {
              "href": "https:\/\/prodv0ojd6qy.main.acsf.baywsf.com\/jsonapi\/node\/answer\/10e03d07-faeb-4c1f-892f-e5676c49788c\/field_schema_json_ld_file?resourceVersion=id%3A46256"
            },
            "self": {
              "href": "https:\/\/prodv0ojd6qy.main.acsf.baywsf.com\/jsonapi\/node\/answer\/10e03d07-faeb-4c1f-892f-e5676c49788c\/relationships\/field_schema_json_ld_file?resourceVersion=id%3A46256"
            }
          }
        },
        "audience_tag": {
          "data": {
            "type": "taxonomy_term--audience",
            "id": "b0ef5480-df1e-45d3-a61b-12bc57be205d",
            "meta": {
              "drupal_internal__target_id": 316
            }
          },
          "links": {
            "related": {
              "href": "https:\/\/prodv0ojd6qy.main.acsf.baywsf.com\/jsonapi\/node\/answer\/10e03d07-faeb-4c1f-892f-e5676c49788c\/audience_tag?resourceVersion=id%3A46256"
            },
            "self": {
              "href": "https:\/\/prodv0ojd6qy.main.acsf.baywsf.com\/jsonapi\/node\/answer\/10e03d07-faeb-4c1f-892f-e5676c49788c\/relationships\/audience_tag?resourceVersion=id%3A46256"
            }
          }
        },
        "field_answer_category": {
          "data": [],
          "links": {
            "related": {
              "href": "https:\/\/prodv0ojd6qy.main.acsf.baywsf.com\/jsonapi\/node\/answer\/10e03d07-faeb-4c1f-892f-e5676c49788c\/field_answer_category?resourceVersion=id%3A46256"
            },
            "self": {
              "href": "https:\/\/prodv0ojd6qy.main.acsf.baywsf.com\/jsonapi\/node\/answer\/10e03d07-faeb-4c1f-892f-e5676c49788c\/relationships\/field_answer_category?resourceVersion=id%3A46256"
            }
          }
        },
        "field_next_question": {
          "data": null,
          "links": {
            "related": {
              "href": "https:\/\/prodv0ojd6qy.main.acsf.baywsf.com\/jsonapi\/node\/answer\/10e03d07-faeb-4c1f-892f-e5676c49788c\/field_next_question?resourceVersion=id%3A46256"
            },
            "self": {
              "href": "https:\/\/prodv0ojd6qy.main.acsf.baywsf.com\/jsonapi\/node\/answer\/10e03d07-faeb-4c1f-892f-e5676c49788c\/relationships\/field_next_question?resourceVersion=id%3A46256"
            }
          }
        },
        "field_result": {
          "data": null,
          "links": {
            "related": {
              "href": "https:\/\/prodv0ojd6qy.main.acsf.baywsf.com\/jsonapi\/node\/answer\/10e03d07-faeb-4c1f-892f-e5676c49788c\/field_result?resourceVersion=id%3A46256"
            },
            "self": {
              "href": "https:\/\/prodv0ojd6qy.main.acsf.baywsf.com\/jsonapi\/node\/answer\/10e03d07-faeb-4c1f-892f-e5676c49788c\/relationships\/field_result?resourceVersion=id%3A46256"
            }
          }
        }
      }
    },
    {
      "type": "node--answer",
      "id": "f52f578a-9a90-482a-acb0-b1a36bcba5bc",
      "links": {
        "self": {
          "href": "https:\/\/prodv0ojd6qy.main.acsf.baywsf.com\/jsonapi\/node\/answer\/f52f578a-9a90-482a-acb0-b1a36bcba5bc?resourceVersion=id%3A46261"
        }
      },
      "attributes": {
        "drupal_internal__nid": 1366,
        "drupal_internal__vid": 46261,
        "langcode": "en",
        "revision_timestamp": "2023-01-17T14:03:59+00:00",
        "revision_log": null,
        "status": true,
        "title": "Hip",
        "created": "2023-01-17T14:03:59+00:00",
        "changed": "2023-01-17T14:03:59+00:00",
        "promote": true,
        "sticky": false,
        "default_langcode": true,
        "revision_translation_affected": true,
        "moderation_state": null,
        "metatag": null,
        "path": {
          "alias": null,
          "pid": null,
          "langcode": "en"
        },
        "private": false,
        "field_metatags": null,
        "content_translation_source": "und",
        "content_translation_outdated": false,
        "published_at": "2023-01-17T14:04:03+00:00",
        "field_answer_summary": {
          "value": "\u003Cp\u003EhipCircumference\u003C\/p\u003E\r\n",
          "format": "cohesion_without_glossify",
          "processed": "\u003Cp\u003EhipCircumference\u003C\/p\u003E\n"
        },
        "field_instruction": null
      },
      "relationships": {
        "node_type": {
          "data": {
            "type": "node_type--node_type",
            "id": "2b9459ba-6e80-4cd4-b243-d970bac27c44",
            "meta": {
              "drupal_internal__target_id": "answer"
            }
          },
          "links": {
            "related": {
              "href": "https:\/\/prodv0ojd6qy.main.acsf.baywsf.com\/jsonapi\/node\/answer\/f52f578a-9a90-482a-acb0-b1a36bcba5bc\/node_type?resourceVersion=id%3A46261"
            },
            "self": {
              "href": "https:\/\/prodv0ojd6qy.main.acsf.baywsf.com\/jsonapi\/node\/answer\/f52f578a-9a90-482a-acb0-b1a36bcba5bc\/relationships\/node_type?resourceVersion=id%3A46261"
            }
          }
        },
        "revision_uid": {
          "data": {
            "type": "user--user",
            "id": "ca644710-b0bf-4511-85df-451f03b5e0fb",
            "meta": {
              "drupal_internal__target_id": 6216
            }
          },
          "links": {
            "related": {
              "href": "https:\/\/prodv0ojd6qy.main.acsf.baywsf.com\/jsonapi\/node\/answer\/f52f578a-9a90-482a-acb0-b1a36bcba5bc\/revision_uid?resourceVersion=id%3A46261"
            },
            "self": {
              "href": "https:\/\/prodv0ojd6qy.main.acsf.baywsf.com\/jsonapi\/node\/answer\/f52f578a-9a90-482a-acb0-b1a36bcba5bc\/relationships\/revision_uid?resourceVersion=id%3A46261"
            }
          }
        },
        "uid": {
          "data": {
            "type": "user--user",
            "id": "ca644710-b0bf-4511-85df-451f03b5e0fb",
            "meta": {
              "drupal_internal__target_id": 6216
            }
          },
          "links": {
            "related": {
              "href": "https:\/\/prodv0ojd6qy.main.acsf.baywsf.com\/jsonapi\/node\/answer\/f52f578a-9a90-482a-acb0-b1a36bcba5bc\/uid?resourceVersion=id%3A46261"
            },
            "self": {
              "href": "https:\/\/prodv0ojd6qy.main.acsf.baywsf.com\/jsonapi\/node\/answer\/f52f578a-9a90-482a-acb0-b1a36bcba5bc\/relationships\/uid?resourceVersion=id%3A46261"
            }
          }
        },
        "field_schema_json_ld_file": {
          "data": null,
          "links": {
            "related": {
              "href": "https:\/\/prodv0ojd6qy.main.acsf.baywsf.com\/jsonapi\/node\/answer\/f52f578a-9a90-482a-acb0-b1a36bcba5bc\/field_schema_json_ld_file?resourceVersion=id%3A46261"
            },
            "self": {
              "href": "https:\/\/prodv0ojd6qy.main.acsf.baywsf.com\/jsonapi\/node\/answer\/f52f578a-9a90-482a-acb0-b1a36bcba5bc\/relationships\/field_schema_json_ld_file?resourceVersion=id%3A46261"
            }
          }
        },
        "audience_tag": {
          "data": {
            "type": "taxonomy_term--audience",
            "id": "b0ef5480-df1e-45d3-a61b-12bc57be205d",
            "meta": {
              "drupal_internal__target_id": 316
            }
          },
          "links": {
            "related": {
              "href": "https:\/\/prodv0ojd6qy.main.acsf.baywsf.com\/jsonapi\/node\/answer\/f52f578a-9a90-482a-acb0-b1a36bcba5bc\/audience_tag?resourceVersion=id%3A46261"
            },
            "self": {
              "href": "https:\/\/prodv0ojd6qy.main.acsf.baywsf.com\/jsonapi\/node\/answer\/f52f578a-9a90-482a-acb0-b1a36bcba5bc\/relationships\/audience_tag?resourceVersion=id%3A46261"
            }
          }
        },
        "field_answer_category": {
          "data": [],
          "links": {
            "related": {
              "href": "https:\/\/prodv0ojd6qy.main.acsf.baywsf.com\/jsonapi\/node\/answer\/f52f578a-9a90-482a-acb0-b1a36bcba5bc\/field_answer_category?resourceVersion=id%3A46261"
            },
            "self": {
              "href": "https:\/\/prodv0ojd6qy.main.acsf.baywsf.com\/jsonapi\/node\/answer\/f52f578a-9a90-482a-acb0-b1a36bcba5bc\/relationships\/field_answer_category?resourceVersion=id%3A46261"
            }
          }
        },
        "field_next_question": {
          "data": null,
          "links": {
            "related": {
              "href": "https:\/\/prodv0ojd6qy.main.acsf.baywsf.com\/jsonapi\/node\/answer\/f52f578a-9a90-482a-acb0-b1a36bcba5bc\/field_next_question?resourceVersion=id%3A46261"
            },
            "self": {
              "href": "https:\/\/prodv0ojd6qy.main.acsf.baywsf.com\/jsonapi\/node\/answer\/f52f578a-9a90-482a-acb0-b1a36bcba5bc\/relationships\/field_next_question?resourceVersion=id%3A46261"
            }
          }
        },
        "field_result": {
          "data": null,
          "links": {
            "related": {
              "href": "https:\/\/prodv0ojd6qy.main.acsf.baywsf.com\/jsonapi\/node\/answer\/f52f578a-9a90-482a-acb0-b1a36bcba5bc\/field_result?resourceVersion=id%3A46261"
            },
            "self": {
              "href": "https:\/\/prodv0ojd6qy.main.acsf.baywsf.com\/jsonapi\/node\/answer\/f52f578a-9a90-482a-acb0-b1a36bcba5bc\/relationships\/field_result?resourceVersion=id%3A46261"
            }
          }
        }
      }
    }
  ],
  "links": {
    "self": {
      "href": "https:\/\/prodv0ojd6qy.main.acsf.baywsf.com\/jsonapi\/node\/question\/efa9832d-533a-438f-bb4b-84bdbe22b246?include=field_answer"
    }
  }
}