{
  "jsonapi": {
    "version": "1.0",
    "meta": {
      "links": { "self": { "href": "http://jsonapi.org/format/1.0/" } }
    }
  },
  "data": {
    "type": "node--question",
    "id": "1b12fb45-2c79-42dd-87ae-09d6dbaf93e9",
    "links": {
      "self": {
        "href": "https://prod85yjmo4f.main.acsf.baywsf.com/jsonapi/node/question/1b12fb45-2c79-42dd-87ae-09d6dbaf93e9?resourceVersion=id%3A46291"
      }
    },
    "attributes": {
      "drupal_internal__nid": 1251,
      "drupal_internal__vid": 46291,
      "langcode": "en",
      "revision_timestamp": "2021-06-18T06:37:49+00:00",
      "revision_log": null,
      "status": true,
      "title": "Are you suffering from itching?",
      "created": "2021-06-17T12:39:15+00:00",
      "changed": "2021-06-18T06:37:49+00:00",
      "promote": false,
      "sticky": false,
      "default_langcode": true,
      "revision_translation_affected": true,
      "moderation_state": null,
      "metatag": null,
      "path": { "alias": null, "pid": null, "langcode": "en" },
      "private": false,
      "field_metatags": null,
      "content_translation_source": "und",
      "content_translation_outdated": false,
      "published_at": "2021-06-17T12:40:10+00:00",
      "field_error": null,
      "field_explanation": {
        "value": "\u003Cp\u003EIn order to treat the infection we have an oral capsule available. Itching is an external symptom and can be treated by a soothing external cream. The external cream will not treat the infection. In order to both treat the infection and sooth the itching a combination pack of oral capsule and cream is available.\u003C/p\u003E\r\n",
        "format": "cohesion_without_glossify",
        "processed": "\u003Cp\u003EIn order to treat the infection we have an oral capsule available. Itching is an external symptom and can be treated by a soothing external cream. The external cream will not treat the infection. In order to both treat the infection and sooth the itching a combination pack of oral capsule and cream is available.\u003C/p\u003E\n"
      },
      "field_instruction": {
        "value": "\u003Cp\u003EItch\u003C/p\u003E\r\n",
        "format": "cohesion_without_glossify",
        "processed": "\u003Cp\u003EItch\u003C/p\u003E\n"
      },
      "field_references": {
        "value": "\u003Cp\u003EIn order to treat the infection we have an oral capsule available. Itching is an external symptom and can be treated by a soothing external cream. The external cream will not treat the infection. In order to both treat the infection and sooth the itching a combination pack of oral capsule and cream is available.\u003C/p\u003E\r\n",
        "format": "cohesion_without_glossify",
        "processed": "\u003Cp\u003EIn order to treat the infection we have an oral capsule available. Itching is an external symptom and can be treated by a soothing external cream. The external cream will not treat the infection. In order to both treat the infection and sooth the itching a combination pack of oral capsule and cream is available.\u003C/p\u003E\n"
      }
    },
    "relationships": {
      "node_type": {
        "data": {
          "type": "node_type--node_type",
          "id": "aa153fe2-2616-4421-849c-a146decee6a3"
        },
        "links": {
          "related": {
            "href": "https://prod85yjmo4f.main.acsf.baywsf.com/jsonapi/node/question/1b12fb45-2c79-42dd-87ae-09d6dbaf93e9/node_type?resourceVersion=id%3A46291"
          },
          "self": {
            "href": "https://prod85yjmo4f.main.acsf.baywsf.com/jsonapi/node/question/1b12fb45-2c79-42dd-87ae-09d6dbaf93e9/relationships/node_type?resourceVersion=id%3A46291"
          }
        }
      },
      "revision_uid": {
        "data": {
          "type": "user--user",
          "id": "c48aba71-438d-44c8-a315-2803a8380004"
        },
        "links": {
          "related": {
            "href": "https://prod85yjmo4f.main.acsf.baywsf.com/jsonapi/node/question/1b12fb45-2c79-42dd-87ae-09d6dbaf93e9/revision_uid?resourceVersion=id%3A46291"
          },
          "self": {
            "href": "https://prod85yjmo4f.main.acsf.baywsf.com/jsonapi/node/question/1b12fb45-2c79-42dd-87ae-09d6dbaf93e9/relationships/revision_uid?resourceVersion=id%3A46291"
          }
        }
      },
      "uid": {
        "data": {
          "type": "user--user",
          "id": "c48aba71-438d-44c8-a315-2803a8380004"
        },
        "links": {
          "related": {
            "href": "https://prod85yjmo4f.main.acsf.baywsf.com/jsonapi/node/question/1b12fb45-2c79-42dd-87ae-09d6dbaf93e9/uid?resourceVersion=id%3A46291"
          },
          "self": {
            "href": "https://prod85yjmo4f.main.acsf.baywsf.com/jsonapi/node/question/1b12fb45-2c79-42dd-87ae-09d6dbaf93e9/relationships/uid?resourceVersion=id%3A46291"
          }
        }
      },
      "field_schema_json_ld_file": {
        "data": null,
        "links": {
          "related": {
            "href": "https://prod85yjmo4f.main.acsf.baywsf.com/jsonapi/node/question/1b12fb45-2c79-42dd-87ae-09d6dbaf93e9/field_schema_json_ld_file?resourceVersion=id%3A46291"
          },
          "self": {
            "href": "https://prod85yjmo4f.main.acsf.baywsf.com/jsonapi/node/question/1b12fb45-2c79-42dd-87ae-09d6dbaf93e9/relationships/field_schema_json_ld_file?resourceVersion=id%3A46291"
          }
        }
      },
      "field_actions": {
        "data": [],
        "links": {
          "related": {
            "href": "https://prod85yjmo4f.main.acsf.baywsf.com/jsonapi/node/question/1b12fb45-2c79-42dd-87ae-09d6dbaf93e9/field_actions?resourceVersion=id%3A46291"
          },
          "self": {
            "href": "https://prod85yjmo4f.main.acsf.baywsf.com/jsonapi/node/question/1b12fb45-2c79-42dd-87ae-09d6dbaf93e9/relationships/field_actions?resourceVersion=id%3A46291"
          }
        }
      },
      "field_answer": {
        "data": [
          {
            "type": "node--answer",
            "id": "a3c4ca5a-637f-44a8-b0d9-e59ef53e00a6"
          },
          {
            "type": "node--answer",
            "id": "c00c2f96-d2d5-40c0-911a-aee59a5d3199"
          }
        ],
        "links": {
          "related": {
            "href": "https://prod85yjmo4f.main.acsf.baywsf.com/jsonapi/node/question/1b12fb45-2c79-42dd-87ae-09d6dbaf93e9/field_answer?resourceVersion=id%3A46291"
          },
          "self": {
            "href": "https://prod85yjmo4f.main.acsf.baywsf.com/jsonapi/node/question/1b12fb45-2c79-42dd-87ae-09d6dbaf93e9/relationships/field_answer?resourceVersion=id%3A46291"
          }
        }
      },
      "field_correct": {
        "data": [],
        "links": {
          "related": {
            "href": "https://prod85yjmo4f.main.acsf.baywsf.com/jsonapi/node/question/1b12fb45-2c79-42dd-87ae-09d6dbaf93e9/field_correct?resourceVersion=id%3A46291"
          },
          "self": {
            "href": "https://prod85yjmo4f.main.acsf.baywsf.com/jsonapi/node/question/1b12fb45-2c79-42dd-87ae-09d6dbaf93e9/relationships/field_correct?resourceVersion=id%3A46291"
          }
        }
      },
      "field_question_group": {
        "data": [],
        "links": {
          "related": {
            "href": "https://prod85yjmo4f.main.acsf.baywsf.com/jsonapi/node/question/1b12fb45-2c79-42dd-87ae-09d6dbaf93e9/field_question_group?resourceVersion=id%3A46291"
          },
          "self": {
            "href": "https://prod85yjmo4f.main.acsf.baywsf.com/jsonapi/node/question/1b12fb45-2c79-42dd-87ae-09d6dbaf93e9/relationships/field_question_group?resourceVersion=id%3A46291"
          }
        }
      }
    }
  },
  "included": [
    {
      "type": "node--answer",
      "id": "a3c4ca5a-637f-44a8-b0d9-e59ef53e00a6",
      "links": {
        "self": {
          "href": "https://prod85yjmo4f.main.acsf.baywsf.com/jsonapi/node/answer/a3c4ca5a-637f-44a8-b0d9-e59ef53e00a6?resourceVersion=id%3A46071"
        }
      },
      "attributes": {
        "drupal_internal__nid": 1241,
        "drupal_internal__vid": 46071,
        "langcode": "en",
        "revision_timestamp": "2021-06-17T12:39:28+00:00",
        "revision_log": null,
        "status": true,
        "title": "YES",
        "created": "2021-06-17T12:39:28+00:00",
        "changed": "2021-06-17T12:39:28+00:00",
        "promote": true,
        "sticky": false,
        "default_langcode": true,
        "revision_translation_affected": true,
        "moderation_state": null,
        "metatag": null,
        "path": { "alias": null, "pid": null, "langcode": "en" },
        "private": false,
        "field_metatags": null,
        "content_translation_source": "und",
        "content_translation_outdated": false,
        "published_at": "2021-06-17T12:40:10+00:00",
        "field_answer_summary": null,
        "field_instruction": null
      },
      "relationships": {
        "node_type": {
          "data": {
            "type": "node_type--node_type",
            "id": "78ecfb9f-13e1-4bf3-b3b3-ceeaef39dbd6"
          },
          "links": {
            "related": {
              "href": "https://prod85yjmo4f.main.acsf.baywsf.com/jsonapi/node/answer/a3c4ca5a-637f-44a8-b0d9-e59ef53e00a6/node_type?resourceVersion=id%3A46071"
            },
            "self": {
              "href": "https://prod85yjmo4f.main.acsf.baywsf.com/jsonapi/node/answer/a3c4ca5a-637f-44a8-b0d9-e59ef53e00a6/relationships/node_type?resourceVersion=id%3A46071"
            }
          }
        },
        "revision_uid": {
          "data": {
            "type": "user--user",
            "id": "c48aba71-438d-44c8-a315-2803a8380004"
          },
          "links": {
            "related": {
              "href": "https://prod85yjmo4f.main.acsf.baywsf.com/jsonapi/node/answer/a3c4ca5a-637f-44a8-b0d9-e59ef53e00a6/revision_uid?resourceVersion=id%3A46071"
            },
            "self": {
              "href": "https://prod85yjmo4f.main.acsf.baywsf.com/jsonapi/node/answer/a3c4ca5a-637f-44a8-b0d9-e59ef53e00a6/relationships/revision_uid?resourceVersion=id%3A46071"
            }
          }
        },
        "uid": {
          "data": {
            "type": "user--user",
            "id": "c48aba71-438d-44c8-a315-2803a8380004"
          },
          "links": {
            "related": {
              "href": "https://prod85yjmo4f.main.acsf.baywsf.com/jsonapi/node/answer/a3c4ca5a-637f-44a8-b0d9-e59ef53e00a6/uid?resourceVersion=id%3A46071"
            },
            "self": {
              "href": "https://prod85yjmo4f.main.acsf.baywsf.com/jsonapi/node/answer/a3c4ca5a-637f-44a8-b0d9-e59ef53e00a6/relationships/uid?resourceVersion=id%3A46071"
            }
          }
        },
        "field_schema_json_ld_file": {
          "data": null,
          "links": {
            "related": {
              "href": "https://prod85yjmo4f.main.acsf.baywsf.com/jsonapi/node/answer/a3c4ca5a-637f-44a8-b0d9-e59ef53e00a6/field_schema_json_ld_file?resourceVersion=id%3A46071"
            },
            "self": {
              "href": "https://prod85yjmo4f.main.acsf.baywsf.com/jsonapi/node/answer/a3c4ca5a-637f-44a8-b0d9-e59ef53e00a6/relationships/field_schema_json_ld_file?resourceVersion=id%3A46071"
            }
          }
        },
        "field_answer_category": {
          "data": [],
          "links": {
            "related": {
              "href": "https://prod85yjmo4f.main.acsf.baywsf.com/jsonapi/node/answer/a3c4ca5a-637f-44a8-b0d9-e59ef53e00a6/field_answer_category?resourceVersion=id%3A46071"
            },
            "self": {
              "href": "https://prod85yjmo4f.main.acsf.baywsf.com/jsonapi/node/answer/a3c4ca5a-637f-44a8-b0d9-e59ef53e00a6/relationships/field_answer_category?resourceVersion=id%3A46071"
            }
          }
        },
        "field_next_question": {
          "data": null,
          "links": {
            "related": {
              "href": "https://prod85yjmo4f.main.acsf.baywsf.com/jsonapi/node/answer/a3c4ca5a-637f-44a8-b0d9-e59ef53e00a6/field_next_question?resourceVersion=id%3A46071"
            },
            "self": {
              "href": "https://prod85yjmo4f.main.acsf.baywsf.com/jsonapi/node/answer/a3c4ca5a-637f-44a8-b0d9-e59ef53e00a6/relationships/field_next_question?resourceVersion=id%3A46071"
            }
          }
        },
        "field_result": {
          "data": null,
          "links": {
            "related": {
              "href": "https://prod85yjmo4f.main.acsf.baywsf.com/jsonapi/node/answer/a3c4ca5a-637f-44a8-b0d9-e59ef53e00a6/field_result?resourceVersion=id%3A46071"
            },
            "self": {
              "href": "https://prod85yjmo4f.main.acsf.baywsf.com/jsonapi/node/answer/a3c4ca5a-637f-44a8-b0d9-e59ef53e00a6/relationships/field_result?resourceVersion=id%3A46071"
            }
          }
        }
      }
    },
    {
      "type": "node--answer",
      "id": "c00c2f96-d2d5-40c0-911a-aee59a5d3199",
      "links": {
        "self": {
          "href": "https://prod85yjmo4f.main.acsf.baywsf.com/jsonapi/node/answer/c00c2f96-d2d5-40c0-911a-aee59a5d3199?resourceVersion=id%3A46076"
        }
      },
      "attributes": {
        "drupal_internal__nid": 1246,
        "drupal_internal__vid": 46076,
        "langcode": "en",
        "revision_timestamp": "2021-06-17T12:39:53+00:00",
        "revision_log": null,
        "status": true,
        "title": "NO",
        "created": "2021-06-17T12:39:53+00:00",
        "changed": "2021-06-17T12:39:53+00:00",
        "promote": true,
        "sticky": false,
        "default_langcode": true,
        "revision_translation_affected": true,
        "moderation_state": null,
        "metatag": null,
        "path": { "alias": null, "pid": null, "langcode": "en" },
        "private": false,
        "field_metatags": null,
        "content_translation_source": "und",
        "content_translation_outdated": false,
        "published_at": "2021-06-17T12:40:10+00:00",
        "field_answer_summary": null,
        "field_instruction": null
      },
      "relationships": {
        "node_type": {
          "data": {
            "type": "node_type--node_type",
            "id": "78ecfb9f-13e1-4bf3-b3b3-ceeaef39dbd6"
          },
          "links": {
            "related": {
              "href": "https://prod85yjmo4f.main.acsf.baywsf.com/jsonapi/node/answer/c00c2f96-d2d5-40c0-911a-aee59a5d3199/node_type?resourceVersion=id%3A46076"
            },
            "self": {
              "href": "https://prod85yjmo4f.main.acsf.baywsf.com/jsonapi/node/answer/c00c2f96-d2d5-40c0-911a-aee59a5d3199/relationships/node_type?resourceVersion=id%3A46076"
            }
          }
        },
        "revision_uid": {
          "data": {
            "type": "user--user",
            "id": "c48aba71-438d-44c8-a315-2803a8380004"
          },
          "links": {
            "related": {
              "href": "https://prod85yjmo4f.main.acsf.baywsf.com/jsonapi/node/answer/c00c2f96-d2d5-40c0-911a-aee59a5d3199/revision_uid?resourceVersion=id%3A46076"
            },
            "self": {
              "href": "https://prod85yjmo4f.main.acsf.baywsf.com/jsonapi/node/answer/c00c2f96-d2d5-40c0-911a-aee59a5d3199/relationships/revision_uid?resourceVersion=id%3A46076"
            }
          }
        },
        "uid": {
          "data": {
            "type": "user--user",
            "id": "c48aba71-438d-44c8-a315-2803a8380004"
          },
          "links": {
            "related": {
              "href": "https://prod85yjmo4f.main.acsf.baywsf.com/jsonapi/node/answer/c00c2f96-d2d5-40c0-911a-aee59a5d3199/uid?resourceVersion=id%3A46076"
            },
            "self": {
              "href": "https://prod85yjmo4f.main.acsf.baywsf.com/jsonapi/node/answer/c00c2f96-d2d5-40c0-911a-aee59a5d3199/relationships/uid?resourceVersion=id%3A46076"
            }
          }
        },
        "field_schema_json_ld_file": {
          "data": null,
          "links": {
            "related": {
              "href": "https://prod85yjmo4f.main.acsf.baywsf.com/jsonapi/node/answer/c00c2f96-d2d5-40c0-911a-aee59a5d3199/field_schema_json_ld_file?resourceVersion=id%3A46076"
            },
            "self": {
              "href": "https://prod85yjmo4f.main.acsf.baywsf.com/jsonapi/node/answer/c00c2f96-d2d5-40c0-911a-aee59a5d3199/relationships/field_schema_json_ld_file?resourceVersion=id%3A46076"
            }
          }
        },
        "field_answer_category": {
          "data": [],
          "links": {
            "related": {
              "href": "https://prod85yjmo4f.main.acsf.baywsf.com/jsonapi/node/answer/c00c2f96-d2d5-40c0-911a-aee59a5d3199/field_answer_category?resourceVersion=id%3A46076"
            },
            "self": {
              "href": "https://prod85yjmo4f.main.acsf.baywsf.com/jsonapi/node/answer/c00c2f96-d2d5-40c0-911a-aee59a5d3199/relationships/field_answer_category?resourceVersion=id%3A46076"
            }
          }
        },
        "field_next_question": {
          "data": null,
          "links": {
            "related": {
              "href": "https://prod85yjmo4f.main.acsf.baywsf.com/jsonapi/node/answer/c00c2f96-d2d5-40c0-911a-aee59a5d3199/field_next_question?resourceVersion=id%3A46076"
            },
            "self": {
              "href": "https://prod85yjmo4f.main.acsf.baywsf.com/jsonapi/node/answer/c00c2f96-d2d5-40c0-911a-aee59a5d3199/relationships/field_next_question?resourceVersion=id%3A46076"
            }
          }
        },
        "field_result": {
          "data": null,
          "links": {
            "related": {
              "href": "https://prod85yjmo4f.main.acsf.baywsf.com/jsonapi/node/answer/c00c2f96-d2d5-40c0-911a-aee59a5d3199/field_result?resourceVersion=id%3A46076"
            },
            "self": {
              "href": "https://prod85yjmo4f.main.acsf.baywsf.com/jsonapi/node/answer/c00c2f96-d2d5-40c0-911a-aee59a5d3199/relationships/field_result?resourceVersion=id%3A46076"
            }
          }
        }
      }
    }
  ],
  "links": {
    "self": {
      "href": "https://prod85yjmo4f.main.acsf.baywsf.com/jsonapi/node/question/1b12fb45-2c79-42dd-87ae-09d6dbaf93e9?include=field_answer"
    }
  }
}
