{
  "jsonapi": {
    "version": "1.0",
    "meta": {
      "links": { "self": { "href": "http://jsonapi.org/format/1.0/" } }
    }
  },
  "data": {
    "type": "node--question",
    "id": "2ef46d88-9971-40c3-9fef-89d8a45b401a",
    "links": {
      "self": {
        "href": "https://prod85yjmo4f.main.acsf.baywsf.com/jsonapi/node/question/2ef46d88-9971-40c3-9fef-89d8a45b401a?resourceVersion=id%3A46316"
      }
    },
    "attributes": {
      "drupal_internal__nid": 1311,
      "drupal_internal__vid": 46316,
      "langcode": "en",
      "revision_timestamp": "2021-06-18T06:52:02+00:00",
      "revision_log": null,
      "status": true,
      "title": "What format would you prefer?",
      "created": "2021-06-17T12:56:48+00:00",
      "changed": "2021-06-18T06:52:02+00:00",
      "promote": false,
      "sticky": false,
      "default_langcode": true,
      "revision_translation_affected": true,
      "moderation_state": null,
      "metatag": null,
      "path": { "alias": null, "pid": null, "langcode": "en" },
      "private": false,
      "field_metatags": null,
      "content_translation_source": "und",
      "content_translation_outdated": false,
      "published_at": "2021-06-17T12:59:12+00:00",
      "field_error": null,
      "field_explanation": {
        "value": "\u003Cp\u003EAll formats have the same efficacy, so you can pick the option that you are most comfortable with.\u003C/p\u003E\r\n\r\n\u003Cp\u003E- The soft gel is easy and comfortable to insert.\u003C/p\u003E\r\n\r\n\u003Cp\u003E- The vaginal cream comes in a prefilled applicator and is recommended before going to sleep at night. This option may be preferred by those suffering from vaginal dryness.\u003C/p\u003E\r\n\r\n\u003Cp\u003E- The vaginal tablet is a traditional pessary.\u003C/p\u003E\r\n",
        "format": "cohesion_without_glossify",
        "processed": "\u003Cp\u003EAll formats have the same efficacy, so you can pick the option that you are most comfortable with.\u003C/p\u003E\n\n\u003Cp\u003E- The soft gel is easy and comfortable to insert.\u003C/p\u003E\n\n\u003Cp\u003E- The vaginal cream comes in a prefilled applicator and is recommended before going to sleep at night. This option may be preferred by those suffering from vaginal dryness.\u003C/p\u003E\n\n\u003Cp\u003E- The vaginal tablet is a traditional pessary.\u003C/p\u003E\n"
      },
      "field_instruction": {
        "value": "\u003Cp\u003EPreference\u003C/p\u003E\r\n",
        "format": "cohesion_without_glossify",
        "processed": "\u003Cp\u003EPreference\u003C/p\u003E\n"
      },
      "field_references": {
        "value": "\u003Cp\u003EAll formats have the same efficacy, so you can pick the option that you are most comfortable with.\u003C/p\u003E\r\n\r\n\u003Cp\u003E- The soft gel is easy and comfortable to insert.\u003C/p\u003E\r\n\r\n\u003Cp\u003E- The vaginal cream comes in a prefilled applicator and is recommended before going to sleep at night. This option may be preferred by those suffering from vaginal dryness.\u003C/p\u003E\r\n\r\n\u003Cp\u003E- The vaginal tablet is a traditional pessary.\u003C/p\u003E\r\n",
        "format": "cohesion_without_glossify",
        "processed": "\u003Cp\u003EAll formats have the same efficacy, so you can pick the option that you are most comfortable with.\u003C/p\u003E\n\n\u003Cp\u003E- The soft gel is easy and comfortable to insert.\u003C/p\u003E\n\n\u003Cp\u003E- The vaginal cream comes in a prefilled applicator and is recommended before going to sleep at night. This option may be preferred by those suffering from vaginal dryness.\u003C/p\u003E\n\n\u003Cp\u003E- The vaginal tablet is a traditional pessary.\u003C/p\u003E\n"
      }
    },
    "relationships": {
      "node_type": {
        "data": {
          "type": "node_type--node_type",
          "id": "aa153fe2-2616-4421-849c-a146decee6a3"
        },
        "links": {
          "related": {
            "href": "https://prod85yjmo4f.main.acsf.baywsf.com/jsonapi/node/question/2ef46d88-9971-40c3-9fef-89d8a45b401a/node_type?resourceVersion=id%3A46316"
          },
          "self": {
            "href": "https://prod85yjmo4f.main.acsf.baywsf.com/jsonapi/node/question/2ef46d88-9971-40c3-9fef-89d8a45b401a/relationships/node_type?resourceVersion=id%3A46316"
          }
        }
      },
      "revision_uid": {
        "data": {
          "type": "user--user",
          "id": "c48aba71-438d-44c8-a315-2803a8380004"
        },
        "links": {
          "related": {
            "href": "https://prod85yjmo4f.main.acsf.baywsf.com/jsonapi/node/question/2ef46d88-9971-40c3-9fef-89d8a45b401a/revision_uid?resourceVersion=id%3A46316"
          },
          "self": {
            "href": "https://prod85yjmo4f.main.acsf.baywsf.com/jsonapi/node/question/2ef46d88-9971-40c3-9fef-89d8a45b401a/relationships/revision_uid?resourceVersion=id%3A46316"
          }
        }
      },
      "uid": {
        "data": {
          "type": "user--user",
          "id": "c48aba71-438d-44c8-a315-2803a8380004"
        },
        "links": {
          "related": {
            "href": "https://prod85yjmo4f.main.acsf.baywsf.com/jsonapi/node/question/2ef46d88-9971-40c3-9fef-89d8a45b401a/uid?resourceVersion=id%3A46316"
          },
          "self": {
            "href": "https://prod85yjmo4f.main.acsf.baywsf.com/jsonapi/node/question/2ef46d88-9971-40c3-9fef-89d8a45b401a/relationships/uid?resourceVersion=id%3A46316"
          }
        }
      },
      "field_schema_json_ld_file": {
        "data": null,
        "links": {
          "related": {
            "href": "https://prod85yjmo4f.main.acsf.baywsf.com/jsonapi/node/question/2ef46d88-9971-40c3-9fef-89d8a45b401a/field_schema_json_ld_file?resourceVersion=id%3A46316"
          },
          "self": {
            "href": "https://prod85yjmo4f.main.acsf.baywsf.com/jsonapi/node/question/2ef46d88-9971-40c3-9fef-89d8a45b401a/relationships/field_schema_json_ld_file?resourceVersion=id%3A46316"
          }
        }
      },
      "field_actions": {
        "data": [],
        "links": {
          "related": {
            "href": "https://prod85yjmo4f.main.acsf.baywsf.com/jsonapi/node/question/2ef46d88-9971-40c3-9fef-89d8a45b401a/field_actions?resourceVersion=id%3A46316"
          },
          "self": {
            "href": "https://prod85yjmo4f.main.acsf.baywsf.com/jsonapi/node/question/2ef46d88-9971-40c3-9fef-89d8a45b401a/relationships/field_actions?resourceVersion=id%3A46316"
          }
        }
      },
      "field_answer": {
        "data": [
          {
            "type": "node--answer",
            "id": "0f3d0043-5efd-4fd6-ab38-988ba6484fcd"
          },
          {
            "type": "node--answer",
            "id": "d57b3f8b-b0de-4387-9c21-959cb1ae45a0"
          },
          {
            "type": "node--answer",
            "id": "2f1dba46-6250-439f-be37-007b735e5627"
          }
        ],
        "links": {
          "related": {
            "href": "https://prod85yjmo4f.main.acsf.baywsf.com/jsonapi/node/question/2ef46d88-9971-40c3-9fef-89d8a45b401a/field_answer?resourceVersion=id%3A46316"
          },
          "self": {
            "href": "https://prod85yjmo4f.main.acsf.baywsf.com/jsonapi/node/question/2ef46d88-9971-40c3-9fef-89d8a45b401a/relationships/field_answer?resourceVersion=id%3A46316"
          }
        }
      },
      "field_correct": {
        "data": [],
        "links": {
          "related": {
            "href": "https://prod85yjmo4f.main.acsf.baywsf.com/jsonapi/node/question/2ef46d88-9971-40c3-9fef-89d8a45b401a/field_correct?resourceVersion=id%3A46316"
          },
          "self": {
            "href": "https://prod85yjmo4f.main.acsf.baywsf.com/jsonapi/node/question/2ef46d88-9971-40c3-9fef-89d8a45b401a/relationships/field_correct?resourceVersion=id%3A46316"
          }
        }
      },
      "field_question_group": {
        "data": [],
        "links": {
          "related": {
            "href": "https://prod85yjmo4f.main.acsf.baywsf.com/jsonapi/node/question/2ef46d88-9971-40c3-9fef-89d8a45b401a/field_question_group?resourceVersion=id%3A46316"
          },
          "self": {
            "href": "https://prod85yjmo4f.main.acsf.baywsf.com/jsonapi/node/question/2ef46d88-9971-40c3-9fef-89d8a45b401a/relationships/field_question_group?resourceVersion=id%3A46316"
          }
        }
      }
    }
  },
  "included": [
    {
      "type": "node--answer",
      "id": "0f3d0043-5efd-4fd6-ab38-988ba6484fcd",
      "links": {
        "self": {
          "href": "https://prod85yjmo4f.main.acsf.baywsf.com/jsonapi/node/answer/0f3d0043-5efd-4fd6-ab38-988ba6484fcd?resourceVersion=id%3A46126"
        }
      },
      "attributes": {
        "drupal_internal__nid": 1296,
        "drupal_internal__vid": 46126,
        "langcode": "en",
        "revision_timestamp": "2021-06-17T12:58:00+00:00",
        "revision_log": null,
        "status": true,
        "title": "EASY INSERT SOFT GEL",
        "created": "2021-06-17T12:58:00+00:00",
        "changed": "2021-06-17T12:58:00+00:00",
        "promote": true,
        "sticky": false,
        "default_langcode": true,
        "revision_translation_affected": true,
        "moderation_state": null,
        "metatag": null,
        "path": { "alias": null, "pid": null, "langcode": "en" },
        "private": false,
        "field_metatags": null,
        "content_translation_source": "und",
        "content_translation_outdated": false,
        "published_at": "2021-06-17T12:59:12+00:00",
        "field_answer_summary": null,
        "field_instruction": null
      },
      "relationships": {
        "node_type": {
          "data": {
            "type": "node_type--node_type",
            "id": "78ecfb9f-13e1-4bf3-b3b3-ceeaef39dbd6"
          },
          "links": {
            "related": {
              "href": "https://prod85yjmo4f.main.acsf.baywsf.com/jsonapi/node/answer/0f3d0043-5efd-4fd6-ab38-988ba6484fcd/node_type?resourceVersion=id%3A46126"
            },
            "self": {
              "href": "https://prod85yjmo4f.main.acsf.baywsf.com/jsonapi/node/answer/0f3d0043-5efd-4fd6-ab38-988ba6484fcd/relationships/node_type?resourceVersion=id%3A46126"
            }
          }
        },
        "revision_uid": {
          "data": {
            "type": "user--user",
            "id": "c48aba71-438d-44c8-a315-2803a8380004"
          },
          "links": {
            "related": {
              "href": "https://prod85yjmo4f.main.acsf.baywsf.com/jsonapi/node/answer/0f3d0043-5efd-4fd6-ab38-988ba6484fcd/revision_uid?resourceVersion=id%3A46126"
            },
            "self": {
              "href": "https://prod85yjmo4f.main.acsf.baywsf.com/jsonapi/node/answer/0f3d0043-5efd-4fd6-ab38-988ba6484fcd/relationships/revision_uid?resourceVersion=id%3A46126"
            }
          }
        },
        "uid": {
          "data": {
            "type": "user--user",
            "id": "c48aba71-438d-44c8-a315-2803a8380004"
          },
          "links": {
            "related": {
              "href": "https://prod85yjmo4f.main.acsf.baywsf.com/jsonapi/node/answer/0f3d0043-5efd-4fd6-ab38-988ba6484fcd/uid?resourceVersion=id%3A46126"
            },
            "self": {
              "href": "https://prod85yjmo4f.main.acsf.baywsf.com/jsonapi/node/answer/0f3d0043-5efd-4fd6-ab38-988ba6484fcd/relationships/uid?resourceVersion=id%3A46126"
            }
          }
        },
        "field_schema_json_ld_file": {
          "data": null,
          "links": {
            "related": {
              "href": "https://prod85yjmo4f.main.acsf.baywsf.com/jsonapi/node/answer/0f3d0043-5efd-4fd6-ab38-988ba6484fcd/field_schema_json_ld_file?resourceVersion=id%3A46126"
            },
            "self": {
              "href": "https://prod85yjmo4f.main.acsf.baywsf.com/jsonapi/node/answer/0f3d0043-5efd-4fd6-ab38-988ba6484fcd/relationships/field_schema_json_ld_file?resourceVersion=id%3A46126"
            }
          }
        },
        "field_answer_category": {
          "data": [],
          "links": {
            "related": {
              "href": "https://prod85yjmo4f.main.acsf.baywsf.com/jsonapi/node/answer/0f3d0043-5efd-4fd6-ab38-988ba6484fcd/field_answer_category?resourceVersion=id%3A46126"
            },
            "self": {
              "href": "https://prod85yjmo4f.main.acsf.baywsf.com/jsonapi/node/answer/0f3d0043-5efd-4fd6-ab38-988ba6484fcd/relationships/field_answer_category?resourceVersion=id%3A46126"
            }
          }
        },
        "field_next_question": {
          "data": null,
          "links": {
            "related": {
              "href": "https://prod85yjmo4f.main.acsf.baywsf.com/jsonapi/node/answer/0f3d0043-5efd-4fd6-ab38-988ba6484fcd/field_next_question?resourceVersion=id%3A46126"
            },
            "self": {
              "href": "https://prod85yjmo4f.main.acsf.baywsf.com/jsonapi/node/answer/0f3d0043-5efd-4fd6-ab38-988ba6484fcd/relationships/field_next_question?resourceVersion=id%3A46126"
            }
          }
        },
        "field_result": {
          "data": null,
          "links": {
            "related": {
              "href": "https://prod85yjmo4f.main.acsf.baywsf.com/jsonapi/node/answer/0f3d0043-5efd-4fd6-ab38-988ba6484fcd/field_result?resourceVersion=id%3A46126"
            },
            "self": {
              "href": "https://prod85yjmo4f.main.acsf.baywsf.com/jsonapi/node/answer/0f3d0043-5efd-4fd6-ab38-988ba6484fcd/relationships/field_result?resourceVersion=id%3A46126"
            }
          }
        }
      }
    },
    {
      "type": "node--answer",
      "id": "d57b3f8b-b0de-4387-9c21-959cb1ae45a0",
      "links": {
        "self": {
          "href": "https://prod85yjmo4f.main.acsf.baywsf.com/jsonapi/node/answer/d57b3f8b-b0de-4387-9c21-959cb1ae45a0?resourceVersion=id%3A46131"
        }
      },
      "attributes": {
        "drupal_internal__nid": 1301,
        "drupal_internal__vid": 46131,
        "langcode": "en",
        "revision_timestamp": "2021-06-17T12:58:28+00:00",
        "revision_log": null,
        "status": true,
        "title": "SOOTHING VAGINAL CREAM",
        "created": "2021-06-17T12:58:28+00:00",
        "changed": "2021-06-17T12:58:28+00:00",
        "promote": true,
        "sticky": false,
        "default_langcode": true,
        "revision_translation_affected": true,
        "moderation_state": null,
        "metatag": null,
        "path": { "alias": null, "pid": null, "langcode": "en" },
        "private": false,
        "field_metatags": null,
        "content_translation_source": "und",
        "content_translation_outdated": false,
        "published_at": "2021-06-17T12:59:12+00:00",
        "field_answer_summary": null,
        "field_instruction": null
      },
      "relationships": {
        "node_type": {
          "data": {
            "type": "node_type--node_type",
            "id": "78ecfb9f-13e1-4bf3-b3b3-ceeaef39dbd6"
          },
          "links": {
            "related": {
              "href": "https://prod85yjmo4f.main.acsf.baywsf.com/jsonapi/node/answer/d57b3f8b-b0de-4387-9c21-959cb1ae45a0/node_type?resourceVersion=id%3A46131"
            },
            "self": {
              "href": "https://prod85yjmo4f.main.acsf.baywsf.com/jsonapi/node/answer/d57b3f8b-b0de-4387-9c21-959cb1ae45a0/relationships/node_type?resourceVersion=id%3A46131"
            }
          }
        },
        "revision_uid": {
          "data": {
            "type": "user--user",
            "id": "c48aba71-438d-44c8-a315-2803a8380004"
          },
          "links": {
            "related": {
              "href": "https://prod85yjmo4f.main.acsf.baywsf.com/jsonapi/node/answer/d57b3f8b-b0de-4387-9c21-959cb1ae45a0/revision_uid?resourceVersion=id%3A46131"
            },
            "self": {
              "href": "https://prod85yjmo4f.main.acsf.baywsf.com/jsonapi/node/answer/d57b3f8b-b0de-4387-9c21-959cb1ae45a0/relationships/revision_uid?resourceVersion=id%3A46131"
            }
          }
        },
        "uid": {
          "data": {
            "type": "user--user",
            "id": "c48aba71-438d-44c8-a315-2803a8380004"
          },
          "links": {
            "related": {
              "href": "https://prod85yjmo4f.main.acsf.baywsf.com/jsonapi/node/answer/d57b3f8b-b0de-4387-9c21-959cb1ae45a0/uid?resourceVersion=id%3A46131"
            },
            "self": {
              "href": "https://prod85yjmo4f.main.acsf.baywsf.com/jsonapi/node/answer/d57b3f8b-b0de-4387-9c21-959cb1ae45a0/relationships/uid?resourceVersion=id%3A46131"
            }
          }
        },
        "field_schema_json_ld_file": {
          "data": null,
          "links": {
            "related": {
              "href": "https://prod85yjmo4f.main.acsf.baywsf.com/jsonapi/node/answer/d57b3f8b-b0de-4387-9c21-959cb1ae45a0/field_schema_json_ld_file?resourceVersion=id%3A46131"
            },
            "self": {
              "href": "https://prod85yjmo4f.main.acsf.baywsf.com/jsonapi/node/answer/d57b3f8b-b0de-4387-9c21-959cb1ae45a0/relationships/field_schema_json_ld_file?resourceVersion=id%3A46131"
            }
          }
        },
        "field_answer_category": {
          "data": [],
          "links": {
            "related": {
              "href": "https://prod85yjmo4f.main.acsf.baywsf.com/jsonapi/node/answer/d57b3f8b-b0de-4387-9c21-959cb1ae45a0/field_answer_category?resourceVersion=id%3A46131"
            },
            "self": {
              "href": "https://prod85yjmo4f.main.acsf.baywsf.com/jsonapi/node/answer/d57b3f8b-b0de-4387-9c21-959cb1ae45a0/relationships/field_answer_category?resourceVersion=id%3A46131"
            }
          }
        },
        "field_next_question": {
          "data": null,
          "links": {
            "related": {
              "href": "https://prod85yjmo4f.main.acsf.baywsf.com/jsonapi/node/answer/d57b3f8b-b0de-4387-9c21-959cb1ae45a0/field_next_question?resourceVersion=id%3A46131"
            },
            "self": {
              "href": "https://prod85yjmo4f.main.acsf.baywsf.com/jsonapi/node/answer/d57b3f8b-b0de-4387-9c21-959cb1ae45a0/relationships/field_next_question?resourceVersion=id%3A46131"
            }
          }
        },
        "field_result": {
          "data": null,
          "links": {
            "related": {
              "href": "https://prod85yjmo4f.main.acsf.baywsf.com/jsonapi/node/answer/d57b3f8b-b0de-4387-9c21-959cb1ae45a0/field_result?resourceVersion=id%3A46131"
            },
            "self": {
              "href": "https://prod85yjmo4f.main.acsf.baywsf.com/jsonapi/node/answer/d57b3f8b-b0de-4387-9c21-959cb1ae45a0/relationships/field_result?resourceVersion=id%3A46131"
            }
          }
        }
      }
    },
    {
      "type": "node--answer",
      "id": "2f1dba46-6250-439f-be37-007b735e5627",
      "links": {
        "self": {
          "href": "https://prod85yjmo4f.main.acsf.baywsf.com/jsonapi/node/answer/2f1dba46-6250-439f-be37-007b735e5627?resourceVersion=id%3A46136"
        }
      },
      "attributes": {
        "drupal_internal__nid": 1306,
        "drupal_internal__vid": 46136,
        "langcode": "en",
        "revision_timestamp": "2021-06-17T12:59:00+00:00",
        "revision_log": null,
        "status": true,
        "title": "VAGINAL TABLET",
        "created": "2021-06-17T12:59:00+00:00",
        "changed": "2021-06-17T12:59:00+00:00",
        "promote": true,
        "sticky": false,
        "default_langcode": true,
        "revision_translation_affected": true,
        "moderation_state": null,
        "metatag": null,
        "path": { "alias": null, "pid": null, "langcode": "en" },
        "private": false,
        "field_metatags": null,
        "content_translation_source": "und",
        "content_translation_outdated": false,
        "published_at": "2021-06-17T12:59:12+00:00",
        "field_answer_summary": null,
        "field_instruction": null
      },
      "relationships": {
        "node_type": {
          "data": {
            "type": "node_type--node_type",
            "id": "78ecfb9f-13e1-4bf3-b3b3-ceeaef39dbd6"
          },
          "links": {
            "related": {
              "href": "https://prod85yjmo4f.main.acsf.baywsf.com/jsonapi/node/answer/2f1dba46-6250-439f-be37-007b735e5627/node_type?resourceVersion=id%3A46136"
            },
            "self": {
              "href": "https://prod85yjmo4f.main.acsf.baywsf.com/jsonapi/node/answer/2f1dba46-6250-439f-be37-007b735e5627/relationships/node_type?resourceVersion=id%3A46136"
            }
          }
        },
        "revision_uid": {
          "data": {
            "type": "user--user",
            "id": "c48aba71-438d-44c8-a315-2803a8380004"
          },
          "links": {
            "related": {
              "href": "https://prod85yjmo4f.main.acsf.baywsf.com/jsonapi/node/answer/2f1dba46-6250-439f-be37-007b735e5627/revision_uid?resourceVersion=id%3A46136"
            },
            "self": {
              "href": "https://prod85yjmo4f.main.acsf.baywsf.com/jsonapi/node/answer/2f1dba46-6250-439f-be37-007b735e5627/relationships/revision_uid?resourceVersion=id%3A46136"
            }
          }
        },
        "uid": {
          "data": {
            "type": "user--user",
            "id": "c48aba71-438d-44c8-a315-2803a8380004"
          },
          "links": {
            "related": {
              "href": "https://prod85yjmo4f.main.acsf.baywsf.com/jsonapi/node/answer/2f1dba46-6250-439f-be37-007b735e5627/uid?resourceVersion=id%3A46136"
            },
            "self": {
              "href": "https://prod85yjmo4f.main.acsf.baywsf.com/jsonapi/node/answer/2f1dba46-6250-439f-be37-007b735e5627/relationships/uid?resourceVersion=id%3A46136"
            }
          }
        },
        "field_schema_json_ld_file": {
          "data": null,
          "links": {
            "related": {
              "href": "https://prod85yjmo4f.main.acsf.baywsf.com/jsonapi/node/answer/2f1dba46-6250-439f-be37-007b735e5627/field_schema_json_ld_file?resourceVersion=id%3A46136"
            },
            "self": {
              "href": "https://prod85yjmo4f.main.acsf.baywsf.com/jsonapi/node/answer/2f1dba46-6250-439f-be37-007b735e5627/relationships/field_schema_json_ld_file?resourceVersion=id%3A46136"
            }
          }
        },
        "field_answer_category": {
          "data": [],
          "links": {
            "related": {
              "href": "https://prod85yjmo4f.main.acsf.baywsf.com/jsonapi/node/answer/2f1dba46-6250-439f-be37-007b735e5627/field_answer_category?resourceVersion=id%3A46136"
            },
            "self": {
              "href": "https://prod85yjmo4f.main.acsf.baywsf.com/jsonapi/node/answer/2f1dba46-6250-439f-be37-007b735e5627/relationships/field_answer_category?resourceVersion=id%3A46136"
            }
          }
        },
        "field_next_question": {
          "data": null,
          "links": {
            "related": {
              "href": "https://prod85yjmo4f.main.acsf.baywsf.com/jsonapi/node/answer/2f1dba46-6250-439f-be37-007b735e5627/field_next_question?resourceVersion=id%3A46136"
            },
            "self": {
              "href": "https://prod85yjmo4f.main.acsf.baywsf.com/jsonapi/node/answer/2f1dba46-6250-439f-be37-007b735e5627/relationships/field_next_question?resourceVersion=id%3A46136"
            }
          }
        },
        "field_result": {
          "data": null,
          "links": {
            "related": {
              "href": "https://prod85yjmo4f.main.acsf.baywsf.com/jsonapi/node/answer/2f1dba46-6250-439f-be37-007b735e5627/field_result?resourceVersion=id%3A46136"
            },
            "self": {
              "href": "https://prod85yjmo4f.main.acsf.baywsf.com/jsonapi/node/answer/2f1dba46-6250-439f-be37-007b735e5627/relationships/field_result?resourceVersion=id%3A46136"
            }
          }
        }
      }
    }
  ],
  "links": {
    "self": {
      "href": "https://prod85yjmo4f.main.acsf.baywsf.com/jsonapi/node/question/2ef46d88-9971-40c3-9fef-89d8a45b401a?include=field_answer"
    }
  }
}
