{
  "jsonapi": {
    "version": "1.0",
    "meta": {
      "links": { "self": { "href": "http://jsonapi.org/format/1.0/" } }
    }
  },
  "data": {
    "type": "node--question",
    "id": "7613ca6f-1459-4426-9f3c-a5916121c058",
    "links": {
      "self": {
        "href": "https://prod85yjmo4f.main.acsf.baywsf.com/jsonapi/node/question/7613ca6f-1459-4426-9f3c-a5916121c058?resourceVersion=id%3A46286"
      }
    },
    "attributes": {
      "drupal_internal__nid": 1236,
      "drupal_internal__vid": 46286,
      "langcode": "en",
      "revision_timestamp": "2021-06-18T06:31:11+00:00",
      "revision_log": null,
      "status": true,
      "title": "Are you male or female?",
      "created": "2021-06-17T12:28:34+00:00",
      "changed": "2021-06-18T06:31:11+00:00",
      "promote": false,
      "sticky": false,
      "default_langcode": true,
      "revision_translation_affected": true,
      "moderation_state": null,
      "metatag": null,
      "path": { "alias": null, "pid": null, "langcode": "en" },
      "private": false,
      "field_metatags": null,
      "content_translation_source": "und",
      "content_translation_outdated": false,
      "published_at": "2021-06-17T12:30:34+00:00",
      "field_error": null,
      "field_explanation": {
        "value": "\u003Cp\u003EWe have product solutions for both men and women.\u003C/p\u003E\r\n\r\n\u003Cp\u003EMale Thrush, or Balanitis, can be treated with our oral capsule.\u003C/p\u003E\r\n",
        "format": "cohesion_without_glossify",
        "processed": "\u003Cp\u003EWe have product solutions for both men and women.\u003C/p\u003E\n\n\u003Cp\u003EMale Thrush, or Balanitis, can be treated with our oral capsule.\u003C/p\u003E\n"
      },
      "field_instruction": {
        "value": "\u003Cp\u003EPlease share\u003C/p\u003E\r\n",
        "format": "cohesion_without_glossify",
        "processed": "\u003Cp\u003EPlease share\u003C/p\u003E\n"
      },
      "field_references": {
        "value": "\u003Cp\u003EWe have product solutions for both men and women.\u003C/p\u003E\r\n\r\n\u003Cp\u003EMale Thrush, or Balanitis, can be treated with our oral capsule.\u003C/p\u003E\r\n",
        "format": "cohesion_without_glossify",
        "processed": "\u003Cp\u003EWe have product solutions for both men and women.\u003C/p\u003E\n\n\u003Cp\u003EMale Thrush, or Balanitis, can be treated with our oral capsule.\u003C/p\u003E\n"
      }
    },
    "relationships": {
      "node_type": {
        "data": {
          "type": "node_type--node_type",
          "id": "aa153fe2-2616-4421-849c-a146decee6a3"
        },
        "links": {
          "related": {
            "href": "https://prod85yjmo4f.main.acsf.baywsf.com/jsonapi/node/question/7613ca6f-1459-4426-9f3c-a5916121c058/node_type?resourceVersion=id%3A46286"
          },
          "self": {
            "href": "https://prod85yjmo4f.main.acsf.baywsf.com/jsonapi/node/question/7613ca6f-1459-4426-9f3c-a5916121c058/relationships/node_type?resourceVersion=id%3A46286"
          }
        }
      },
      "revision_uid": {
        "data": {
          "type": "user--user",
          "id": "c48aba71-438d-44c8-a315-2803a8380004"
        },
        "links": {
          "related": {
            "href": "https://prod85yjmo4f.main.acsf.baywsf.com/jsonapi/node/question/7613ca6f-1459-4426-9f3c-a5916121c058/revision_uid?resourceVersion=id%3A46286"
          },
          "self": {
            "href": "https://prod85yjmo4f.main.acsf.baywsf.com/jsonapi/node/question/7613ca6f-1459-4426-9f3c-a5916121c058/relationships/revision_uid?resourceVersion=id%3A46286"
          }
        }
      },
      "uid": {
        "data": {
          "type": "user--user",
          "id": "c48aba71-438d-44c8-a315-2803a8380004"
        },
        "links": {
          "related": {
            "href": "https://prod85yjmo4f.main.acsf.baywsf.com/jsonapi/node/question/7613ca6f-1459-4426-9f3c-a5916121c058/uid?resourceVersion=id%3A46286"
          },
          "self": {
            "href": "https://prod85yjmo4f.main.acsf.baywsf.com/jsonapi/node/question/7613ca6f-1459-4426-9f3c-a5916121c058/relationships/uid?resourceVersion=id%3A46286"
          }
        }
      },
      "field_schema_json_ld_file": {
        "data": null,
        "links": {
          "related": {
            "href": "https://prod85yjmo4f.main.acsf.baywsf.com/jsonapi/node/question/7613ca6f-1459-4426-9f3c-a5916121c058/field_schema_json_ld_file?resourceVersion=id%3A46286"
          },
          "self": {
            "href": "https://prod85yjmo4f.main.acsf.baywsf.com/jsonapi/node/question/7613ca6f-1459-4426-9f3c-a5916121c058/relationships/field_schema_json_ld_file?resourceVersion=id%3A46286"
          }
        }
      },
      "field_actions": {
        "data": [],
        "links": {
          "related": {
            "href": "https://prod85yjmo4f.main.acsf.baywsf.com/jsonapi/node/question/7613ca6f-1459-4426-9f3c-a5916121c058/field_actions?resourceVersion=id%3A46286"
          },
          "self": {
            "href": "https://prod85yjmo4f.main.acsf.baywsf.com/jsonapi/node/question/7613ca6f-1459-4426-9f3c-a5916121c058/relationships/field_actions?resourceVersion=id%3A46286"
          }
        }
      },
      "field_answer": {
        "data": [
          {
            "type": "node--answer",
            "id": "7529905e-52ca-40d9-9606-f684bbf616bc"
          },
          {
            "type": "node--answer",
            "id": "433b3af0-eb08-4ca9-a75f-d05c4de5636b"
          }
        ],
        "links": {
          "related": {
            "href": "https://prod85yjmo4f.main.acsf.baywsf.com/jsonapi/node/question/7613ca6f-1459-4426-9f3c-a5916121c058/field_answer?resourceVersion=id%3A46286"
          },
          "self": {
            "href": "https://prod85yjmo4f.main.acsf.baywsf.com/jsonapi/node/question/7613ca6f-1459-4426-9f3c-a5916121c058/relationships/field_answer?resourceVersion=id%3A46286"
          }
        }
      },
      "field_correct": {
        "data": [],
        "links": {
          "related": {
            "href": "https://prod85yjmo4f.main.acsf.baywsf.com/jsonapi/node/question/7613ca6f-1459-4426-9f3c-a5916121c058/field_correct?resourceVersion=id%3A46286"
          },
          "self": {
            "href": "https://prod85yjmo4f.main.acsf.baywsf.com/jsonapi/node/question/7613ca6f-1459-4426-9f3c-a5916121c058/relationships/field_correct?resourceVersion=id%3A46286"
          }
        }
      },
      "field_question_group": {
        "data": [],
        "links": {
          "related": {
            "href": "https://prod85yjmo4f.main.acsf.baywsf.com/jsonapi/node/question/7613ca6f-1459-4426-9f3c-a5916121c058/field_question_group?resourceVersion=id%3A46286"
          },
          "self": {
            "href": "https://prod85yjmo4f.main.acsf.baywsf.com/jsonapi/node/question/7613ca6f-1459-4426-9f3c-a5916121c058/relationships/field_question_group?resourceVersion=id%3A46286"
          }
        }
      }
    }
  },
  "included": [
    {
      "type": "node--answer",
      "id": "7529905e-52ca-40d9-9606-f684bbf616bc",
      "links": {
        "self": {
          "href": "https://prod85yjmo4f.main.acsf.baywsf.com/jsonapi/node/answer/7529905e-52ca-40d9-9606-f684bbf616bc?resourceVersion=id%3A46056"
        }
      },
      "attributes": {
        "drupal_internal__nid": 1226,
        "drupal_internal__vid": 46056,
        "langcode": "en",
        "revision_timestamp": "2021-06-17T12:29:14+00:00",
        "revision_log": null,
        "status": true,
        "title": "MALE",
        "created": "2021-06-17T12:29:14+00:00",
        "changed": "2021-06-17T12:29:14+00:00",
        "promote": true,
        "sticky": false,
        "default_langcode": true,
        "revision_translation_affected": true,
        "moderation_state": null,
        "metatag": null,
        "path": { "alias": null, "pid": null, "langcode": "en" },
        "private": false,
        "field_metatags": null,
        "content_translation_source": "und",
        "content_translation_outdated": false,
        "published_at": "2021-06-17T12:30:34+00:00",
        "field_answer_summary": null,
        "field_instruction": null
      },
      "relationships": {
        "node_type": {
          "data": {
            "type": "node_type--node_type",
            "id": "78ecfb9f-13e1-4bf3-b3b3-ceeaef39dbd6"
          },
          "links": {
            "related": {
              "href": "https://prod85yjmo4f.main.acsf.baywsf.com/jsonapi/node/answer/7529905e-52ca-40d9-9606-f684bbf616bc/node_type?resourceVersion=id%3A46056"
            },
            "self": {
              "href": "https://prod85yjmo4f.main.acsf.baywsf.com/jsonapi/node/answer/7529905e-52ca-40d9-9606-f684bbf616bc/relationships/node_type?resourceVersion=id%3A46056"
            }
          }
        },
        "revision_uid": {
          "data": {
            "type": "user--user",
            "id": "c48aba71-438d-44c8-a315-2803a8380004"
          },
          "links": {
            "related": {
              "href": "https://prod85yjmo4f.main.acsf.baywsf.com/jsonapi/node/answer/7529905e-52ca-40d9-9606-f684bbf616bc/revision_uid?resourceVersion=id%3A46056"
            },
            "self": {
              "href": "https://prod85yjmo4f.main.acsf.baywsf.com/jsonapi/node/answer/7529905e-52ca-40d9-9606-f684bbf616bc/relationships/revision_uid?resourceVersion=id%3A46056"
            }
          }
        },
        "uid": {
          "data": {
            "type": "user--user",
            "id": "c48aba71-438d-44c8-a315-2803a8380004"
          },
          "links": {
            "related": {
              "href": "https://prod85yjmo4f.main.acsf.baywsf.com/jsonapi/node/answer/7529905e-52ca-40d9-9606-f684bbf616bc/uid?resourceVersion=id%3A46056"
            },
            "self": {
              "href": "https://prod85yjmo4f.main.acsf.baywsf.com/jsonapi/node/answer/7529905e-52ca-40d9-9606-f684bbf616bc/relationships/uid?resourceVersion=id%3A46056"
            }
          }
        },
        "field_schema_json_ld_file": {
          "data": null,
          "links": {
            "related": {
              "href": "https://prod85yjmo4f.main.acsf.baywsf.com/jsonapi/node/answer/7529905e-52ca-40d9-9606-f684bbf616bc/field_schema_json_ld_file?resourceVersion=id%3A46056"
            },
            "self": {
              "href": "https://prod85yjmo4f.main.acsf.baywsf.com/jsonapi/node/answer/7529905e-52ca-40d9-9606-f684bbf616bc/relationships/field_schema_json_ld_file?resourceVersion=id%3A46056"
            }
          }
        },
        "field_answer_category": {
          "data": [],
          "links": {
            "related": {
              "href": "https://prod85yjmo4f.main.acsf.baywsf.com/jsonapi/node/answer/7529905e-52ca-40d9-9606-f684bbf616bc/field_answer_category?resourceVersion=id%3A46056"
            },
            "self": {
              "href": "https://prod85yjmo4f.main.acsf.baywsf.com/jsonapi/node/answer/7529905e-52ca-40d9-9606-f684bbf616bc/relationships/field_answer_category?resourceVersion=id%3A46056"
            }
          }
        },
        "field_next_question": {
          "data": null,
          "links": {
            "related": {
              "href": "https://prod85yjmo4f.main.acsf.baywsf.com/jsonapi/node/answer/7529905e-52ca-40d9-9606-f684bbf616bc/field_next_question?resourceVersion=id%3A46056"
            },
            "self": {
              "href": "https://prod85yjmo4f.main.acsf.baywsf.com/jsonapi/node/answer/7529905e-52ca-40d9-9606-f684bbf616bc/relationships/field_next_question?resourceVersion=id%3A46056"
            }
          }
        },
        "field_result": {
          "data": null,
          "links": {
            "related": {
              "href": "https://prod85yjmo4f.main.acsf.baywsf.com/jsonapi/node/answer/7529905e-52ca-40d9-9606-f684bbf616bc/field_result?resourceVersion=id%3A46056"
            },
            "self": {
              "href": "https://prod85yjmo4f.main.acsf.baywsf.com/jsonapi/node/answer/7529905e-52ca-40d9-9606-f684bbf616bc/relationships/field_result?resourceVersion=id%3A46056"
            }
          }
        }
      }
    },
    {
      "type": "node--answer",
      "id": "433b3af0-eb08-4ca9-a75f-d05c4de5636b",
      "links": {
        "self": {
          "href": "https://prod85yjmo4f.main.acsf.baywsf.com/jsonapi/node/answer/433b3af0-eb08-4ca9-a75f-d05c4de5636b?resourceVersion=id%3A46061"
        }
      },
      "attributes": {
        "drupal_internal__nid": 1231,
        "drupal_internal__vid": 46061,
        "langcode": "en",
        "revision_timestamp": "2021-06-17T12:30:20+00:00",
        "revision_log": null,
        "status": true,
        "title": "FEMALE",
        "created": "2021-06-17T12:30:20+00:00",
        "changed": "2021-06-17T12:30:20+00:00",
        "promote": true,
        "sticky": false,
        "default_langcode": true,
        "revision_translation_affected": true,
        "moderation_state": null,
        "metatag": null,
        "path": { "alias": null, "pid": null, "langcode": "en" },
        "private": false,
        "field_metatags": null,
        "content_translation_source": "und",
        "content_translation_outdated": false,
        "published_at": "2021-06-17T12:30:34+00:00",
        "field_answer_summary": null,
        "field_instruction": null
      },
      "relationships": {
        "node_type": {
          "data": {
            "type": "node_type--node_type",
            "id": "78ecfb9f-13e1-4bf3-b3b3-ceeaef39dbd6"
          },
          "links": {
            "related": {
              "href": "https://prod85yjmo4f.main.acsf.baywsf.com/jsonapi/node/answer/433b3af0-eb08-4ca9-a75f-d05c4de5636b/node_type?resourceVersion=id%3A46061"
            },
            "self": {
              "href": "https://prod85yjmo4f.main.acsf.baywsf.com/jsonapi/node/answer/433b3af0-eb08-4ca9-a75f-d05c4de5636b/relationships/node_type?resourceVersion=id%3A46061"
            }
          }
        },
        "revision_uid": {
          "data": {
            "type": "user--user",
            "id": "c48aba71-438d-44c8-a315-2803a8380004"
          },
          "links": {
            "related": {
              "href": "https://prod85yjmo4f.main.acsf.baywsf.com/jsonapi/node/answer/433b3af0-eb08-4ca9-a75f-d05c4de5636b/revision_uid?resourceVersion=id%3A46061"
            },
            "self": {
              "href": "https://prod85yjmo4f.main.acsf.baywsf.com/jsonapi/node/answer/433b3af0-eb08-4ca9-a75f-d05c4de5636b/relationships/revision_uid?resourceVersion=id%3A46061"
            }
          }
        },
        "uid": {
          "data": {
            "type": "user--user",
            "id": "c48aba71-438d-44c8-a315-2803a8380004"
          },
          "links": {
            "related": {
              "href": "https://prod85yjmo4f.main.acsf.baywsf.com/jsonapi/node/answer/433b3af0-eb08-4ca9-a75f-d05c4de5636b/uid?resourceVersion=id%3A46061"
            },
            "self": {
              "href": "https://prod85yjmo4f.main.acsf.baywsf.com/jsonapi/node/answer/433b3af0-eb08-4ca9-a75f-d05c4de5636b/relationships/uid?resourceVersion=id%3A46061"
            }
          }
        },
        "field_schema_json_ld_file": {
          "data": null,
          "links": {
            "related": {
              "href": "https://prod85yjmo4f.main.acsf.baywsf.com/jsonapi/node/answer/433b3af0-eb08-4ca9-a75f-d05c4de5636b/field_schema_json_ld_file?resourceVersion=id%3A46061"
            },
            "self": {
              "href": "https://prod85yjmo4f.main.acsf.baywsf.com/jsonapi/node/answer/433b3af0-eb08-4ca9-a75f-d05c4de5636b/relationships/field_schema_json_ld_file?resourceVersion=id%3A46061"
            }
          }
        },
        "field_answer_category": {
          "data": [],
          "links": {
            "related": {
              "href": "https://prod85yjmo4f.main.acsf.baywsf.com/jsonapi/node/answer/433b3af0-eb08-4ca9-a75f-d05c4de5636b/field_answer_category?resourceVersion=id%3A46061"
            },
            "self": {
              "href": "https://prod85yjmo4f.main.acsf.baywsf.com/jsonapi/node/answer/433b3af0-eb08-4ca9-a75f-d05c4de5636b/relationships/field_answer_category?resourceVersion=id%3A46061"
            }
          }
        },
        "field_next_question": {
          "data": null,
          "links": {
            "related": {
              "href": "https://prod85yjmo4f.main.acsf.baywsf.com/jsonapi/node/answer/433b3af0-eb08-4ca9-a75f-d05c4de5636b/field_next_question?resourceVersion=id%3A46061"
            },
            "self": {
              "href": "https://prod85yjmo4f.main.acsf.baywsf.com/jsonapi/node/answer/433b3af0-eb08-4ca9-a75f-d05c4de5636b/relationships/field_next_question?resourceVersion=id%3A46061"
            }
          }
        },
        "field_result": {
          "data": null,
          "links": {
            "related": {
              "href": "https://prod85yjmo4f.main.acsf.baywsf.com/jsonapi/node/answer/433b3af0-eb08-4ca9-a75f-d05c4de5636b/field_result?resourceVersion=id%3A46061"
            },
            "self": {
              "href": "https://prod85yjmo4f.main.acsf.baywsf.com/jsonapi/node/answer/433b3af0-eb08-4ca9-a75f-d05c4de5636b/relationships/field_result?resourceVersion=id%3A46061"
            }
          }
        }
      }
    }
  ],
  "links": {
    "self": {
      "href": "https://prod85yjmo4f.main.acsf.baywsf.com/jsonapi/node/question/7613ca6f-1459-4426-9f3c-a5916121c058?include=field_answer"
    }
  }
}
