{
  "jsonapi": {
    "version": "1.0",
    "meta": {
      "links": { "self": { "href": "http://jsonapi.org/format/1.0/" } }
    }
  },
  "data": {
    "type": "node--question",
    "id": "82d49ade-1e56-40a1-bd16-dd997e1ce1bc",
    "links": {
      "self": {
        "href": "https://prod85yjmo4f.main.acsf.baywsf.com/jsonapi/node/question/82d49ade-1e56-40a1-bd16-dd997e1ce1bc?resourceVersion=id%3A46311"
      }
    },
    "attributes": {
      "drupal_internal__nid": 1291,
      "drupal_internal__vid": 46311,
      "langcode": "en",
      "revision_timestamp": "2021-06-18T06:48:40+00:00",
      "revision_log": null,
      "status": true,
      "title": "Do you prefer an oral or a vaginal treatment?",
      "created": "2021-06-17T12:52:02+00:00",
      "changed": "2021-06-18T06:48:40+00:00",
      "promote": false,
      "sticky": false,
      "default_langcode": true,
      "revision_translation_affected": true,
      "moderation_state": null,
      "metatag": null,
      "path": { "alias": null, "pid": null, "langcode": "en" },
      "private": false,
      "field_metatags": null,
      "content_translation_source": "und",
      "content_translation_outdated": false,
      "published_at": "2021-06-17T12:52:54+00:00",
      "field_error": null,
      "field_explanation": {
        "value": "\u003Cp\u003EAll treatment options have the same efficacy, so you can pick the option that you are most comfortable with. You may have cultural or personal reasons to choose one or the other. In case you need an on-the-go option, an oral solution may be an approproate solution for you.\u003C/p\u003E\r\n",
        "format": "cohesion_without_glossify",
        "processed": "\u003Cp\u003EAll treatment options have the same efficacy, so you can pick the option that you are most comfortable with. You may have cultural or personal reasons to choose one or the other. In case you need an on-the-go option, an oral solution may be an approproate solution for you.\u003C/p\u003E\n"
      },
      "field_instruction": {
        "value": "\u003Cp\u003EPreference\u003C/p\u003E\r\n",
        "format": "cohesion_without_glossify",
        "processed": "\u003Cp\u003EPreference\u003C/p\u003E\n"
      },
      "field_references": {
        "value": "\u003Cp\u003EAll treatment options have the same efficacy, so you can pick the option that you are most comfortable with. You may have cultural or personal reasons to choose one or the other. In case you need an on-the-go option, an oral solution may be an approproate solution for you.\u003C/p\u003E\r\n",
        "format": "cohesion_without_glossify",
        "processed": "\u003Cp\u003EAll treatment options have the same efficacy, so you can pick the option that you are most comfortable with. You may have cultural or personal reasons to choose one or the other. In case you need an on-the-go option, an oral solution may be an approproate solution for you.\u003C/p\u003E\n"
      }
    },
    "relationships": {
      "node_type": {
        "data": {
          "type": "node_type--node_type",
          "id": "aa153fe2-2616-4421-849c-a146decee6a3"
        },
        "links": {
          "related": {
            "href": "https://prod85yjmo4f.main.acsf.baywsf.com/jsonapi/node/question/82d49ade-1e56-40a1-bd16-dd997e1ce1bc/node_type?resourceVersion=id%3A46311"
          },
          "self": {
            "href": "https://prod85yjmo4f.main.acsf.baywsf.com/jsonapi/node/question/82d49ade-1e56-40a1-bd16-dd997e1ce1bc/relationships/node_type?resourceVersion=id%3A46311"
          }
        }
      },
      "revision_uid": {
        "data": {
          "type": "user--user",
          "id": "c48aba71-438d-44c8-a315-2803a8380004"
        },
        "links": {
          "related": {
            "href": "https://prod85yjmo4f.main.acsf.baywsf.com/jsonapi/node/question/82d49ade-1e56-40a1-bd16-dd997e1ce1bc/revision_uid?resourceVersion=id%3A46311"
          },
          "self": {
            "href": "https://prod85yjmo4f.main.acsf.baywsf.com/jsonapi/node/question/82d49ade-1e56-40a1-bd16-dd997e1ce1bc/relationships/revision_uid?resourceVersion=id%3A46311"
          }
        }
      },
      "uid": {
        "data": {
          "type": "user--user",
          "id": "c48aba71-438d-44c8-a315-2803a8380004"
        },
        "links": {
          "related": {
            "href": "https://prod85yjmo4f.main.acsf.baywsf.com/jsonapi/node/question/82d49ade-1e56-40a1-bd16-dd997e1ce1bc/uid?resourceVersion=id%3A46311"
          },
          "self": {
            "href": "https://prod85yjmo4f.main.acsf.baywsf.com/jsonapi/node/question/82d49ade-1e56-40a1-bd16-dd997e1ce1bc/relationships/uid?resourceVersion=id%3A46311"
          }
        }
      },
      "field_schema_json_ld_file": {
        "data": null,
        "links": {
          "related": {
            "href": "https://prod85yjmo4f.main.acsf.baywsf.com/jsonapi/node/question/82d49ade-1e56-40a1-bd16-dd997e1ce1bc/field_schema_json_ld_file?resourceVersion=id%3A46311"
          },
          "self": {
            "href": "https://prod85yjmo4f.main.acsf.baywsf.com/jsonapi/node/question/82d49ade-1e56-40a1-bd16-dd997e1ce1bc/relationships/field_schema_json_ld_file?resourceVersion=id%3A46311"
          }
        }
      },
      "field_actions": {
        "data": [],
        "links": {
          "related": {
            "href": "https://prod85yjmo4f.main.acsf.baywsf.com/jsonapi/node/question/82d49ade-1e56-40a1-bd16-dd997e1ce1bc/field_actions?resourceVersion=id%3A46311"
          },
          "self": {
            "href": "https://prod85yjmo4f.main.acsf.baywsf.com/jsonapi/node/question/82d49ade-1e56-40a1-bd16-dd997e1ce1bc/relationships/field_actions?resourceVersion=id%3A46311"
          }
        }
      },
      "field_answer": {
        "data": [
          {
            "type": "node--answer",
            "id": "4211e4d6-ca1e-4440-8e60-bf2af064b67b"
          },
          {
            "type": "node--answer",
            "id": "8d64b717-3736-4e2d-97b8-7cf36c7ad1da"
          }
        ],
        "links": {
          "related": {
            "href": "https://prod85yjmo4f.main.acsf.baywsf.com/jsonapi/node/question/82d49ade-1e56-40a1-bd16-dd997e1ce1bc/field_answer?resourceVersion=id%3A46311"
          },
          "self": {
            "href": "https://prod85yjmo4f.main.acsf.baywsf.com/jsonapi/node/question/82d49ade-1e56-40a1-bd16-dd997e1ce1bc/relationships/field_answer?resourceVersion=id%3A46311"
          }
        }
      },
      "field_correct": {
        "data": [],
        "links": {
          "related": {
            "href": "https://prod85yjmo4f.main.acsf.baywsf.com/jsonapi/node/question/82d49ade-1e56-40a1-bd16-dd997e1ce1bc/field_correct?resourceVersion=id%3A46311"
          },
          "self": {
            "href": "https://prod85yjmo4f.main.acsf.baywsf.com/jsonapi/node/question/82d49ade-1e56-40a1-bd16-dd997e1ce1bc/relationships/field_correct?resourceVersion=id%3A46311"
          }
        }
      },
      "field_question_group": {
        "data": [],
        "links": {
          "related": {
            "href": "https://prod85yjmo4f.main.acsf.baywsf.com/jsonapi/node/question/82d49ade-1e56-40a1-bd16-dd997e1ce1bc/field_question_group?resourceVersion=id%3A46311"
          },
          "self": {
            "href": "https://prod85yjmo4f.main.acsf.baywsf.com/jsonapi/node/question/82d49ade-1e56-40a1-bd16-dd997e1ce1bc/relationships/field_question_group?resourceVersion=id%3A46311"
          }
        }
      }
    }
  },
  "included": [
    {
      "type": "node--answer",
      "id": "4211e4d6-ca1e-4440-8e60-bf2af064b67b",
      "links": {
        "self": {
          "href": "https://prod85yjmo4f.main.acsf.baywsf.com/jsonapi/node/answer/4211e4d6-ca1e-4440-8e60-bf2af064b67b?resourceVersion=id%3A46111"
        }
      },
      "attributes": {
        "drupal_internal__nid": 1281,
        "drupal_internal__vid": 46111,
        "langcode": "en",
        "revision_timestamp": "2021-06-17T12:52:13+00:00",
        "revision_log": null,
        "status": true,
        "title": "ORAL",
        "created": "2021-06-17T12:52:13+00:00",
        "changed": "2021-06-17T12:52:13+00:00",
        "promote": true,
        "sticky": false,
        "default_langcode": true,
        "revision_translation_affected": true,
        "moderation_state": null,
        "metatag": null,
        "path": { "alias": null, "pid": null, "langcode": "en" },
        "private": false,
        "field_metatags": null,
        "content_translation_source": "und",
        "content_translation_outdated": false,
        "published_at": "2021-06-17T12:52:54+00:00",
        "field_answer_summary": null,
        "field_instruction": null
      },
      "relationships": {
        "node_type": {
          "data": {
            "type": "node_type--node_type",
            "id": "78ecfb9f-13e1-4bf3-b3b3-ceeaef39dbd6"
          },
          "links": {
            "related": {
              "href": "https://prod85yjmo4f.main.acsf.baywsf.com/jsonapi/node/answer/4211e4d6-ca1e-4440-8e60-bf2af064b67b/node_type?resourceVersion=id%3A46111"
            },
            "self": {
              "href": "https://prod85yjmo4f.main.acsf.baywsf.com/jsonapi/node/answer/4211e4d6-ca1e-4440-8e60-bf2af064b67b/relationships/node_type?resourceVersion=id%3A46111"
            }
          }
        },
        "revision_uid": {
          "data": {
            "type": "user--user",
            "id": "c48aba71-438d-44c8-a315-2803a8380004"
          },
          "links": {
            "related": {
              "href": "https://prod85yjmo4f.main.acsf.baywsf.com/jsonapi/node/answer/4211e4d6-ca1e-4440-8e60-bf2af064b67b/revision_uid?resourceVersion=id%3A46111"
            },
            "self": {
              "href": "https://prod85yjmo4f.main.acsf.baywsf.com/jsonapi/node/answer/4211e4d6-ca1e-4440-8e60-bf2af064b67b/relationships/revision_uid?resourceVersion=id%3A46111"
            }
          }
        },
        "uid": {
          "data": {
            "type": "user--user",
            "id": "c48aba71-438d-44c8-a315-2803a8380004"
          },
          "links": {
            "related": {
              "href": "https://prod85yjmo4f.main.acsf.baywsf.com/jsonapi/node/answer/4211e4d6-ca1e-4440-8e60-bf2af064b67b/uid?resourceVersion=id%3A46111"
            },
            "self": {
              "href": "https://prod85yjmo4f.main.acsf.baywsf.com/jsonapi/node/answer/4211e4d6-ca1e-4440-8e60-bf2af064b67b/relationships/uid?resourceVersion=id%3A46111"
            }
          }
        },
        "field_schema_json_ld_file": {
          "data": null,
          "links": {
            "related": {
              "href": "https://prod85yjmo4f.main.acsf.baywsf.com/jsonapi/node/answer/4211e4d6-ca1e-4440-8e60-bf2af064b67b/field_schema_json_ld_file?resourceVersion=id%3A46111"
            },
            "self": {
              "href": "https://prod85yjmo4f.main.acsf.baywsf.com/jsonapi/node/answer/4211e4d6-ca1e-4440-8e60-bf2af064b67b/relationships/field_schema_json_ld_file?resourceVersion=id%3A46111"
            }
          }
        },
        "field_answer_category": {
          "data": [],
          "links": {
            "related": {
              "href": "https://prod85yjmo4f.main.acsf.baywsf.com/jsonapi/node/answer/4211e4d6-ca1e-4440-8e60-bf2af064b67b/field_answer_category?resourceVersion=id%3A46111"
            },
            "self": {
              "href": "https://prod85yjmo4f.main.acsf.baywsf.com/jsonapi/node/answer/4211e4d6-ca1e-4440-8e60-bf2af064b67b/relationships/field_answer_category?resourceVersion=id%3A46111"
            }
          }
        },
        "field_next_question": {
          "data": null,
          "links": {
            "related": {
              "href": "https://prod85yjmo4f.main.acsf.baywsf.com/jsonapi/node/answer/4211e4d6-ca1e-4440-8e60-bf2af064b67b/field_next_question?resourceVersion=id%3A46111"
            },
            "self": {
              "href": "https://prod85yjmo4f.main.acsf.baywsf.com/jsonapi/node/answer/4211e4d6-ca1e-4440-8e60-bf2af064b67b/relationships/field_next_question?resourceVersion=id%3A46111"
            }
          }
        },
        "field_result": {
          "data": null,
          "links": {
            "related": {
              "href": "https://prod85yjmo4f.main.acsf.baywsf.com/jsonapi/node/answer/4211e4d6-ca1e-4440-8e60-bf2af064b67b/field_result?resourceVersion=id%3A46111"
            },
            "self": {
              "href": "https://prod85yjmo4f.main.acsf.baywsf.com/jsonapi/node/answer/4211e4d6-ca1e-4440-8e60-bf2af064b67b/relationships/field_result?resourceVersion=id%3A46111"
            }
          }
        }
      }
    },
    {
      "type": "node--answer",
      "id": "8d64b717-3736-4e2d-97b8-7cf36c7ad1da",
      "links": {
        "self": {
          "href": "https://prod85yjmo4f.main.acsf.baywsf.com/jsonapi/node/answer/8d64b717-3736-4e2d-97b8-7cf36c7ad1da?resourceVersion=id%3A46116"
        }
      },
      "attributes": {
        "drupal_internal__nid": 1286,
        "drupal_internal__vid": 46116,
        "langcode": "en",
        "revision_timestamp": "2021-06-17T12:52:43+00:00",
        "revision_log": null,
        "status": true,
        "title": "VAGINAL",
        "created": "2021-06-17T12:52:43+00:00",
        "changed": "2021-06-17T12:52:43+00:00",
        "promote": true,
        "sticky": false,
        "default_langcode": true,
        "revision_translation_affected": true,
        "moderation_state": null,
        "metatag": null,
        "path": { "alias": null, "pid": null, "langcode": "en" },
        "private": false,
        "field_metatags": null,
        "content_translation_source": "und",
        "content_translation_outdated": false,
        "published_at": "2021-06-17T12:52:54+00:00",
        "field_answer_summary": null,
        "field_instruction": null
      },
      "relationships": {
        "node_type": {
          "data": {
            "type": "node_type--node_type",
            "id": "78ecfb9f-13e1-4bf3-b3b3-ceeaef39dbd6"
          },
          "links": {
            "related": {
              "href": "https://prod85yjmo4f.main.acsf.baywsf.com/jsonapi/node/answer/8d64b717-3736-4e2d-97b8-7cf36c7ad1da/node_type?resourceVersion=id%3A46116"
            },
            "self": {
              "href": "https://prod85yjmo4f.main.acsf.baywsf.com/jsonapi/node/answer/8d64b717-3736-4e2d-97b8-7cf36c7ad1da/relationships/node_type?resourceVersion=id%3A46116"
            }
          }
        },
        "revision_uid": {
          "data": {
            "type": "user--user",
            "id": "c48aba71-438d-44c8-a315-2803a8380004"
          },
          "links": {
            "related": {
              "href": "https://prod85yjmo4f.main.acsf.baywsf.com/jsonapi/node/answer/8d64b717-3736-4e2d-97b8-7cf36c7ad1da/revision_uid?resourceVersion=id%3A46116"
            },
            "self": {
              "href": "https://prod85yjmo4f.main.acsf.baywsf.com/jsonapi/node/answer/8d64b717-3736-4e2d-97b8-7cf36c7ad1da/relationships/revision_uid?resourceVersion=id%3A46116"
            }
          }
        },
        "uid": {
          "data": {
            "type": "user--user",
            "id": "c48aba71-438d-44c8-a315-2803a8380004"
          },
          "links": {
            "related": {
              "href": "https://prod85yjmo4f.main.acsf.baywsf.com/jsonapi/node/answer/8d64b717-3736-4e2d-97b8-7cf36c7ad1da/uid?resourceVersion=id%3A46116"
            },
            "self": {
              "href": "https://prod85yjmo4f.main.acsf.baywsf.com/jsonapi/node/answer/8d64b717-3736-4e2d-97b8-7cf36c7ad1da/relationships/uid?resourceVersion=id%3A46116"
            }
          }
        },
        "field_schema_json_ld_file": {
          "data": null,
          "links": {
            "related": {
              "href": "https://prod85yjmo4f.main.acsf.baywsf.com/jsonapi/node/answer/8d64b717-3736-4e2d-97b8-7cf36c7ad1da/field_schema_json_ld_file?resourceVersion=id%3A46116"
            },
            "self": {
              "href": "https://prod85yjmo4f.main.acsf.baywsf.com/jsonapi/node/answer/8d64b717-3736-4e2d-97b8-7cf36c7ad1da/relationships/field_schema_json_ld_file?resourceVersion=id%3A46116"
            }
          }
        },
        "field_answer_category": {
          "data": [],
          "links": {
            "related": {
              "href": "https://prod85yjmo4f.main.acsf.baywsf.com/jsonapi/node/answer/8d64b717-3736-4e2d-97b8-7cf36c7ad1da/field_answer_category?resourceVersion=id%3A46116"
            },
            "self": {
              "href": "https://prod85yjmo4f.main.acsf.baywsf.com/jsonapi/node/answer/8d64b717-3736-4e2d-97b8-7cf36c7ad1da/relationships/field_answer_category?resourceVersion=id%3A46116"
            }
          }
        },
        "field_next_question": {
          "data": null,
          "links": {
            "related": {
              "href": "https://prod85yjmo4f.main.acsf.baywsf.com/jsonapi/node/answer/8d64b717-3736-4e2d-97b8-7cf36c7ad1da/field_next_question?resourceVersion=id%3A46116"
            },
            "self": {
              "href": "https://prod85yjmo4f.main.acsf.baywsf.com/jsonapi/node/answer/8d64b717-3736-4e2d-97b8-7cf36c7ad1da/relationships/field_next_question?resourceVersion=id%3A46116"
            }
          }
        },
        "field_result": {
          "data": null,
          "links": {
            "related": {
              "href": "https://prod85yjmo4f.main.acsf.baywsf.com/jsonapi/node/answer/8d64b717-3736-4e2d-97b8-7cf36c7ad1da/field_result?resourceVersion=id%3A46116"
            },
            "self": {
              "href": "https://prod85yjmo4f.main.acsf.baywsf.com/jsonapi/node/answer/8d64b717-3736-4e2d-97b8-7cf36c7ad1da/relationships/field_result?resourceVersion=id%3A46116"
            }
          }
        }
      }
    }
  ],
  "links": {
    "self": {
      "href": "https://prod85yjmo4f.main.acsf.baywsf.com/jsonapi/node/question/82d49ade-1e56-40a1-bd16-dd997e1ce1bc?include=field_answer"
    }
  }
}
