{
  "jsonapi": {
    "version": "1.0",
    "meta": {
      "links": { "self": { "href": "http://jsonapi.org/format/1.0/" } }
    }
  },
  "data": {
    "type": "node--question",
    "id": "a79cca53-edab-4e55-937f-7a11be655a9b",
    "links": {
      "self": {
        "href": "https://prod85yjmo4f.main.acsf.baywsf.com/jsonapi/node/question/a79cca53-edab-4e55-937f-7a11be655a9b?resourceVersion=id%3A46296"
      }
    },
    "attributes": {
      "drupal_internal__nid": 1271,
      "drupal_internal__vid": 46296,
      "langcode": "en",
      "revision_timestamp": "2021-06-18T06:40:48+00:00",
      "revision_log": null,
      "status": true,
      "title": "Are you searching for a product for \u2026?",
      "created": "2021-06-17T12:43:12+00:00",
      "changed": "2021-06-18T06:40:48+00:00",
      "promote": false,
      "sticky": false,
      "default_langcode": true,
      "revision_translation_affected": true,
      "moderation_state": null,
      "metatag": null,
      "path": { "alias": null, "pid": null, "langcode": "en" },
      "private": false,
      "field_metatags": null,
      "content_translation_source": "und",
      "content_translation_outdated": false,
      "published_at": "2021-06-17T12:44:50+00:00",
      "field_error": null,
      "field_explanation": {
        "value": "\u003Cp\u003EThrush The common vaginal yeast infection thrush is a type of vaginitis \u2013 an inflammation of your vagina. Both fungus and bacteria naturally live in your vagina, but when the fungus Candida albicans increases, it can cause thrush. This fungus may increase when your immune system is weak or when good bacteria (called lactobacilli) can\u2019t keep the fungus under control.\u003C/p\u003E\r\n\r\n\u003Cp\u003EBacterial vaginosis (BV) may sound scary, but it\u0027s very common and easily treated. If you do get BV, remember you\u2019re not alone. BV is the most common cause of vaginal infections in women of childbearing age.\u003C/p\u003E\r\n\r\n\u003Cp\u003ECystitis is the medical name given to an inflammation of the bladder that affects up to 40% of women. The feeling that you need to urinate more often and suffering from uncomfortable or even painful urination are two of the main symptoms that indicate you may be suffering from cystitis.\u003C/p\u003E\r\n",
        "format": "cohesion_without_glossify",
        "processed": "\u003Cp\u003EThrush The common vaginal yeast infection thrush is a type of vaginitis \u2013 an inflammation of your vagina. Both fungus and bacteria naturally live in your vagina, but when the fungus Candida albicans increases, it can cause thrush. This fungus may increase when your immune system is weak or when good bacteria (called lactobacilli) can\u2019t keep the fungus under control.\u003C/p\u003E\n\n\u003Cp\u003EBacterial vaginosis (BV) may sound scary, but it\u0027s very common and easily treated. If you do get BV, remember you\u2019re not alone. BV is the most common cause of vaginal infections in women of childbearing age.\u003C/p\u003E\n\n\u003Cp\u003ECystitis is the medical name given to an inflammation of the bladder that affects up to 40% of women. The feeling that you need to urinate more often and suffering from uncomfortable or even painful urination are two of the main symptoms that indicate you may be suffering from cystitis.\u003C/p\u003E\n"
      },
      "field_instruction": {
        "value": "\u003Cp\u003ETell me...\u003C/p\u003E\r\n",
        "format": "cohesion_without_glossify",
        "processed": "\u003Cp\u003ETell me...\u003C/p\u003E\n"
      },
      "field_references": {
        "value": "\u003Cp\u003EThrush The common vaginal yeast infection thrush is a type of vaginitis \u2013 an inflammation of your vagina. Both fungus and bacteria naturally live in your vagina, but when the fungus Candida albicans increases, it can cause thrush. This fungus may increase when your immune system is weak or when good bacteria (called lactobacilli) can\u2019t keep the fungus under control.\u003C/p\u003E\r\n\r\n\u003Cp\u003EBacterial vaginosis (BV) may sound scary, but it\u0027s very common and easily treated. If you do get BV, remember you\u2019re not alone. BV is the most common cause of vaginal infections in women of childbearing age.\u003C/p\u003E\r\n\r\n\u003Cp\u003ECystitis is the medical name given to an inflammation of the bladder that affects up to 40% of women. The feeling that you need to urinate more often and suffering from uncomfortable or even painful urination are two of the main symptoms that indicate you may be suffering from cystitis.\u003C/p\u003E\r\n",
        "format": "cohesion_without_glossify",
        "processed": "\u003Cp\u003EThrush The common vaginal yeast infection thrush is a type of vaginitis \u2013 an inflammation of your vagina. Both fungus and bacteria naturally live in your vagina, but when the fungus Candida albicans increases, it can cause thrush. This fungus may increase when your immune system is weak or when good bacteria (called lactobacilli) can\u2019t keep the fungus under control.\u003C/p\u003E\n\n\u003Cp\u003EBacterial vaginosis (BV) may sound scary, but it\u0027s very common and easily treated. If you do get BV, remember you\u2019re not alone. BV is the most common cause of vaginal infections in women of childbearing age.\u003C/p\u003E\n\n\u003Cp\u003ECystitis is the medical name given to an inflammation of the bladder that affects up to 40% of women. The feeling that you need to urinate more often and suffering from uncomfortable or even painful urination are two of the main symptoms that indicate you may be suffering from cystitis.\u003C/p\u003E\n"
      }
    },
    "relationships": {
      "node_type": {
        "data": {
          "type": "node_type--node_type",
          "id": "aa153fe2-2616-4421-849c-a146decee6a3"
        },
        "links": {
          "related": {
            "href": "https://prod85yjmo4f.main.acsf.baywsf.com/jsonapi/node/question/a79cca53-edab-4e55-937f-7a11be655a9b/node_type?resourceVersion=id%3A46296"
          },
          "self": {
            "href": "https://prod85yjmo4f.main.acsf.baywsf.com/jsonapi/node/question/a79cca53-edab-4e55-937f-7a11be655a9b/relationships/node_type?resourceVersion=id%3A46296"
          }
        }
      },
      "revision_uid": {
        "data": {
          "type": "user--user",
          "id": "c48aba71-438d-44c8-a315-2803a8380004"
        },
        "links": {
          "related": {
            "href": "https://prod85yjmo4f.main.acsf.baywsf.com/jsonapi/node/question/a79cca53-edab-4e55-937f-7a11be655a9b/revision_uid?resourceVersion=id%3A46296"
          },
          "self": {
            "href": "https://prod85yjmo4f.main.acsf.baywsf.com/jsonapi/node/question/a79cca53-edab-4e55-937f-7a11be655a9b/relationships/revision_uid?resourceVersion=id%3A46296"
          }
        }
      },
      "uid": {
        "data": {
          "type": "user--user",
          "id": "c48aba71-438d-44c8-a315-2803a8380004"
        },
        "links": {
          "related": {
            "href": "https://prod85yjmo4f.main.acsf.baywsf.com/jsonapi/node/question/a79cca53-edab-4e55-937f-7a11be655a9b/uid?resourceVersion=id%3A46296"
          },
          "self": {
            "href": "https://prod85yjmo4f.main.acsf.baywsf.com/jsonapi/node/question/a79cca53-edab-4e55-937f-7a11be655a9b/relationships/uid?resourceVersion=id%3A46296"
          }
        }
      },
      "field_schema_json_ld_file": {
        "data": null,
        "links": {
          "related": {
            "href": "https://prod85yjmo4f.main.acsf.baywsf.com/jsonapi/node/question/a79cca53-edab-4e55-937f-7a11be655a9b/field_schema_json_ld_file?resourceVersion=id%3A46296"
          },
          "self": {
            "href": "https://prod85yjmo4f.main.acsf.baywsf.com/jsonapi/node/question/a79cca53-edab-4e55-937f-7a11be655a9b/relationships/field_schema_json_ld_file?resourceVersion=id%3A46296"
          }
        }
      },
      "field_actions": {
        "data": [],
        "links": {
          "related": {
            "href": "https://prod85yjmo4f.main.acsf.baywsf.com/jsonapi/node/question/a79cca53-edab-4e55-937f-7a11be655a9b/field_actions?resourceVersion=id%3A46296"
          },
          "self": {
            "href": "https://prod85yjmo4f.main.acsf.baywsf.com/jsonapi/node/question/a79cca53-edab-4e55-937f-7a11be655a9b/relationships/field_actions?resourceVersion=id%3A46296"
          }
        }
      },
      "field_answer": {
        "data": [
          {
            "type": "node--answer",
            "id": "74d382c1-bbcc-44c7-ad4d-6e149d9cd0a2"
          },
          {
            "type": "node--answer",
            "id": "5046ab7d-b8bb-40be-b131-14ea1f4870e3"
          },
          {
            "type": "node--answer",
            "id": "1c8da33e-35db-4b1b-8179-e5d8e6a25da3"
          }
        ],
        "links": {
          "related": {
            "href": "https://prod85yjmo4f.main.acsf.baywsf.com/jsonapi/node/question/a79cca53-edab-4e55-937f-7a11be655a9b/field_answer?resourceVersion=id%3A46296"
          },
          "self": {
            "href": "https://prod85yjmo4f.main.acsf.baywsf.com/jsonapi/node/question/a79cca53-edab-4e55-937f-7a11be655a9b/relationships/field_answer?resourceVersion=id%3A46296"
          }
        }
      },
      "field_correct": {
        "data": [],
        "links": {
          "related": {
            "href": "https://prod85yjmo4f.main.acsf.baywsf.com/jsonapi/node/question/a79cca53-edab-4e55-937f-7a11be655a9b/field_correct?resourceVersion=id%3A46296"
          },
          "self": {
            "href": "https://prod85yjmo4f.main.acsf.baywsf.com/jsonapi/node/question/a79cca53-edab-4e55-937f-7a11be655a9b/relationships/field_correct?resourceVersion=id%3A46296"
          }
        }
      },
      "field_question_group": {
        "data": [],
        "links": {
          "related": {
            "href": "https://prod85yjmo4f.main.acsf.baywsf.com/jsonapi/node/question/a79cca53-edab-4e55-937f-7a11be655a9b/field_question_group?resourceVersion=id%3A46296"
          },
          "self": {
            "href": "https://prod85yjmo4f.main.acsf.baywsf.com/jsonapi/node/question/a79cca53-edab-4e55-937f-7a11be655a9b/relationships/field_question_group?resourceVersion=id%3A46296"
          }
        }
      }
    }
  },
  "included": [
    {
      "type": "node--answer",
      "id": "74d382c1-bbcc-44c7-ad4d-6e149d9cd0a2",
      "links": {
        "self": {
          "href": "https://prod85yjmo4f.main.acsf.baywsf.com/jsonapi/node/answer/74d382c1-bbcc-44c7-ad4d-6e149d9cd0a2?resourceVersion=id%3A46086"
        }
      },
      "attributes": {
        "drupal_internal__nid": 1256,
        "drupal_internal__vid": 46086,
        "langcode": "en",
        "revision_timestamp": "2021-06-17T12:43:23+00:00",
        "revision_log": null,
        "status": true,
        "title": "THRUSH",
        "created": "2021-06-17T12:43:23+00:00",
        "changed": "2021-06-17T12:43:23+00:00",
        "promote": true,
        "sticky": false,
        "default_langcode": true,
        "revision_translation_affected": true,
        "moderation_state": null,
        "metatag": null,
        "path": { "alias": null, "pid": null, "langcode": "en" },
        "private": false,
        "field_metatags": null,
        "content_translation_source": "und",
        "content_translation_outdated": false,
        "published_at": "2021-06-17T12:44:50+00:00",
        "field_answer_summary": null,
        "field_instruction": null
      },
      "relationships": {
        "node_type": {
          "data": {
            "type": "node_type--node_type",
            "id": "78ecfb9f-13e1-4bf3-b3b3-ceeaef39dbd6"
          },
          "links": {
            "related": {
              "href": "https://prod85yjmo4f.main.acsf.baywsf.com/jsonapi/node/answer/74d382c1-bbcc-44c7-ad4d-6e149d9cd0a2/node_type?resourceVersion=id%3A46086"
            },
            "self": {
              "href": "https://prod85yjmo4f.main.acsf.baywsf.com/jsonapi/node/answer/74d382c1-bbcc-44c7-ad4d-6e149d9cd0a2/relationships/node_type?resourceVersion=id%3A46086"
            }
          }
        },
        "revision_uid": {
          "data": {
            "type": "user--user",
            "id": "c48aba71-438d-44c8-a315-2803a8380004"
          },
          "links": {
            "related": {
              "href": "https://prod85yjmo4f.main.acsf.baywsf.com/jsonapi/node/answer/74d382c1-bbcc-44c7-ad4d-6e149d9cd0a2/revision_uid?resourceVersion=id%3A46086"
            },
            "self": {
              "href": "https://prod85yjmo4f.main.acsf.baywsf.com/jsonapi/node/answer/74d382c1-bbcc-44c7-ad4d-6e149d9cd0a2/relationships/revision_uid?resourceVersion=id%3A46086"
            }
          }
        },
        "uid": {
          "data": {
            "type": "user--user",
            "id": "c48aba71-438d-44c8-a315-2803a8380004"
          },
          "links": {
            "related": {
              "href": "https://prod85yjmo4f.main.acsf.baywsf.com/jsonapi/node/answer/74d382c1-bbcc-44c7-ad4d-6e149d9cd0a2/uid?resourceVersion=id%3A46086"
            },
            "self": {
              "href": "https://prod85yjmo4f.main.acsf.baywsf.com/jsonapi/node/answer/74d382c1-bbcc-44c7-ad4d-6e149d9cd0a2/relationships/uid?resourceVersion=id%3A46086"
            }
          }
        },
        "field_schema_json_ld_file": {
          "data": null,
          "links": {
            "related": {
              "href": "https://prod85yjmo4f.main.acsf.baywsf.com/jsonapi/node/answer/74d382c1-bbcc-44c7-ad4d-6e149d9cd0a2/field_schema_json_ld_file?resourceVersion=id%3A46086"
            },
            "self": {
              "href": "https://prod85yjmo4f.main.acsf.baywsf.com/jsonapi/node/answer/74d382c1-bbcc-44c7-ad4d-6e149d9cd0a2/relationships/field_schema_json_ld_file?resourceVersion=id%3A46086"
            }
          }
        },
        "field_answer_category": {
          "data": [],
          "links": {
            "related": {
              "href": "https://prod85yjmo4f.main.acsf.baywsf.com/jsonapi/node/answer/74d382c1-bbcc-44c7-ad4d-6e149d9cd0a2/field_answer_category?resourceVersion=id%3A46086"
            },
            "self": {
              "href": "https://prod85yjmo4f.main.acsf.baywsf.com/jsonapi/node/answer/74d382c1-bbcc-44c7-ad4d-6e149d9cd0a2/relationships/field_answer_category?resourceVersion=id%3A46086"
            }
          }
        },
        "field_next_question": {
          "data": null,
          "links": {
            "related": {
              "href": "https://prod85yjmo4f.main.acsf.baywsf.com/jsonapi/node/answer/74d382c1-bbcc-44c7-ad4d-6e149d9cd0a2/field_next_question?resourceVersion=id%3A46086"
            },
            "self": {
              "href": "https://prod85yjmo4f.main.acsf.baywsf.com/jsonapi/node/answer/74d382c1-bbcc-44c7-ad4d-6e149d9cd0a2/relationships/field_next_question?resourceVersion=id%3A46086"
            }
          }
        },
        "field_result": {
          "data": null,
          "links": {
            "related": {
              "href": "https://prod85yjmo4f.main.acsf.baywsf.com/jsonapi/node/answer/74d382c1-bbcc-44c7-ad4d-6e149d9cd0a2/field_result?resourceVersion=id%3A46086"
            },
            "self": {
              "href": "https://prod85yjmo4f.main.acsf.baywsf.com/jsonapi/node/answer/74d382c1-bbcc-44c7-ad4d-6e149d9cd0a2/relationships/field_result?resourceVersion=id%3A46086"
            }
          }
        }
      }
    },
    {
      "type": "node--answer",
      "id": "5046ab7d-b8bb-40be-b131-14ea1f4870e3",
      "links": {
        "self": {
          "href": "https://prod85yjmo4f.main.acsf.baywsf.com/jsonapi/node/answer/5046ab7d-b8bb-40be-b131-14ea1f4870e3?resourceVersion=id%3A46091"
        }
      },
      "attributes": {
        "drupal_internal__nid": 1261,
        "drupal_internal__vid": 46091,
        "langcode": "en",
        "revision_timestamp": "2021-06-17T12:43:58+00:00",
        "revision_log": null,
        "status": true,
        "title": "BACTERIAL VAGINOSIS (BV)",
        "created": "2021-06-17T12:43:58+00:00",
        "changed": "2021-06-17T12:43:58+00:00",
        "promote": true,
        "sticky": false,
        "default_langcode": true,
        "revision_translation_affected": true,
        "moderation_state": null,
        "metatag": null,
        "path": { "alias": null, "pid": null, "langcode": "en" },
        "private": false,
        "field_metatags": null,
        "content_translation_source": "und",
        "content_translation_outdated": false,
        "published_at": "2021-06-17T12:44:50+00:00",
        "field_answer_summary": null,
        "field_instruction": null
      },
      "relationships": {
        "node_type": {
          "data": {
            "type": "node_type--node_type",
            "id": "78ecfb9f-13e1-4bf3-b3b3-ceeaef39dbd6"
          },
          "links": {
            "related": {
              "href": "https://prod85yjmo4f.main.acsf.baywsf.com/jsonapi/node/answer/5046ab7d-b8bb-40be-b131-14ea1f4870e3/node_type?resourceVersion=id%3A46091"
            },
            "self": {
              "href": "https://prod85yjmo4f.main.acsf.baywsf.com/jsonapi/node/answer/5046ab7d-b8bb-40be-b131-14ea1f4870e3/relationships/node_type?resourceVersion=id%3A46091"
            }
          }
        },
        "revision_uid": {
          "data": {
            "type": "user--user",
            "id": "c48aba71-438d-44c8-a315-2803a8380004"
          },
          "links": {
            "related": {
              "href": "https://prod85yjmo4f.main.acsf.baywsf.com/jsonapi/node/answer/5046ab7d-b8bb-40be-b131-14ea1f4870e3/revision_uid?resourceVersion=id%3A46091"
            },
            "self": {
              "href": "https://prod85yjmo4f.main.acsf.baywsf.com/jsonapi/node/answer/5046ab7d-b8bb-40be-b131-14ea1f4870e3/relationships/revision_uid?resourceVersion=id%3A46091"
            }
          }
        },
        "uid": {
          "data": {
            "type": "user--user",
            "id": "c48aba71-438d-44c8-a315-2803a8380004"
          },
          "links": {
            "related": {
              "href": "https://prod85yjmo4f.main.acsf.baywsf.com/jsonapi/node/answer/5046ab7d-b8bb-40be-b131-14ea1f4870e3/uid?resourceVersion=id%3A46091"
            },
            "self": {
              "href": "https://prod85yjmo4f.main.acsf.baywsf.com/jsonapi/node/answer/5046ab7d-b8bb-40be-b131-14ea1f4870e3/relationships/uid?resourceVersion=id%3A46091"
            }
          }
        },
        "field_schema_json_ld_file": {
          "data": null,
          "links": {
            "related": {
              "href": "https://prod85yjmo4f.main.acsf.baywsf.com/jsonapi/node/answer/5046ab7d-b8bb-40be-b131-14ea1f4870e3/field_schema_json_ld_file?resourceVersion=id%3A46091"
            },
            "self": {
              "href": "https://prod85yjmo4f.main.acsf.baywsf.com/jsonapi/node/answer/5046ab7d-b8bb-40be-b131-14ea1f4870e3/relationships/field_schema_json_ld_file?resourceVersion=id%3A46091"
            }
          }
        },
        "field_answer_category": {
          "data": [],
          "links": {
            "related": {
              "href": "https://prod85yjmo4f.main.acsf.baywsf.com/jsonapi/node/answer/5046ab7d-b8bb-40be-b131-14ea1f4870e3/field_answer_category?resourceVersion=id%3A46091"
            },
            "self": {
              "href": "https://prod85yjmo4f.main.acsf.baywsf.com/jsonapi/node/answer/5046ab7d-b8bb-40be-b131-14ea1f4870e3/relationships/field_answer_category?resourceVersion=id%3A46091"
            }
          }
        },
        "field_next_question": {
          "data": null,
          "links": {
            "related": {
              "href": "https://prod85yjmo4f.main.acsf.baywsf.com/jsonapi/node/answer/5046ab7d-b8bb-40be-b131-14ea1f4870e3/field_next_question?resourceVersion=id%3A46091"
            },
            "self": {
              "href": "https://prod85yjmo4f.main.acsf.baywsf.com/jsonapi/node/answer/5046ab7d-b8bb-40be-b131-14ea1f4870e3/relationships/field_next_question?resourceVersion=id%3A46091"
            }
          }
        },
        "field_result": {
          "data": null,
          "links": {
            "related": {
              "href": "https://prod85yjmo4f.main.acsf.baywsf.com/jsonapi/node/answer/5046ab7d-b8bb-40be-b131-14ea1f4870e3/field_result?resourceVersion=id%3A46091"
            },
            "self": {
              "href": "https://prod85yjmo4f.main.acsf.baywsf.com/jsonapi/node/answer/5046ab7d-b8bb-40be-b131-14ea1f4870e3/relationships/field_result?resourceVersion=id%3A46091"
            }
          }
        }
      }
    },
    {
      "type": "node--answer",
      "id": "1c8da33e-35db-4b1b-8179-e5d8e6a25da3",
      "links": {
        "self": {
          "href": "https://prod85yjmo4f.main.acsf.baywsf.com/jsonapi/node/answer/1c8da33e-35db-4b1b-8179-e5d8e6a25da3?resourceVersion=id%3A46096"
        }
      },
      "attributes": {
        "drupal_internal__nid": 1266,
        "drupal_internal__vid": 46096,
        "langcode": "en",
        "revision_timestamp": "2021-06-17T12:44:35+00:00",
        "revision_log": null,
        "status": true,
        "title": "CYSTITIS",
        "created": "2021-06-17T12:44:35+00:00",
        "changed": "2021-06-17T12:44:35+00:00",
        "promote": true,
        "sticky": false,
        "default_langcode": true,
        "revision_translation_affected": true,
        "moderation_state": null,
        "metatag": null,
        "path": { "alias": null, "pid": null, "langcode": "en" },
        "private": false,
        "field_metatags": null,
        "content_translation_source": "und",
        "content_translation_outdated": false,
        "published_at": "2021-06-17T12:44:50+00:00",
        "field_answer_summary": null,
        "field_instruction": null
      },
      "relationships": {
        "node_type": {
          "data": {
            "type": "node_type--node_type",
            "id": "78ecfb9f-13e1-4bf3-b3b3-ceeaef39dbd6"
          },
          "links": {
            "related": {
              "href": "https://prod85yjmo4f.main.acsf.baywsf.com/jsonapi/node/answer/1c8da33e-35db-4b1b-8179-e5d8e6a25da3/node_type?resourceVersion=id%3A46096"
            },
            "self": {
              "href": "https://prod85yjmo4f.main.acsf.baywsf.com/jsonapi/node/answer/1c8da33e-35db-4b1b-8179-e5d8e6a25da3/relationships/node_type?resourceVersion=id%3A46096"
            }
          }
        },
        "revision_uid": {
          "data": {
            "type": "user--user",
            "id": "c48aba71-438d-44c8-a315-2803a8380004"
          },
          "links": {
            "related": {
              "href": "https://prod85yjmo4f.main.acsf.baywsf.com/jsonapi/node/answer/1c8da33e-35db-4b1b-8179-e5d8e6a25da3/revision_uid?resourceVersion=id%3A46096"
            },
            "self": {
              "href": "https://prod85yjmo4f.main.acsf.baywsf.com/jsonapi/node/answer/1c8da33e-35db-4b1b-8179-e5d8e6a25da3/relationships/revision_uid?resourceVersion=id%3A46096"
            }
          }
        },
        "uid": {
          "data": {
            "type": "user--user",
            "id": "c48aba71-438d-44c8-a315-2803a8380004"
          },
          "links": {
            "related": {
              "href": "https://prod85yjmo4f.main.acsf.baywsf.com/jsonapi/node/answer/1c8da33e-35db-4b1b-8179-e5d8e6a25da3/uid?resourceVersion=id%3A46096"
            },
            "self": {
              "href": "https://prod85yjmo4f.main.acsf.baywsf.com/jsonapi/node/answer/1c8da33e-35db-4b1b-8179-e5d8e6a25da3/relationships/uid?resourceVersion=id%3A46096"
            }
          }
        },
        "field_schema_json_ld_file": {
          "data": null,
          "links": {
            "related": {
              "href": "https://prod85yjmo4f.main.acsf.baywsf.com/jsonapi/node/answer/1c8da33e-35db-4b1b-8179-e5d8e6a25da3/field_schema_json_ld_file?resourceVersion=id%3A46096"
            },
            "self": {
              "href": "https://prod85yjmo4f.main.acsf.baywsf.com/jsonapi/node/answer/1c8da33e-35db-4b1b-8179-e5d8e6a25da3/relationships/field_schema_json_ld_file?resourceVersion=id%3A46096"
            }
          }
        },
        "field_answer_category": {
          "data": [],
          "links": {
            "related": {
              "href": "https://prod85yjmo4f.main.acsf.baywsf.com/jsonapi/node/answer/1c8da33e-35db-4b1b-8179-e5d8e6a25da3/field_answer_category?resourceVersion=id%3A46096"
            },
            "self": {
              "href": "https://prod85yjmo4f.main.acsf.baywsf.com/jsonapi/node/answer/1c8da33e-35db-4b1b-8179-e5d8e6a25da3/relationships/field_answer_category?resourceVersion=id%3A46096"
            }
          }
        },
        "field_next_question": {
          "data": null,
          "links": {
            "related": {
              "href": "https://prod85yjmo4f.main.acsf.baywsf.com/jsonapi/node/answer/1c8da33e-35db-4b1b-8179-e5d8e6a25da3/field_next_question?resourceVersion=id%3A46096"
            },
            "self": {
              "href": "https://prod85yjmo4f.main.acsf.baywsf.com/jsonapi/node/answer/1c8da33e-35db-4b1b-8179-e5d8e6a25da3/relationships/field_next_question?resourceVersion=id%3A46096"
            }
          }
        },
        "field_result": {
          "data": null,
          "links": {
            "related": {
              "href": "https://prod85yjmo4f.main.acsf.baywsf.com/jsonapi/node/answer/1c8da33e-35db-4b1b-8179-e5d8e6a25da3/field_result?resourceVersion=id%3A46096"
            },
            "self": {
              "href": "https://prod85yjmo4f.main.acsf.baywsf.com/jsonapi/node/answer/1c8da33e-35db-4b1b-8179-e5d8e6a25da3/relationships/field_result?resourceVersion=id%3A46096"
            }
          }
        }
      }
    }
  ],
  "links": {
    "self": {
      "href": "https://prod85yjmo4f.main.acsf.baywsf.com/jsonapi/node/question/a79cca53-edab-4e55-937f-7a11be655a9b?include=field_answer"
    }
  }
}
