{
  "jsonapi": {
    "version": "1.0",
    "meta": {
      "links": { "self": { "href": "http://jsonapi.org/format/1.0/" } }
    }
  },
  "data": {
    "type": "node--question",
    "id": "cce5728e-2922-444b-bb3a-d87eeea4d99f",
    "links": {
      "self": {
        "href": "https://prod85yjmo4f.main.acsf.baywsf.com/jsonapi/node/question/cce5728e-2922-444b-bb3a-d87eeea4d99f?resourceVersion=id%3A46341"
      }
    },
    "attributes": {
      "drupal_internal__nid": 1276,
      "drupal_internal__vid": 46341,
      "langcode": "en",
      "revision_timestamp": "2021-06-18T11:24:20+00:00",
      "revision_log": null,
      "status": true,
      "title": "Are you pregnant?",
      "created": "2021-06-17T12:46:44+00:00",
      "changed": "2021-06-18T11:24:20+00:00",
      "promote": false,
      "sticky": false,
      "default_langcode": true,
      "revision_translation_affected": true,
      "moderation_state": null,
      "metatag": null,
      "path": { "alias": null, "pid": null, "langcode": "en" },
      "private": false,
      "field_metatags": null,
      "content_translation_source": "und",
      "content_translation_outdated": false,
      "published_at": "2021-06-17T12:49:11+00:00",
      "field_error": null,
      "field_instruction": {
        "value": "\u003Cp\u003EPregnancy\u003C/p\u003E\r\n",
        "format": "cohesion_without_glossify",
        "processed": "\u003Cp\u003EPregnancy\u003C/p\u003E\n"
      },
      "field_explanation": {
        "value": "\u003Cp\u003EWe ask this question as a certain type of treatment is recommended in case of pregnancy, as per health authority. If you have any doubts please ask your doctor.\u003C/p\u003E\r\n",
        "format": "cohesion_without_glossify",
        "processed": "\u003Cp\u003EWe ask this question as a certain type of treatment is recommended in case of pregnancy, as per health authority. If you have any doubts please ask your doctor.\u003C/p\u003E\n"
      },
      "field_references": {
        "value": "\u003Cp\u003EWe ask this question as a certain type of treatment is recommended in case of pregnancy, as per health authority. If you have any doubts please ask your doctor.\u003C/p\u003E\r\n",
        "format": "cohesion_without_glossify",
        "processed": "\u003Cp\u003EWe ask this question as a certain type of treatment is recommended in case of pregnancy, as per health authority. If you have any doubts please ask your doctor.\u003C/p\u003E\n"
      }
    },
    "relationships": {
      "node_type": {
        "data": {
          "type": "node_type--node_type",
          "id": "aa153fe2-2616-4421-849c-a146decee6a3"
        },
        "links": {
          "related": {
            "href": "https://prod85yjmo4f.main.acsf.baywsf.com/jsonapi/node/question/cce5728e-2922-444b-bb3a-d87eeea4d99f/node_type?resourceVersion=id%3A46341"
          },
          "self": {
            "href": "https://prod85yjmo4f.main.acsf.baywsf.com/jsonapi/node/question/cce5728e-2922-444b-bb3a-d87eeea4d99f/relationships/node_type?resourceVersion=id%3A46341"
          }
        }
      },
      "revision_uid": {
        "data": {
          "type": "user--user",
          "id": "c48aba71-438d-44c8-a315-2803a8380004"
        },
        "links": {
          "related": {
            "href": "https://prod85yjmo4f.main.acsf.baywsf.com/jsonapi/node/question/cce5728e-2922-444b-bb3a-d87eeea4d99f/revision_uid?resourceVersion=id%3A46341"
          },
          "self": {
            "href": "https://prod85yjmo4f.main.acsf.baywsf.com/jsonapi/node/question/cce5728e-2922-444b-bb3a-d87eeea4d99f/relationships/revision_uid?resourceVersion=id%3A46341"
          }
        }
      },
      "uid": {
        "data": {
          "type": "user--user",
          "id": "c48aba71-438d-44c8-a315-2803a8380004"
        },
        "links": {
          "related": {
            "href": "https://prod85yjmo4f.main.acsf.baywsf.com/jsonapi/node/question/cce5728e-2922-444b-bb3a-d87eeea4d99f/uid?resourceVersion=id%3A46341"
          },
          "self": {
            "href": "https://prod85yjmo4f.main.acsf.baywsf.com/jsonapi/node/question/cce5728e-2922-444b-bb3a-d87eeea4d99f/relationships/uid?resourceVersion=id%3A46341"
          }
        }
      },
      "field_schema_json_ld_file": {
        "data": null,
        "links": {
          "related": {
            "href": "https://prod85yjmo4f.main.acsf.baywsf.com/jsonapi/node/question/cce5728e-2922-444b-bb3a-d87eeea4d99f/field_schema_json_ld_file?resourceVersion=id%3A46341"
          },
          "self": {
            "href": "https://prod85yjmo4f.main.acsf.baywsf.com/jsonapi/node/question/cce5728e-2922-444b-bb3a-d87eeea4d99f/relationships/field_schema_json_ld_file?resourceVersion=id%3A46341"
          }
        }
      },
      "field_actions": {
        "data": [],
        "links": {
          "related": {
            "href": "https://prod85yjmo4f.main.acsf.baywsf.com/jsonapi/node/question/cce5728e-2922-444b-bb3a-d87eeea4d99f/field_actions?resourceVersion=id%3A46341"
          },
          "self": {
            "href": "https://prod85yjmo4f.main.acsf.baywsf.com/jsonapi/node/question/cce5728e-2922-444b-bb3a-d87eeea4d99f/relationships/field_actions?resourceVersion=id%3A46341"
          }
        }
      },
      "field_answer": {
        "data": [
          {
            "type": "node--answer",
            "id": "fa32b062-5f44-436e-a874-80b616284271"
          },
          {
            "type": "node--answer",
            "id": "5bfd7119-6c64-4391-bff4-c00a8a45a523"
          }
        ],
        "links": {
          "related": {
            "href": "https://prod85yjmo4f.main.acsf.baywsf.com/jsonapi/node/question/cce5728e-2922-444b-bb3a-d87eeea4d99f/field_answer?resourceVersion=id%3A46341"
          },
          "self": {
            "href": "https://prod85yjmo4f.main.acsf.baywsf.com/jsonapi/node/question/cce5728e-2922-444b-bb3a-d87eeea4d99f/relationships/field_answer?resourceVersion=id%3A46341"
          }
        }
      },
      "field_correct": {
        "data": [],
        "links": {
          "related": {
            "href": "https://prod85yjmo4f.main.acsf.baywsf.com/jsonapi/node/question/cce5728e-2922-444b-bb3a-d87eeea4d99f/field_correct?resourceVersion=id%3A46341"
          },
          "self": {
            "href": "https://prod85yjmo4f.main.acsf.baywsf.com/jsonapi/node/question/cce5728e-2922-444b-bb3a-d87eeea4d99f/relationships/field_correct?resourceVersion=id%3A46341"
          }
        }
      },
      "field_question_group": {
        "data": [],
        "links": {
          "related": {
            "href": "https://prod85yjmo4f.main.acsf.baywsf.com/jsonapi/node/question/cce5728e-2922-444b-bb3a-d87eeea4d99f/field_question_group?resourceVersion=id%3A46341"
          },
          "self": {
            "href": "https://prod85yjmo4f.main.acsf.baywsf.com/jsonapi/node/question/cce5728e-2922-444b-bb3a-d87eeea4d99f/relationships/field_question_group?resourceVersion=id%3A46341"
          }
        }
      }
    }
  },
  "included": [
    {
      "type": "node--answer",
      "id": "fa32b062-5f44-436e-a874-80b616284271",
      "links": {
        "self": {
          "href": "https://prod85yjmo4f.main.acsf.baywsf.com/jsonapi/node/answer/fa32b062-5f44-436e-a874-80b616284271?resourceVersion=id%3A46331"
        }
      },
      "attributes": {
        "drupal_internal__nid": 1401,
        "drupal_internal__vid": 46331,
        "langcode": "en",
        "revision_timestamp": "2021-06-18T11:23:57+00:00",
        "revision_log": null,
        "status": true,
        "title": "YES",
        "created": "2021-06-18T11:23:57+00:00",
        "changed": "2021-06-18T11:23:57+00:00",
        "promote": true,
        "sticky": false,
        "default_langcode": true,
        "revision_translation_affected": true,
        "moderation_state": null,
        "metatag": null,
        "path": { "alias": null, "pid": null, "langcode": "en" },
        "private": false,
        "field_metatags": null,
        "content_translation_source": "und",
        "content_translation_outdated": false,
        "published_at": "2021-06-18T11:24:20+00:00",
        "field_answer_summary": null,
        "field_instruction": null
      },
      "relationships": {
        "node_type": {
          "data": {
            "type": "node_type--node_type",
            "id": "78ecfb9f-13e1-4bf3-b3b3-ceeaef39dbd6"
          },
          "links": {
            "related": {
              "href": "https://prod85yjmo4f.main.acsf.baywsf.com/jsonapi/node/answer/fa32b062-5f44-436e-a874-80b616284271/node_type?resourceVersion=id%3A46331"
            },
            "self": {
              "href": "https://prod85yjmo4f.main.acsf.baywsf.com/jsonapi/node/answer/fa32b062-5f44-436e-a874-80b616284271/relationships/node_type?resourceVersion=id%3A46331"
            }
          }
        },
        "revision_uid": {
          "data": {
            "type": "user--user",
            "id": "c48aba71-438d-44c8-a315-2803a8380004"
          },
          "links": {
            "related": {
              "href": "https://prod85yjmo4f.main.acsf.baywsf.com/jsonapi/node/answer/fa32b062-5f44-436e-a874-80b616284271/revision_uid?resourceVersion=id%3A46331"
            },
            "self": {
              "href": "https://prod85yjmo4f.main.acsf.baywsf.com/jsonapi/node/answer/fa32b062-5f44-436e-a874-80b616284271/relationships/revision_uid?resourceVersion=id%3A46331"
            }
          }
        },
        "uid": {
          "data": {
            "type": "user--user",
            "id": "c48aba71-438d-44c8-a315-2803a8380004"
          },
          "links": {
            "related": {
              "href": "https://prod85yjmo4f.main.acsf.baywsf.com/jsonapi/node/answer/fa32b062-5f44-436e-a874-80b616284271/uid?resourceVersion=id%3A46331"
            },
            "self": {
              "href": "https://prod85yjmo4f.main.acsf.baywsf.com/jsonapi/node/answer/fa32b062-5f44-436e-a874-80b616284271/relationships/uid?resourceVersion=id%3A46331"
            }
          }
        },
        "field_schema_json_ld_file": {
          "data": null,
          "links": {
            "related": {
              "href": "https://prod85yjmo4f.main.acsf.baywsf.com/jsonapi/node/answer/fa32b062-5f44-436e-a874-80b616284271/field_schema_json_ld_file?resourceVersion=id%3A46331"
            },
            "self": {
              "href": "https://prod85yjmo4f.main.acsf.baywsf.com/jsonapi/node/answer/fa32b062-5f44-436e-a874-80b616284271/relationships/field_schema_json_ld_file?resourceVersion=id%3A46331"
            }
          }
        },
        "field_answer_category": {
          "data": [],
          "links": {
            "related": {
              "href": "https://prod85yjmo4f.main.acsf.baywsf.com/jsonapi/node/answer/fa32b062-5f44-436e-a874-80b616284271/field_answer_category?resourceVersion=id%3A46331"
            },
            "self": {
              "href": "https://prod85yjmo4f.main.acsf.baywsf.com/jsonapi/node/answer/fa32b062-5f44-436e-a874-80b616284271/relationships/field_answer_category?resourceVersion=id%3A46331"
            }
          }
        },
        "field_next_question": {
          "data": null,
          "links": {
            "related": {
              "href": "https://prod85yjmo4f.main.acsf.baywsf.com/jsonapi/node/answer/fa32b062-5f44-436e-a874-80b616284271/field_next_question?resourceVersion=id%3A46331"
            },
            "self": {
              "href": "https://prod85yjmo4f.main.acsf.baywsf.com/jsonapi/node/answer/fa32b062-5f44-436e-a874-80b616284271/relationships/field_next_question?resourceVersion=id%3A46331"
            }
          }
        },
        "field_result": {
          "data": null,
          "links": {
            "related": {
              "href": "https://prod85yjmo4f.main.acsf.baywsf.com/jsonapi/node/answer/fa32b062-5f44-436e-a874-80b616284271/field_result?resourceVersion=id%3A46331"
            },
            "self": {
              "href": "https://prod85yjmo4f.main.acsf.baywsf.com/jsonapi/node/answer/fa32b062-5f44-436e-a874-80b616284271/relationships/field_result?resourceVersion=id%3A46331"
            }
          }
        }
      }
    },
    {
      "type": "node--answer",
      "id": "5bfd7119-6c64-4391-bff4-c00a8a45a523",
      "links": {
        "self": {
          "href": "https://prod85yjmo4f.main.acsf.baywsf.com/jsonapi/node/answer/5bfd7119-6c64-4391-bff4-c00a8a45a523?resourceVersion=id%3A46336"
        }
      },
      "attributes": {
        "drupal_internal__nid": 1406,
        "drupal_internal__vid": 46336,
        "langcode": "en",
        "revision_timestamp": "2021-06-18T11:24:14+00:00",
        "revision_log": null,
        "status": true,
        "title": "NO",
        "created": "2021-06-18T11:24:14+00:00",
        "changed": "2021-06-18T11:24:14+00:00",
        "promote": true,
        "sticky": false,
        "default_langcode": true,
        "revision_translation_affected": true,
        "moderation_state": null,
        "metatag": null,
        "path": { "alias": null, "pid": null, "langcode": "en" },
        "private": false,
        "field_metatags": null,
        "content_translation_source": "und",
        "content_translation_outdated": false,
        "published_at": "2021-06-18T11:24:20+00:00",
        "field_answer_summary": null,
        "field_instruction": null
      },
      "relationships": {
        "node_type": {
          "data": {
            "type": "node_type--node_type",
            "id": "78ecfb9f-13e1-4bf3-b3b3-ceeaef39dbd6"
          },
          "links": {
            "related": {
              "href": "https://prod85yjmo4f.main.acsf.baywsf.com/jsonapi/node/answer/5bfd7119-6c64-4391-bff4-c00a8a45a523/node_type?resourceVersion=id%3A46336"
            },
            "self": {
              "href": "https://prod85yjmo4f.main.acsf.baywsf.com/jsonapi/node/answer/5bfd7119-6c64-4391-bff4-c00a8a45a523/relationships/node_type?resourceVersion=id%3A46336"
            }
          }
        },
        "revision_uid": {
          "data": {
            "type": "user--user",
            "id": "c48aba71-438d-44c8-a315-2803a8380004"
          },
          "links": {
            "related": {
              "href": "https://prod85yjmo4f.main.acsf.baywsf.com/jsonapi/node/answer/5bfd7119-6c64-4391-bff4-c00a8a45a523/revision_uid?resourceVersion=id%3A46336"
            },
            "self": {
              "href": "https://prod85yjmo4f.main.acsf.baywsf.com/jsonapi/node/answer/5bfd7119-6c64-4391-bff4-c00a8a45a523/relationships/revision_uid?resourceVersion=id%3A46336"
            }
          }
        },
        "uid": {
          "data": {
            "type": "user--user",
            "id": "c48aba71-438d-44c8-a315-2803a8380004"
          },
          "links": {
            "related": {
              "href": "https://prod85yjmo4f.main.acsf.baywsf.com/jsonapi/node/answer/5bfd7119-6c64-4391-bff4-c00a8a45a523/uid?resourceVersion=id%3A46336"
            },
            "self": {
              "href": "https://prod85yjmo4f.main.acsf.baywsf.com/jsonapi/node/answer/5bfd7119-6c64-4391-bff4-c00a8a45a523/relationships/uid?resourceVersion=id%3A46336"
            }
          }
        },
        "field_schema_json_ld_file": {
          "data": null,
          "links": {
            "related": {
              "href": "https://prod85yjmo4f.main.acsf.baywsf.com/jsonapi/node/answer/5bfd7119-6c64-4391-bff4-c00a8a45a523/field_schema_json_ld_file?resourceVersion=id%3A46336"
            },
            "self": {
              "href": "https://prod85yjmo4f.main.acsf.baywsf.com/jsonapi/node/answer/5bfd7119-6c64-4391-bff4-c00a8a45a523/relationships/field_schema_json_ld_file?resourceVersion=id%3A46336"
            }
          }
        },
        "field_answer_category": {
          "data": [],
          "links": {
            "related": {
              "href": "https://prod85yjmo4f.main.acsf.baywsf.com/jsonapi/node/answer/5bfd7119-6c64-4391-bff4-c00a8a45a523/field_answer_category?resourceVersion=id%3A46336"
            },
            "self": {
              "href": "https://prod85yjmo4f.main.acsf.baywsf.com/jsonapi/node/answer/5bfd7119-6c64-4391-bff4-c00a8a45a523/relationships/field_answer_category?resourceVersion=id%3A46336"
            }
          }
        },
        "field_next_question": {
          "data": null,
          "links": {
            "related": {
              "href": "https://prod85yjmo4f.main.acsf.baywsf.com/jsonapi/node/answer/5bfd7119-6c64-4391-bff4-c00a8a45a523/field_next_question?resourceVersion=id%3A46336"
            },
            "self": {
              "href": "https://prod85yjmo4f.main.acsf.baywsf.com/jsonapi/node/answer/5bfd7119-6c64-4391-bff4-c00a8a45a523/relationships/field_next_question?resourceVersion=id%3A46336"
            }
          }
        },
        "field_result": {
          "data": null,
          "links": {
            "related": {
              "href": "https://prod85yjmo4f.main.acsf.baywsf.com/jsonapi/node/answer/5bfd7119-6c64-4391-bff4-c00a8a45a523/field_result?resourceVersion=id%3A46336"
            },
            "self": {
              "href": "https://prod85yjmo4f.main.acsf.baywsf.com/jsonapi/node/answer/5bfd7119-6c64-4391-bff4-c00a8a45a523/relationships/field_result?resourceVersion=id%3A46336"
            }
          }
        }
      }
    }
  ],
  "links": {
    "self": {
      "href": "https://prod85yjmo4f.main.acsf.baywsf.com/jsonapi/node/question/cce5728e-2922-444b-bb3a-d87eeea4d99f?include=field_answer"
    }
  }
}
