{
  "jsonapi": {
    "version": "1.0",
    "meta": {
      "links": { "self": { "href": "http://jsonapi.org/format/1.0/" } }
    }
  },
  "data": {
    "type": "node--question",
    "id": "d0e11505-48ed-4d3a-9e5d-b489845b19f0",
    "links": {
      "self": {
        "href": "https://prod85yjmo4f.main.acsf.baywsf.com/jsonapi/node/question/d0e11505-48ed-4d3a-9e5d-b489845b19f0?resourceVersion=id%3A46306"
      }
    },
    "attributes": {
      "drupal_internal__nid": 1326,
      "drupal_internal__vid": 46306,
      "langcode": "en",
      "revision_timestamp": "2021-06-18T06:45:42+00:00",
      "revision_log": null,
      "status": true,
      "title": "What format would you prefer?",
      "created": "2021-06-17T13:03:02+00:00",
      "changed": "2021-06-18T06:45:42+00:00",
      "promote": false,
      "sticky": false,
      "default_langcode": true,
      "revision_translation_affected": true,
      "moderation_state": null,
      "metatag": null,
      "path": { "alias": null, "pid": null, "langcode": "en" },
      "private": false,
      "field_metatags": null,
      "content_translation_source": "und",
      "content_translation_outdated": false,
      "published_at": "2021-06-17T13:04:01+00:00",
      "field_error": null,
      "field_explanation": {
        "value": "\u003Cp\u003EAll formats have the same efficacy, so you can pick the option that you are most comfortable with.\u003C/p\u003E\r\n\r\n\u003Cp\u003E- Vaginal Gel - is an easy-to-use treatment containing 7 pre-filled tube applicators. It is best to use this at night time.\u003C/p\u003E\r\n\r\n\u003Cp\u003E- Vaginal Pessary - is a convenient treatment containing 7 pessaries.\u003C/p\u003E\r\n",
        "format": "cohesion_without_glossify",
        "processed": "\u003Cp\u003EAll formats have the same efficacy, so you can pick the option that you are most comfortable with.\u003C/p\u003E\n\n\u003Cp\u003E- Vaginal Gel - is an easy-to-use treatment containing 7 pre-filled tube applicators. It is best to use this at night time.\u003C/p\u003E\n\n\u003Cp\u003E- Vaginal Pessary - is a convenient treatment containing 7 pessaries.\u003C/p\u003E\n"
      },
      "field_instruction": {
        "value": "\u003Cp\u003EPreference\u003C/p\u003E\r\n",
        "format": "cohesion_without_glossify",
        "processed": "\u003Cp\u003EPreference\u003C/p\u003E\n"
      },
      "field_references": {
        "value": "\u003Cp\u003EAll formats have the same efficacy, so you can pick the option that you are most comfortable with.\u003C/p\u003E\r\n\r\n\u003Cp\u003E- Vaginal Gel - is an easy-to-use treatment containing 7 pre-filled tube applicators. It is best to use this at night time.\u003C/p\u003E\r\n\r\n\u003Cp\u003E- Vaginal Pessary - is a convenient treatment containing 7 pessaries.\u003C/p\u003E\r\n",
        "format": "cohesion_without_glossify",
        "processed": "\u003Cp\u003EAll formats have the same efficacy, so you can pick the option that you are most comfortable with.\u003C/p\u003E\n\n\u003Cp\u003E- Vaginal Gel - is an easy-to-use treatment containing 7 pre-filled tube applicators. It is best to use this at night time.\u003C/p\u003E\n\n\u003Cp\u003E- Vaginal Pessary - is a convenient treatment containing 7 pessaries.\u003C/p\u003E\n"
      }
    },
    "relationships": {
      "node_type": {
        "data": {
          "type": "node_type--node_type",
          "id": "aa153fe2-2616-4421-849c-a146decee6a3"
        },
        "links": {
          "related": {
            "href": "https://prod85yjmo4f.main.acsf.baywsf.com/jsonapi/node/question/d0e11505-48ed-4d3a-9e5d-b489845b19f0/node_type?resourceVersion=id%3A46306"
          },
          "self": {
            "href": "https://prod85yjmo4f.main.acsf.baywsf.com/jsonapi/node/question/d0e11505-48ed-4d3a-9e5d-b489845b19f0/relationships/node_type?resourceVersion=id%3A46306"
          }
        }
      },
      "revision_uid": {
        "data": {
          "type": "user--user",
          "id": "c48aba71-438d-44c8-a315-2803a8380004"
        },
        "links": {
          "related": {
            "href": "https://prod85yjmo4f.main.acsf.baywsf.com/jsonapi/node/question/d0e11505-48ed-4d3a-9e5d-b489845b19f0/revision_uid?resourceVersion=id%3A46306"
          },
          "self": {
            "href": "https://prod85yjmo4f.main.acsf.baywsf.com/jsonapi/node/question/d0e11505-48ed-4d3a-9e5d-b489845b19f0/relationships/revision_uid?resourceVersion=id%3A46306"
          }
        }
      },
      "uid": {
        "data": {
          "type": "user--user",
          "id": "c48aba71-438d-44c8-a315-2803a8380004"
        },
        "links": {
          "related": {
            "href": "https://prod85yjmo4f.main.acsf.baywsf.com/jsonapi/node/question/d0e11505-48ed-4d3a-9e5d-b489845b19f0/uid?resourceVersion=id%3A46306"
          },
          "self": {
            "href": "https://prod85yjmo4f.main.acsf.baywsf.com/jsonapi/node/question/d0e11505-48ed-4d3a-9e5d-b489845b19f0/relationships/uid?resourceVersion=id%3A46306"
          }
        }
      },
      "field_schema_json_ld_file": {
        "data": null,
        "links": {
          "related": {
            "href": "https://prod85yjmo4f.main.acsf.baywsf.com/jsonapi/node/question/d0e11505-48ed-4d3a-9e5d-b489845b19f0/field_schema_json_ld_file?resourceVersion=id%3A46306"
          },
          "self": {
            "href": "https://prod85yjmo4f.main.acsf.baywsf.com/jsonapi/node/question/d0e11505-48ed-4d3a-9e5d-b489845b19f0/relationships/field_schema_json_ld_file?resourceVersion=id%3A46306"
          }
        }
      },
      "field_actions": {
        "data": [],
        "links": {
          "related": {
            "href": "https://prod85yjmo4f.main.acsf.baywsf.com/jsonapi/node/question/d0e11505-48ed-4d3a-9e5d-b489845b19f0/field_actions?resourceVersion=id%3A46306"
          },
          "self": {
            "href": "https://prod85yjmo4f.main.acsf.baywsf.com/jsonapi/node/question/d0e11505-48ed-4d3a-9e5d-b489845b19f0/relationships/field_actions?resourceVersion=id%3A46306"
          }
        }
      },
      "field_answer": {
        "data": [
          {
            "type": "node--answer",
            "id": "9bc559a5-590c-42cd-96f2-828ee062f83e"
          },
          {
            "type": "node--answer",
            "id": "5d6aedb7-8f70-42dc-87c3-230a236c8b1d"
          }
        ],
        "links": {
          "related": {
            "href": "https://prod85yjmo4f.main.acsf.baywsf.com/jsonapi/node/question/d0e11505-48ed-4d3a-9e5d-b489845b19f0/field_answer?resourceVersion=id%3A46306"
          },
          "self": {
            "href": "https://prod85yjmo4f.main.acsf.baywsf.com/jsonapi/node/question/d0e11505-48ed-4d3a-9e5d-b489845b19f0/relationships/field_answer?resourceVersion=id%3A46306"
          }
        }
      },
      "field_correct": {
        "data": [],
        "links": {
          "related": {
            "href": "https://prod85yjmo4f.main.acsf.baywsf.com/jsonapi/node/question/d0e11505-48ed-4d3a-9e5d-b489845b19f0/field_correct?resourceVersion=id%3A46306"
          },
          "self": {
            "href": "https://prod85yjmo4f.main.acsf.baywsf.com/jsonapi/node/question/d0e11505-48ed-4d3a-9e5d-b489845b19f0/relationships/field_correct?resourceVersion=id%3A46306"
          }
        }
      },
      "field_question_group": {
        "data": [],
        "links": {
          "related": {
            "href": "https://prod85yjmo4f.main.acsf.baywsf.com/jsonapi/node/question/d0e11505-48ed-4d3a-9e5d-b489845b19f0/field_question_group?resourceVersion=id%3A46306"
          },
          "self": {
            "href": "https://prod85yjmo4f.main.acsf.baywsf.com/jsonapi/node/question/d0e11505-48ed-4d3a-9e5d-b489845b19f0/relationships/field_question_group?resourceVersion=id%3A46306"
          }
        }
      }
    }
  },
  "included": [
    {
      "type": "node--answer",
      "id": "9bc559a5-590c-42cd-96f2-828ee062f83e",
      "links": {
        "self": {
          "href": "https://prod85yjmo4f.main.acsf.baywsf.com/jsonapi/node/answer/9bc559a5-590c-42cd-96f2-828ee062f83e?resourceVersion=id%3A46146"
        }
      },
      "attributes": {
        "drupal_internal__nid": 1316,
        "drupal_internal__vid": 46146,
        "langcode": "en",
        "revision_timestamp": "2021-06-17T13:03:18+00:00",
        "revision_log": null,
        "status": true,
        "title": "VAGINAL GEL",
        "created": "2021-06-17T13:03:18+00:00",
        "changed": "2021-06-17T13:03:18+00:00",
        "promote": true,
        "sticky": false,
        "default_langcode": true,
        "revision_translation_affected": true,
        "moderation_state": null,
        "metatag": null,
        "path": { "alias": null, "pid": null, "langcode": "en" },
        "private": false,
        "field_metatags": null,
        "content_translation_source": "und",
        "content_translation_outdated": false,
        "published_at": "2021-06-17T13:04:01+00:00",
        "field_answer_summary": null,
        "field_instruction": null
      },
      "relationships": {
        "node_type": {
          "data": {
            "type": "node_type--node_type",
            "id": "78ecfb9f-13e1-4bf3-b3b3-ceeaef39dbd6"
          },
          "links": {
            "related": {
              "href": "https://prod85yjmo4f.main.acsf.baywsf.com/jsonapi/node/answer/9bc559a5-590c-42cd-96f2-828ee062f83e/node_type?resourceVersion=id%3A46146"
            },
            "self": {
              "href": "https://prod85yjmo4f.main.acsf.baywsf.com/jsonapi/node/answer/9bc559a5-590c-42cd-96f2-828ee062f83e/relationships/node_type?resourceVersion=id%3A46146"
            }
          }
        },
        "revision_uid": {
          "data": {
            "type": "user--user",
            "id": "c48aba71-438d-44c8-a315-2803a8380004"
          },
          "links": {
            "related": {
              "href": "https://prod85yjmo4f.main.acsf.baywsf.com/jsonapi/node/answer/9bc559a5-590c-42cd-96f2-828ee062f83e/revision_uid?resourceVersion=id%3A46146"
            },
            "self": {
              "href": "https://prod85yjmo4f.main.acsf.baywsf.com/jsonapi/node/answer/9bc559a5-590c-42cd-96f2-828ee062f83e/relationships/revision_uid?resourceVersion=id%3A46146"
            }
          }
        },
        "uid": {
          "data": {
            "type": "user--user",
            "id": "c48aba71-438d-44c8-a315-2803a8380004"
          },
          "links": {
            "related": {
              "href": "https://prod85yjmo4f.main.acsf.baywsf.com/jsonapi/node/answer/9bc559a5-590c-42cd-96f2-828ee062f83e/uid?resourceVersion=id%3A46146"
            },
            "self": {
              "href": "https://prod85yjmo4f.main.acsf.baywsf.com/jsonapi/node/answer/9bc559a5-590c-42cd-96f2-828ee062f83e/relationships/uid?resourceVersion=id%3A46146"
            }
          }
        },
        "field_schema_json_ld_file": {
          "data": null,
          "links": {
            "related": {
              "href": "https://prod85yjmo4f.main.acsf.baywsf.com/jsonapi/node/answer/9bc559a5-590c-42cd-96f2-828ee062f83e/field_schema_json_ld_file?resourceVersion=id%3A46146"
            },
            "self": {
              "href": "https://prod85yjmo4f.main.acsf.baywsf.com/jsonapi/node/answer/9bc559a5-590c-42cd-96f2-828ee062f83e/relationships/field_schema_json_ld_file?resourceVersion=id%3A46146"
            }
          }
        },
        "field_answer_category": {
          "data": [],
          "links": {
            "related": {
              "href": "https://prod85yjmo4f.main.acsf.baywsf.com/jsonapi/node/answer/9bc559a5-590c-42cd-96f2-828ee062f83e/field_answer_category?resourceVersion=id%3A46146"
            },
            "self": {
              "href": "https://prod85yjmo4f.main.acsf.baywsf.com/jsonapi/node/answer/9bc559a5-590c-42cd-96f2-828ee062f83e/relationships/field_answer_category?resourceVersion=id%3A46146"
            }
          }
        },
        "field_next_question": {
          "data": null,
          "links": {
            "related": {
              "href": "https://prod85yjmo4f.main.acsf.baywsf.com/jsonapi/node/answer/9bc559a5-590c-42cd-96f2-828ee062f83e/field_next_question?resourceVersion=id%3A46146"
            },
            "self": {
              "href": "https://prod85yjmo4f.main.acsf.baywsf.com/jsonapi/node/answer/9bc559a5-590c-42cd-96f2-828ee062f83e/relationships/field_next_question?resourceVersion=id%3A46146"
            }
          }
        },
        "field_result": {
          "data": null,
          "links": {
            "related": {
              "href": "https://prod85yjmo4f.main.acsf.baywsf.com/jsonapi/node/answer/9bc559a5-590c-42cd-96f2-828ee062f83e/field_result?resourceVersion=id%3A46146"
            },
            "self": {
              "href": "https://prod85yjmo4f.main.acsf.baywsf.com/jsonapi/node/answer/9bc559a5-590c-42cd-96f2-828ee062f83e/relationships/field_result?resourceVersion=id%3A46146"
            }
          }
        }
      }
    },
    {
      "type": "node--answer",
      "id": "5d6aedb7-8f70-42dc-87c3-230a236c8b1d",
      "links": {
        "self": {
          "href": "https://prod85yjmo4f.main.acsf.baywsf.com/jsonapi/node/answer/5d6aedb7-8f70-42dc-87c3-230a236c8b1d?resourceVersion=id%3A46151"
        }
      },
      "attributes": {
        "drupal_internal__nid": 1321,
        "drupal_internal__vid": 46151,
        "langcode": "en",
        "revision_timestamp": "2021-06-17T13:03:50+00:00",
        "revision_log": null,
        "status": true,
        "title": "VAGINAL PESSARY",
        "created": "2021-06-17T13:03:50+00:00",
        "changed": "2021-06-17T13:03:50+00:00",
        "promote": true,
        "sticky": false,
        "default_langcode": true,
        "revision_translation_affected": true,
        "moderation_state": null,
        "metatag": null,
        "path": { "alias": null, "pid": null, "langcode": "en" },
        "private": false,
        "field_metatags": null,
        "content_translation_source": "und",
        "content_translation_outdated": false,
        "published_at": "2021-06-17T13:04:01+00:00",
        "field_answer_summary": null,
        "field_instruction": null
      },
      "relationships": {
        "node_type": {
          "data": {
            "type": "node_type--node_type",
            "id": "78ecfb9f-13e1-4bf3-b3b3-ceeaef39dbd6"
          },
          "links": {
            "related": {
              "href": "https://prod85yjmo4f.main.acsf.baywsf.com/jsonapi/node/answer/5d6aedb7-8f70-42dc-87c3-230a236c8b1d/node_type?resourceVersion=id%3A46151"
            },
            "self": {
              "href": "https://prod85yjmo4f.main.acsf.baywsf.com/jsonapi/node/answer/5d6aedb7-8f70-42dc-87c3-230a236c8b1d/relationships/node_type?resourceVersion=id%3A46151"
            }
          }
        },
        "revision_uid": {
          "data": {
            "type": "user--user",
            "id": "c48aba71-438d-44c8-a315-2803a8380004"
          },
          "links": {
            "related": {
              "href": "https://prod85yjmo4f.main.acsf.baywsf.com/jsonapi/node/answer/5d6aedb7-8f70-42dc-87c3-230a236c8b1d/revision_uid?resourceVersion=id%3A46151"
            },
            "self": {
              "href": "https://prod85yjmo4f.main.acsf.baywsf.com/jsonapi/node/answer/5d6aedb7-8f70-42dc-87c3-230a236c8b1d/relationships/revision_uid?resourceVersion=id%3A46151"
            }
          }
        },
        "uid": {
          "data": {
            "type": "user--user",
            "id": "c48aba71-438d-44c8-a315-2803a8380004"
          },
          "links": {
            "related": {
              "href": "https://prod85yjmo4f.main.acsf.baywsf.com/jsonapi/node/answer/5d6aedb7-8f70-42dc-87c3-230a236c8b1d/uid?resourceVersion=id%3A46151"
            },
            "self": {
              "href": "https://prod85yjmo4f.main.acsf.baywsf.com/jsonapi/node/answer/5d6aedb7-8f70-42dc-87c3-230a236c8b1d/relationships/uid?resourceVersion=id%3A46151"
            }
          }
        },
        "field_schema_json_ld_file": {
          "data": null,
          "links": {
            "related": {
              "href": "https://prod85yjmo4f.main.acsf.baywsf.com/jsonapi/node/answer/5d6aedb7-8f70-42dc-87c3-230a236c8b1d/field_schema_json_ld_file?resourceVersion=id%3A46151"
            },
            "self": {
              "href": "https://prod85yjmo4f.main.acsf.baywsf.com/jsonapi/node/answer/5d6aedb7-8f70-42dc-87c3-230a236c8b1d/relationships/field_schema_json_ld_file?resourceVersion=id%3A46151"
            }
          }
        },
        "field_answer_category": {
          "data": [],
          "links": {
            "related": {
              "href": "https://prod85yjmo4f.main.acsf.baywsf.com/jsonapi/node/answer/5d6aedb7-8f70-42dc-87c3-230a236c8b1d/field_answer_category?resourceVersion=id%3A46151"
            },
            "self": {
              "href": "https://prod85yjmo4f.main.acsf.baywsf.com/jsonapi/node/answer/5d6aedb7-8f70-42dc-87c3-230a236c8b1d/relationships/field_answer_category?resourceVersion=id%3A46151"
            }
          }
        },
        "field_next_question": {
          "data": null,
          "links": {
            "related": {
              "href": "https://prod85yjmo4f.main.acsf.baywsf.com/jsonapi/node/answer/5d6aedb7-8f70-42dc-87c3-230a236c8b1d/field_next_question?resourceVersion=id%3A46151"
            },
            "self": {
              "href": "https://prod85yjmo4f.main.acsf.baywsf.com/jsonapi/node/answer/5d6aedb7-8f70-42dc-87c3-230a236c8b1d/relationships/field_next_question?resourceVersion=id%3A46151"
            }
          }
        },
        "field_result": {
          "data": null,
          "links": {
            "related": {
              "href": "https://prod85yjmo4f.main.acsf.baywsf.com/jsonapi/node/answer/5d6aedb7-8f70-42dc-87c3-230a236c8b1d/field_result?resourceVersion=id%3A46151"
            },
            "self": {
              "href": "https://prod85yjmo4f.main.acsf.baywsf.com/jsonapi/node/answer/5d6aedb7-8f70-42dc-87c3-230a236c8b1d/relationships/field_result?resourceVersion=id%3A46151"
            }
          }
        }
      }
    }
  ],
  "links": {
    "self": {
      "href": "https://prod85yjmo4f.main.acsf.baywsf.com/jsonapi/node/question/d0e11505-48ed-4d3a-9e5d-b489845b19f0?include=field_answer"
    }
  }
}
