{
  "jsonapi": {
    "version": "1.0",
    "meta": {
      "links": {
        "self": {
          "href": "http://jsonapi.org/format/1.0/"
        }
      }
    }
  },
  "data": [
    {
      "type": "node--quiz",
      "id": "348a043a-0e23-4c0b-9bab-adeca72ea868",
      "links": {
        "self": {
          "href": "https://prodv0ojd6qy.main.acsf.baywsf.com/jsonapi/node/quiz/348a043a-0e23-4c0b-9bab-adeca72ea868?resourceVersion=id%3A14646"
        }
      },
      "attributes": {
        "drupal_internal__nid": 501,
        "drupal_internal__vid": 14646,
        "langcode": "en",
        "revision_timestamp": "2020-01-28T08:24:46+00:00",
        "revision_log": null,
        "status": true,
        "title": "Hearth attack and stroke risk self-assessment",
        "created": "2020-01-28T07:00:45+00:00",
        "changed": "2020-06-18T17:49:37+00:00",
        "promote": false,
        "sticky": false,
        "default_langcode": true,
        "revision_translation_affected": true,
        "moderation_state": "published",
        "metatag": null,
        "path": {
          "alias": null,
          "pid": null,
          "langcode": "en"
        },
        "private": false,
        "field_metatags": null,
        "content_translation_source": "und",
        "content_translation_outdated": false,
        "published_at": "2020-01-28T07:31:10+00:00",
        "field_disclaimer": {
          "value": "\u003Cp\u003ELEARN ABOUT THE RISKS THAT CONCERN YOU.\u003C/p\u003E\r\n",
          "format": "cohesion",
          "processed": "\u003Cp\u003ELEARN ABOUT THE RISKS THAT CONCERN YOU.\u003C/p\u003E\n"
        },
        "field_instruction": {
          "value": "\u003Cp\u003EBegin by selecting your age and gender to learn why these two factors matter. At the end you can save or share your results with one easy click.\u003C/p\u003E\r\n",
          "format": "cohesion",
          "processed": "\u003Cp\u003EBegin by selecting your age and gender to learn why these two factors matter. At the end you can save or share your results with one easy click.\u003C/p\u003E\n"
        },
        "field_quiz_type": "linear",
        "field_references": null
      },
      "relationships": {
        "node_type": {
          "data": {
            "type": "node_type--node_type",
            "id": "ec122f28-fffe-4e8b-8548-28b633a03d94",
            "meta": {
              "drupal_internal__target_id": "quiz"
            }
          },
          "links": {
            "related": {
              "href": "https://prodv0ojd6qy.main.acsf.baywsf.com/jsonapi/node/quiz/348a043a-0e23-4c0b-9bab-adeca72ea868/node_type?resourceVersion=id%3A14646"
            },
            "self": {
              "href": "https://prodv0ojd6qy.main.acsf.baywsf.com/jsonapi/node/quiz/348a043a-0e23-4c0b-9bab-adeca72ea868/relationships/node_type?resourceVersion=id%3A14646"
            }
          }
        },
        "revision_uid": {
          "data": {
            "type": "user--user",
            "id": "ca58b0db-3606-4120-b56e-5b734072c9d7",
            "meta": {
              "drupal_internal__target_id": 0
            }
          },
          "links": {
            "related": {
              "href": "https://prodv0ojd6qy.main.acsf.baywsf.com/jsonapi/node/quiz/348a043a-0e23-4c0b-9bab-adeca72ea868/revision_uid?resourceVersion=id%3A14646"
            },
            "self": {
              "href": "https://prodv0ojd6qy.main.acsf.baywsf.com/jsonapi/node/quiz/348a043a-0e23-4c0b-9bab-adeca72ea868/relationships/revision_uid?resourceVersion=id%3A14646"
            }
          }
        },
        "uid": {
          "data": {
            "type": "user--user",
            "id": "ca58b0db-3606-4120-b56e-5b734072c9d7",
            "meta": {
              "drupal_internal__target_id": 0
            }
          },
          "links": {
            "related": {
              "href": "https://prodv0ojd6qy.main.acsf.baywsf.com/jsonapi/node/quiz/348a043a-0e23-4c0b-9bab-adeca72ea868/uid?resourceVersion=id%3A14646"
            },
            "self": {
              "href": "https://prodv0ojd6qy.main.acsf.baywsf.com/jsonapi/node/quiz/348a043a-0e23-4c0b-9bab-adeca72ea868/relationships/uid?resourceVersion=id%3A14646"
            }
          }
        },
        "field_schema_json_ld_file": {
          "data": null,
          "links": {
            "related": {
              "href": "https://prodv0ojd6qy.main.acsf.baywsf.com/jsonapi/node/quiz/348a043a-0e23-4c0b-9bab-adeca72ea868/field_schema_json_ld_file?resourceVersion=id%3A14646"
            },
            "self": {
              "href": "https://prodv0ojd6qy.main.acsf.baywsf.com/jsonapi/node/quiz/348a043a-0e23-4c0b-9bab-adeca72ea868/relationships/field_schema_json_ld_file?resourceVersion=id%3A14646"
            }
          }
        },
        "audience_tag": {
          "data": null,
          "links": {
            "related": {
              "href": "https://prodv0ojd6qy.main.acsf.baywsf.com/jsonapi/node/quiz/348a043a-0e23-4c0b-9bab-adeca72ea868/audience_tag?resourceVersion=id%3A14646"
            },
            "self": {
              "href": "https://prodv0ojd6qy.main.acsf.baywsf.com/jsonapi/node/quiz/348a043a-0e23-4c0b-9bab-adeca72ea868/relationships/audience_tag?resourceVersion=id%3A14646"
            }
          }
        },
        "field_actions": {
          "data": [],
          "links": {
            "related": {
              "href": "https://prodv0ojd6qy.main.acsf.baywsf.com/jsonapi/node/quiz/348a043a-0e23-4c0b-9bab-adeca72ea868/field_actions?resourceVersion=id%3A14646"
            },
            "self": {
              "href": "https://prodv0ojd6qy.main.acsf.baywsf.com/jsonapi/node/quiz/348a043a-0e23-4c0b-9bab-adeca72ea868/relationships/field_actions?resourceVersion=id%3A14646"
            }
          }
        },
        "field_quiz_question": {
          "data": [
            {
              "type": "node--question",
              "id": "54bd46b3-68f2-4c0b-8c19-67c7e2cde095",
              "meta": {
                "drupal_internal__target_id": 496
              }
            },
            {
              "type": "node--question",
              "id": "3d142c49-428e-42d8-ba36-f3cc0a815950",
              "meta": {
                "drupal_internal__target_id": 511
              }
            },
            {
              "type": "node--question",
              "id": "35230c16-405e-4054-b709-e79a40bdb045",
              "meta": {
                "drupal_internal__target_id": 536
              }
            },
            {
              "type": "node--question",
              "id": "8b9604a0-bca7-44c1-badb-839c796dcc5c",
              "meta": {
                "drupal_internal__target_id": 556
              }
            },
            {
              "type": "node--question",
              "id": "de4baba4-f0b2-4203-963a-a8c70651ff16",
              "meta": {
                "drupal_internal__target_id": 571
              }
            }
          ],
          "links": {
            "related": {
              "href": "https://prodv0ojd6qy.main.acsf.baywsf.com/jsonapi/node/quiz/348a043a-0e23-4c0b-9bab-adeca72ea868/field_quiz_question?resourceVersion=id%3A14646"
            },
            "self": {
              "href": "https://prodv0ojd6qy.main.acsf.baywsf.com/jsonapi/node/quiz/348a043a-0e23-4c0b-9bab-adeca72ea868/relationships/field_quiz_question?resourceVersion=id%3A14646"
            }
          }
        },
        "field_result": {
          "data": null,
          "links": {
            "related": {
              "href": "https://prodv0ojd6qy.main.acsf.baywsf.com/jsonapi/node/quiz/348a043a-0e23-4c0b-9bab-adeca72ea868/field_result?resourceVersion=id%3A14646"
            },
            "self": {
              "href": "https://prodv0ojd6qy.main.acsf.baywsf.com/jsonapi/node/quiz/348a043a-0e23-4c0b-9bab-adeca72ea868/relationships/field_result?resourceVersion=id%3A14646"
            }
          }
        }
      }
    },
    {
      "type": "node--quiz",
      "id": "042fbdbe-9cc9-4946-b78b-191833082177",
      "links": {
        "self": {
          "href": "https://prodv0ojd6qy.main.acsf.baywsf.com/jsonapi/node/quiz/042fbdbe-9cc9-4946-b78b-191833082177?resourceVersion=id%3A45856"
        }
      },
      "attributes": {
        "drupal_internal__nid": 816,
        "drupal_internal__vid": 45856,
        "langcode": "en",
        "revision_timestamp": "2023-01-06T16:54:44+00:00",
        "revision_log": null,
        "status": true,
        "title": "Cardiovascular Risk Assessment Tool",
        "created": "2022-10-06T21:22:32+00:00",
        "changed": "2023-01-06T16:54:44+00:00",
        "promote": false,
        "sticky": false,
        "default_langcode": true,
        "revision_translation_affected": true,
        "moderation_state": "published",
        "metatag": null,
        "path": {
          "alias": null,
          "pid": null,
          "langcode": "en"
        },
        "private": false,
        "field_metatags": null,
        "content_translation_source": "und",
        "content_translation_outdated": false,
        "published_at": "2022-10-29T07:40:17+00:00",
        "field_disclaimer": null,
        "field_instruction": null,
        "field_quiz_type": "linear",
        "field_references": null
      },
      "relationships": {
        "node_type": {
          "data": {
            "type": "node_type--node_type",
            "id": "ec122f28-fffe-4e8b-8548-28b633a03d94",
            "meta": {
              "drupal_internal__target_id": "quiz"
            }
          },
          "links": {
            "related": {
              "href": "https://prodv0ojd6qy.main.acsf.baywsf.com/jsonapi/node/quiz/042fbdbe-9cc9-4946-b78b-191833082177/node_type?resourceVersion=id%3A45856"
            },
            "self": {
              "href": "https://prodv0ojd6qy.main.acsf.baywsf.com/jsonapi/node/quiz/042fbdbe-9cc9-4946-b78b-191833082177/relationships/node_type?resourceVersion=id%3A45856"
            }
          }
        },
        "revision_uid": {
          "data": {
            "type": "user--user",
            "id": "058895fa-ad0e-4033-b829-077d59468c3d",
            "meta": {
              "drupal_internal__target_id": 2316
            }
          },
          "links": {
            "related": {
              "href": "https://prodv0ojd6qy.main.acsf.baywsf.com/jsonapi/node/quiz/042fbdbe-9cc9-4946-b78b-191833082177/revision_uid?resourceVersion=id%3A45856"
            },
            "self": {
              "href": "https://prodv0ojd6qy.main.acsf.baywsf.com/jsonapi/node/quiz/042fbdbe-9cc9-4946-b78b-191833082177/relationships/revision_uid?resourceVersion=id%3A45856"
            }
          }
        },
        "uid": {
          "data": {
            "type": "user--user",
            "id": "058895fa-ad0e-4033-b829-077d59468c3d",
            "meta": {
              "drupal_internal__target_id": 2316
            }
          },
          "links": {
            "related": {
              "href": "https://prodv0ojd6qy.main.acsf.baywsf.com/jsonapi/node/quiz/042fbdbe-9cc9-4946-b78b-191833082177/uid?resourceVersion=id%3A45856"
            },
            "self": {
              "href": "https://prodv0ojd6qy.main.acsf.baywsf.com/jsonapi/node/quiz/042fbdbe-9cc9-4946-b78b-191833082177/relationships/uid?resourceVersion=id%3A45856"
            }
          }
        },
        "field_schema_json_ld_file": {
          "data": null,
          "links": {
            "related": {
              "href": "https://prodv0ojd6qy.main.acsf.baywsf.com/jsonapi/node/quiz/042fbdbe-9cc9-4946-b78b-191833082177/field_schema_json_ld_file?resourceVersion=id%3A45856"
            },
            "self": {
              "href": "https://prodv0ojd6qy.main.acsf.baywsf.com/jsonapi/node/quiz/042fbdbe-9cc9-4946-b78b-191833082177/relationships/field_schema_json_ld_file?resourceVersion=id%3A45856"
            }
          }
        },
        "audience_tag": {
          "data": {
            "type": "taxonomy_term--audience",
            "id": "b0ef5480-df1e-45d3-a61b-12bc57be205d",
            "meta": {
              "drupal_internal__target_id": 316
            }
          },
          "links": {
            "related": {
              "href": "https://prodv0ojd6qy.main.acsf.baywsf.com/jsonapi/node/quiz/042fbdbe-9cc9-4946-b78b-191833082177/audience_tag?resourceVersion=id%3A45856"
            },
            "self": {
              "href": "https://prodv0ojd6qy.main.acsf.baywsf.com/jsonapi/node/quiz/042fbdbe-9cc9-4946-b78b-191833082177/relationships/audience_tag?resourceVersion=id%3A45856"
            }
          }
        },
        "field_actions": {
          "data": [],
          "links": {
            "related": {
              "href": "https://prodv0ojd6qy.main.acsf.baywsf.com/jsonapi/node/quiz/042fbdbe-9cc9-4946-b78b-191833082177/field_actions?resourceVersion=id%3A45856"
            },
            "self": {
              "href": "https://prodv0ojd6qy.main.acsf.baywsf.com/jsonapi/node/quiz/042fbdbe-9cc9-4946-b78b-191833082177/relationships/field_actions?resourceVersion=id%3A45856"
            }
          }
        },
        "field_quiz_question": {
          "data": [
            {
              "type": "node--question",
              "id": "960945e3-77a7-422e-b4f0-0f2a16e6def1",
              "meta": {
                "drupal_internal__target_id": 811
              }
            },
            {
              "type": "node--question",
              "id": "7a08a48c-9ea3-4401-9a44-596f055a3c87",
              "meta": {
                "drupal_internal__target_id": 841
              }
            },
            {
              "type": "node--question",
              "id": "650f8b25-69d9-4793-b357-2622924f5310",
              "meta": {
                "drupal_internal__target_id": 866
              }
            },
            {
              "type": "node--question",
              "id": "c454c3b6-aaa6-4789-8f51-0c9d7adde8f8",
              "meta": {
                "drupal_internal__target_id": 881
              }
            },
            {
              "type": "node--question",
              "id": "e3128447-2663-46d6-be37-16ea8ec596bf",
              "meta": {
                "drupal_internal__target_id": 906
              }
            },
            {
              "type": "node--question",
              "id": "f83a7e34-89ea-4179-bcc5-4755c2d91272",
              "meta": {
                "drupal_internal__target_id": 926
              }
            },
            {
              "type": "node--question",
              "id": "5dc1d758-7a23-41c1-9e9d-c17c9f347319",
              "meta": {
                "drupal_internal__target_id": 931
              }
            },
            {
              "type": "node--question",
              "id": "f4fff0a3-bae4-41e7-bc12-99961e844cae",
              "meta": {
                "drupal_internal__target_id": 966
              }
            },
            {
              "type": "node--question",
              "id": "bca1ed8d-f9b5-45bc-9717-a78a15dcaddb",
              "meta": {
                "drupal_internal__target_id": 971
              }
            },
            {
              "type": "node--question",
              "id": "114cadcb-c026-47da-9998-eac4b98d5d0c",
              "meta": {
                "drupal_internal__target_id": 976
              }
            },
            {
              "type": "node--question",
              "id": "2f39c5a2-f746-47ad-b40f-6e2dae45134e",
              "meta": {
                "drupal_internal__target_id": 991
              }
            },
            {
              "type": "node--question",
              "id": "d8a931d1-15d5-4809-b9ed-c20cf896dde5",
              "meta": {
                "drupal_internal__target_id": 1031
              }
            },
            {
              "type": "node--question",
              "id": "489d1899-6ffb-4f03-86d3-7db0d7d40fa7",
              "meta": {
                "drupal_internal__target_id": 1061
              }
            },
            {
              "type": "node--question",
              "id": "7254b9d7-59a6-486e-8401-63cc95bdd1a5",
              "meta": {
                "drupal_internal__target_id": 1086
              }
            },
            {
              "type": "node--question",
              "id": "402c59a5-b0df-4092-adc5-eef7805807e1",
              "meta": {
                "drupal_internal__target_id": 1111
              }
            }
          ],
          "links": {
            "related": {
              "href": "https://prodv0ojd6qy.main.acsf.baywsf.com/jsonapi/node/quiz/042fbdbe-9cc9-4946-b78b-191833082177/field_quiz_question?resourceVersion=id%3A45856"
            },
            "self": {
              "href": "https://prodv0ojd6qy.main.acsf.baywsf.com/jsonapi/node/quiz/042fbdbe-9cc9-4946-b78b-191833082177/relationships/field_quiz_question?resourceVersion=id%3A45856"
            }
          }
        },
        "field_result": {
          "data": null,
          "links": {
            "related": {
              "href": "https://prodv0ojd6qy.main.acsf.baywsf.com/jsonapi/node/quiz/042fbdbe-9cc9-4946-b78b-191833082177/field_result?resourceVersion=id%3A45856"
            },
            "self": {
              "href": "https://prodv0ojd6qy.main.acsf.baywsf.com/jsonapi/node/quiz/042fbdbe-9cc9-4946-b78b-191833082177/relationships/field_result?resourceVersion=id%3A45856"
            }
          }
        }
      }
    },
    {
      "type": "node--quiz",
      "id": "6ea8039c-1508-4e84-b098-8885a6138c4f",
      "links": {
        "self": {
          "href": "https://prodv0ojd6qy.main.acsf.baywsf.com/jsonapi/node/quiz/6ea8039c-1508-4e84-b098-8885a6138c4f?resourceVersion=id%3A48146"
        },
        "working-copy": {
          "href": "https://prodv0ojd6qy.main.acsf.baywsf.com/jsonapi/node/quiz/6ea8039c-1508-4e84-b098-8885a6138c4f?resourceVersion=rel%3Aworking-copy"
        }
      },
      "attributes": {
        "drupal_internal__nid": 1236,
        "drupal_internal__vid": 48146,
        "langcode": "en",
        "revision_timestamp": "2023-02-02T10:23:33+00:00",
        "revision_log": null,
        "status": true,
        "title": "SPORTS-RELATED RISK-ASSESSMENT QUESTIONS",
        "created": "2023-01-16T11:59:35+00:00",
        "changed": "2023-02-02T10:23:33+00:00",
        "promote": false,
        "sticky": false,
        "default_langcode": true,
        "revision_translation_affected": true,
        "moderation_state": "published",
        "metatag": null,
        "path": {
          "alias": null,
          "pid": null,
          "langcode": "en"
        },
        "private": false,
        "field_metatags": null,
        "content_translation_source": "und",
        "content_translation_outdated": false,
        "published_at": "2023-02-02T10:23:33+00:00",
        "field_disclaimer": null,
        "field_instruction": null,
        "field_quiz_type": "linear",
        "field_references": null
      },
      "relationships": {
        "node_type": {
          "data": {
            "type": "node_type--node_type",
            "id": "ec122f28-fffe-4e8b-8548-28b633a03d94",
            "meta": {
              "drupal_internal__target_id": "quiz"
            }
          },
          "links": {
            "related": {
              "href": "https://prodv0ojd6qy.main.acsf.baywsf.com/jsonapi/node/quiz/6ea8039c-1508-4e84-b098-8885a6138c4f/node_type?resourceVersion=id%3A48146"
            },
            "self": {
              "href": "https://prodv0ojd6qy.main.acsf.baywsf.com/jsonapi/node/quiz/6ea8039c-1508-4e84-b098-8885a6138c4f/relationships/node_type?resourceVersion=id%3A48146"
            }
          }
        },
        "revision_uid": {
          "data": {
            "type": "user--user",
            "id": "058895fa-ad0e-4033-b829-077d59468c3d",
            "meta": {
              "drupal_internal__target_id": 2316
            }
          },
          "links": {
            "related": {
              "href": "https://prodv0ojd6qy.main.acsf.baywsf.com/jsonapi/node/quiz/6ea8039c-1508-4e84-b098-8885a6138c4f/revision_uid?resourceVersion=id%3A48146"
            },
            "self": {
              "href": "https://prodv0ojd6qy.main.acsf.baywsf.com/jsonapi/node/quiz/6ea8039c-1508-4e84-b098-8885a6138c4f/relationships/revision_uid?resourceVersion=id%3A48146"
            }
          }
        },
        "uid": {
          "data": {
            "type": "user--user",
            "id": "d6574b75-52c9-4934-9d1d-a0032dde2882",
            "meta": {
              "drupal_internal__target_id": 6381
            }
          },
          "links": {
            "related": {
              "href": "https://prodv0ojd6qy.main.acsf.baywsf.com/jsonapi/node/quiz/6ea8039c-1508-4e84-b098-8885a6138c4f/uid?resourceVersion=id%3A48146"
            },
            "self": {
              "href": "https://prodv0ojd6qy.main.acsf.baywsf.com/jsonapi/node/quiz/6ea8039c-1508-4e84-b098-8885a6138c4f/relationships/uid?resourceVersion=id%3A48146"
            }
          }
        },
        "field_schema_json_ld_file": {
          "data": null,
          "links": {
            "related": {
              "href": "https://prodv0ojd6qy.main.acsf.baywsf.com/jsonapi/node/quiz/6ea8039c-1508-4e84-b098-8885a6138c4f/field_schema_json_ld_file?resourceVersion=id%3A48146"
            },
            "self": {
              "href": "https://prodv0ojd6qy.main.acsf.baywsf.com/jsonapi/node/quiz/6ea8039c-1508-4e84-b098-8885a6138c4f/relationships/field_schema_json_ld_file?resourceVersion=id%3A48146"
            }
          }
        },
        "audience_tag": {
          "data": {
            "type": "taxonomy_term--audience",
            "id": "b0ef5480-df1e-45d3-a61b-12bc57be205d",
            "meta": {
              "drupal_internal__target_id": 316
            }
          },
          "links": {
            "related": {
              "href": "https://prodv0ojd6qy.main.acsf.baywsf.com/jsonapi/node/quiz/6ea8039c-1508-4e84-b098-8885a6138c4f/audience_tag?resourceVersion=id%3A48146"
            },
            "self": {
              "href": "https://prodv0ojd6qy.main.acsf.baywsf.com/jsonapi/node/quiz/6ea8039c-1508-4e84-b098-8885a6138c4f/relationships/audience_tag?resourceVersion=id%3A48146"
            }
          }
        },
        "field_actions": {
          "data": [],
          "links": {
            "related": {
              "href": "https://prodv0ojd6qy.main.acsf.baywsf.com/jsonapi/node/quiz/6ea8039c-1508-4e84-b098-8885a6138c4f/field_actions?resourceVersion=id%3A48146"
            },
            "self": {
              "href": "https://prodv0ojd6qy.main.acsf.baywsf.com/jsonapi/node/quiz/6ea8039c-1508-4e84-b098-8885a6138c4f/relationships/field_actions?resourceVersion=id%3A48146"
            }
          }
        },
        "field_quiz_question": {
          "data": [
            {
              "type": "node--question",
              "id": "edca4f14-b6cf-4bbe-8b31-fa2458c84a05",
              "meta": {
                "drupal_internal__target_id": 1246
              }
            },
            {
              "type": "node--question",
              "id": "a94951d5-912b-4756-89a5-19fd38a2f8f4",
              "meta": {
                "drupal_internal__target_id": 1256
              }
            },
            {
              "type": "node--question",
              "id": "cd2a7f65-30e3-427b-aef5-460db19d0662",
              "meta": {
                "drupal_internal__target_id": 1296
              }
            },
            {
              "type": "node--question",
              "id": "543a8b58-6de1-46d2-b8ad-de6a51718e38",
              "meta": {
                "drupal_internal__target_id": 1321
              }
            },
            {
              "type": "node--question",
              "id": "dbf0da98-634c-4e5f-9c66-b3a976dce83e",
              "meta": {
                "drupal_internal__target_id": 1346
              }
            },
            {
              "type": "node--question",
              "id": "53096d1f-bfbe-4a87-80f9-351949c88e00",
              "meta": {
                "drupal_internal__target_id": 1356
              }
            },
            {
              "type": "node--question",
              "id": "efa9832d-533a-438f-bb4b-84bdbe22b246",
              "meta": {
                "drupal_internal__target_id": 1371
              }
            },
            {
              "type": "node--question",
              "id": "452176a1-f070-4da1-9fef-979ae45ffea1",
              "meta": {
                "drupal_internal__target_id": 1381
              }
            },
            {
              "type": "node--question",
              "id": "aa57da95-8d1e-4fec-bc7a-e2f1e12a7d24",
              "meta": {
                "drupal_internal__target_id": 1401
              }
            },
            {
              "type": "node--question",
              "id": "968470eb-c327-487b-a2bb-d5cb406c3e67",
              "meta": {
                "drupal_internal__target_id": 1416
              }
            },
            {
              "type": "node--question",
              "id": "df915092-1d7d-45f0-a96a-9a6358d488c9",
              "meta": {
                "drupal_internal__target_id": 1466
              }
            },
            {
              "type": "node--question",
              "id": "aa1999d3-2cc4-408a-bd75-c0eecd6c1589",
              "meta": {
                "drupal_internal__target_id": 1471
              }
            },
            {
              "type": "node--question",
              "id": "cd94008a-5c2b-4528-831f-d2b8939a6a45",
              "meta": {
                "drupal_internal__target_id": 1501
              }
            },
            {
              "type": "node--question",
              "id": "abc06b1a-d27a-49eb-a386-57bab3f68fc2",
              "meta": {
                "drupal_internal__target_id": 1546
              }
            },
            {
              "type": "node--question",
              "id": "b228d223-1985-4f79-8236-8ea36cf7f49c",
              "meta": {
                "drupal_internal__target_id": 1551
              }
            }
          ],
          "links": {
            "related": {
              "href": "https://prodv0ojd6qy.main.acsf.baywsf.com/jsonapi/node/quiz/6ea8039c-1508-4e84-b098-8885a6138c4f/field_quiz_question?resourceVersion=id%3A48146"
            },
            "self": {
              "href": "https://prodv0ojd6qy.main.acsf.baywsf.com/jsonapi/node/quiz/6ea8039c-1508-4e84-b098-8885a6138c4f/relationships/field_quiz_question?resourceVersion=id%3A48146"
            }
          }
        },
        "field_result": {
          "data": null,
          "links": {
            "related": {
              "href": "https://prodv0ojd6qy.main.acsf.baywsf.com/jsonapi/node/quiz/6ea8039c-1508-4e84-b098-8885a6138c4f/field_result?resourceVersion=id%3A48146"
            },
            "self": {
              "href": "https://prodv0ojd6qy.main.acsf.baywsf.com/jsonapi/node/quiz/6ea8039c-1508-4e84-b098-8885a6138c4f/relationships/field_result?resourceVersion=id%3A48146"
            }
          }
        }
      }
    }
  ],
  "links": {
    "self": {
      "href": "https://prodv0ojd6qy.main.acsf.baywsf.com/jsonapi/node/quiz"
    }
  }
}
