[
    {
        "id": 1,
        "thumbnail": "../../../sites/g/files/vrxlpx21151/files/2021-07/thumbnailsalient.jpg",
        "title": "Injetora Salient",
        "description": "Treinamento Injetora Salient",
        "speakerName": "N/A",
        "additionalComments": "",
        "rating": 4,
        "duration": "00:08",
        "video": "https://player.vimeo.com/video/523939954?autoplay=0",
        "topic": "Salient",
        "type": "Tomografia Computadorizada",
        "product": "Salient",
        "mostViewed": true
    },
    {
        "id": 2,
        "thumbnail": "../../../sites/g/files/vrxlpx21151/files/2021-07/thumbnailstellant.jpg",
        "title": "Injetora Stellant",
        "description": "Treinamento Stellant",
        "speakerName": "N/A",
        "additionalComments": "",
        "rating": 5,
        "duration": "00:08",
        "video": "https://player.vimeo.com/video/523940104?autoplay=0",
        "topic": "Stellant D",
        "type": "Tomografia Computadorizada",
        "product": "Stellant D",
        "mostViewed": true
    },
    {
        "id": 3,
        "thumbnail": "../../../sites/g/files/vrxlpx21151/files/2021-07/thumb-angiografia.png",
        "title": "Otimização de Contrastes em Angiotomografias",
        "description": "Webinar sobre Otimização de contrastes em angiotomografias -&nbsp;<strong>Dr Andrei Skromov</strong>",
        "speakerName": "Dr Andrei Skromov",
        "additionalComments": "",
        "rating": 5,
        "duration": "01:04",
        "video": "https://player.vimeo.com/video/489942960?autoplay=0",
        "topic": "Outros",
        "type": "Tomografia Computadorizada",
        "product": "",
        "mostViewed": true
    },
    {
        "id": 4,
        "thumbnail": "../../../sites/g/files/vrxlpx21151/files/2021-07/thumbnailsnew5_1.jpg",
        "title": "Reações adversas aos meios de contraste, você sabe tratar?",
        "description": "Webinar -&nbsp;Reações adversas aos meios de contraste, você sabe tratar?<br><strong>Dra. Adonis Manzella</strong>",
        "speakerName": "Dra. Adonis Manzella",
        "additionalComments": "",
        "rating": 4,
        "duration": "01:04",
        "video": "https://player.vimeo.com/video/507264818?autoplay=0",
        "topic": "Reações adversas",
        "type": "",
        "product": "",
        "mostViewed": true
    },
    {
        "id": 5,
        "thumbnail": "../../../sites/g/files/vrxlpx21151/files/2021-07/inteligenciaartificial.png",
        "title": "Inteligência Artificial no Diagnóstico da COVID-19",
        "description": "Inteligência Artificial no Diagnóstico da COVID-19 -&nbsp;<strong>Dr. Gustavo Meirelles</strong>",
        "speakerName": "Dr. Gustavo Meirelles",
        "additionalComments": "",
        "rating": 5,
        "duration": "01:12",
        "video": "https://player.vimeo.com/video/482782664?autoplay=0",
        "topic": "",
        "type": "",
        "product": "",
        "mostViewed": true
    },
    {
        "id": 6,
        "thumbnail": "../../../sites/g/files/vrxlpx21151/files/2021-07/thumbnailspectrissolaris.jpg",
        "title": "Spectris Solaris",
        "description": "Treinamento Injetora Spectris Solaris",
        "speakerName": "N/A",
        "additionalComments": "",
        "rating": 5,
        "duration": "00:09",
        "video": "https://player.vimeo.com/video/523940314?autoplay=0",
        "topic": "Spectris Solaris",
        "type": "Ressonância Magnética",
        "product": "Spectris Solaris",
        "mostViewed": true
    },
    {
        "id": 7,
        "thumbnail": "../../../sites/g/files/vrxlpx21151/files/2021-07/thumbnailssolucaosalina.jpg",
        "title": "Solução Salina",
        "description": "Uso de solução salina nos meios de contraste",
        "speakerName": "NA",
        "additionalComments": "",
        "rating": 4,
        "duration": "00:02",
        "video": "https://player.vimeo.com/video/511736681?autoplay=0",
        "topic": "",
        "type": "",
        "product": "",
        "mostViewed": true
    },
    {
        "id": 8,
        "thumbnail": "../../../sites/g/files/vrxlpx21151/files/2021-07/thumbnailmark7.jpg",
        "title": "Treinamento Mark 7 Arterion",
        "description": "Treinamento Mark 7 Arterion",
        "speakerName": "N/A",
        "additionalComments": "",
        "rating": 5,
        "duration": "00:07",
        "video": "https://player.vimeo.com/video/523939762?autoplay=0",
        "topic": "Mark 7 Arterion",
        "type": "Hemodinâmica",
        "product": "Mark 7 Arterion",
        "mostViewed": true
    },
    {
        "id": 9,
        "thumbnail": "../../../sites/g/files/vrxlpx21151/files/2021-07/avaliacaodecomplicacoes.png",
        "title": "Complicações Pulmonares Covid-19",
        "description": "Webinar realizada com o <strong>Dr Gustavo Meirelles</strong> e o <strong>Dr Caio Fernandes</strong>",
        "speakerName": "Dr. Gustavo Meirelles; Dr. Caio Fernandes",
        "additionalComments": "",
        "rating": 5,
        "duration": "01:21",
        "video": "https://player.vimeo.com/video/482789743?autoplay=0",
        "topic": "Outros",
        "type": "",
        "product": "",
        "mostViewed": true
    },
    {
        "id": 10,
        "thumbnail": "../../../sites/g/files/vrxlpx21151/files/2021-07/thumbnailsgadovist.jpg",
        "title": "Gadovist - O poder da relaxatividade",
        "description": "Gadovist - O poder da relaxatividade",
        "speakerName": "N/A",
        "additionalComments": "",
        "rating": 5,
        "duration": "00:02",
        "video": "https://player.vimeo.com/video/511736963?autoplay=0",
        "topic": "Gadovist",
        "type": "",
        "product": "Gadovist",
        "mostViewed": true
    },
    {
        "id": 11,
        "thumbnail": "../../../sites/g/files/vrxlpx21151/files/2021-07/gestao_do_fluxo_de_atendimento_no_setor_de_imagem-2_0.png",
        "title": "Gestão do Fluxo de Atendimento no Setor de Imagem Durante a COVID-19",
        "description": "Gestão do Fluxo de Atendimento no Setor de Imagem Durante a COVID-19 - <strong>Dr. Gustavo Meirelles</strong>",
        "speakerName": "Dr. Gustavo Meirelles",
        "additionalComments": "",
        "rating": 4,
        "duration": "01:02",
        "video": "https://player.vimeo.com/video/485489928?autoplay=0",
        "topic": "Outros",
        "type": "",
        "product": "",
        "mostViewed": true
    },
    {
        "id": 12,
        "thumbnail": "../../../sites/g/files/vrxlpx21151/files/2021-07/thumbnailsalientrcu.jpg",
        "title": "Tablet Salient RCU",
        "description": "Tablet Salient RCU - Unidade de Controle Remoto",
        "speakerName": "N/A",
        "additionalComments": "",
        "rating": 4,
        "duration": "00:04",
        "video": "https://player.vimeo.com/video/526316001?autoplay=0",
        "topic": "Salient",
        "type": "Tomografia Computadorizada",
        "product": "Salient",
        "mostViewed": true
    },
    {
        "id": 13,
        "thumbnail": "../../../sites/g/files/vrxlpx21151/files/2021-07/thumb-aspectosdeimagem2.png",
        "title": "Aspectos de Imagem da COVID-19",
        "description": "Webinar realizada pela Bayer Radiologia no dia 23/04/2020 com o <strong>Dr Gustavo Meirelles</strong>",
        "speakerName": "Dr Gustavo Meirelles",
        "additionalComments": "",
        "rating": 4,
        "duration": "01:08",
        "video": "https://player.vimeo.com/video/481775808?autoplay=0",
        "topic": "Outros",
        "type": "",
        "product": "",
        "mostViewed": true
    },
    {
        "id": 14,
        "thumbnail": "../../../sites/g/files/vrxlpx21151/files/2021-07/thumbnailsprimovist.jpg",
        "title": "Primovist - Mecanismo de ação",
        "description": "<strong>Primovist </strong>- Mecanismo de ação",
        "speakerName": "N/A",
        "additionalComments": "",
        "rating": 4,
        "duration": "00:02",
        "video": "https://player.vimeo.com/video/511735945?autoplay=0",
        "topic": "Primovist",
        "type": "Primovist",
        "product": "",
        "mostViewed": true
    }
]