[
    {
        "id": 1,
        "thumbnail": "../../../sites/g/files/vrxlpx21021/files/2021-07/Thumbnail14756-latam.jpg",
        "title": "Seminario de Integración y Aplicación - Sesión 1",
        "description": "Módulo 1: Tomografía Computada<br><br>        - Principios Físicos de Tomografía Importancias en los Sistemas de Inyección.<br>        - Protocolos de Trabajo en Angiotomografía. Postproceso en estaciones de trabajo<br><strong>Lic. Beatriz Guevara</strong>",
        "speakerName": "Lic. Beatriz Guevara",
        "additionalComments": "",
        "rating": 5,
        "duration": "01:52",
        "video": "https://player.vimeo.com/video/451956048?autoplay=0",
        "topic": "",
        "type": "",
        "product": "",
        "mostViewed": true,
        "isAccess": true
    },
    {
        "id": 2,
        "thumbnail": "../../../sites/g/files/vrxlpx21021/files/2021-07/Thumbnail1176-latam.jpg",
        "title": "HCP: Use of saline solution",
        "description": "Demostración de los beneficios del uso de solución en la inyección de medio de contraste.",
        "speakerName": "NA",
        "additionalComments": "",
        "rating": 5,
        "duration": "00:02",
        "video": "https://player.vimeo.com/video/371819582?autoplay=0",
        "topic": "",
        "type": "",
        "product": "",
        "mostViewed": true,
        "isAccess": true
    },
    {
        "id": 3,
        "thumbnail": "../../../sites/g/files/vrxlpx21021/files/2021-07/Thumbnail1181-latam.jpg",
        "title": "Uso general Stellant D",
        "description": "El técnico radiólogo <strong>Gerardo Arredondo</strong> hace una demostración general en el uso del inyector MEDRAD Stellant D.",
        "speakerName": "TR Gerardo Arredondo",
        "additionalComments": "",
        "rating": 3,
        "duration": "00:08",
        "video": "https://player.vimeo.com/video/375315535?autoplay=0",
        "topic": "",
        "type": "",
        "product": "",
        "mostViewed": true,
        "isAccess": true
    },
    {
        "id": 4,
        "thumbnail": "../../../sites/g/files/vrxlpx21021/files/2021-07/Thumbnail14836-latam.jpg",
        "title": "Módulo 1: Tomografía Computada",
        "description": "<strong>T.M. Felipe Allende</strong>: Últimas tecnologías en TAC.<br><strong>Lic. Jorge Pastrana</strong>: Aplicaciones de las Imágenes Radiológicas en la Arqueología.",
        "speakerName": "T.M. Felipe Allende y Lic. Jorge Pastrana",
        "additionalComments": "",
        "rating": 5,
        "duration": "01:44",
        "video": "https://player.vimeo.com/video/452401785?autoplay=0",
        "topic": "",
        "type": "",
        "product": "",
        "mostViewed": true,
        "isAccess": true
    },
    {
        "id": 5,
        "thumbnail": "../../../sites/g/files/vrxlpx21021/files/2021-07/Thumbnail1146-latam.jpg",
        "title": "Uso general Spectris Solaris",
        "description": "El radiólogo <strong>Gerardo Arredondo</strong> da una demostración general sobre el uso del inyector MEDRAD Spectris Solaris",
        "speakerName": "TR Gerardo Arredondo",
        "additionalComments": "",
        "rating": 5,
        "duration": "00:07",
        "video": "https://player.vimeo.com/video/375311510?autoplay=0",
        "topic": "",
        "type": "",
        "product": "",
        "mostViewed": true,
        "isAccess": true
    },
    {
        "id": 6,
        "thumbnail": "../../../sites/g/files/vrxlpx21021/files/2021-07/Thumbnail1196-latam.png",
        "title": "Eficacia de Gadovist  para la detección de tumores en mama.",
        "description": "Paciente femenino de 62 años con una masa palpable en mama derecha. Revisada en mamografía y ultrasonido.<strong>Gillian Newstead</strong>",
        "speakerName": "Gillian Newstead",
        "additionalComments": "",
        "rating": 4,
        "duration": "00:10",
        "video": "https://player.vimeo.com/video/452401785?autoplay=0",
        "topic": "",
        "type": "",
        "product": "",
        "mostViewed": true,
        "isAccess": true
    },
    {
        "id": 7,
        "thumbnail": "../../../sites/g/files/vrxlpx21021/files/2021-07/Thumbnail1191-latam.jpg",
        "title": "Cuidado diario Stellant D",
        "description": "El técnico radiólogo<strong> Gerardo Arredondo</strong> hace una demostración del buen cuidado del inyector Stellant D, con base en el programa Daily Care.",
        "speakerName": "TR Gerardo Arredondo",
        "additionalComments": "",
        "rating": 5,
        "duration": "00:03",
        "video": "https://player.vimeo.com/video/375325712?autoplay=0",
        "topic": "",
        "type": "",
        "product": "",
        "mostViewed": true,
        "isAccess": true
    },
    {
        "id": 8,
        "thumbnail": "../../../sites/g/files/vrxlpx21021/files/2021-07/Thumbnail1161-latam.jpg",
        "title": "Gadovist como opción para la detección de lesiones en el sistema nervioso central.",
        "description": "Paciente femenina de 29 años con Esclerosis Múltiple - Gadovist como opción para la detección de lesiones en el sistema nervioso central.<strong>&nbsp;Alex Rovira</strong>",
        "speakerName": "Alex Rovira",
        "additionalComments": "",
        "rating": 5,
        "duration": "00:11",
        "video": "https://player.vimeo.com/video/371818015?autoplay=0",
        "topic": "",
        "type": "",
        "product": "",
        "mostViewed": true,
        "isAccess": true
    },
    {
        "id": 9,
        "thumbnail": "../../../sites/g/files/vrxlpx21021/files/2021-07/Thumbnail14841-latam.jpg",
        "title": "Módulo 2: Bioseguridad General",
        "description": "<strong>T.M. César Salinas</strong>: Bioseguridad General",
        "speakerName": "T.M. César Salinas",
        "additionalComments": "",
        "rating": 5,
        "duration": "01:35",
        "video": "https://player.vimeo.com/video/452416339?autoplay=0",
        "topic": "",
        "type": "",
        "product": "",
        "mostViewed": true,
        "isAccess": true
    },
    {
        "id": 10,
        "thumbnail": "../../../sites/g/files/vrxlpx21021/files/2021-07/Thumbnail1186-latam.jpg",
        "title": "Varón de 3 meses con estafilococo aureus resistente a la meticilina, sospecha de meningitis",
        "description": "Seguridad de Gadovist para estudios en pacientes pediátricos. <strong>Benita Tamrazi</strong>",
        "speakerName": "Benita Tamrazi",
        "additionalComments": "",
        "rating": 5,
        "duration": "00:07",
        "video": "https://player.vimeo.com/video/371819747?autoplay=0",
        "topic": "",
        "type": "",
        "product": "",
        "mostViewed": true,
        "isAccess": true
    },
    {
        "id": 11,
        "thumbnail": "../../../sites/g/files/vrxlpx21021/files/2021-07/Thumbnail15181-latam.jpg",
        "title": "Módulo 3: Resonancia Magnética - Sesión 7",
        "description": "SEMINARIO DE INTEGRACIÓN Y APLICACIÓN – SESIÓN 7<br>        Cardio RM<br>        Resonancia Magnética CV<br><strong>Lic. Adolfo Giles, Dra. Melina Mana</strong>",
        "speakerName": "Lic. Adolfo Giles, Dra. Melina Mana",
        "additionalComments": "",
        "rating": 4,
        "duration": "01:57",
        "video": "https://player.vimeo.com/video/502354500?autoplay=0",
        "topic": "",
        "type": "",
        "product": "",
        "mostViewed": true,
        "isAccess": true
    },
    {
        "id": 12,
        "thumbnail": "../../../sites/g/files/vrxlpx21021/files/2021-07/ThumbnailsExistingVideos.jpg",
        "title": "Daily Care Spectris Solaris",
        "description": "Daily Care Spectris Solaris - El técnico radiólogo <strong>Gerardo Arredondo</strong> hace una demostración del buen cuidado del inyector Spectris Solaris, con base en el programa Daily Care.",
        "speakerName": "TR Gerardo Arredondo",
        "additionalComments": "",
        "rating": 5,
        "duration": "01:39",
        "video": "https://player.vimeo.com/video/375315260?autoplay=0",
        "topic": "",
        "type": "",
        "product": "",
        "mostViewed": true,
        "isAccess": true
    },
    {
        "id": 13,
        "thumbnail": "../../../sites/g/files/vrxlpx21021/files/2021-07/Thumbnai15191-latam.jpg",
        "title": "Módulo 3: Resonancia Magnética - Sesión 8",
        "description": "SEMINARIO DE INTEGRACIÓN Y APLICACIÓN – SESIÓN 8<br>        Angiografia por RM, Técnicas y aplicaciones<br>        Resonancia Mamaria&nbsp;<br><strong>Lic. Adolfo Giles, Lic. Daniel Sarroca</strong>",
        "speakerName": "Lic. Adolfo Giles",
        "additionalComments": "",
        "rating": 4,
        "duration": "01:41",
        "video": "https://player.vimeo.com/video/502375885?autoplay=0",
        "topic": "",
        "type": "",
        "product": "",
        "mostViewed": true,
        "isAccess": true
    },
    {
        "id": 14,
        "thumbnail": "../../../sites/g/files/vrxlpx21021/files/2021-07/Thumbnail14876.jpg",
        "title": "Bayer Medrad® Salient Demo",
        "description": "Bayer Medrad® Salient Demo",
        "speakerName": "NA",
        "additionalComments": "",
        "rating": 5,
        "duration": "00:02",
        "video": "https://player.vimeo.com/video/453427889?autoplay=0",
        "topic": "",
        "type": "",
        "product": "",
        "mostViewed": true,
        "isAccess": true
    },
    {
        "id": 15,
        "thumbnail": "../../../sites/g/files/vrxlpx21021/files/2021-07/Thumbnail15031-latam.jpg",
        "title": "Entendiendo mejor las reacciones de hipersensibilidad a los MC",
        "description": "Webinar realizado por profesionales de la salud ubicados en las ciudades de Beijing, Seúl y Berlin para hablar respecto a las reacciones que los medios de contraste pueden ocasionar en los usuarios.",
        "speakerName": "NA",
        "additionalComments": "",
        "rating": 4,
        "duration": "00:45",
        "video": "https://player.vimeo.com/video/461425433?autoplay=0",
        "topic": "",
        "type": "",
        "product": "",
        "mostViewed": true,
        "isAccess": true
    },
    {
        "id": 16,
        "thumbnail": "../../../sites/g/files/vrxlpx21021/files/2021-07/ThumbnailNew_0-latam.jpg",
        "title": "Módulo 3: Resonancia Magnética - Sesión 6",
        "description": "Seminario de Integración y Aplicación - Sesión 6<br>        Neuro Resonancia más allá de lo básico<br>        Angio Resonancia<br><strong>Lic.Carlos Garcia</strong>",
        "speakerName": "Lic. Carlos Garcia",
        "additionalComments": "",
        "rating": 4,
        "duration": "01:50",
        "video": "https://player.vimeo.com/video/499296806?autoplay=0",
        "topic": "",
        "type": "",
        "product": "",
        "mostViewed": true,
        "isAccess": true
    },
    {
        "id": 17,
        "thumbnail": "../../../sites/g/files/vrxlpx21021/files/2021-07/ThumbnailsNew-latam.jpg",
        "title": "Módulo 3: Resonancia Magnética - Sesión 9",
        "description": "SEMINARIO DE INTEGRACIÓN Y APLICACIÓN – SESIÓN 9<br>        Contraste en Resonancia Magnética<br><strong>Dr. Jorge Ahualli</strong>",
        "speakerName": "Dr. Jorge Ahualli",
        "additionalComments": "",
        "rating": 4,
        "duration": "01:03",
        "video": "https://player.vimeo.com/video/502383186?autoplay=0",
        "topic": "",
        "type": "",
        "product": "",
        "mostViewed": true,
        "isAccess": true
    },
    {
        "id": 18,
        "thumbnail": "../../../sites/g/files/vrxlpx21021/files/2021-07/Thumbnail-Radioblasto2021-22.jpg",
        "title": " Club Radioblasto 2021",
        "description": "Segunda Sesión: Neuroradiología (AVC, tumores intra y  extraxiales, nuevas técnicas de imagen, la ventaja de tener un contraste de alta relaxividad)",
        "speakerName": "Dra. Angela Patricia Guarnizo Capera",
        "additionalComments": "",
        "rating": 5,
        "duration": "01:20",
        "video": "https://player.vimeo.com/video/461425433?autoplay=0",
        "topic": "",
        "type": "",
        "product": "",
        "mostViewed": true,
        "isAccess": false
    },
    {
        "id": 19,
        "thumbnail": "../../../sites/g/files/vrxlpx21021/files/2021-07/ThumbnailsNew4-latam.jpg",
        "title": "Radiology Academy Webinar Series- 29 de Oct",
        "description": "Artefactos en la resonancia magnética mejorada y no mejorada: Causas y curas<br><strong>Dr. Martin J. Graves</strong>",
        "speakerName": "Dr. Martin J. Graves",
        "additionalComments": "",
        "rating": 4,
        "duration": "01:08",
        "video": "https://player.vimeo.com/video/502731249?autoplay=0",
        "topic": "",
        "type": "",
        "product": "",
        "mostViewed": true,
        "isAccess": true
    },
    {
        "id": 20,
        "thumbnail": "../../../sites/g/files/vrxlpx21021/files/2021-07/ThumbnaiL14751-latam.jpg",
        "title": "Suministro global de dispositivos desechables estériles",
        "description": "Cadena de producción de los dispositivos desechables estériles MEDRAD, desde la planta ubicada en la ciudad de Pittsburgh, Pensilvania, USA.",
        "speakerName": "NA",
        "additionalComments": "",
        "rating": 5,
        "duration": "00:02",
        "video": "https://player.vimeo.com/video/451355135?autoplay=0",
        "topic": "",
        "type": "",
        "product": "",
        "mostViewed": true,
        "isAccess": true
    },
    {
        "id": 21,
        "thumbnail": "../../../sites/g/files/vrxlpx21021/files/2021-07/Thumbnail14871-latam.jpg",
        "title": "Lanzamiento Medrad Salient",
        "description": "Evento virtual lanzamiento Medrad Salient ",
        "speakerName": "NA",
        "additionalComments": "",
        "rating": 4,
        "duration": "00:55",
        "video": "https://player.vimeo.com/video/454834249?autoplay=0",
        "topic": "",
        "type": "",
        "product": "",
        "mostViewed": true,
        "isAccess": true
    },
    {
        "id": 22,
        "thumbnail": "../../../sites/g/files/vrxlpx21021/files/2021-07/ThumbnailsNew3-latam.jpg",
        "title": "Radiology Academy Webinar Series- 2 de Sep",
        "description": "Mayor Comprendiendo de las Reacciones de Hipersensibilidad a los Medios de Contraste<br><strong>Prof. Dr. Whal Lee, Prof. Dr. Jan Endrikat, Prof. Dr. Bin Lv</strong>",
        "speakerName": "Prof. Dr. Whal Lee, Prof. Dr. Jan Endrikat, Prof. Dr. Bin Lv",
        "additionalComments": "",
        "rating": 4,
        "duration": "00:43",
        "video": "https://player.vimeo.com/video/502711950?autoplay=0",
        "topic": "",
        "type": "",
        "product": "",
        "mostViewed": true,
        "isAccess": true
    },
    {
        "id": 23,
        "thumbnail": "../../../sites/g/files/vrxlpx21021/files/2021-07/Thumbnail15126-latam.jpg",
        "title": "Gadovist: El poder de la relaxividad",
        "description": "¿Por qué es importante la relaxividad? En este video se explica la importancia que tiene la relaxividad en la calidad de imagen de un estudio de RM",
        "speakerName": "Gadovist: El poder de la relaxividad",
        "additionalComments": "",
        "rating": 4,
        "duration": "00:03",
        "video": "https://player.vimeo.com/video/472917639?autoplay=0",
        "topic": "",
        "type": "",
        "product": "",
        "mostViewed": true,
        "isAccess": true
    },
    {
        "id": 24,
        "thumbnail": "../../../sites/g/files/vrxlpx21021/files/2021-07/Thumbnail15131-latam.jpg",
        "title": "Primovist: Mecanismo de acción",
        "description": "Farmacología clínica de Primovist® (gadoxetato disódico)",
        "speakerName": "Primovist: Mecanismo de acción",
        "additionalComments": "",
        "rating": 4,
        "duration": "00:03",
        "video": "https://player.vimeo.com/video/395058915?autoplay=0",
        "topic": "",
        "type": "",
        "product": "",
        "mostViewed": true,
        "isAccess": true
    },
    {
        "id": 25,
        "thumbnail": "../../../sites/g/files/vrxlpx21021/files/2021-08/Radioblasto3.jpg",
        "title": "Club Radioblasto 2021",
        "description": "<strong>Tercera Sesión:&nbsp;</strong>La imagenología en la patología orbitaria",
        "speakerName": "Dr. Eduardo Daniel Sardá Inman",
        "additionalComments": "",
        "rating": 4,
        "duration": "01:36",
        "video": "https://player.vimeo.com/video/564338187?autoplay=0",
        "topic": "",
        "type": "",
        "product": "",
        "mostViewed": true,
        "isAccess": true
    },
    {
        "id": 26,
        "thumbnail": "../../../sites/g/files/vrxlpx21021/files/2021-08/thumbnailsexistingvideos_1_002.jpg",
        "title": "Seminario de Integración y Aplicación",
        "description": "Bioseguridad y control de infecciones.&nbsp;<br><strong>Lic. Mariela Verónica Gonzales</strong><br> Recomendación del buen uso de los sistemas de inyección de los medios de contraste<br><strong>Jorge Marquez</strong>",
        "speakerName": "Lic. Mariela Verónica Gonzales y Jorge Marquez",
        "additionalComments": "",
        "rating": 2,
        "duration": "01:00",
        "video": "https://player.vimeo.com/video/583454640?autoplay=0",
        "topic": "",
        "type": "",
        "product": "",
        "mostViewed": true,
        "isAccess": false
    },
    {
        "id": 27,
        "thumbnail": "../../../sites/g/files/vrxlpx21021/files/2021-07/Thumbnail-Radioblasto2021.jpg",
        "title": "Club Radioblasto 2021",
        "description": "<strong>Primera Sesión:</strong> Cómo leer un artículo clínico (revistas indexadas, en dónde buscar&nbsp;información verídica, tipos de estudios y valor científico)",
        "speakerName": "Dr. Héctor Posso",
        "additionalComments": "",
        "rating": 5,
        "duration": "01:08",
        "video": "https://player.vimeo.com/video/502731249?autoplay=0",
        "topic": "",
        "type": "",
        "product": "",
        "mostViewed": true,
        "isAccess": false
    },
    {
        "id": 28,
        "thumbnail": "../../../sites/g/files/vrxlpx21021/files/2021-07/Thumbail-Amacing.jpg",
        "title": "Flash Científico Ultravist - ESTUDIO AMACING",
        "description": "Flash Científico Ultravist - <strong>ESTUDIO AMACING</strong>",
        "speakerName": "N/A",
        "additionalComments": "",
        "rating": 4,
        "duration": "01:56",
        "video": "https://player.vimeo.com/video/529469060?autoplay=0",
        "topic": "",
        "type": "",
        "product": "",
        "mostViewed": true,
        "isAccess": true
    },
    {
        "id": 29,
        "thumbnail": "../../../sites/g/files/vrxlpx21021/files/2021-07/Thumbnail-Radioblasto2021-4-latam.jpg",
        "title": "Club Radioblasto 2021",
        "description": "<strong>Cuarta Sesión:</strong>&nbsp;Marketing Digital y manejo de redes sociales",
        "speakerName": "Lic. Santiago Andrés Masonave",
        "additionalComments": "",
        "rating": 4,
        "duration": "01:15",
        "video": "https://player.vimeo.com/video/568577700?autoplay=0",
        "topic": "",
        "type": "",
        "product": "",
        "mostViewed": true,
        "isAccess": true
    },
    {
        "id": 30,
        "thumbnail": "../../../sites/g/files/vrxlpx21021/files/2021-08/seminariointegracion1008.jpg",
        "title": "Seminario de Integración y Aplicación",
        "description": "Módulo 2: Tomografía<br>-&nbsp;<span lang='es-419' xml:lang='es-419'>Flujo de reserva&nbsp;fraccional por angio TC</span><br><strong>Lic. Alex Pedraza</strong>",
        "speakerName": "Lic. Alex Pedraza",
        "additionalComments": "",
        "rating": 4,
        "duration": "01:08",
        "video": "https://player.vimeo.com/video/591018160?autoplay=0",
        "topic": "",
        "type": "",
        "product": "",
        "mostViewed": true,
        "isAccess": true
    },
    {
        "id": 31,
        "thumbnail": "../../../sites/g/files/vrxlpx21021/files/2021-07/Thumbnail15096-latam.jpg",
        "title": "Cuídate, revísate, atíendete",
        "description": "Médicos líderes de opinión nos hablan de la importancia de no dejar de lados los dempas padecimientos prevalentes en la población Mexicana en estas épocas de pandemia.",
        "speakerName": "Cuídate, revísate, atíendete",
        "additionalComments": "",
        "rating": 4,
        "duration": "00:03",
        "video": "https://player.vimeo.com/video/462892588?autoplay=0",
        "topic": "",
        "type": "",
        "product": "",
        "mostViewed": true,
        "isAccess": true
    },
    {
        "id": 32,
        "thumbnail": "../../../sites/g/files/vrxlpx21021/files/2021-08/Quinta%20sesi%C3%B3n%20Radio.jpg",
        "title": "Club Radioblasto 2021",
        "description": "<strong>Quinta Sesión</strong>:<br>        Musculoesquelético RM y US de Rodilla y Hombro",
        "speakerName": "Dra. Araceli Cabanillas",
        "additionalComments": "",
        "rating": 4,
        "duration": "01:28",
        "video": "https://player.vimeo.com/video/577593704?autoplay=0",
        "topic": "",
        "type": "",
        "product": "",
        "mostViewed": true,
        "isAccess": true
    },
    {
        "id": 33,
        "thumbnail": "../../../sites/g/files/vrxlpx21021/files/2021-07/Thumbnail15091-latam.jpg",
        "title": "Learnings from China",
        "description": "Médicos del país asiático nos hablan de sus experiencias tratando a los pacientes con COVID-19.",
        "speakerName": "Learnings from China",
        "additionalComments": "",
        "rating": 4,
        "duration": "01:56",
        "video": "https://player.vimeo.com/video/462894626?autoplay=0",
        "topic": "",
        "type": "",
        "product": "",
        "mostViewed": true,
        "isAccess": true
    },
    {
        "id": 34,
        "thumbnail": "../../../sites/g/files/vrxlpx21021/files/2021-07/ThumbnailsNew2-latam.jpg",
        "title": "Radiology Academy Webinar Series - 29 de Sep",
        "description": "Resultados de la resonancia magnética cardíaca en pacientes recientemente recuperados de COVID-19&nbsp;<br><strong>Dr. Valentina O. Puntmann (MD, PhD)</strong>",
        "speakerName": "Dr. Valentina O. Puntmann (MD, PhD)",
        "additionalComments": "",
        "rating": 4,
        "duration": "00:48",
        "video": "https://player.vimeo.com/video/502655002?autoplay=0",
        "topic": "",
        "type": "",
        "product": "",
        "mostViewed": true,
        "isAccess": true
    },
    {
        "id": 35,
        "thumbnail": "../../../sites/g/files/vrxlpx21021/files/2021-07/ThumbnailsNew1-latam.jpg",
        "title": "Radiology Academy Webinar Series- 5 de Nov",
        "description": "Detección de la EAC significativa: los estudios que llevaron a la aprobación por la FDA de la Resonancia Magnética Cardíaca mejorada con Gadobutrol<br><strong>Prof. Dr. Dudley Pennell</strong>",
        "speakerName": "Prof. Dr. Dudley Pennell",
        "additionalComments": "",
        "rating": 5,
        "duration": "00:33",
        "video": "https://player.vimeo.com/video/564338187?autoplay=0",
        "topic": "",
        "type": "",
        "product": "",
        "mostViewed": true,
        "isAccess": true
    },
    {
        "id": 36,
        "thumbnail": "../../../sites/g/files/vrxlpx21021/files/2021-07/Thumbnail15156-latam.jpg",
        "title": "Dia internacional de la Radiología",
        "description": "¿Qué viene para la Radiología después del Covid?... La nueva normalidad (nueva realidad) <strong>Dr. Eric Kimura Hayama</strong>",
        "speakerName": "Lic. Santiago Andrés Masonave",
        "additionalComments": "",
        "rating": 3,
        "duration": "01:00",
        "video": "https://player.vimeo.com/video/568577700?autoplay=0",
        "topic": "",
        "type": "",
        "product": "",
        "mostViewed": true,
        "isAccess": false
    },
    {
        "id": 37,
        "thumbnail": "../../../sites/g/files/vrxlpx21021/files/2021-08/Radioblasto6.jpg",
        "title": "Club Radioblasto 2021",
        "description": "<strong>Sexta sesión</strong>: PET-RM Nuevos horizontes en el diagnóstico",
        "speakerName": "Dr. Jose Luis Criales Cortes",
        "additionalComments": "",
        "rating": 4,
        "duration": "01:29",
        "video": "https://player.vimeo.com/video/591256419?autoplay=0",
        "topic": "",
        "type": "",
        "product": "",
        "mostViewed": true,
        "isAccess": true
    },
    {
        "id": 38,
        "thumbnail": "../../../sites/g/files/vrxlpx21021/files/2021-08/thumbnail14846.jpg",
        "title": "Módulo 3: Resonancia Magnética",
        "description": "<strong>T.M. Alejandro Cerda</strong>: Principios Básicos en RM y Agentes de Contraste.<br><strong>Lic. Carlos Raúl Sanchez</strong>: Parámetros Básicos de las secuencias en RM.",
        "speakerName": "T.M. Alejandro Cerda y Lic. Carlos Raúl Sanchez.",
        "additionalComments": "",
        "rating": 5,
        "duration": "01:30",
        "video": "https://player.vimeo.com/video/452426140?autoplay=0",
        "topic": "",
        "type": "",
        "product": "",
        "mostViewed": true,
        "isAccess": true
    },
    {
        "id": 39,
        "thumbnail": "../../../sites/g/files/vrxlpx21021/files/2021-08/thumbnail14761.jpg",
        "title": "Seminario de Integración y Aplicación - Sesión 2",
        "description": "Módulo 1: Tomografía Computada<br><strong>Lic. Diego Melgarejo</strong><br>        TEP y su Diagnóstico por TAC.<br><strong>Lic. Maximiliano Dominguez</strong><br>        Estudios Trifásicos en TAC.",
        "speakerName": "Lic. Diego Melgarejo & Lic. Maximiliano Dominguez",
        "additionalComments": "",
        "rating": 5,
        "duration": "01:35",
        "video": "https://player.vimeo.com/video/451974102?autoplay=0",
        "topic": "",
        "type": "",
        "product": "",
        "mostViewed": true,
        "isAccess": true
    }
]