[
    {
        "topic": [
            {
                "id": 281,
                "name": "Reações adversas"
            },
            {
                "id": 291,
                "name": "Gadovist"
            },
            {
                "id": 336,
                "name": "Ultravist"
            },
            {
                "id": 311,
                "name": "Primovist"
            },
            {
                "id": 326,
                "name": "Stellant D"
            },
            {
                "id": 316,
                "name": "Salient"
            },
            {
                "id": 321,
                "name": "Spectris Solaris"
            },
            {
                "id": 301,
                "name": "Mark 7 Arterion"
            },
            {
                "id": 301,
                "name": "Outros"
            }
        ],
        "speaker": [
            "Guillaume Corpart",
            "Test speaker Pt 1",
            "Test Demo User",
            "abcd",
            "Magesh",
            "Ashim Choudhury",
            "Naveen Prakash",
            "Test123",
            "Ashim",
            "Test 12",
            "Khusbu",
            "abc",
            "JS"
        ],
        "year":["2020"]
    }
]