[
    {
        "topic": [
            {
                "id": 281,
                "name": "Reacciones adversas"
            },
            {
                "id": 291,
                "name": "Avanta"
            },
            {
                "id": 336,
                "name": "Gadovist"
            },
            {
                "id": 311,
                "name": "Intego"
            },
            {
                "id": 326,
                "name": "Mark 7 Arterion"
            },
            {
                "id": 316,
                "name": "MRXperion"
            },
            {
                "id": 321,
                "name": "Otros"
            },
            {
                "id": 301,
                "name": "Primovist"
            },
            {
                "id": 302,
                "name": "Salient"
            },
            {
                "id": 303,
                "name": "Spectris Solaris"
            },
            {
                "id": 304,
                "name": "Stellant DStellant SX"
            },
            {
                "id": 305,
                "name": "Stellant SX"
            },
            {
                "id": 306,
                "name": "Ultravist"
            }
        ],
        "speaker": [
            "Guillaume Corpart",
            "Centro de Educación & Simulación",
            "Panel de Expertos",
            "Dr. Jorge Ahualli y Dr. Jesús Garcia-Foncillas",
            "Prof. Dr. J.E. Wildberger/Dr. Juan Esteban Gutierrez",
            "Cambios de ponente por semana"
        ],
        "year": [
            "2020",
            "2021"
        ]
    }
]