[
    {
        "topic": [
            {
                "id": 281,
                "name": "Reações adversas"
            },
            {
                "id": 291,
                "name": "Gadovist"
            },
            {
                "id": 336,
                "name": "Ultravist"
            },
            {
                "id": 311,
                "name": "Primovist"
            },
            {
                "id": 326,
                "name": "Stellant D"
            },
            {
                "id": 316,
                "name": "Salient"
            },
            {
                "id": 321,
                "name": "Spectris Solaris"
            },
            {
                "id": 301,
                "name": "Mark 7 Arterion"
            },
            {
                "id": 301,
                "name": "Outros"
            }
        ],
        "type": [
            {
                "id": 196,
                "name": "Tomografia Computadorizada"
            },
            {
                "id": 201,
                "name": "Ressonância Magnética"
            },
            {
                "id": 421,
                "name": "Hemodinâmica"
            }
        ],
        "product": [
            {
                "id": 226,
                "name": "Gadovist"
            },
            {
                "id": 236,
                "name": "Mark 7 Arterion"
            },
            {
                "id": 246,
                "name": "Primovist"
            },
            {
                "id": 251,
                "name": "Salient"
            },
            {
                "id": 256,
                "name": "Spectris Solaris"
            },
            {
                "id": 261,
                "name": "Stellant D"
            },
            {
                "id": 271,
                "name": "Ultravist"
            }
        ],
        "speaker": [
            "TR Gerardo Arredondo",
            "unknown",
            "Test",
            "test",
            "Ashim Choudhury",
            "speaker",
            "Dr. Gustavo Meirelles; Dr. Caio Fernandes",
            "Dr. Gustavo Meirelles; Dr. Gilberto Szarf",
            "Dr. Gustavo Meirelles",
            "Dr Gustavo Meirelles",
            "Dr Andrei Skromov",
            "Dra. Adonis Manzella",
            "N/A",
            "NA"
        ]
    }
]