[
    {
        "topic": [
            {
                "id": 281,
                "name": "Reacciones adversas"
            },
            {
                "id": 291,
                "name": "Avanta"
            },
            {
                "id": 336,
                "name": "Gadovist"
            },
            {
                "id": 311,
                "name": "Intego"
            },
            {
                "id": 326,
                "name": "Mark 7 Arterion"
            },
            {
                "id": 316,
                "name": "MRXperion"
            },
            {
                "id": 321,
                "name": "Otros"
            },
            {
                "id": 301,
                "name": "Primovist"
            },
            {
                "id": 302,
                "name": "Salient"
            },
            {
                "id": 303,
                "name": "Spectris Solaris"
            },
            {
                "id": 304,
                "name": "Stellant D"
            },
            {
                "id": 305,
                "name": "Stellant SX"
            },
            {
                "id": 306,
                "name": "Ultravist"
            }
        ],
        "type": [
            {
                "id": 196,
                "name": "Cardio"
            },
            {
                "id": 201,
                "name": "Tomografía computarizada"
            },
            {
                "id": 421,
                "name": "Resonancia magnética"
            },
            {
                "id": 422,
                "name": "Medicina nuclear"
            },
            {
                "id": 423,
                "name": "Otros"
            },
            {
                "id": 424,
                "name": "Vascular"
            }
        ],
        "product": [
            {
                "id": 226,
                "name": "Avanta"
            },
            {
                "id": 236,
                "name": "Gadovist"
            },
            {
                "id": 246,
                "name": "Intego"
            },
            {
                "id": 251,
                "name": "Mark 7 Arterion"
            },
            {
                "id": 256,
                "name": "MRXperion"
            },
            {
                "id": 261,
                "name": "Otros"
            },
            {
                "id": 271,
                "name": "Primovist"
            },
            {
                "id": 272,
                "name": "Salient"
            },
            {
                "id": 273,
                "name": "Spectris Solaris"
            },
            {
                "id": 274,
                "name": "Stellant D"
            },
            {
                "id": 275,
                "name": "Stellant SX"
            },
            {
                "id": 276,
                "name": "Ultravist"
            }
        ],
        "speaker": [
            "TR Gerardo Arredondo",
            "Alex Rovira",
            "NA",
            "Benita Tamrazi",
            "Gillian Newstead",
            "unknown",
            "Test",
            "test",
            "Lic. Beatriz Guevara",
            "Lic. Diego Melgarejo & Lic. Maximiliano Dominguez",
            "T.M. Felipe Allende y Lic. Jorge Pastrana",
            "T.M. César Salinas",
            "T.M. Alejandro Cerda y Lic. Carlos Raúl Sanchez.",
            "Learnings from China",
            "Cuídate, revísate, atíendete",
            "Gadovist: El poder de la relaxividad",
            "Primovist: Mecanismo de acción",
            "Dr Eric Kimura Hayama",
            "Dr. Eric Kimura Hayama",
            "Lic. Carlos Garcia",
            "Lic. Adolfo Giles, Dra. Melina Mana",
            "Lic. Adolfo Giles",
            "Dr. Jorge Ahualli",
            "Prof. Dr. Dudley Pennell",
            "Dr. Valentina O. Puntmann (MD, PhD)",
            "Prof. Dr. Whal Lee, Prof. Dr. Jan Endrikat, Prof. Dr. Bin Lv",
            "Dr. Martin J. Graves",
            "N/A",
            "Dr. Héctor Posso",
            "Dra. Angela Patricia Guarnizo Capera",
            "Bayer",
            "Dr. Eduardo Daniel Sardá Inman",
            "Lic. Santiago Andrés Masonave",
            "Dra. Araceli Cabanillas",
            "Lic. Mariela Verónica Gonzales y Jorge Marquez",
            "Lic. Alex Pedraza",
            "Dr. Jose Luis Criales Cortes"
        ]
    }
]