[
  {
    "name": "MEDRAD® Stellant FLEX CT Injection System",
    "id": "1",
    "videos": [
      {
        "url": "https://player.vimeo.com/video/752866532?h=d4eaf6ccd0",
        "image": "sites/g/files/vrxlpx21146/files/2021-08/video-keyframe-enhance-flex-appeal.png",
        "alt": "MEDRAD Stellant FLEX CT Injection System",
        "description": "Enhance your FLEX Appeal",
        "duration": "(2:10 mins)",
        "description2": "",
        "key": "2",
        "id": "3"
      },
      {
        "url": "https://player.vimeo.com/video/458571165?autoplay=0",
        "image": "sites/g/files/vrxlpx21146/files/2021-08/capture_0.png",
        "alt": "Bayer Medrad Stellant Saline Flush",
        "description": "Bayer Medrad Stellant Saline Flush",
        "description2": "",
        "duration": "(2:09 mins)",
        "key": "4",
        "id": "5"
      }
    ],
    "downloads": [
      {
        "image": "sites/g/files/vrxlpx21146/files/2021-08/pp-devs-us-0361-1_2.png",
        "url": "sites/g/files/vrxlpx21146/files/2022-07/PP-DEVS-US-0467-1%20TechCARE%20NxT%20Brochure.pdf",
        "key": "download015"
      },
      {
        "image": "sites/g/files/vrxlpx21146/files/2021-08/stellant_ct_image.png",
        "url": "sites/g/files/vrxlpx21146/files/2021-08/pp-m-ste-f-us-0160-1_medrad_stellant_flex_consumables_brochure_0.pdf",
        "key": "download02"
      },
      {
        "image": "sites/g/files/vrxlpx21146/files/2021-08/capture_0_1.png",
        "url": "sites/g/files/vrxlpx21146/files/2021-08/importance_of_larger_iv_catheter_sizes_in_advanced_ct_scanning.pdf",
        "key": "download03"
      },
      {
        "image": "sites/g/files/vrxlpx21146/files/2021-08/brochure_2.png",
        "url": "sites/g/files/vrxlpx21146/files/2022-07/PP-M_CT-US-0016-1%20Overhead%20Counterpoise%20Brochure%20%28OCS%29.pdf",
        "key": "download06"
      },      
      {
        "image": "sites/g/files/vrxlpx21146/files/2021-08/einstein_healthcare_network_making_the_switch.png",
        "url": "sites/g/files/vrxlpx21146/files/2022-01/PP-M-STE-F-US-0199-1%20Einstein%20Healthcare%20Network%2C%20Making%20the%20Switch.pdf",
        "key": "download08"
      },      
      {
        "image": "sites/g/files/vrxlpx21146/files/2021-08/making_a_smart_move_for_mobile_ct_scanners.png",
        "url": "sites/g/files/vrxlpx21146/files/2021-08/pp-m-ste-us-0018-1_stellant_and_stellant_flex_mobile_mount_flyer.pdf",
        "key": "download10"
      },
      {
        "image": "sites/g/files/vrxlpx21146/files/2021-08/flexappleal_0.png",
        "url": "sites/g/files/vrxlpx21146/files/2021-08/pp-m-ste-f-us-0179-1_stellant_flex_brochure_with_workstation_3.0_digitalipad_version_0.pdf",
        "key": "download13"
      },
      {
        "image": "sites/g/files/vrxlpx42981/files/2022-10/WS_Certegra_P3T_Overview_Functionality.jpg",
        "url": "sites/g/files/vrxlpx42981/files/2022-09/PP-WS-US-0060-1%20Workflow%20Solutions%20Certegra%20P3T%20Software%20Overview%20and%20Functionality.pdf",
        "key": "download14"
      }
    ],
    "key": "5"
  },
  {
    "name": "MEDRAD® Stellant CT Injection System",
    "id": "6",
    "key": "7",
    "videos": [
      {
        "url": "https://player.vimeo.com/video/596406690?autoplay=0",
        "image": "sites/g/files/vrxlpx21146/files/2021-08/untapped-potential3x.jpg",
        "alt": "MEDRAD® Stellant CT Injection System",
        "description": "Why integrate a saline ﬂush?",
        "duration": "(2:08 mins)",
        "description2": "See how a saline ﬂush can create a faster, more eﬀective injection, according to clinical research.",
        "key": "8",
        "id": "9"
      }
    ],
    "downloads": [
      {
        "image": "sites/g/files/vrxlpx21146/files/2021-08/untapped-potential3x.jpg",
        "url": "sites/g/files/vrxlpx21146/files/2021-08/pp-m-ste-us-0025-1_salem_regional_medical_center_case_study_admin_focused.pdf",
        "key": "10"
      },
      {
        "image": "sites/g/files/vrxlpx21146/files/2021-08/importance-large-catheter3x.jpg",
        "url": "sites/g/files/vrxlpx21146/files/2021-08/importance_of_larger_iv_catheter_sizes_in_advanced_ct_scanning.pdf",
        "key": "11"
      },      
      {
        "image": "sites/g/files/vrxlpx21146/files/2021-08/intelligent-intuitive-innovative3x.jpg",
        "url": "sites/g/files/vrxlpx21146/files/2021-08/pp-m-ste-d-us-0016_stellant_d_with_cws_upgrade_brochure.pdf",
        "key": "13"
      },
      {
        "image": "sites/g/files/vrxlpx42981/files/2022-10/WS_Certegra_P3T_Overview_Functionality.jpg",
        "url": "sites/g/files/vrxlpx42981/files/2022-09/PP-WS-US-0060-1%20Workflow%20Solutions%20Certegra%20P3T%20Software%20Overview%20and%20Functionality.pdf",
        "key": "14"
      }
    ]
  },
  {
    "name": "MEDRAD® Mark 7 Arterion",
    "id": "14",
    "key": "15",
    "videos": [],
    "downloads": [
      {
        "image": "sites/g/files/vrxlpx21146/files/2021-08/medrad_mark_7_0_0.png",
        "url": "sites/g/files/vrxlpx21146/files/2022-01/Mark%207%20Arterion%20Injection%20System%20Brochure%20PP-M-MARK-US-0076-1%20%281%29.pdf",
        "key": "16"
      },     
      {
        "image": "sites/g/files/vrxlpx21146/files/2021-08/brochure_4.png",
        "url": "sites/g/files/vrxlpx21146/files/2022-07/PP-M_CT-US-0016-1%20Overhead%20Counterpoise%20Brochure%20%28OCS%29.pdf",
        "key": "18"
      }
    ]
  },
  {
    "name": "MEDRAD® MRXperion MR Injection System",
    "id": "19",
    "key": "20",
    "videos": [     
    ],
    "downloads": [
      {
        "image": "sites/g/files/vrxlpx21146/files/2022-02/Brochure%20Image.png",
        "url": "sites/g/files/vrxlpx21146/files/2022-02/PP-M-MRX-US-0091-1%20MRXperion%20Injection%20System%20Brochure%202021%20%281%29.pdf",
        "key": "23"
      }
    ]
  },
  {
    "name": "MEDRAD® Intego PET Infusion System",
    "id": "25",
    "key": "26",
    "videos": [
      
      {
        "url": "https://player.vimeo.com/video/596414335?autoplay=0",
        "image": "sites/g/files/vrxlpx21146/files/2021-08/resources_intego_vid3.png",
        "alt": "MEDRAD® MRXperion MR Injection System",
        "description": "MEDRAD® Intego Infusion Tubing ",
        "duration": "(3:34 mins)",
        "description2": "",
        "key": "29",
        "id": "30"
      },
      {
        "url": "https://player.vimeo.com/video/596413624?autoplay=0",
        "image": "sites/g/files/vrxlpx21146/files/2021-08/video_keyframe_patient_and_nurse2x.jpg",
        "alt": "MEDRAD® MRXperion MR Injection System",
        "description": "Patient Infusion",
        "duration": "(4:51 mins)",
        "description2": "",
        "key": "31",
        "id": "32"
      }
    ],
    "downloads": [
      
      {
        "image": "sites/g/files/vrxlpx21146/files/2021-08/capture-download-thumb.png",
        "url": "sites/g/files/vrxlpx21146/files/2021-08/medrad_intego_smart_package_brochure_pp-m-int-us-0081-1.pdf",
        "key": "35"
      },
      {
        "image": "sites/g/files/vrxlpx21146/files/2021-08/intego-vial-shield-ref3x.jpg",
        "url": "sites/g/files/vrxlpx21146/files/2021-08/pp-m-int-us-0063-1_medrad_intego_vial_shield_reference.pdf",
        "key": "36"
      },
      {
        "image": "sites/g/files/vrxlpx21146/files/2021-08/intego-clinical-experience2x.jpg",
        "url": "sites/g/files/vrxlpx42296/files/2022-10/PP-M-INT-US-0138-1%20Clinical%20Experience%20Reference%20Brochure%20-%204p.pdf",
        "key": "37"
      }
    ]
  },
  {
    "name": "Ultravist® (iopromide) injection",
    "id": "38",
    "key": "39",
    "videos": [],
    "downloads": []
  },
  {
    "name": "Gadavist® (gadobutrol) injection",
    "id": "40",
    "key": "41",
    "videos": [
      
      {
        "url": "https://player.vimeo.com/video/596469531?autoplay=0",
        "image": "sites/g/files/vrxlpx21146/files/2021-08/resources_gad_vid.png",
        "alt": "Gadavist® (gadobutrol) injection",
        "description": "Adult CNS (central nervous system): Case Study 1",
        "duration": "(8:06 mins)",
        "description2": "A 45-year-old male presented with altered mental status. Initial CT scan indicated a mass lesion within the CNS. The patient was immediately admitted for follow up with a Gadavist®-enhanced MRI.",
        "key": "42",
        "id": "43"
      },
      {
        "url": "https://player.vimeo.com/video/596421448?autoplay=0",
        "image": "sites/g/files/vrxlpx21146/files/2021-08/resources_gad_vid3.png",
        "alt": "Gadavist® (gadobutrol) injection",
        "description": "Adult CNS (central nervous system): Case Study 2",
        "duration": "(8:59 mins)",
        "description2": "A 45-year-old female with enhancing lesions involving juxtacortical and subcortical white matter due to relapsing and remitting multiple sclerosis, seen on MRI.",
        "key": "44",
        "id": "45"
      },
      {
        "url": "https://player.vimeo.com/video/596467287?autoplay=0",
        "image": "sites/g/files/vrxlpx21146/files/2021-08/resources_gad_vid4.png",
        "alt": "Gadavist® (gadobutrol) injection",
        "description": "Adult CNS (central nervous system): Case Study 3",
        "duration": "(11:03 mins)",
        "description2": "A 29-year-old female with lesions involving juxtacortical and periventricular white matter, as well as the brain stem, leading to a diagnosis of MS, seen on MRI. Please note that this patient was screened for pregnancy prior to Gadavist® administration. GBCAs cross the placenta and result in fetal exposure and gadolinium retention. The human data on the association between GBCAs and adverse fetal outcomes are limited and inconclusive. Because of the potential risks of gadolinium to the fetus, use Gadavist® only if imaging is essential during pregnancy and cannot be delayed. ",
        "key": "46",
        "id": "47"
      },
      {
        "url": "https://player.vimeo.com/video/596468350?autoplay=0",
        "image": "sites/g/files/vrxlpx21146/files/2021-08/video_keyframe_adultcns42x.jpg",
        "alt": "Adult CNS (central nervous system): Case Study 4",
        "description": "Adult CNS (central nervous system): Case Study 4",
        "duration": " (9:01 mins)",
        "description2": "A 44-year-old female presenting with glioblastoma multiforme, involving several lobes of the brain, seen on MRI. ",
        "key": "48",
        "id": "49"
      },
      {
        "url": "https://player.vimeo.com/video/596416461?autoplay=0",
        "image": "sites/g/files/vrxlpx21146/files/2021-08/cns_case_5.jpg",
        "alt": "Adult CNS (central nervous system) Case Study 5: ",
        "description": "Adult CNS (central nervous system) Case Study 5: ",
        "duration": " (7:55 mins)",
        "description2": "25-year-old female with solitary hyperintensive lesion in the left periventricular white matter, leading to the diagnosis of multiple sclerosis, seen on MRI. Please note that this patient was screened for pregnancy prior to Gadavist® administration. GBCAs cross the placenta and result in fetal exposure and gadolinium retention. The human data on the association between GBCAs and adverse fetal outcomes are limited and inconclusive. Because of the potential risks of gadolinium to the fetus, use Gadavist® only if imaging is essential during pregnancy and cannot be delayed.",
        "key": "50",
        "id": "51"
      },
      {
        "url": "https://player.vimeo.com/video/596412115?autoplay=0",
        "image": "sites/g/files/vrxlpx21146/files/2021-08/pediatric_cns_case_study_1_0.png",
        "alt": "Pediatric CNS: Case Study 1 ",
        "description": "Pediatric CNS: Case Study 1 ",
        "duration": "(6:29 mins)",
        "description2": "3-month old male with filling defect in superior ophthalmic vein and cavernous sinus thromophlebetic in the right internal jugular vein, seen on MRI.",
        "key": "52",
        "id": "53"
      },
      {
        "url": "https://player.vimeo.com/video/596412617?autoplay=0",
        "image": "sites/g/files/vrxlpx21146/files/2021-08/pediatric_cns_case_study_2_0.png",
        "alt": "Pediatric CNS: Case Study 2 ",
        "description": "Pediatric CNS: Case Study 2",
        "duration": "(6:42 mins)",
        "description2": "12-month old female with avidly enhancing mass in right parietal lobe with central areas of necrosis, seen on MRI.",
        "key": "54",
        "id": "55"
      },
      {
        "url": "https://player.vimeo.com/video/596413172?autoplay=0",
        "image": "sites/g/files/vrxlpx21146/files/2021-08/pediatric_cns_case_study_3_0.png",
        "alt": "Pediatric CNS: Case Study 3",
        "description": "Pediatric CNS: Case Study 3",
        "duration": "(6:29 mins) ",
        "description2": "2-year old male with peripheral nerve sheath tumor on right third cranial nerve, seen on MRI.",
        "key": "56",
        "id": "58"
      },
      {
        "url": "https://player.vimeo.com/video/596470379?autoplay=0",
        "image": "sites/g/files/vrxlpx21146/files/2021-08/resources_gad2_vid3.png",
        "alt": "Breast: MRI Intro",
        "description": "Breast: MRI Intro",
        "duration": "(10:36 mins)",
        "description2": "Learn about breast imaging and the Gadavist® clinical trial for breast MRI from one of the clinical trial's Principal Investigators (PI), Dr Gillian Newstead of the University of Chicago. ",
        "key": "60",
        "id": "61"
      },
      {
        "url": "https://player.vimeo.com/video/596472369?autoplay=0",
        "image": "sites/g/files/vrxlpx21146/files/2021-08/resources_gad2_vid4.png",
        "alt": "Breast: Case Study 1",
        "description": "Breast: Case Study 1",
        "duration": "(10:16 mins)",
        "description2": "A 64-year-old female with abnormal ﬁndings on a mammogram with microcalciﬁcations. ",
        "key": "62",
        "id": "63"
      },
      {
        "url": "https://player.vimeo.com/video/808197018?h=a481f7364b",
        "image": "sites/g/files/vrxlpx21146/files/2021-08/video_keyframe_breaststudy_case22x.jpg",
        "alt": "Breast: Case Study 2",
        "description": "Breast: Case Study 2",
        "duration": "(11:08 mins)",
        "description2": "A 63-year-old female with an abnormal ﬁnding in the left breast, seen on mammography and ultrasound. ",
        "key": "64",
        "id": "65"
      },
      {
        "url": "https://player.vimeo.com/video/596409426?autoplay=0",
        "image": "sites/g/files/vrxlpx21146/files/2021-08/resources_gad3_vid.png",
        "alt": "Breast: Case Study 3",
        "description": "Breast: Case Study 3",
        "duration": "(11:02 mins)",
        "description2": "A 51-year-old female with an abnormal mass in the breast, seen on screening mammography.",
        "key": "66",
        "id": "67"
      },
      {
        "url": "https://player.vimeo.com/video/596410034?autoplay=0",
        "image": "sites/g/files/vrxlpx21146/files/2021-08/resources_gad3_vid3.png",
        "alt": "Breast: Case Study 4 ",
        "description": "Breast: Case Study 4 ",
        "duration": "(10:55 mins)",
        "description2": "A 62-year-old female with a palpable mass in the right breast, seen on mammography and ultrasound.",
        "key": "68",
        "id": "69"
      },
      {
        "url": "https://player.vimeo.com/video/596410777?autoplay=0",
        "image": "sites/g/files/vrxlpx21146/files/2021-08/resources_gad3_vid4.png",
        "alt": "Breast: Case Study 5  ",
        "description": "Breast: Case Study 5 ",
        "duration": "(12:29 mins)",
        "description2": " A 57-year-old female with a palpable mass in the left breast. ",
        "key": "70",
        "id": "71"
      },
      {
        "url": "https://player.vimeo.com/video/596411517?autoplay=0",
        "image": "sites/g/files/vrxlpx21146/files/2021-08/video_keyframe_breast_cs_62x.jpg",
        "alt": "Breast: Case Study 6",
        "description": "Breast: Case Study 6",
        "duration": "(10:44 mins)",
        "description2": "A 76-year-old female with a mass in the left breast. ",
        "key": "72",
        "id": "73"
      }
    ],
    "downloads": []
  },
  {
    "name": "Eovist® (gadoxetate disodium) injection",
    "id": "74",
    "key": "75",
    "videos": [
      {
        "url": "https://player.vimeo.com/video/596419215?autoplay=0",
        "image": "sites/g/files/vrxlpx21146/files/2021-08/resources_eov_vid_0.png",
        "alt": "Eovist® (gadoxetate disodium) Injection Video Case Study 1 ",
        "description": "Eovist® (gadoxetate disodium) Injection Video Case Study 1 ",
        "duration": "(10:03 mins)",
        "description2": "57‐year‐old male presented with a history of renal cell carcinoma. A follow‐up surveillance CT revealed a very subtle area of hypoattenuation in the liver. An Eovist®‐enhanced MRI was ordered for lesion detection and characterization.",
        "key": "76",
        "id": "77"
      },
      {
        "url": "https://player.vimeo.com/video/734266565?h=f7e1924d40",
        "image": "sites/g/files/vrxlpx21146/files/2021-08/resources_eov_vid3_0.png",
        "alt": "Eovist® (gadoxetate disodium) Injection Video Case Study 2 ",
        "description": "Eovist® (gadoxetate disodium) Injection Video Case Study 2 ",
        "duration": "(14:31 mins)",
        "description2": "A 59‐year‐old female with history of hepatitis C. An Eovist®‐enhanced MR of the liver was performed to screen for focal hepatic lesions.",
        "key": "78",
        "id": "79"
      },
      {
        "url": "https://player.vimeo.com/video/596419662?autoplay=0",
        "image": "sites/g/files/vrxlpx21146/files/2021-08/resources_eov_vid4_0.png",
        "alt": "Eovist® (gadoxetate disodium) Injection Video Case Study 4 ",
        "description": "Eovist® (gadoxetate disodium) Injection Video Case Study 4 ",
        "duration": "(12:18 mins)",
        "description2": "55‐year‐old female presented for evaluation of possible resection of focal liver lesion. An Eovist®‐enhanced MRI of the liver was performed for lesion detection and characterization.",
        "key": "80",
        "id": "81"
      },
      {
        "url": "https://player.vimeo.com/video/596420187?autoplay=0",
        "image": "sites/g/files/vrxlpx21146/files/2021-08/Video_keyframe_cs_5%402x_0.jpg",
        "alt": "Eovist® (gadoxetate disodium) Injection Video Case Study 5 ",
        "description": "Eovist® (gadoxetate disodium) Injection Video Case Study 5",
        "duration": "(11:32 mins)",
        "description2": "35-year-old female presented with abdominal pain in the emergency room. Two hypodense lesions were seen on the contrast-enhanced computed tomography. An Eovist®-enhanced MRI of the liver was ordered.",
        "key": "82",
        "id": "83"
      },
      {
        "url": "https://player.vimeo.com/video/552431915?autoplay=0",
        "image": "sites/g/files/vrxlpx21146/files/2021-08/video-gadvist-thumb-nail.png",
        "alt": "Eovist® Clinical Pharmacology ",
        "description": "Eovist® Clinical Pharmacology",
        "duration": "(06:52 mins)",
        "description2": "This video describes the Clinical Pharmacology of Eovist, including pharmacodynamic and pharmacokinetic properties. You will learn about the transport mechanism of Eovist into the liver hepatocytes and how this information translates on diagnostic scans to assist in the detection and characterization of focal liver lesions.",
        "key": "84",
        "id": "85"
      }
    ],
    "downloads": []
  },
  {
    "name": "Contrast Dose Management",
    "id": "86",
    "key": "87",
    "videos": [      
    ],
    "downloads": []
  },
  {
    "name": "Radiation Dose Management",
    "id": "98",
    "key": "99",
    "videos": [],
    "downloads": []
  },
  {
    "name": "Personalized Dosing Software",
    "id": "102",
    "key": "103",
    "videos": [],
    "downloads": [
      {
        "image": "sites/g/files/vrxlpx21146/files/2021-08/certegra-p-3-t-software3x_0.jpg",
        "url": "sites/g/files/vrxlpx21146/files/2021-08/pp-radi-us-0231-1_certegrap3t_software_abdomen_contrast_enhanced_ab.pdf",
        "key": "106"
      },
      {
        "image": "sites/g/files/vrxlpx42981/files/2022-10/WS_Certegra_P3T_Overview_Functionality.jpg",
        "url": "sites/g/files/vrxlpx42981/files/2022-09/PP-WS-US-0060-1%20Workflow%20Solutions%20Certegra%20P3T%20Software%20Overview%20and%20Functionality.pdf",
        "key": "169"
      }
    ]
  },
  {
    "name": "Services",
    "id": "107",
    "key": "108",
    "videos": [],
    "downloads": [
      {
        "image": "sites/g/files/vrxlpx21146/files/2021-08/certegra-p-3-t-software3x.jpg",
        "url": "sites/g/files/vrxlpx21146/files/2021-08/pp-devs-us-0102_case_study_-_a_quantitative_analysis_of_third-party_providers_vs._bayer_service.pdf",
        "key": "109"
      },
      {
        "image": "sites/g/files/vrxlpx21146/files/2021-08/bayer_clinical_performance_center_0.png",
        "url": "sites/g/files/vrxlpx21146/files/2022-07/PP-DEVS-US-0455-1%20Bayer%20Clinical%20Performance%20Center%20Leaflet.pdf",
        "key": "110"
      },      
      {
        "image": "sites/g/files/vrxlpx21146/files/2021-08/pp-devs-us-0361-1_1.png",
        "url": "sites/g/files/vrxlpx21146/files/2022-07/PP-DEVS-US-0467-1%20TechCARE%20NxT%20Brochure.pdf",
        "key": "113"
      }
    ]
  }
]
