{
  "jsonapi": {
    "version": "1.0",
    "meta": {
      "links": { "self": { "href": "http://jsonapi.org/format/1.0/" } }
    }
  },
  "data": {
    "type": "node--answer",
    "id": "8b28b272-1f80-43fe-b0ac-0210b05cd274",
    "links": {
      "self": {
        "href": "https://prodbo27sgjr.main.acsf.baywsf.com/jsonapi/node/answer/8b28b272-1f80-43fe-b0ac-0210b05cd274?resourceVersion=id%3A9376"
      }
    },
    "attributes": {
      "drupal_internal__nid": 476,
      "drupal_internal__vid": 9376,
      "langcode": "en",
      "revision_timestamp": "2020-07-09T15:42:35+00:00",
      "revision_log": null,
      "status": true,
      "title": "Yes",
      "created": "2020-07-09T15:27:23+00:00",
      "changed": "2020-11-03T13:34:20+00:00",
      "promote": true,
      "sticky": false,
      "default_langcode": true,
      "revision_translation_affected": true,
      "metatag": null,
      "path": { "alias": null, "pid": null, "langcode": "en" },
      "private": false,
      "field_metatags": null,
      "last_updated_date": "2020-07-09",
      "field_subheading": null,
      "field_answer_summary": null,
      "field_instruction": null
    },
    "relationships": {
      "node_type": {
        "data": {
          "type": "node_type--node_type",
          "id": "2f4d3cb1-0d20-4796-8e06-90249851c4a7"
        },
        "links": {
          "related": {
            "href": "https://prodbo27sgjr.main.acsf.baywsf.com/jsonapi/node/answer/8b28b272-1f80-43fe-b0ac-0210b05cd274/node_type?resourceVersion=id%3A9376"
          },
          "self": {
            "href": "https://prodbo27sgjr.main.acsf.baywsf.com/jsonapi/node/answer/8b28b272-1f80-43fe-b0ac-0210b05cd274/relationships/node_type?resourceVersion=id%3A9376"
          }
        }
      },
      "revision_uid": {
        "data": {
          "type": "user--user",
          "id": "914623da-82c3-4943-9597-9d5f6f734100"
        },
        "links": {
          "related": {
            "href": "https://prodbo27sgjr.main.acsf.baywsf.com/jsonapi/node/answer/8b28b272-1f80-43fe-b0ac-0210b05cd274/revision_uid?resourceVersion=id%3A9376"
          },
          "self": {
            "href": "https://prodbo27sgjr.main.acsf.baywsf.com/jsonapi/node/answer/8b28b272-1f80-43fe-b0ac-0210b05cd274/relationships/revision_uid?resourceVersion=id%3A9376"
          }
        }
      },
      "uid": {
        "data": {
          "type": "user--user",
          "id": "914623da-82c3-4943-9597-9d5f6f734100"
        },
        "links": {
          "related": {
            "href": "https://prodbo27sgjr.main.acsf.baywsf.com/jsonapi/node/answer/8b28b272-1f80-43fe-b0ac-0210b05cd274/uid?resourceVersion=id%3A9376"
          },
          "self": {
            "href": "https://prodbo27sgjr.main.acsf.baywsf.com/jsonapi/node/answer/8b28b272-1f80-43fe-b0ac-0210b05cd274/relationships/uid?resourceVersion=id%3A9376"
          }
        }
      },
      "field_related_indication": {
        "data": [],
        "links": {
          "related": {
            "href": "https://prodbo27sgjr.main.acsf.baywsf.com/jsonapi/node/answer/8b28b272-1f80-43fe-b0ac-0210b05cd274/field_related_indication?resourceVersion=id%3A9376"
          },
          "self": {
            "href": "https://prodbo27sgjr.main.acsf.baywsf.com/jsonapi/node/answer/8b28b272-1f80-43fe-b0ac-0210b05cd274/relationships/field_related_indication?resourceVersion=id%3A9376"
          }
        }
      },
      "audience_tag": {
        "data": {
          "type": "taxonomy_term--audience",
          "id": "b7b175de-17ed-49f3-a8de-204b01b37fe3"
        },
        "links": {
          "related": {
            "href": "https://prodbo27sgjr.main.acsf.baywsf.com/jsonapi/node/answer/8b28b272-1f80-43fe-b0ac-0210b05cd274/audience_tag?resourceVersion=id%3A9376"
          },
          "self": {
            "href": "https://prodbo27sgjr.main.acsf.baywsf.com/jsonapi/node/answer/8b28b272-1f80-43fe-b0ac-0210b05cd274/relationships/audience_tag?resourceVersion=id%3A9376"
          }
        }
      },
      "field_next_question": {
        "data": null,
        "links": {
          "related": {
            "href": "https://prodbo27sgjr.main.acsf.baywsf.com/jsonapi/node/answer/8b28b272-1f80-43fe-b0ac-0210b05cd274/field_next_question?resourceVersion=id%3A9376"
          },
          "self": {
            "href": "https://prodbo27sgjr.main.acsf.baywsf.com/jsonapi/node/answer/8b28b272-1f80-43fe-b0ac-0210b05cd274/relationships/field_next_question?resourceVersion=id%3A9376"
          }
        }
      },
      "field_result": {
        "data": null,
        "links": {
          "related": {
            "href": "https://prodbo27sgjr.main.acsf.baywsf.com/jsonapi/node/answer/8b28b272-1f80-43fe-b0ac-0210b05cd274/field_result?resourceVersion=id%3A9376"
          },
          "self": {
            "href": "https://prodbo27sgjr.main.acsf.baywsf.com/jsonapi/node/answer/8b28b272-1f80-43fe-b0ac-0210b05cd274/relationships/field_result?resourceVersion=id%3A9376"
          }
        }
      }
    }
  },
  "links": {
    "self": {
      "href": "https://prodbo27sgjr.main.acsf.baywsf.com/jsonapi/node/answer/8b28b272-1f80-43fe-b0ac-0210b05cd274?include=field_next_question%2Cfield_result"
    }
  }
}
