{"jsonapi":{"version":"1.0","meta":{"links":{"self":{"href":"http:\/\/jsonapi.org\/format\/1.0\/"}}}},"data":{"type":"node--answer","id":"d5eea94f-8df8-40f1-bebd-653f68c09405","links":{"self":{"href":"https:\/\/prodbo27sgjr.main.acsf.baywsf.com\/jsonapi\/node\/answer\/d5eea94f-8df8-40f1-bebd-653f68c09405?resourceVersion=id%3A9381"}},"attributes":{"drupal_internal__nid":481,"drupal_internal__vid":9381,"langcode":"en","revision_timestamp":"2020-07-09T15:42:49+00:00","revision_log":null,"status":true,"title":"No","created":"2020-07-09T15:27:34+00:00","changed":"2020-11-03T13:34:20+00:00","promote":true,"sticky":false,"default_langcode":true,"revision_translation_affected":true,"metatag":null,"path":{"alias":null,"pid":null,"langcode":"en"},"private":false,"field_metatags":null,"last_updated_date":"2020-07-09","field_subheading":null,"field_answer_summary":null,"field_instruction":null},"relationships":{"node_type":{"data":{"type":"node_type--node_type","id":"2f4d3cb1-0d20-4796-8e06-90249851c4a7"},"links":{"related":{"href":"https:\/\/prodbo27sgjr.main.acsf.baywsf.com\/jsonapi\/node\/answer\/d5eea94f-8df8-40f1-bebd-653f68c09405\/node_type?resourceVersion=id%3A9381"},"self":{"href":"https:\/\/prodbo27sgjr.main.acsf.baywsf.com\/jsonapi\/node\/answer\/d5eea94f-8df8-40f1-bebd-653f68c09405\/relationships\/node_type?resourceVersion=id%3A9381"}}},"revision_uid":{"data":{"type":"user--user","id":"914623da-82c3-4943-9597-9d5f6f734100"},"links":{"related":{"href":"https:\/\/prodbo27sgjr.main.acsf.baywsf.com\/jsonapi\/node\/answer\/d5eea94f-8df8-40f1-bebd-653f68c09405\/revision_uid?resourceVersion=id%3A9381"},"self":{"href":"https:\/\/prodbo27sgjr.main.acsf.baywsf.com\/jsonapi\/node\/answer\/d5eea94f-8df8-40f1-bebd-653f68c09405\/relationships\/revision_uid?resourceVersion=id%3A9381"}}},"uid":{"data":{"type":"user--user","id":"914623da-82c3-4943-9597-9d5f6f734100"},"links":{"related":{"href":"https:\/\/prodbo27sgjr.main.acsf.baywsf.com\/jsonapi\/node\/answer\/d5eea94f-8df8-40f1-bebd-653f68c09405\/uid?resourceVersion=id%3A9381"},"self":{"href":"https:\/\/prodbo27sgjr.main.acsf.baywsf.com\/jsonapi\/node\/answer\/d5eea94f-8df8-40f1-bebd-653f68c09405\/relationships\/uid?resourceVersion=id%3A9381"}}},"field_related_indication":{"data":[],"links":{"related":{"href":"https:\/\/prodbo27sgjr.main.acsf.baywsf.com\/jsonapi\/node\/answer\/d5eea94f-8df8-40f1-bebd-653f68c09405\/field_related_indication?resourceVersion=id%3A9381"},"self":{"href":"https:\/\/prodbo27sgjr.main.acsf.baywsf.com\/jsonapi\/node\/answer\/d5eea94f-8df8-40f1-bebd-653f68c09405\/relationships\/field_related_indication?resourceVersion=id%3A9381"}}},"audience_tag":{"data":{"type":"taxonomy_term--audience","id":"b7b175de-17ed-49f3-a8de-204b01b37fe3"},"links":{"related":{"href":"https:\/\/prodbo27sgjr.main.acsf.baywsf.com\/jsonapi\/node\/answer\/d5eea94f-8df8-40f1-bebd-653f68c09405\/audience_tag?resourceVersion=id%3A9381"},"self":{"href":"https:\/\/prodbo27sgjr.main.acsf.baywsf.com\/jsonapi\/node\/answer\/d5eea94f-8df8-40f1-bebd-653f68c09405\/relationships\/audience_tag?resourceVersion=id%3A9381"}}},"field_next_question":{"data":null,"links":{"related":{"href":"https:\/\/prodbo27sgjr.main.acsf.baywsf.com\/jsonapi\/node\/answer\/d5eea94f-8df8-40f1-bebd-653f68c09405\/field_next_question?resourceVersion=id%3A9381"},"self":{"href":"https:\/\/prodbo27sgjr.main.acsf.baywsf.com\/jsonapi\/node\/answer\/d5eea94f-8df8-40f1-bebd-653f68c09405\/relationships\/field_next_question?resourceVersion=id%3A9381"}}},"field_result":{"data":{"type":"node--result","id":"e831c9c7-3a2c-4dc5-8c16-67f25e232d8d"},"links":{"related":{"href":"https:\/\/prodbo27sgjr.main.acsf.baywsf.com\/jsonapi\/node\/answer\/d5eea94f-8df8-40f1-bebd-653f68c09405\/field_result?resourceVersion=id%3A9381"},"self":{"href":"https:\/\/prodbo27sgjr.main.acsf.baywsf.com\/jsonapi\/node\/answer\/d5eea94f-8df8-40f1-bebd-653f68c09405\/relationships\/field_result?resourceVersion=id%3A9381"}}}}},"included":[{"type":"node--result","id":"e831c9c7-3a2c-4dc5-8c16-67f25e232d8d","links":{"self":{"href":"https:\/\/prodbo27sgjr.main.acsf.baywsf.com\/jsonapi\/node\/result\/e831c9c7-3a2c-4dc5-8c16-67f25e232d8d?resourceVersion=id%3A9866"}},"attributes":{"drupal_internal__nid":626,"drupal_internal__vid":9866,"langcode":"en","revision_timestamp":"2020-07-10T10:44:54+00:00","revision_log":null,"status":true,"title":"Take your forgotten pill immediately.","created":"2020-07-10T10:44:54+00:00","changed":"2020-07-10T10:44:54+00:00","promote":false,"sticky":false,"default_langcode":true,"revision_translation_affected":true,"metatag":null,"path":{"alias":null,"pid":null,"langcode":"en"},"private":false,"field_metatags":null,"last_updated_date":"2020-07-10","field_subheading":null,"field_instruction":{"value":"\u003Cp\u003EAfterwards, continue your regular pill intake to finish the remaining pills as scheduled.\u003C\/p\u003E\r\n","format":"cohesion_without_glossify","processed":"\u003Cp\u003EAfterwards, continue your regular pill intake to finish the remaining pills as scheduled.\u003C\/p\u003E\n"},"field_error":null,"field_references":null},"relationships":{"node_type":{"data":{"type":"node_type--node_type","id":"13c9253b-61fe-48ad-ac0c-d99caa4a959e"},"links":{"related":{"href":"https:\/\/prodbo27sgjr.main.acsf.baywsf.com\/jsonapi\/node\/result\/e831c9c7-3a2c-4dc5-8c16-67f25e232d8d\/node_type?resourceVersion=id%3A9866"},"self":{"href":"https:\/\/prodbo27sgjr.main.acsf.baywsf.com\/jsonapi\/node\/result\/e831c9c7-3a2c-4dc5-8c16-67f25e232d8d\/relationships\/node_type?resourceVersion=id%3A9866"}}},"revision_uid":{"data":{"type":"user--user","id":"914623da-82c3-4943-9597-9d5f6f734100"},"links":{"related":{"href":"https:\/\/prodbo27sgjr.main.acsf.baywsf.com\/jsonapi\/node\/result\/e831c9c7-3a2c-4dc5-8c16-67f25e232d8d\/revision_uid?resourceVersion=id%3A9866"},"self":{"href":"https:\/\/prodbo27sgjr.main.acsf.baywsf.com\/jsonapi\/node\/result\/e831c9c7-3a2c-4dc5-8c16-67f25e232d8d\/relationships\/revision_uid?resourceVersion=id%3A9866"}}},"uid":{"data":{"type":"user--user","id":"914623da-82c3-4943-9597-9d5f6f734100"},"links":{"related":{"href":"https:\/\/prodbo27sgjr.main.acsf.baywsf.com\/jsonapi\/node\/result\/e831c9c7-3a2c-4dc5-8c16-67f25e232d8d\/uid?resourceVersion=id%3A9866"},"self":{"href":"https:\/\/prodbo27sgjr.main.acsf.baywsf.com\/jsonapi\/node\/result\/e831c9c7-3a2c-4dc5-8c16-67f25e232d8d\/relationships\/uid?resourceVersion=id%3A9866"}}},"field_related_indication":{"data":[],"links":{"related":{"href":"https:\/\/prodbo27sgjr.main.acsf.baywsf.com\/jsonapi\/node\/result\/e831c9c7-3a2c-4dc5-8c16-67f25e232d8d\/field_related_indication?resourceVersion=id%3A9866"},"self":{"href":"https:\/\/prodbo27sgjr.main.acsf.baywsf.com\/jsonapi\/node\/result\/e831c9c7-3a2c-4dc5-8c16-67f25e232d8d\/relationships\/field_related_indication?resourceVersion=id%3A9866"}}},"audience_tag":{"data":{"type":"taxonomy_term--audience","id":"b7b175de-17ed-49f3-a8de-204b01b37fe3"},"links":{"related":{"href":"https:\/\/prodbo27sgjr.main.acsf.baywsf.com\/jsonapi\/node\/result\/e831c9c7-3a2c-4dc5-8c16-67f25e232d8d\/audience_tag?resourceVersion=id%3A9866"},"self":{"href":"https:\/\/prodbo27sgjr.main.acsf.baywsf.com\/jsonapi\/node\/result\/e831c9c7-3a2c-4dc5-8c16-67f25e232d8d\/relationships\/audience_tag?resourceVersion=id%3A9866"}}},"field_actions":{"data":[],"links":{"related":{"href":"https:\/\/prodbo27sgjr.main.acsf.baywsf.com\/jsonapi\/node\/result\/e831c9c7-3a2c-4dc5-8c16-67f25e232d8d\/field_actions?resourceVersion=id%3A9866"},"self":{"href":"https:\/\/prodbo27sgjr.main.acsf.baywsf.com\/jsonapi\/node\/result\/e831c9c7-3a2c-4dc5-8c16-67f25e232d8d\/relationships\/field_actions?resourceVersion=id%3A9866"}}}}}],"links":{"self":{"href":"https:\/\/prodbo27sgjr.main.acsf.baywsf.com\/jsonapi\/node\/answer\/d5eea94f-8df8-40f1-bebd-653f68c09405?include=field_next_question%2Cfield_result"}}}