{
  "jsonapi": {
    "version": "1.0",
    "meta": {
      "links": { "self": { "href": "http://jsonapi.org/format/1.0/" } }
    }
  },
  "data": {
    "type": "node--quiz",
    "id": "031a38fd-b1f5-4a7e-bac7-7d4e66975028",
    "links": {
      "self": {
        "href": "https://prod30y1a5s6.main.acsf.baywsf.com/jsonapi/node/quiz/031a38fd-b1f5-4a7e-bac7-7d4e66975028?resourceVersion=id%3A45421"
      }
    },
    "attributes": {
      "drupal_internal__nid": 1961,
      "drupal_internal__vid": 45421,
      "langcode": "en",
      "revision_timestamp": "2021-10-28T07:02:59+00:00",
      "revision_log": null,
      "status": true,
      "title": "Welcome to your personal Canesten\u00ae Symptom \u0026 Solution Advisor",
      "created": "2021-10-28T06:23:21+00:00",
      "changed": "2021-10-28T07:02:59+00:00",
      "promote": false,
      "sticky": false,
      "default_langcode": true,
      "revision_translation_affected": true,
      "moderation_state": "published",
      "metatag": null,
      "path": { "alias": null, "pid": null, "langcode": "en" },
      "private": false,
      "field_metatags": null,
      "content_translation_source": "und",
      "content_translation_outdated": false,
      "published_at": "2021-10-28T07:02:59+00:00",
      "field_disclaimer": {
        "value": "\u003Cp\u003EExperiencing itching, discomfort and soreness? Wondering what it might be, or just want some information and treatment options?\u003C/p\u003E\r\n\r\n\u003Cp\u003EThe Canesten symptom \u0026amp; solution advisor will help you better understand your symptoms to help guide you on a solution, to help get you back to you.\u003C/p\u003E\r\n\r\n\u003Cp\u003EIf you are under 18 or over 60, it is recommended you speak to your healthcare professional before continuing.\u003C/p\u003E\r\n",
        "format": "cohesion_without_glossify",
        "processed": "\u003Cp\u003EExperiencing itching, discomfort and soreness? Wondering what it might be, or just want some information and treatment options?\u003C/p\u003E\n\n\u003Cp\u003EThe Canesten symptom \u0026amp; solution advisor will help you better understand your symptoms to help guide you on a solution, to help get you back to you.\u003C/p\u003E\n\n\u003Cp\u003EIf you are under 18 or over 60, it is recommended you speak to your healthcare professional before continuing.\u003C/p\u003E\n"
      },
      "field_instruction": {
        "value": "\u003Cp\u003EAsk your pharmacist - they must decide if this product is right for you. For medical advice or diagnosis see your doctor.\u003C/p\u003E\r\n",
        "format": "cohesion_without_glossify",
        "processed": "\u003Cp\u003EAsk your pharmacist - they must decide if this product is right for you. For medical advice or diagnosis see your doctor.\u003C/p\u003E\n"
      },
      "field_quiz_type": "linear",
      "field_references": {
        "value": "\u003Cp\u003E{\u0022action\u0022:\u0022LET\u0027S GET STARTED\u0022}\u003C/p\u003E\r\n",
        "format": "cohesion_without_glossify",
        "processed": "\u003Cp\u003E{\u0022action\u0022:\u0022LET\u0027S GET STARTED\u0022}\u003C/p\u003E\n"
      }
    },
    "relationships": {
      "node_type": {
        "data": {
          "type": "node_type--node_type",
          "id": "b8ee70b9-b89a-4114-b160-93ff660932f5"
        },
        "links": {
          "related": {
            "href": "https://prod30y1a5s6.main.acsf.baywsf.com/jsonapi/node/quiz/031a38fd-b1f5-4a7e-bac7-7d4e66975028/node_type?resourceVersion=id%3A45421"
          },
          "self": {
            "href": "https://prod30y1a5s6.main.acsf.baywsf.com/jsonapi/node/quiz/031a38fd-b1f5-4a7e-bac7-7d4e66975028/relationships/node_type?resourceVersion=id%3A45421"
          }
        }
      },
      "revision_uid": {
        "data": {
          "type": "user--user",
          "id": "041f4482-fdb0-482d-b2c2-dfaeffadd4f0"
        },
        "links": {
          "related": {
            "href": "https://prod30y1a5s6.main.acsf.baywsf.com/jsonapi/node/quiz/031a38fd-b1f5-4a7e-bac7-7d4e66975028/revision_uid?resourceVersion=id%3A45421"
          },
          "self": {
            "href": "https://prod30y1a5s6.main.acsf.baywsf.com/jsonapi/node/quiz/031a38fd-b1f5-4a7e-bac7-7d4e66975028/relationships/revision_uid?resourceVersion=id%3A45421"
          }
        }
      },
      "uid": {
        "data": {
          "type": "user--user",
          "id": "041f4482-fdb0-482d-b2c2-dfaeffadd4f0"
        },
        "links": {
          "related": {
            "href": "https://prod30y1a5s6.main.acsf.baywsf.com/jsonapi/node/quiz/031a38fd-b1f5-4a7e-bac7-7d4e66975028/uid?resourceVersion=id%3A45421"
          },
          "self": {
            "href": "https://prod30y1a5s6.main.acsf.baywsf.com/jsonapi/node/quiz/031a38fd-b1f5-4a7e-bac7-7d4e66975028/relationships/uid?resourceVersion=id%3A45421"
          }
        }
      },
      "field_schema_json_ld_file": {
        "data": null,
        "links": {
          "related": {
            "href": "https://prod30y1a5s6.main.acsf.baywsf.com/jsonapi/node/quiz/031a38fd-b1f5-4a7e-bac7-7d4e66975028/field_schema_json_ld_file?resourceVersion=id%3A45421"
          },
          "self": {
            "href": "https://prod30y1a5s6.main.acsf.baywsf.com/jsonapi/node/quiz/031a38fd-b1f5-4a7e-bac7-7d4e66975028/relationships/field_schema_json_ld_file?resourceVersion=id%3A45421"
          }
        }
      },
      "field_actions": {
        "data": [],
        "links": {
          "related": {
            "href": "https://prod30y1a5s6.main.acsf.baywsf.com/jsonapi/node/quiz/031a38fd-b1f5-4a7e-bac7-7d4e66975028/field_actions?resourceVersion=id%3A45421"
          },
          "self": {
            "href": "https://prod30y1a5s6.main.acsf.baywsf.com/jsonapi/node/quiz/031a38fd-b1f5-4a7e-bac7-7d4e66975028/relationships/field_actions?resourceVersion=id%3A45421"
          }
        }
      },
      "field_quiz_question": {
        "data": [
          {
            "type": "node--question",
            "id": "87bef5e8-1159-46c7-a621-89f4f2e86334"
          },
          {
            "type": "node--question",
            "id": "47d2a9e8-edb4-493f-b95c-181155c460d3"
          },
          {
            "type": "node--question",
            "id": "cb9a8274-3179-4f9e-b0b9-1cd1f0cddb93"
          },
          {
            "type": "node--question",
            "id": "e19220e5-564f-44eb-9140-ca2ecaf4471b"
          },
          {
            "type": "node--question",
            "id": "99bbc20d-6aa5-494b-9aba-7f6f02fd54e9"
          }
        ],
        "links": {
          "related": {
            "href": "https://prod30y1a5s6.main.acsf.baywsf.com/jsonapi/node/quiz/031a38fd-b1f5-4a7e-bac7-7d4e66975028/field_quiz_question?resourceVersion=id%3A45421"
          },
          "self": {
            "href": "https://prod30y1a5s6.main.acsf.baywsf.com/jsonapi/node/quiz/031a38fd-b1f5-4a7e-bac7-7d4e66975028/relationships/field_quiz_question?resourceVersion=id%3A45421"
          }
        }
      },
      "field_result": {
        "data": null,
        "links": {
          "related": {
            "href": "https://prod30y1a5s6.main.acsf.baywsf.com/jsonapi/node/quiz/031a38fd-b1f5-4a7e-bac7-7d4e66975028/field_result?resourceVersion=id%3A45421"
          },
          "self": {
            "href": "https://prod30y1a5s6.main.acsf.baywsf.com/jsonapi/node/quiz/031a38fd-b1f5-4a7e-bac7-7d4e66975028/relationships/field_result?resourceVersion=id%3A45421"
          }
        }
      }
    }
  },
  "included": [
    {
      "type": "node--question",
      "id": "87bef5e8-1159-46c7-a621-89f4f2e86334",
      "links": {
        "self": {
          "href": "https://prod30y1a5s6.main.acsf.baywsf.com/jsonapi/node/question/87bef5e8-1159-46c7-a621-89f4f2e86334?resourceVersion=id%3A45311"
        }
      },
      "attributes": {
        "drupal_internal__nid": 1956,
        "drupal_internal__vid": 45311,
        "langcode": "en",
        "revision_timestamp": "2021-10-28T06:37:08+00:00",
        "revision_log": null,
        "status": true,
        "title": "Are you currently experiencing any of the following symptoms:",
        "created": "2021-10-28T06:37:08+00:00",
        "changed": "2021-10-28T06:37:08+00:00",
        "promote": false,
        "sticky": false,
        "default_langcode": true,
        "revision_translation_affected": true,
        "moderation_state": null,
        "metatag": null,
        "path": { "alias": null, "pid": null, "langcode": "en" },
        "private": false,
        "field_metatags": null,
        "content_translation_source": "und",
        "content_translation_outdated": false,
        "published_at": "2021-10-28T06:37:08+00:00",
        "field_error": null,
        "field_explanation": {
          "value": "\u003Cp\u003EThese are common symptoms of Thrush and can be treated easily.\u003C/p\u003E\r\n",
          "format": "cohesion_without_glossify",
          "processed": "\u003Cp\u003EThese are common symptoms of Thrush and can be treated easily.\u003C/p\u003E\n"
        },
        "field_instruction": {
          "value": "\u003Cp\u003Etick all which apply\u003C/p\u003E\r\n",
          "format": "cohesion_without_glossify",
          "processed": "\u003Cp\u003Etick all which apply\u003C/p\u003E\n"
        },
        "field_references": null
      },
      "relationships": {
        "node_type": {
          "data": {
            "type": "node_type--node_type",
            "id": "aa153fe2-2616-4421-849c-a146decee6a3"
          },
          "links": {
            "related": {
              "href": "https://prod30y1a5s6.main.acsf.baywsf.com/jsonapi/node/question/87bef5e8-1159-46c7-a621-89f4f2e86334/node_type?resourceVersion=id%3A45311"
            },
            "self": {
              "href": "https://prod30y1a5s6.main.acsf.baywsf.com/jsonapi/node/question/87bef5e8-1159-46c7-a621-89f4f2e86334/relationships/node_type?resourceVersion=id%3A45311"
            }
          }
        },
        "revision_uid": {
          "data": {
            "type": "user--user",
            "id": "041f4482-fdb0-482d-b2c2-dfaeffadd4f0"
          },
          "links": {
            "related": {
              "href": "https://prod30y1a5s6.main.acsf.baywsf.com/jsonapi/node/question/87bef5e8-1159-46c7-a621-89f4f2e86334/revision_uid?resourceVersion=id%3A45311"
            },
            "self": {
              "href": "https://prod30y1a5s6.main.acsf.baywsf.com/jsonapi/node/question/87bef5e8-1159-46c7-a621-89f4f2e86334/relationships/revision_uid?resourceVersion=id%3A45311"
            }
          }
        },
        "uid": {
          "data": {
            "type": "user--user",
            "id": "041f4482-fdb0-482d-b2c2-dfaeffadd4f0"
          },
          "links": {
            "related": {
              "href": "https://prod30y1a5s6.main.acsf.baywsf.com/jsonapi/node/question/87bef5e8-1159-46c7-a621-89f4f2e86334/uid?resourceVersion=id%3A45311"
            },
            "self": {
              "href": "https://prod30y1a5s6.main.acsf.baywsf.com/jsonapi/node/question/87bef5e8-1159-46c7-a621-89f4f2e86334/relationships/uid?resourceVersion=id%3A45311"
            }
          }
        },
        "field_schema_json_ld_file": {
          "data": null,
          "links": {
            "related": {
              "href": "https://prod30y1a5s6.main.acsf.baywsf.com/jsonapi/node/question/87bef5e8-1159-46c7-a621-89f4f2e86334/field_schema_json_ld_file?resourceVersion=id%3A45311"
            },
            "self": {
              "href": "https://prod30y1a5s6.main.acsf.baywsf.com/jsonapi/node/question/87bef5e8-1159-46c7-a621-89f4f2e86334/relationships/field_schema_json_ld_file?resourceVersion=id%3A45311"
            }
          }
        },
        "field_actions": {
          "data": [],
          "links": {
            "related": {
              "href": "https://prod30y1a5s6.main.acsf.baywsf.com/jsonapi/node/question/87bef5e8-1159-46c7-a621-89f4f2e86334/field_actions?resourceVersion=id%3A45311"
            },
            "self": {
              "href": "https://prod30y1a5s6.main.acsf.baywsf.com/jsonapi/node/question/87bef5e8-1159-46c7-a621-89f4f2e86334/relationships/field_actions?resourceVersion=id%3A45311"
            }
          }
        },
        "field_answer": {
          "data": [
            {
              "type": "node--answer",
              "id": "8d1145cc-8653-4010-a3fa-69c01733075f"
            },
            {
              "type": "node--answer",
              "id": "1d95e1a8-716b-4ffa-929b-ef273df6a465"
            },
            {
              "type": "node--answer",
              "id": "42ffab7d-c38e-4bbc-8650-082cc20880a4"
            }
          ],
          "links": {
            "related": {
              "href": "https://prod30y1a5s6.main.acsf.baywsf.com/jsonapi/node/question/87bef5e8-1159-46c7-a621-89f4f2e86334/field_answer?resourceVersion=id%3A45311"
            },
            "self": {
              "href": "https://prod30y1a5s6.main.acsf.baywsf.com/jsonapi/node/question/87bef5e8-1159-46c7-a621-89f4f2e86334/relationships/field_answer?resourceVersion=id%3A45311"
            }
          }
        },
        "field_correct": {
          "data": [],
          "links": {
            "related": {
              "href": "https://prod30y1a5s6.main.acsf.baywsf.com/jsonapi/node/question/87bef5e8-1159-46c7-a621-89f4f2e86334/field_correct?resourceVersion=id%3A45311"
            },
            "self": {
              "href": "https://prod30y1a5s6.main.acsf.baywsf.com/jsonapi/node/question/87bef5e8-1159-46c7-a621-89f4f2e86334/relationships/field_correct?resourceVersion=id%3A45311"
            }
          }
        },
        "field_question_group": {
          "data": [],
          "links": {
            "related": {
              "href": "https://prod30y1a5s6.main.acsf.baywsf.com/jsonapi/node/question/87bef5e8-1159-46c7-a621-89f4f2e86334/field_question_group?resourceVersion=id%3A45311"
            },
            "self": {
              "href": "https://prod30y1a5s6.main.acsf.baywsf.com/jsonapi/node/question/87bef5e8-1159-46c7-a621-89f4f2e86334/relationships/field_question_group?resourceVersion=id%3A45311"
            }
          }
        }
      }
    },
    {
      "type": "node--question",
      "id": "47d2a9e8-edb4-493f-b95c-181155c460d3",
      "links": {
        "self": {
          "href": "https://prod30y1a5s6.main.acsf.baywsf.com/jsonapi/node/question/47d2a9e8-edb4-493f-b95c-181155c460d3?resourceVersion=id%3A45351"
        }
      },
      "attributes": {
        "drupal_internal__nid": 1996,
        "drupal_internal__vid": 45351,
        "langcode": "en",
        "revision_timestamp": "2021-10-28T06:45:45+00:00",
        "revision_log": null,
        "status": true,
        "title": "Are you currently experiencing any of the following symptoms:",
        "created": "2021-10-28T06:45:45+00:00",
        "changed": "2021-10-28T06:45:45+00:00",
        "promote": false,
        "sticky": false,
        "default_langcode": true,
        "revision_translation_affected": true,
        "moderation_state": null,
        "metatag": null,
        "path": { "alias": null, "pid": null, "langcode": "en" },
        "private": false,
        "field_metatags": null,
        "content_translation_source": "und",
        "content_translation_outdated": false,
        "published_at": "2021-10-28T06:45:45+00:00",
        "field_error": null,
        "field_explanation": null,
        "field_instruction": {
          "value": "\u003Cp\u003Etick all which apply\u003C/p\u003E\r\n",
          "format": "cohesion_without_glossify",
          "processed": "\u003Cp\u003Etick all which apply\u003C/p\u003E\n"
        },
        "field_references": null
      },
      "relationships": {
        "node_type": {
          "data": {
            "type": "node_type--node_type",
            "id": "aa153fe2-2616-4421-849c-a146decee6a3"
          },
          "links": {
            "related": {
              "href": "https://prod30y1a5s6.main.acsf.baywsf.com/jsonapi/node/question/47d2a9e8-edb4-493f-b95c-181155c460d3/node_type?resourceVersion=id%3A45351"
            },
            "self": {
              "href": "https://prod30y1a5s6.main.acsf.baywsf.com/jsonapi/node/question/47d2a9e8-edb4-493f-b95c-181155c460d3/relationships/node_type?resourceVersion=id%3A45351"
            }
          }
        },
        "revision_uid": {
          "data": {
            "type": "user--user",
            "id": "041f4482-fdb0-482d-b2c2-dfaeffadd4f0"
          },
          "links": {
            "related": {
              "href": "https://prod30y1a5s6.main.acsf.baywsf.com/jsonapi/node/question/47d2a9e8-edb4-493f-b95c-181155c460d3/revision_uid?resourceVersion=id%3A45351"
            },
            "self": {
              "href": "https://prod30y1a5s6.main.acsf.baywsf.com/jsonapi/node/question/47d2a9e8-edb4-493f-b95c-181155c460d3/relationships/revision_uid?resourceVersion=id%3A45351"
            }
          }
        },
        "uid": {
          "data": {
            "type": "user--user",
            "id": "041f4482-fdb0-482d-b2c2-dfaeffadd4f0"
          },
          "links": {
            "related": {
              "href": "https://prod30y1a5s6.main.acsf.baywsf.com/jsonapi/node/question/47d2a9e8-edb4-493f-b95c-181155c460d3/uid?resourceVersion=id%3A45351"
            },
            "self": {
              "href": "https://prod30y1a5s6.main.acsf.baywsf.com/jsonapi/node/question/47d2a9e8-edb4-493f-b95c-181155c460d3/relationships/uid?resourceVersion=id%3A45351"
            }
          }
        },
        "field_schema_json_ld_file": {
          "data": null,
          "links": {
            "related": {
              "href": "https://prod30y1a5s6.main.acsf.baywsf.com/jsonapi/node/question/47d2a9e8-edb4-493f-b95c-181155c460d3/field_schema_json_ld_file?resourceVersion=id%3A45351"
            },
            "self": {
              "href": "https://prod30y1a5s6.main.acsf.baywsf.com/jsonapi/node/question/47d2a9e8-edb4-493f-b95c-181155c460d3/relationships/field_schema_json_ld_file?resourceVersion=id%3A45351"
            }
          }
        },
        "field_actions": {
          "data": [],
          "links": {
            "related": {
              "href": "https://prod30y1a5s6.main.acsf.baywsf.com/jsonapi/node/question/47d2a9e8-edb4-493f-b95c-181155c460d3/field_actions?resourceVersion=id%3A45351"
            },
            "self": {
              "href": "https://prod30y1a5s6.main.acsf.baywsf.com/jsonapi/node/question/47d2a9e8-edb4-493f-b95c-181155c460d3/relationships/field_actions?resourceVersion=id%3A45351"
            }
          }
        },
        "field_answer": {
          "data": [
            {
              "type": "node--answer",
              "id": "8a7e25d3-5170-45ee-b9d5-635015779420"
            },
            {
              "type": "node--answer",
              "id": "5b3e3640-3840-4cd0-83af-00917d071702"
            },
            {
              "type": "node--answer",
              "id": "94cf8713-8c56-4286-993d-eafdc6a3f1a1"
            },
            {
              "type": "node--answer",
              "id": "8868532f-e97e-446e-86d8-4b4a5d0f2db0"
            },
            {
              "type": "node--answer",
              "id": "6b5dcc2c-925d-4cad-87dd-0919b198e798"
            },
            {
              "type": "node--answer",
              "id": "36aa94ff-f96d-430d-a8a7-dc0fd5132cef"
            }
          ],
          "links": {
            "related": {
              "href": "https://prod30y1a5s6.main.acsf.baywsf.com/jsonapi/node/question/47d2a9e8-edb4-493f-b95c-181155c460d3/field_answer?resourceVersion=id%3A45351"
            },
            "self": {
              "href": "https://prod30y1a5s6.main.acsf.baywsf.com/jsonapi/node/question/47d2a9e8-edb4-493f-b95c-181155c460d3/relationships/field_answer?resourceVersion=id%3A45351"
            }
          }
        },
        "field_correct": {
          "data": [],
          "links": {
            "related": {
              "href": "https://prod30y1a5s6.main.acsf.baywsf.com/jsonapi/node/question/47d2a9e8-edb4-493f-b95c-181155c460d3/field_correct?resourceVersion=id%3A45351"
            },
            "self": {
              "href": "https://prod30y1a5s6.main.acsf.baywsf.com/jsonapi/node/question/47d2a9e8-edb4-493f-b95c-181155c460d3/relationships/field_correct?resourceVersion=id%3A45351"
            }
          }
        },
        "field_question_group": {
          "data": [],
          "links": {
            "related": {
              "href": "https://prod30y1a5s6.main.acsf.baywsf.com/jsonapi/node/question/47d2a9e8-edb4-493f-b95c-181155c460d3/field_question_group?resourceVersion=id%3A45351"
            },
            "self": {
              "href": "https://prod30y1a5s6.main.acsf.baywsf.com/jsonapi/node/question/47d2a9e8-edb4-493f-b95c-181155c460d3/relationships/field_question_group?resourceVersion=id%3A45351"
            }
          }
        }
      }
    },
    {
      "type": "node--question",
      "id": "cb9a8274-3179-4f9e-b0b9-1cd1f0cddb93",
      "links": {
        "self": {
          "href": "https://prod30y1a5s6.main.acsf.baywsf.com/jsonapi/node/question/cb9a8274-3179-4f9e-b0b9-1cd1f0cddb93?resourceVersion=id%3A45366"
        }
      },
      "attributes": {
        "drupal_internal__nid": 2006,
        "drupal_internal__vid": 45366,
        "langcode": "en",
        "revision_timestamp": "2021-10-28T06:52:23+00:00",
        "revision_log": null,
        "status": true,
        "title": "Have you had thrush 4 or more times in the past 12 months? \u003Cbr/\u003E\u003Cspan\u003E OR \u003C/span\u003E \u003Cbr/\u003E Was your previous thrush treatment unsuccessful?",
        "created": "2021-10-28T06:52:23+00:00",
        "changed": "2021-10-28T06:52:23+00:00",
        "promote": false,
        "sticky": false,
        "default_langcode": true,
        "revision_translation_affected": true,
        "moderation_state": null,
        "metatag": null,
        "path": { "alias": null, "pid": null, "langcode": "en" },
        "private": false,
        "field_metatags": null,
        "content_translation_source": "und",
        "content_translation_outdated": false,
        "published_at": "2021-10-28T06:52:23+00:00",
        "field_error": null,
        "field_explanation": null,
        "field_instruction": null,
        "field_references": null
      },
      "relationships": {
        "node_type": {
          "data": {
            "type": "node_type--node_type",
            "id": "aa153fe2-2616-4421-849c-a146decee6a3"
          },
          "links": {
            "related": {
              "href": "https://prod30y1a5s6.main.acsf.baywsf.com/jsonapi/node/question/cb9a8274-3179-4f9e-b0b9-1cd1f0cddb93/node_type?resourceVersion=id%3A45366"
            },
            "self": {
              "href": "https://prod30y1a5s6.main.acsf.baywsf.com/jsonapi/node/question/cb9a8274-3179-4f9e-b0b9-1cd1f0cddb93/relationships/node_type?resourceVersion=id%3A45366"
            }
          }
        },
        "revision_uid": {
          "data": {
            "type": "user--user",
            "id": "041f4482-fdb0-482d-b2c2-dfaeffadd4f0"
          },
          "links": {
            "related": {
              "href": "https://prod30y1a5s6.main.acsf.baywsf.com/jsonapi/node/question/cb9a8274-3179-4f9e-b0b9-1cd1f0cddb93/revision_uid?resourceVersion=id%3A45366"
            },
            "self": {
              "href": "https://prod30y1a5s6.main.acsf.baywsf.com/jsonapi/node/question/cb9a8274-3179-4f9e-b0b9-1cd1f0cddb93/relationships/revision_uid?resourceVersion=id%3A45366"
            }
          }
        },
        "uid": {
          "data": {
            "type": "user--user",
            "id": "041f4482-fdb0-482d-b2c2-dfaeffadd4f0"
          },
          "links": {
            "related": {
              "href": "https://prod30y1a5s6.main.acsf.baywsf.com/jsonapi/node/question/cb9a8274-3179-4f9e-b0b9-1cd1f0cddb93/uid?resourceVersion=id%3A45366"
            },
            "self": {
              "href": "https://prod30y1a5s6.main.acsf.baywsf.com/jsonapi/node/question/cb9a8274-3179-4f9e-b0b9-1cd1f0cddb93/relationships/uid?resourceVersion=id%3A45366"
            }
          }
        },
        "field_schema_json_ld_file": {
          "data": null,
          "links": {
            "related": {
              "href": "https://prod30y1a5s6.main.acsf.baywsf.com/jsonapi/node/question/cb9a8274-3179-4f9e-b0b9-1cd1f0cddb93/field_schema_json_ld_file?resourceVersion=id%3A45366"
            },
            "self": {
              "href": "https://prod30y1a5s6.main.acsf.baywsf.com/jsonapi/node/question/cb9a8274-3179-4f9e-b0b9-1cd1f0cddb93/relationships/field_schema_json_ld_file?resourceVersion=id%3A45366"
            }
          }
        },
        "field_actions": {
          "data": [],
          "links": {
            "related": {
              "href": "https://prod30y1a5s6.main.acsf.baywsf.com/jsonapi/node/question/cb9a8274-3179-4f9e-b0b9-1cd1f0cddb93/field_actions?resourceVersion=id%3A45366"
            },
            "self": {
              "href": "https://prod30y1a5s6.main.acsf.baywsf.com/jsonapi/node/question/cb9a8274-3179-4f9e-b0b9-1cd1f0cddb93/relationships/field_actions?resourceVersion=id%3A45366"
            }
          }
        },
        "field_answer": {
          "data": [
            {
              "type": "node--answer",
              "id": "46340d78-f19f-4f9b-b28e-7043509150d8"
            }
          ],
          "links": {
            "related": {
              "href": "https://prod30y1a5s6.main.acsf.baywsf.com/jsonapi/node/question/cb9a8274-3179-4f9e-b0b9-1cd1f0cddb93/field_answer?resourceVersion=id%3A45366"
            },
            "self": {
              "href": "https://prod30y1a5s6.main.acsf.baywsf.com/jsonapi/node/question/cb9a8274-3179-4f9e-b0b9-1cd1f0cddb93/relationships/field_answer?resourceVersion=id%3A45366"
            }
          }
        },
        "field_correct": {
          "data": [],
          "links": {
            "related": {
              "href": "https://prod30y1a5s6.main.acsf.baywsf.com/jsonapi/node/question/cb9a8274-3179-4f9e-b0b9-1cd1f0cddb93/field_correct?resourceVersion=id%3A45366"
            },
            "self": {
              "href": "https://prod30y1a5s6.main.acsf.baywsf.com/jsonapi/node/question/cb9a8274-3179-4f9e-b0b9-1cd1f0cddb93/relationships/field_correct?resourceVersion=id%3A45366"
            }
          }
        },
        "field_question_group": {
          "data": [],
          "links": {
            "related": {
              "href": "https://prod30y1a5s6.main.acsf.baywsf.com/jsonapi/node/question/cb9a8274-3179-4f9e-b0b9-1cd1f0cddb93/field_question_group?resourceVersion=id%3A45366"
            },
            "self": {
              "href": "https://prod30y1a5s6.main.acsf.baywsf.com/jsonapi/node/question/cb9a8274-3179-4f9e-b0b9-1cd1f0cddb93/relationships/field_question_group?resourceVersion=id%3A45366"
            }
          }
        }
      }
    },
    {
      "type": "node--question",
      "id": "e19220e5-564f-44eb-9140-ca2ecaf4471b",
      "links": {
        "self": {
          "href": "https://prod30y1a5s6.main.acsf.baywsf.com/jsonapi/node/question/e19220e5-564f-44eb-9140-ca2ecaf4471b?resourceVersion=id%3A45381"
        }
      },
      "attributes": {
        "drupal_internal__nid": 2016,
        "drupal_internal__vid": 45381,
        "langcode": "en",
        "revision_timestamp": "2021-10-28T06:55:30+00:00",
        "revision_log": null,
        "status": true,
        "title": "Are you pregnant (or think you might be) or breastfeeding?",
        "created": "2021-10-28T06:55:30+00:00",
        "changed": "2021-10-28T06:55:30+00:00",
        "promote": false,
        "sticky": false,
        "default_langcode": true,
        "revision_translation_affected": true,
        "moderation_state": null,
        "metatag": null,
        "path": { "alias": null, "pid": null, "langcode": "en" },
        "private": false,
        "field_metatags": null,
        "content_translation_source": "und",
        "content_translation_outdated": false,
        "published_at": "2021-10-28T06:55:30+00:00",
        "field_error": null,
        "field_explanation": null,
        "field_instruction": null,
        "field_references": null
      },
      "relationships": {
        "node_type": {
          "data": {
            "type": "node_type--node_type",
            "id": "aa153fe2-2616-4421-849c-a146decee6a3"
          },
          "links": {
            "related": {
              "href": "https://prod30y1a5s6.main.acsf.baywsf.com/jsonapi/node/question/e19220e5-564f-44eb-9140-ca2ecaf4471b/node_type?resourceVersion=id%3A45381"
            },
            "self": {
              "href": "https://prod30y1a5s6.main.acsf.baywsf.com/jsonapi/node/question/e19220e5-564f-44eb-9140-ca2ecaf4471b/relationships/node_type?resourceVersion=id%3A45381"
            }
          }
        },
        "revision_uid": {
          "data": {
            "type": "user--user",
            "id": "041f4482-fdb0-482d-b2c2-dfaeffadd4f0"
          },
          "links": {
            "related": {
              "href": "https://prod30y1a5s6.main.acsf.baywsf.com/jsonapi/node/question/e19220e5-564f-44eb-9140-ca2ecaf4471b/revision_uid?resourceVersion=id%3A45381"
            },
            "self": {
              "href": "https://prod30y1a5s6.main.acsf.baywsf.com/jsonapi/node/question/e19220e5-564f-44eb-9140-ca2ecaf4471b/relationships/revision_uid?resourceVersion=id%3A45381"
            }
          }
        },
        "uid": {
          "data": {
            "type": "user--user",
            "id": "041f4482-fdb0-482d-b2c2-dfaeffadd4f0"
          },
          "links": {
            "related": {
              "href": "https://prod30y1a5s6.main.acsf.baywsf.com/jsonapi/node/question/e19220e5-564f-44eb-9140-ca2ecaf4471b/uid?resourceVersion=id%3A45381"
            },
            "self": {
              "href": "https://prod30y1a5s6.main.acsf.baywsf.com/jsonapi/node/question/e19220e5-564f-44eb-9140-ca2ecaf4471b/relationships/uid?resourceVersion=id%3A45381"
            }
          }
        },
        "field_schema_json_ld_file": {
          "data": null,
          "links": {
            "related": {
              "href": "https://prod30y1a5s6.main.acsf.baywsf.com/jsonapi/node/question/e19220e5-564f-44eb-9140-ca2ecaf4471b/field_schema_json_ld_file?resourceVersion=id%3A45381"
            },
            "self": {
              "href": "https://prod30y1a5s6.main.acsf.baywsf.com/jsonapi/node/question/e19220e5-564f-44eb-9140-ca2ecaf4471b/relationships/field_schema_json_ld_file?resourceVersion=id%3A45381"
            }
          }
        },
        "field_actions": {
          "data": [],
          "links": {
            "related": {
              "href": "https://prod30y1a5s6.main.acsf.baywsf.com/jsonapi/node/question/e19220e5-564f-44eb-9140-ca2ecaf4471b/field_actions?resourceVersion=id%3A45381"
            },
            "self": {
              "href": "https://prod30y1a5s6.main.acsf.baywsf.com/jsonapi/node/question/e19220e5-564f-44eb-9140-ca2ecaf4471b/relationships/field_actions?resourceVersion=id%3A45381"
            }
          }
        },
        "field_answer": {
          "data": [
            {
              "type": "node--answer",
              "id": "749ba546-10e6-4255-9da2-7dfdbb50edbd"
            }
          ],
          "links": {
            "related": {
              "href": "https://prod30y1a5s6.main.acsf.baywsf.com/jsonapi/node/question/e19220e5-564f-44eb-9140-ca2ecaf4471b/field_answer?resourceVersion=id%3A45381"
            },
            "self": {
              "href": "https://prod30y1a5s6.main.acsf.baywsf.com/jsonapi/node/question/e19220e5-564f-44eb-9140-ca2ecaf4471b/relationships/field_answer?resourceVersion=id%3A45381"
            }
          }
        },
        "field_correct": {
          "data": [],
          "links": {
            "related": {
              "href": "https://prod30y1a5s6.main.acsf.baywsf.com/jsonapi/node/question/e19220e5-564f-44eb-9140-ca2ecaf4471b/field_correct?resourceVersion=id%3A45381"
            },
            "self": {
              "href": "https://prod30y1a5s6.main.acsf.baywsf.com/jsonapi/node/question/e19220e5-564f-44eb-9140-ca2ecaf4471b/relationships/field_correct?resourceVersion=id%3A45381"
            }
          }
        },
        "field_question_group": {
          "data": [],
          "links": {
            "related": {
              "href": "https://prod30y1a5s6.main.acsf.baywsf.com/jsonapi/node/question/e19220e5-564f-44eb-9140-ca2ecaf4471b/field_question_group?resourceVersion=id%3A45381"
            },
            "self": {
              "href": "https://prod30y1a5s6.main.acsf.baywsf.com/jsonapi/node/question/e19220e5-564f-44eb-9140-ca2ecaf4471b/relationships/field_question_group?resourceVersion=id%3A45381"
            }
          }
        }
      }
    },
    {
      "type": "node--question",
      "id": "99bbc20d-6aa5-494b-9aba-7f6f02fd54e9",
      "links": {
        "self": {
          "href": "https://prod30y1a5s6.main.acsf.baywsf.com/jsonapi/node/question/99bbc20d-6aa5-494b-9aba-7f6f02fd54e9?resourceVersion=id%3A45406"
        }
      },
      "attributes": {
        "drupal_internal__nid": 2036,
        "drupal_internal__vid": 45406,
        "langcode": "en",
        "revision_timestamp": "2021-10-28T07:00:27+00:00",
        "revision_log": null,
        "status": true,
        "title": "Would you prefer a One Day, 3 Day or 6 Day treatment?",
        "created": "2021-10-28T07:00:27+00:00",
        "changed": "2021-10-28T07:00:27+00:00",
        "promote": false,
        "sticky": false,
        "default_langcode": true,
        "revision_translation_affected": true,
        "moderation_state": null,
        "metatag": null,
        "path": { "alias": null, "pid": null, "langcode": "en" },
        "private": false,
        "field_metatags": null,
        "content_translation_source": "und",
        "content_translation_outdated": false,
        "published_at": "2021-10-28T07:00:27+00:00",
        "field_error": null,
        "field_explanation": null,
        "field_instruction": null,
        "field_references": null
      },
      "relationships": {
        "node_type": {
          "data": {
            "type": "node_type--node_type",
            "id": "aa153fe2-2616-4421-849c-a146decee6a3"
          },
          "links": {
            "related": {
              "href": "https://prod30y1a5s6.main.acsf.baywsf.com/jsonapi/node/question/99bbc20d-6aa5-494b-9aba-7f6f02fd54e9/node_type?resourceVersion=id%3A45406"
            },
            "self": {
              "href": "https://prod30y1a5s6.main.acsf.baywsf.com/jsonapi/node/question/99bbc20d-6aa5-494b-9aba-7f6f02fd54e9/relationships/node_type?resourceVersion=id%3A45406"
            }
          }
        },
        "revision_uid": {
          "data": {
            "type": "user--user",
            "id": "041f4482-fdb0-482d-b2c2-dfaeffadd4f0"
          },
          "links": {
            "related": {
              "href": "https://prod30y1a5s6.main.acsf.baywsf.com/jsonapi/node/question/99bbc20d-6aa5-494b-9aba-7f6f02fd54e9/revision_uid?resourceVersion=id%3A45406"
            },
            "self": {
              "href": "https://prod30y1a5s6.main.acsf.baywsf.com/jsonapi/node/question/99bbc20d-6aa5-494b-9aba-7f6f02fd54e9/relationships/revision_uid?resourceVersion=id%3A45406"
            }
          }
        },
        "uid": {
          "data": {
            "type": "user--user",
            "id": "041f4482-fdb0-482d-b2c2-dfaeffadd4f0"
          },
          "links": {
            "related": {
              "href": "https://prod30y1a5s6.main.acsf.baywsf.com/jsonapi/node/question/99bbc20d-6aa5-494b-9aba-7f6f02fd54e9/uid?resourceVersion=id%3A45406"
            },
            "self": {
              "href": "https://prod30y1a5s6.main.acsf.baywsf.com/jsonapi/node/question/99bbc20d-6aa5-494b-9aba-7f6f02fd54e9/relationships/uid?resourceVersion=id%3A45406"
            }
          }
        },
        "field_schema_json_ld_file": {
          "data": null,
          "links": {
            "related": {
              "href": "https://prod30y1a5s6.main.acsf.baywsf.com/jsonapi/node/question/99bbc20d-6aa5-494b-9aba-7f6f02fd54e9/field_schema_json_ld_file?resourceVersion=id%3A45406"
            },
            "self": {
              "href": "https://prod30y1a5s6.main.acsf.baywsf.com/jsonapi/node/question/99bbc20d-6aa5-494b-9aba-7f6f02fd54e9/relationships/field_schema_json_ld_file?resourceVersion=id%3A45406"
            }
          }
        },
        "field_actions": {
          "data": [],
          "links": {
            "related": {
              "href": "https://prod30y1a5s6.main.acsf.baywsf.com/jsonapi/node/question/99bbc20d-6aa5-494b-9aba-7f6f02fd54e9/field_actions?resourceVersion=id%3A45406"
            },
            "self": {
              "href": "https://prod30y1a5s6.main.acsf.baywsf.com/jsonapi/node/question/99bbc20d-6aa5-494b-9aba-7f6f02fd54e9/relationships/field_actions?resourceVersion=id%3A45406"
            }
          }
        },
        "field_answer": {
          "data": [
            {
              "type": "node--answer",
              "id": "07737cfc-6952-4691-8aba-3b2ac9ded261"
            },
            {
              "type": "node--answer",
              "id": "83aac27d-bb98-4442-b8d1-3168f7e83d4c"
            },
            {
              "type": "node--answer",
              "id": "52a8cefc-8495-4cff-bdf3-ecc241e39e05"
            }
          ],
          "links": {
            "related": {
              "href": "https://prod30y1a5s6.main.acsf.baywsf.com/jsonapi/node/question/99bbc20d-6aa5-494b-9aba-7f6f02fd54e9/field_answer?resourceVersion=id%3A45406"
            },
            "self": {
              "href": "https://prod30y1a5s6.main.acsf.baywsf.com/jsonapi/node/question/99bbc20d-6aa5-494b-9aba-7f6f02fd54e9/relationships/field_answer?resourceVersion=id%3A45406"
            }
          }
        },
        "field_correct": {
          "data": [],
          "links": {
            "related": {
              "href": "https://prod30y1a5s6.main.acsf.baywsf.com/jsonapi/node/question/99bbc20d-6aa5-494b-9aba-7f6f02fd54e9/field_correct?resourceVersion=id%3A45406"
            },
            "self": {
              "href": "https://prod30y1a5s6.main.acsf.baywsf.com/jsonapi/node/question/99bbc20d-6aa5-494b-9aba-7f6f02fd54e9/relationships/field_correct?resourceVersion=id%3A45406"
            }
          }
        },
        "field_question_group": {
          "data": [],
          "links": {
            "related": {
              "href": "https://prod30y1a5s6.main.acsf.baywsf.com/jsonapi/node/question/99bbc20d-6aa5-494b-9aba-7f6f02fd54e9/field_question_group?resourceVersion=id%3A45406"
            },
            "self": {
              "href": "https://prod30y1a5s6.main.acsf.baywsf.com/jsonapi/node/question/99bbc20d-6aa5-494b-9aba-7f6f02fd54e9/relationships/field_question_group?resourceVersion=id%3A45406"
            }
          }
        }
      }
    }
  ],
  "links": {
    "self": {
      "href": "https://prod30y1a5s6.main.acsf.baywsf.com/jsonapi/node/quiz/031a38fd-b1f5-4a7e-bac7-7d4e66975028?include=field_quiz_question"
    }
  }
}
