{
  "jsonapi": {
    "version": "1.0",
    "meta": {
      "links": { "self": { "href": "http://jsonapi.org/format/1.0/" } }
    }
  },
  "data": {
    "type": "node--quiz",
    "id": "6158ffed-2d0e-4d1e-b0d1-c536aa547659",
    "links": {
      "self": {
        "href": "https://prod3acc9ym8.main.acsf.baywsf.com/jsonapi/node/quiz/6158ffed-2d0e-4d1e-b0d1-c536aa547659?resourceVersion=id%3A61801"
      }
    },
    "attributes": {
      "drupal_internal__nid": 1336,
      "drupal_internal__vid": 61801,
      "langcode": "it",
      "revision_timestamp": "2023-06-15T17:21:57+00:00",
      "revision_log": null,
      "status": false,
      "title": "TROVA IL PALLERODOTTO PIU\u2019 ADATTO TUE ESIGENZE",
      "created": "2023-05-23T14:01:48+00:00",
      "changed": "2023-06-15T17:21:57+00:00",
      "promote": false,
      "sticky": false,
      "default_langcode": true,
      "revision_translation_affected": true,
      "moderation_state": "needs_approval",
      "metatag": null,
      "path": { "alias": null, "pid": null, "langcode": "it" },
      "private": false,
      "field_metatags": null,
      "content_translation_source": "und",
      "content_translation_outdated": false,
      "published_at": "2038-01-19T03:14:07+00:00",
      "field_disclaimer": null,
      "field_instruction": null,
      "field_quiz_type": "linear",
      "field_references": null
    },
    "relationships": {
      "node_type": {
        "data": {
          "type": "node_type--node_type",
          "id": "ec122f28-fffe-4e8b-8548-28b633a03d94",
          "meta": { "drupal_internal__target_id": "quiz" }
        },
        "links": {
          "related": {
            "href": "https://prod3acc9ym8.main.acsf.baywsf.com/jsonapi/node/quiz/6158ffed-2d0e-4d1e-b0d1-c536aa547659/node_type?resourceVersion=id%3A61801"
          },
          "self": {
            "href": "https://prod3acc9ym8.main.acsf.baywsf.com/jsonapi/node/quiz/6158ffed-2d0e-4d1e-b0d1-c536aa547659/relationships/node_type?resourceVersion=id%3A61801"
          }
        }
      },
      "revision_uid": {
        "data": {
          "type": "user--user",
          "id": "9131ddbc-9152-4466-9af1-b7cbe7f92c9a",
          "meta": { "drupal_internal__target_id": 3091 }
        },
        "links": {
          "related": {
            "href": "https://prod3acc9ym8.main.acsf.baywsf.com/jsonapi/node/quiz/6158ffed-2d0e-4d1e-b0d1-c536aa547659/revision_uid?resourceVersion=id%3A61801"
          },
          "self": {
            "href": "https://prod3acc9ym8.main.acsf.baywsf.com/jsonapi/node/quiz/6158ffed-2d0e-4d1e-b0d1-c536aa547659/relationships/revision_uid?resourceVersion=id%3A61801"
          }
        }
      },
      "uid": {
        "data": {
          "type": "user--user",
          "id": "9131ddbc-9152-4466-9af1-b7cbe7f92c9a",
          "meta": { "drupal_internal__target_id": 3091 }
        },
        "links": {
          "related": {
            "href": "https://prod3acc9ym8.main.acsf.baywsf.com/jsonapi/node/quiz/6158ffed-2d0e-4d1e-b0d1-c536aa547659/uid?resourceVersion=id%3A61801"
          },
          "self": {
            "href": "https://prod3acc9ym8.main.acsf.baywsf.com/jsonapi/node/quiz/6158ffed-2d0e-4d1e-b0d1-c536aa547659/relationships/uid?resourceVersion=id%3A61801"
          }
        }
      },
      "field_schema_json_ld_file": {
        "data": null,
        "links": {
          "related": {
            "href": "https://prod3acc9ym8.main.acsf.baywsf.com/jsonapi/node/quiz/6158ffed-2d0e-4d1e-b0d1-c536aa547659/field_schema_json_ld_file?resourceVersion=id%3A61801"
          },
          "self": {
            "href": "https://prod3acc9ym8.main.acsf.baywsf.com/jsonapi/node/quiz/6158ffed-2d0e-4d1e-b0d1-c536aa547659/relationships/field_schema_json_ld_file?resourceVersion=id%3A61801"
          }
        }
      },
      "field_actions": {
        "data": [],
        "links": {
          "related": {
            "href": "https://prod3acc9ym8.main.acsf.baywsf.com/jsonapi/node/quiz/6158ffed-2d0e-4d1e-b0d1-c536aa547659/field_actions?resourceVersion=id%3A61801"
          },
          "self": {
            "href": "https://prod3acc9ym8.main.acsf.baywsf.com/jsonapi/node/quiz/6158ffed-2d0e-4d1e-b0d1-c536aa547659/relationships/field_actions?resourceVersion=id%3A61801"
          }
        }
      },
      "field_quiz_question": {
        "data": [
          {
            "type": "node--question",
            "id": "6f9f7f1c-7c91-421b-ac02-a253daa7563f",
            "meta": { "drupal_internal__target_id": 1331 }
          },
          {
            "type": "node--question",
            "id": "70f31355-ecc4-4c80-ae96-a4347f5d19b3",
            "meta": { "drupal_internal__target_id": 1346 }
          },
          {
            "type": "node--question",
            "id": "66d28607-2c33-44d2-8363-b41e79faf4c0",
            "meta": { "drupal_internal__target_id": 1361 }
          },
          {
            "type": "node--question",
            "id": "aa71603c-0935-4819-adfa-18110f988efa",
            "meta": { "drupal_internal__target_id": 1401 }
          },
          {
            "type": "node--question",
            "id": "d7e9fe60-6eb9-4718-8d4b-44022af3a26e",
            "meta": { "drupal_internal__target_id": 1416 }
          },
          {
            "type": "node--question",
            "id": "e9f40901-c081-4a28-b34c-2a2a775ec1b4",
            "meta": { "drupal_internal__target_id": 1436 }
          },
          {
            "type": "node--question",
            "id": "be2a84c4-4031-437d-9898-7dee4f2e4dc2",
            "meta": { "drupal_internal__target_id": 1451 }
          },
          {
            "type": "node--question",
            "id": "1ba50a1d-7ec5-4332-bee6-9710a09acdf1",
            "meta": { "drupal_internal__target_id": 1466 }
          }
        ],
        "links": {
          "related": {
            "href": "https://prod3acc9ym8.main.acsf.baywsf.com/jsonapi/node/quiz/6158ffed-2d0e-4d1e-b0d1-c536aa547659/field_quiz_question?resourceVersion=id%3A61801"
          },
          "self": {
            "href": "https://prod3acc9ym8.main.acsf.baywsf.com/jsonapi/node/quiz/6158ffed-2d0e-4d1e-b0d1-c536aa547659/relationships/field_quiz_question?resourceVersion=id%3A61801"
          }
        }
      },
      "field_result": {
        "data": null,
        "links": {
          "related": {
            "href": "https://prod3acc9ym8.main.acsf.baywsf.com/jsonapi/node/quiz/6158ffed-2d0e-4d1e-b0d1-c536aa547659/field_result?resourceVersion=id%3A61801"
          },
          "self": {
            "href": "https://prod3acc9ym8.main.acsf.baywsf.com/jsonapi/node/quiz/6158ffed-2d0e-4d1e-b0d1-c536aa547659/relationships/field_result?resourceVersion=id%3A61801"
          }
        }
      }
    }
  },
  "links": {
    "self": {
      "href": "https://prod3acc9ym8.main.acsf.baywsf.com/jsonapi/node/quiz/6158ffed-2d0e-4d1e-b0d1-c536aa547659"
    }
  }
}
