{
  "jsonapi": {
    "version": "1.0",
    "meta": {
      "links": {
        "self": {
          "href": "http://jsonapi.org/format/1.0/"
        }
      }
    }
  },
  "data": {
    "type": "node--question",
    "id": "149cc9a3-8907-4994-a37b-a661541bb15c",
    "links": {
      "self": {
        "href": "https://prodnvbq7vbe.main-fe.acsf.baywsf.com/jsonapi/node/question/149cc9a3-8907-4994-a37b-a661541bb15c?resourceVersion=id%3A37526"
      }
    },
    "attributes": {
      "drupal_internal__nid": 1676,
      "drupal_internal__vid": 37526,
      "langcode": "de",
      "revision_timestamp": "2021-03-03T19:04:38+00:00",
      "revision_log": null,
      "status": true,
      "title": "Welche Erkrankung lässt sich mit Scheidenpilz verwechseln?",
      "created": "2021-03-03T18:50:19+00:00",
      "changed": "2021-03-03T19:02:26+00:00",
      "promote": false,
      "sticky": false,
      "default_langcode": true,
      "revision_translation_affected": null,
      "moderation_state": null,
      "metatag": null,
      "path": {
        "alias": null,
        "pid": null,
        "langcode": "de"
      },
      "private": false,
      "field_metatags": null,
      "content_translation_source": "und",
      "content_translation_outdated": false,
      "published_at": "2021-03-03T18:52:13+00:00",
      "field_error": null,
      "field_explanation": null,
      "field_instruction": {
        "value": "<p>choose anyone</p>\r\n",
        "format": "cohesion_without_glossify",
        "processed": "<p>choose anyone</p>\n"
      },
      "field_references": null
    },
    "relationships": {
      "node_type": {
        "data": {
          "type": "node_type--node_type",
          "id": "aa153fe2-2616-4421-849c-a146decee6a3"
        },
        "links": {
          "related": {
            "href": "https://prodnvbq7vbe.main-fe.acsf.baywsf.com/jsonapi/node/question/149cc9a3-8907-4994-a37b-a661541bb15c/node_type?resourceVersion=id%3A37526"
          },
          "self": {
            "href": "https://prodnvbq7vbe.main-fe.acsf.baywsf.com/jsonapi/node/question/149cc9a3-8907-4994-a37b-a661541bb15c/relationships/node_type?resourceVersion=id%3A37526"
          }
        }
      },
      "revision_uid": {
        "data": {
          "type": "user--user",
          "id": "c48aba71-438d-44c8-a315-2803a8380004"
        },
        "links": {
          "related": {
            "href": "https://prodnvbq7vbe.main-fe.acsf.baywsf.com/jsonapi/node/question/149cc9a3-8907-4994-a37b-a661541bb15c/revision_uid?resourceVersion=id%3A37526"
          },
          "self": {
            "href": "https://prodnvbq7vbe.main-fe.acsf.baywsf.com/jsonapi/node/question/149cc9a3-8907-4994-a37b-a661541bb15c/relationships/revision_uid?resourceVersion=id%3A37526"
          }
        }
      },
      "uid": {
        "data": {
          "type": "user--user",
          "id": "c48aba71-438d-44c8-a315-2803a8380004"
        },
        "links": {
          "related": {
            "href": "https://prodnvbq7vbe.main-fe.acsf.baywsf.com/jsonapi/node/question/149cc9a3-8907-4994-a37b-a661541bb15c/uid?resourceVersion=id%3A37526"
          },
          "self": {
            "href": "https://prodnvbq7vbe.main-fe.acsf.baywsf.com/jsonapi/node/question/149cc9a3-8907-4994-a37b-a661541bb15c/relationships/uid?resourceVersion=id%3A37526"
          }
        }
      },
      "field_schema_json_ld_file": {
        "data": null,
        "links": {
          "related": {
            "href": "https://prodnvbq7vbe.main-fe.acsf.baywsf.com/jsonapi/node/question/149cc9a3-8907-4994-a37b-a661541bb15c/field_schema_json_ld_file?resourceVersion=id%3A37526"
          },
          "self": {
            "href": "https://prodnvbq7vbe.main-fe.acsf.baywsf.com/jsonapi/node/question/149cc9a3-8907-4994-a37b-a661541bb15c/relationships/field_schema_json_ld_file?resourceVersion=id%3A37526"
          }
        }
      },
      "field_actions": {
        "data": [],
        "links": {
          "related": {
            "href": "https://prodnvbq7vbe.main-fe.acsf.baywsf.com/jsonapi/node/question/149cc9a3-8907-4994-a37b-a661541bb15c/field_actions?resourceVersion=id%3A37526"
          },
          "self": {
            "href": "https://prodnvbq7vbe.main-fe.acsf.baywsf.com/jsonapi/node/question/149cc9a3-8907-4994-a37b-a661541bb15c/relationships/field_actions?resourceVersion=id%3A37526"
          }
        }
      },
      "field_answer": {
        "data": [
          {
            "type": "node--answer",
            "id": "cae6685e-7951-463a-a2ec-94e2db0b8de6"
          },
          {
            "type": "node--answer",
            "id": "6c7c2da3-9eaf-455e-9cf1-7539bee68256"
          },
          {
            "type": "node--answer",
            "id": "b058d564-5ba5-4da3-9132-f2eaf72285de"
          }
        ],
        "links": {
          "related": {
            "href": "https://prodnvbq7vbe.main-fe.acsf.baywsf.com/jsonapi/node/question/149cc9a3-8907-4994-a37b-a661541bb15c/field_answer?resourceVersion=id%3A37526"
          },
          "self": {
            "href": "https://prodnvbq7vbe.main-fe.acsf.baywsf.com/jsonapi/node/question/149cc9a3-8907-4994-a37b-a661541bb15c/relationships/field_answer?resourceVersion=id%3A37526"
          }
        }
      },
      "field_correct": {
        "data": [
          {
            "type": "node--answer",
            "id": "6c7c2da3-9eaf-455e-9cf1-7539bee68256"
          }
        ],
        "links": {
          "related": {
            "href": "https://prodnvbq7vbe.main-fe.acsf.baywsf.com/jsonapi/node/question/149cc9a3-8907-4994-a37b-a661541bb15c/field_correct?resourceVersion=id%3A37526"
          },
          "self": {
            "href": "https://prodnvbq7vbe.main-fe.acsf.baywsf.com/jsonapi/node/question/149cc9a3-8907-4994-a37b-a661541bb15c/relationships/field_correct?resourceVersion=id%3A37526"
          }
        }
      },
      "field_question_group": {
        "data": [],
        "links": {
          "related": {
            "href": "https://prodnvbq7vbe.main-fe.acsf.baywsf.com/jsonapi/node/question/149cc9a3-8907-4994-a37b-a661541bb15c/field_question_group?resourceVersion=id%3A37526"
          },
          "self": {
            "href": "https://prodnvbq7vbe.main-fe.acsf.baywsf.com/jsonapi/node/question/149cc9a3-8907-4994-a37b-a661541bb15c/relationships/field_question_group?resourceVersion=id%3A37526"
          }
        }
      }
    }
  },
  "included": [
    {
      "type": "node--answer",
      "id": "cae6685e-7951-463a-a2ec-94e2db0b8de6",
      "links": {
        "self": {
          "href": "https://prodnvbq7vbe.main-fe.acsf.baywsf.com/jsonapi/node/answer/cae6685e-7951-463a-a2ec-94e2db0b8de6?resourceVersion=id%3A37531"
        }
      },
      "attributes": {
        "drupal_internal__nid": 1661,
        "drupal_internal__vid": 37531,
        "langcode": "de",
        "revision_timestamp": "2021-03-03T19:08:34+00:00",
        "revision_log": null,
        "status": true,
        "title": "Blasenentzündung",
        "created": "2021-03-03T18:50:48+00:00",
        "changed": "2021-03-03T18:50:48+00:00",
        "promote": true,
        "sticky": false,
        "default_langcode": true,
        "revision_translation_affected": null,
        "moderation_state": null,
        "metatag": null,
        "path": {
          "alias": null,
          "pid": null,
          "langcode": "de"
        },
        "private": false,
        "field_metatags": null,
        "content_translation_source": "und",
        "content_translation_outdated": false,
        "published_at": "2021-03-03T18:52:13+00:00",
        "field_answer_summary": "FALSCH",
        "field_instruction": null
      },
      "relationships": {
        "node_type": {
          "data": {
            "type": "node_type--node_type",
            "id": "78ecfb9f-13e1-4bf3-b3b3-ceeaef39dbd6"
          },
          "links": {
            "related": {
              "href": "https://prodnvbq7vbe.main-fe.acsf.baywsf.com/jsonapi/node/answer/cae6685e-7951-463a-a2ec-94e2db0b8de6/node_type?resourceVersion=id%3A37531"
            },
            "self": {
              "href": "https://prodnvbq7vbe.main-fe.acsf.baywsf.com/jsonapi/node/answer/cae6685e-7951-463a-a2ec-94e2db0b8de6/relationships/node_type?resourceVersion=id%3A37531"
            }
          }
        },
        "revision_uid": {
          "data": {
            "type": "user--user",
            "id": "c48aba71-438d-44c8-a315-2803a8380004"
          },
          "links": {
            "related": {
              "href": "https://prodnvbq7vbe.main-fe.acsf.baywsf.com/jsonapi/node/answer/cae6685e-7951-463a-a2ec-94e2db0b8de6/revision_uid?resourceVersion=id%3A37531"
            },
            "self": {
              "href": "https://prodnvbq7vbe.main-fe.acsf.baywsf.com/jsonapi/node/answer/cae6685e-7951-463a-a2ec-94e2db0b8de6/relationships/revision_uid?resourceVersion=id%3A37531"
            }
          }
        },
        "uid": {
          "data": {
            "type": "user--user",
            "id": "c48aba71-438d-44c8-a315-2803a8380004"
          },
          "links": {
            "related": {
              "href": "https://prodnvbq7vbe.main-fe.acsf.baywsf.com/jsonapi/node/answer/cae6685e-7951-463a-a2ec-94e2db0b8de6/uid?resourceVersion=id%3A37531"
            },
            "self": {
              "href": "https://prodnvbq7vbe.main-fe.acsf.baywsf.com/jsonapi/node/answer/cae6685e-7951-463a-a2ec-94e2db0b8de6/relationships/uid?resourceVersion=id%3A37531"
            }
          }
        },
        "field_schema_json_ld_file": {
          "data": null,
          "links": {
            "related": {
              "href": "https://prodnvbq7vbe.main-fe.acsf.baywsf.com/jsonapi/node/answer/cae6685e-7951-463a-a2ec-94e2db0b8de6/field_schema_json_ld_file?resourceVersion=id%3A37531"
            },
            "self": {
              "href": "https://prodnvbq7vbe.main-fe.acsf.baywsf.com/jsonapi/node/answer/cae6685e-7951-463a-a2ec-94e2db0b8de6/relationships/field_schema_json_ld_file?resourceVersion=id%3A37531"
            }
          }
        },
        "field_answer_category": {
          "data": [],
          "links": {
            "related": {
              "href": "https://prodnvbq7vbe.main-fe.acsf.baywsf.com/jsonapi/node/answer/cae6685e-7951-463a-a2ec-94e2db0b8de6/field_answer_category?resourceVersion=id%3A37531"
            },
            "self": {
              "href": "https://prodnvbq7vbe.main-fe.acsf.baywsf.com/jsonapi/node/answer/cae6685e-7951-463a-a2ec-94e2db0b8de6/relationships/field_answer_category?resourceVersion=id%3A37531"
            }
          }
        },
        "field_next_question": {
          "data": null,
          "links": {
            "related": {
              "href": "https://prodnvbq7vbe.main-fe.acsf.baywsf.com/jsonapi/node/answer/cae6685e-7951-463a-a2ec-94e2db0b8de6/field_next_question?resourceVersion=id%3A37531"
            },
            "self": {
              "href": "https://prodnvbq7vbe.main-fe.acsf.baywsf.com/jsonapi/node/answer/cae6685e-7951-463a-a2ec-94e2db0b8de6/relationships/field_next_question?resourceVersion=id%3A37531"
            }
          }
        },
        "field_result": {
          "data": null,
          "links": {
            "related": {
              "href": "https://prodnvbq7vbe.main-fe.acsf.baywsf.com/jsonapi/node/answer/cae6685e-7951-463a-a2ec-94e2db0b8de6/field_result?resourceVersion=id%3A37531"
            },
            "self": {
              "href": "https://prodnvbq7vbe.main-fe.acsf.baywsf.com/jsonapi/node/answer/cae6685e-7951-463a-a2ec-94e2db0b8de6/relationships/field_result?resourceVersion=id%3A37531"
            }
          }
        }
      }
    },
    {
      "type": "node--answer",
      "id": "6c7c2da3-9eaf-455e-9cf1-7539bee68256",
      "links": {
        "self": {
          "href": "https://prodnvbq7vbe.main-fe.acsf.baywsf.com/jsonapi/node/answer/6c7c2da3-9eaf-455e-9cf1-7539bee68256?resourceVersion=id%3A37536"
        }
      },
      "attributes": {
        "drupal_internal__nid": 1666,
        "drupal_internal__vid": 37536,
        "langcode": "de",
        "revision_timestamp": "2021-03-03T19:10:21+00:00",
        "revision_log": null,
        "status": true,
        "title": "Bakterielle Vaginose",
        "created": "2021-03-03T18:51:26+00:00",
        "changed": "2021-03-03T18:51:26+00:00",
        "promote": true,
        "sticky": false,
        "default_langcode": true,
        "revision_translation_affected": null,
        "moderation_state": null,
        "metatag": null,
        "path": {
          "alias": null,
          "pid": null,
          "langcode": "de"
        },
        "private": false,
        "field_metatags": null,
        "content_translation_source": "und",
        "content_translation_outdated": false,
        "published_at": "2021-03-03T18:52:13+00:00",
        "field_answer_summary": "RICHTIG",
        "field_instruction": null
      },
      "relationships": {
        "node_type": {
          "data": {
            "type": "node_type--node_type",
            "id": "78ecfb9f-13e1-4bf3-b3b3-ceeaef39dbd6"
          },
          "links": {
            "related": {
              "href": "https://prodnvbq7vbe.main-fe.acsf.baywsf.com/jsonapi/node/answer/6c7c2da3-9eaf-455e-9cf1-7539bee68256/node_type?resourceVersion=id%3A37536"
            },
            "self": {
              "href": "https://prodnvbq7vbe.main-fe.acsf.baywsf.com/jsonapi/node/answer/6c7c2da3-9eaf-455e-9cf1-7539bee68256/relationships/node_type?resourceVersion=id%3A37536"
            }
          }
        },
        "revision_uid": {
          "data": {
            "type": "user--user",
            "id": "c48aba71-438d-44c8-a315-2803a8380004"
          },
          "links": {
            "related": {
              "href": "https://prodnvbq7vbe.main-fe.acsf.baywsf.com/jsonapi/node/answer/6c7c2da3-9eaf-455e-9cf1-7539bee68256/revision_uid?resourceVersion=id%3A37536"
            },
            "self": {
              "href": "https://prodnvbq7vbe.main-fe.acsf.baywsf.com/jsonapi/node/answer/6c7c2da3-9eaf-455e-9cf1-7539bee68256/relationships/revision_uid?resourceVersion=id%3A37536"
            }
          }
        },
        "uid": {
          "data": {
            "type": "user--user",
            "id": "c48aba71-438d-44c8-a315-2803a8380004"
          },
          "links": {
            "related": {
              "href": "https://prodnvbq7vbe.main-fe.acsf.baywsf.com/jsonapi/node/answer/6c7c2da3-9eaf-455e-9cf1-7539bee68256/uid?resourceVersion=id%3A37536"
            },
            "self": {
              "href": "https://prodnvbq7vbe.main-fe.acsf.baywsf.com/jsonapi/node/answer/6c7c2da3-9eaf-455e-9cf1-7539bee68256/relationships/uid?resourceVersion=id%3A37536"
            }
          }
        },
        "field_schema_json_ld_file": {
          "data": null,
          "links": {
            "related": {
              "href": "https://prodnvbq7vbe.main-fe.acsf.baywsf.com/jsonapi/node/answer/6c7c2da3-9eaf-455e-9cf1-7539bee68256/field_schema_json_ld_file?resourceVersion=id%3A37536"
            },
            "self": {
              "href": "https://prodnvbq7vbe.main-fe.acsf.baywsf.com/jsonapi/node/answer/6c7c2da3-9eaf-455e-9cf1-7539bee68256/relationships/field_schema_json_ld_file?resourceVersion=id%3A37536"
            }
          }
        },
        "field_answer_category": {
          "data": [],
          "links": {
            "related": {
              "href": "https://prodnvbq7vbe.main-fe.acsf.baywsf.com/jsonapi/node/answer/6c7c2da3-9eaf-455e-9cf1-7539bee68256/field_answer_category?resourceVersion=id%3A37536"
            },
            "self": {
              "href": "https://prodnvbq7vbe.main-fe.acsf.baywsf.com/jsonapi/node/answer/6c7c2da3-9eaf-455e-9cf1-7539bee68256/relationships/field_answer_category?resourceVersion=id%3A37536"
            }
          }
        },
        "field_next_question": {
          "data": null,
          "links": {
            "related": {
              "href": "https://prodnvbq7vbe.main-fe.acsf.baywsf.com/jsonapi/node/answer/6c7c2da3-9eaf-455e-9cf1-7539bee68256/field_next_question?resourceVersion=id%3A37536"
            },
            "self": {
              "href": "https://prodnvbq7vbe.main-fe.acsf.baywsf.com/jsonapi/node/answer/6c7c2da3-9eaf-455e-9cf1-7539bee68256/relationships/field_next_question?resourceVersion=id%3A37536"
            }
          }
        },
        "field_result": {
          "data": null,
          "links": {
            "related": {
              "href": "https://prodnvbq7vbe.main-fe.acsf.baywsf.com/jsonapi/node/answer/6c7c2da3-9eaf-455e-9cf1-7539bee68256/field_result?resourceVersion=id%3A37536"
            },
            "self": {
              "href": "https://prodnvbq7vbe.main-fe.acsf.baywsf.com/jsonapi/node/answer/6c7c2da3-9eaf-455e-9cf1-7539bee68256/relationships/field_result?resourceVersion=id%3A37536"
            }
          }
        }
      }
    },
    {
      "type": "node--answer",
      "id": "b058d564-5ba5-4da3-9132-f2eaf72285de",
      "links": {
        "self": {
          "href": "https://prodnvbq7vbe.main-fe.acsf.baywsf.com/jsonapi/node/answer/b058d564-5ba5-4da3-9132-f2eaf72285de?resourceVersion=id%3A37541"
        }
      },
      "attributes": {
        "drupal_internal__nid": 1671,
        "drupal_internal__vid": 37541,
        "langcode": "de",
        "revision_timestamp": "2021-03-03T19:11:19+00:00",
        "revision_log": null,
        "status": true,
        "title": "Scheidentrockenheit",
        "created": "2021-03-03T18:51:52+00:00",
        "changed": "2021-03-03T18:51:52+00:00",
        "promote": true,
        "sticky": false,
        "default_langcode": true,
        "revision_translation_affected": null,
        "moderation_state": null,
        "metatag": null,
        "path": {
          "alias": null,
          "pid": null,
          "langcode": "de"
        },
        "private": false,
        "field_metatags": null,
        "content_translation_source": "und",
        "content_translation_outdated": false,
        "published_at": "2021-03-03T18:52:13+00:00",
        "field_answer_summary": "FALSCH",
        "field_instruction": null
      },
      "relationships": {
        "node_type": {
          "data": {
            "type": "node_type--node_type",
            "id": "78ecfb9f-13e1-4bf3-b3b3-ceeaef39dbd6"
          },
          "links": {
            "related": {
              "href": "https://prodnvbq7vbe.main-fe.acsf.baywsf.com/jsonapi/node/answer/b058d564-5ba5-4da3-9132-f2eaf72285de/node_type?resourceVersion=id%3A37541"
            },
            "self": {
              "href": "https://prodnvbq7vbe.main-fe.acsf.baywsf.com/jsonapi/node/answer/b058d564-5ba5-4da3-9132-f2eaf72285de/relationships/node_type?resourceVersion=id%3A37541"
            }
          }
        },
        "revision_uid": {
          "data": {
            "type": "user--user",
            "id": "c48aba71-438d-44c8-a315-2803a8380004"
          },
          "links": {
            "related": {
              "href": "https://prodnvbq7vbe.main-fe.acsf.baywsf.com/jsonapi/node/answer/b058d564-5ba5-4da3-9132-f2eaf72285de/revision_uid?resourceVersion=id%3A37541"
            },
            "self": {
              "href": "https://prodnvbq7vbe.main-fe.acsf.baywsf.com/jsonapi/node/answer/b058d564-5ba5-4da3-9132-f2eaf72285de/relationships/revision_uid?resourceVersion=id%3A37541"
            }
          }
        },
        "uid": {
          "data": {
            "type": "user--user",
            "id": "c48aba71-438d-44c8-a315-2803a8380004"
          },
          "links": {
            "related": {
              "href": "https://prodnvbq7vbe.main-fe.acsf.baywsf.com/jsonapi/node/answer/b058d564-5ba5-4da3-9132-f2eaf72285de/uid?resourceVersion=id%3A37541"
            },
            "self": {
              "href": "https://prodnvbq7vbe.main-fe.acsf.baywsf.com/jsonapi/node/answer/b058d564-5ba5-4da3-9132-f2eaf72285de/relationships/uid?resourceVersion=id%3A37541"
            }
          }
        },
        "field_schema_json_ld_file": {
          "data": null,
          "links": {
            "related": {
              "href": "https://prodnvbq7vbe.main-fe.acsf.baywsf.com/jsonapi/node/answer/b058d564-5ba5-4da3-9132-f2eaf72285de/field_schema_json_ld_file?resourceVersion=id%3A37541"
            },
            "self": {
              "href": "https://prodnvbq7vbe.main-fe.acsf.baywsf.com/jsonapi/node/answer/b058d564-5ba5-4da3-9132-f2eaf72285de/relationships/field_schema_json_ld_file?resourceVersion=id%3A37541"
            }
          }
        },
        "field_answer_category": {
          "data": [],
          "links": {
            "related": {
              "href": "https://prodnvbq7vbe.main-fe.acsf.baywsf.com/jsonapi/node/answer/b058d564-5ba5-4da3-9132-f2eaf72285de/field_answer_category?resourceVersion=id%3A37541"
            },
            "self": {
              "href": "https://prodnvbq7vbe.main-fe.acsf.baywsf.com/jsonapi/node/answer/b058d564-5ba5-4da3-9132-f2eaf72285de/relationships/field_answer_category?resourceVersion=id%3A37541"
            }
          }
        },
        "field_next_question": {
          "data": null,
          "links": {
            "related": {
              "href": "https://prodnvbq7vbe.main-fe.acsf.baywsf.com/jsonapi/node/answer/b058d564-5ba5-4da3-9132-f2eaf72285de/field_next_question?resourceVersion=id%3A37541"
            },
            "self": {
              "href": "https://prodnvbq7vbe.main-fe.acsf.baywsf.com/jsonapi/node/answer/b058d564-5ba5-4da3-9132-f2eaf72285de/relationships/field_next_question?resourceVersion=id%3A37541"
            }
          }
        },
        "field_result": {
          "data": null,
          "links": {
            "related": {
              "href": "https://prodnvbq7vbe.main-fe.acsf.baywsf.com/jsonapi/node/answer/b058d564-5ba5-4da3-9132-f2eaf72285de/field_result?resourceVersion=id%3A37541"
            },
            "self": {
              "href": "https://prodnvbq7vbe.main-fe.acsf.baywsf.com/jsonapi/node/answer/b058d564-5ba5-4da3-9132-f2eaf72285de/relationships/field_result?resourceVersion=id%3A37541"
            }
          }
        }
      }
    }
  ],
  "links": {
    "self": {
      "href": "https://prodnvbq7vbe.main-fe.acsf.baywsf.com/jsonapi/node/question/149cc9a3-8907-4994-a37b-a661541bb15c?include=field_answer"
    }
  }
}
