{
  "jsonapi": {
    "version": "1.0",
    "meta": {
      "links": {
        "self": {
          "href": "http://jsonapi.org/format/1.0/"
        }
      }
    }
  },
  "data": {
    "type": "node--question",
    "id": "249989fd-3b1f-4ef5-bd30-c355277b9895",
    "links": {
      "self": {
        "href": "https://prodnvbq7vbe.main-fe.acsf.baywsf.com/jsonapi/node/question/249989fd-3b1f-4ef5-bd30-c355277b9895?resourceVersion=id%3A37566"
      }
    },
    "attributes": {
      "drupal_internal__nid": 1691,
      "drupal_internal__vid": 37566,
      "langcode": "de",
      "revision_timestamp": "2021-03-03T19:16:11+00:00",
      "revision_log": null,
      "status": true,
      "title": "Die Verwendung von parfümierten Seifen, Sprays oder Vaginalspülungen im Intimbereich kann das Risiko für Scheidenpilz erhöhen.",
      "created": "2021-03-03T19:13:02+00:00",
      "changed": "2021-03-03T19:14:34+00:00",
      "promote": false,
      "sticky": false,
      "default_langcode": true,
      "revision_translation_affected": null,
      "moderation_state": null,
      "metatag": null,
      "path": {
        "alias": null,
        "pid": null,
        "langcode": "de"
      },
      "private": false,
      "field_metatags": null,
      "content_translation_source": "und",
      "content_translation_outdated": false,
      "published_at": "2021-03-03T19:14:00+00:00",
      "field_error": null,
      "field_explanation": null,
      "field_instruction": {
        "value": "<p>choose anyone</p>\r\n",
        "format": "cohesion_without_glossify",
        "processed": "<p>choose anyone</p>\n"
      },
      "field_references": null
    },
    "relationships": {
      "node_type": {
        "data": {
          "type": "node_type--node_type",
          "id": "aa153fe2-2616-4421-849c-a146decee6a3"
        },
        "links": {
          "related": {
            "href": "https://prodnvbq7vbe.main-fe.acsf.baywsf.com/jsonapi/node/question/249989fd-3b1f-4ef5-bd30-c355277b9895/node_type?resourceVersion=id%3A37566"
          },
          "self": {
            "href": "https://prodnvbq7vbe.main-fe.acsf.baywsf.com/jsonapi/node/question/249989fd-3b1f-4ef5-bd30-c355277b9895/relationships/node_type?resourceVersion=id%3A37566"
          }
        }
      },
      "revision_uid": {
        "data": {
          "type": "user--user",
          "id": "c48aba71-438d-44c8-a315-2803a8380004"
        },
        "links": {
          "related": {
            "href": "https://prodnvbq7vbe.main-fe.acsf.baywsf.com/jsonapi/node/question/249989fd-3b1f-4ef5-bd30-c355277b9895/revision_uid?resourceVersion=id%3A37566"
          },
          "self": {
            "href": "https://prodnvbq7vbe.main-fe.acsf.baywsf.com/jsonapi/node/question/249989fd-3b1f-4ef5-bd30-c355277b9895/relationships/revision_uid?resourceVersion=id%3A37566"
          }
        }
      },
      "uid": {
        "data": {
          "type": "user--user",
          "id": "c48aba71-438d-44c8-a315-2803a8380004"
        },
        "links": {
          "related": {
            "href": "https://prodnvbq7vbe.main-fe.acsf.baywsf.com/jsonapi/node/question/249989fd-3b1f-4ef5-bd30-c355277b9895/uid?resourceVersion=id%3A37566"
          },
          "self": {
            "href": "https://prodnvbq7vbe.main-fe.acsf.baywsf.com/jsonapi/node/question/249989fd-3b1f-4ef5-bd30-c355277b9895/relationships/uid?resourceVersion=id%3A37566"
          }
        }
      },
      "field_schema_json_ld_file": {
        "data": null,
        "links": {
          "related": {
            "href": "https://prodnvbq7vbe.main-fe.acsf.baywsf.com/jsonapi/node/question/249989fd-3b1f-4ef5-bd30-c355277b9895/field_schema_json_ld_file?resourceVersion=id%3A37566"
          },
          "self": {
            "href": "https://prodnvbq7vbe.main-fe.acsf.baywsf.com/jsonapi/node/question/249989fd-3b1f-4ef5-bd30-c355277b9895/relationships/field_schema_json_ld_file?resourceVersion=id%3A37566"
          }
        }
      },
      "field_actions": {
        "data": [],
        "links": {
          "related": {
            "href": "https://prodnvbq7vbe.main-fe.acsf.baywsf.com/jsonapi/node/question/249989fd-3b1f-4ef5-bd30-c355277b9895/field_actions?resourceVersion=id%3A37566"
          },
          "self": {
            "href": "https://prodnvbq7vbe.main-fe.acsf.baywsf.com/jsonapi/node/question/249989fd-3b1f-4ef5-bd30-c355277b9895/relationships/field_actions?resourceVersion=id%3A37566"
          }
        }
      },
      "field_answer": {
        "data": [
          {
            "type": "node--answer",
            "id": "fc19ea24-4c87-4258-a3e2-570d636c7e1d"
          },
          {
            "type": "node--answer",
            "id": "204563df-f885-4441-9906-4d37cf217d95"
          }
        ],
        "links": {
          "related": {
            "href": "https://prodnvbq7vbe.main-fe.acsf.baywsf.com/jsonapi/node/question/249989fd-3b1f-4ef5-bd30-c355277b9895/field_answer?resourceVersion=id%3A37566"
          },
          "self": {
            "href": "https://prodnvbq7vbe.main-fe.acsf.baywsf.com/jsonapi/node/question/249989fd-3b1f-4ef5-bd30-c355277b9895/relationships/field_answer?resourceVersion=id%3A37566"
          }
        }
      },
      "field_correct": {
        "data": [
          {
            "type": "node--answer",
            "id": "fc19ea24-4c87-4258-a3e2-570d636c7e1d"
          }
        ],
        "links": {
          "related": {
            "href": "https://prodnvbq7vbe.main-fe.acsf.baywsf.com/jsonapi/node/question/249989fd-3b1f-4ef5-bd30-c355277b9895/field_correct?resourceVersion=id%3A37566"
          },
          "self": {
            "href": "https://prodnvbq7vbe.main-fe.acsf.baywsf.com/jsonapi/node/question/249989fd-3b1f-4ef5-bd30-c355277b9895/relationships/field_correct?resourceVersion=id%3A37566"
          }
        }
      },
      "field_question_group": {
        "data": [],
        "links": {
          "related": {
            "href": "https://prodnvbq7vbe.main-fe.acsf.baywsf.com/jsonapi/node/question/249989fd-3b1f-4ef5-bd30-c355277b9895/field_question_group?resourceVersion=id%3A37566"
          },
          "self": {
            "href": "https://prodnvbq7vbe.main-fe.acsf.baywsf.com/jsonapi/node/question/249989fd-3b1f-4ef5-bd30-c355277b9895/relationships/field_question_group?resourceVersion=id%3A37566"
          }
        }
      }
    }
  },
  "included": [
    {
      "type": "node--answer",
      "id": "fc19ea24-4c87-4258-a3e2-570d636c7e1d",
      "links": {
        "self": {
          "href": "https://prodnvbq7vbe.main-fe.acsf.baywsf.com/jsonapi/node/answer/fc19ea24-4c87-4258-a3e2-570d636c7e1d?resourceVersion=id%3A37571"
        }
      },
      "attributes": {
        "drupal_internal__nid": 1681,
        "drupal_internal__vid": 37571,
        "langcode": "de",
        "revision_timestamp": "2021-03-03T19:16:56+00:00",
        "revision_log": null,
        "status": true,
        "title": "Richtig",
        "created": "2021-03-03T19:13:13+00:00",
        "changed": "2021-03-03T19:13:13+00:00",
        "promote": true,
        "sticky": false,
        "default_langcode": true,
        "revision_translation_affected": null,
        "moderation_state": null,
        "metatag": null,
        "path": {
          "alias": null,
          "pid": null,
          "langcode": "de"
        },
        "private": false,
        "field_metatags": null,
        "content_translation_source": "und",
        "content_translation_outdated": false,
        "published_at": "2021-03-03T19:14:00+00:00",
        "field_answer_summary": "RICHTIG",
        "field_instruction": null
      },
      "relationships": {
        "node_type": {
          "data": {
            "type": "node_type--node_type",
            "id": "78ecfb9f-13e1-4bf3-b3b3-ceeaef39dbd6"
          },
          "links": {
            "related": {
              "href": "https://prodnvbq7vbe.main-fe.acsf.baywsf.com/jsonapi/node/answer/fc19ea24-4c87-4258-a3e2-570d636c7e1d/node_type?resourceVersion=id%3A37571"
            },
            "self": {
              "href": "https://prodnvbq7vbe.main-fe.acsf.baywsf.com/jsonapi/node/answer/fc19ea24-4c87-4258-a3e2-570d636c7e1d/relationships/node_type?resourceVersion=id%3A37571"
            }
          }
        },
        "revision_uid": {
          "data": {
            "type": "user--user",
            "id": "c48aba71-438d-44c8-a315-2803a8380004"
          },
          "links": {
            "related": {
              "href": "https://prodnvbq7vbe.main-fe.acsf.baywsf.com/jsonapi/node/answer/fc19ea24-4c87-4258-a3e2-570d636c7e1d/revision_uid?resourceVersion=id%3A37571"
            },
            "self": {
              "href": "https://prodnvbq7vbe.main-fe.acsf.baywsf.com/jsonapi/node/answer/fc19ea24-4c87-4258-a3e2-570d636c7e1d/relationships/revision_uid?resourceVersion=id%3A37571"
            }
          }
        },
        "uid": {
          "data": {
            "type": "user--user",
            "id": "c48aba71-438d-44c8-a315-2803a8380004"
          },
          "links": {
            "related": {
              "href": "https://prodnvbq7vbe.main-fe.acsf.baywsf.com/jsonapi/node/answer/fc19ea24-4c87-4258-a3e2-570d636c7e1d/uid?resourceVersion=id%3A37571"
            },
            "self": {
              "href": "https://prodnvbq7vbe.main-fe.acsf.baywsf.com/jsonapi/node/answer/fc19ea24-4c87-4258-a3e2-570d636c7e1d/relationships/uid?resourceVersion=id%3A37571"
            }
          }
        },
        "field_schema_json_ld_file": {
          "data": null,
          "links": {
            "related": {
              "href": "https://prodnvbq7vbe.main-fe.acsf.baywsf.com/jsonapi/node/answer/fc19ea24-4c87-4258-a3e2-570d636c7e1d/field_schema_json_ld_file?resourceVersion=id%3A37571"
            },
            "self": {
              "href": "https://prodnvbq7vbe.main-fe.acsf.baywsf.com/jsonapi/node/answer/fc19ea24-4c87-4258-a3e2-570d636c7e1d/relationships/field_schema_json_ld_file?resourceVersion=id%3A37571"
            }
          }
        },
        "field_answer_category": {
          "data": [],
          "links": {
            "related": {
              "href": "https://prodnvbq7vbe.main-fe.acsf.baywsf.com/jsonapi/node/answer/fc19ea24-4c87-4258-a3e2-570d636c7e1d/field_answer_category?resourceVersion=id%3A37571"
            },
            "self": {
              "href": "https://prodnvbq7vbe.main-fe.acsf.baywsf.com/jsonapi/node/answer/fc19ea24-4c87-4258-a3e2-570d636c7e1d/relationships/field_answer_category?resourceVersion=id%3A37571"
            }
          }
        },
        "field_next_question": {
          "data": null,
          "links": {
            "related": {
              "href": "https://prodnvbq7vbe.main-fe.acsf.baywsf.com/jsonapi/node/answer/fc19ea24-4c87-4258-a3e2-570d636c7e1d/field_next_question?resourceVersion=id%3A37571"
            },
            "self": {
              "href": "https://prodnvbq7vbe.main-fe.acsf.baywsf.com/jsonapi/node/answer/fc19ea24-4c87-4258-a3e2-570d636c7e1d/relationships/field_next_question?resourceVersion=id%3A37571"
            }
          }
        },
        "field_result": {
          "data": null,
          "links": {
            "related": {
              "href": "https://prodnvbq7vbe.main-fe.acsf.baywsf.com/jsonapi/node/answer/fc19ea24-4c87-4258-a3e2-570d636c7e1d/field_result?resourceVersion=id%3A37571"
            },
            "self": {
              "href": "https://prodnvbq7vbe.main-fe.acsf.baywsf.com/jsonapi/node/answer/fc19ea24-4c87-4258-a3e2-570d636c7e1d/relationships/field_result?resourceVersion=id%3A37571"
            }
          }
        }
      }
    },
    {
      "type": "node--answer",
      "id": "204563df-f885-4441-9906-4d37cf217d95",
      "links": {
        "self": {
          "href": "https://prodnvbq7vbe.main-fe.acsf.baywsf.com/jsonapi/node/answer/204563df-f885-4441-9906-4d37cf217d95?resourceVersion=id%3A37576"
        }
      },
      "attributes": {
        "drupal_internal__nid": 1686,
        "drupal_internal__vid": 37576,
        "langcode": "de",
        "revision_timestamp": "2021-03-03T19:17:39+00:00",
        "revision_log": null,
        "status": true,
        "title": "Falsch",
        "created": "2021-03-03T19:13:40+00:00",
        "changed": "2021-03-03T19:13:40+00:00",
        "promote": true,
        "sticky": false,
        "default_langcode": true,
        "revision_translation_affected": null,
        "moderation_state": null,
        "metatag": null,
        "path": {
          "alias": null,
          "pid": null,
          "langcode": "de"
        },
        "private": false,
        "field_metatags": null,
        "content_translation_source": "und",
        "content_translation_outdated": false,
        "published_at": "2021-03-03T19:14:00+00:00",
        "field_answer_summary": "FALSCH",
        "field_instruction": null
      },
      "relationships": {
        "node_type": {
          "data": {
            "type": "node_type--node_type",
            "id": "78ecfb9f-13e1-4bf3-b3b3-ceeaef39dbd6"
          },
          "links": {
            "related": {
              "href": "https://prodnvbq7vbe.main-fe.acsf.baywsf.com/jsonapi/node/answer/204563df-f885-4441-9906-4d37cf217d95/node_type?resourceVersion=id%3A37576"
            },
            "self": {
              "href": "https://prodnvbq7vbe.main-fe.acsf.baywsf.com/jsonapi/node/answer/204563df-f885-4441-9906-4d37cf217d95/relationships/node_type?resourceVersion=id%3A37576"
            }
          }
        },
        "revision_uid": {
          "data": {
            "type": "user--user",
            "id": "c48aba71-438d-44c8-a315-2803a8380004"
          },
          "links": {
            "related": {
              "href": "https://prodnvbq7vbe.main-fe.acsf.baywsf.com/jsonapi/node/answer/204563df-f885-4441-9906-4d37cf217d95/revision_uid?resourceVersion=id%3A37576"
            },
            "self": {
              "href": "https://prodnvbq7vbe.main-fe.acsf.baywsf.com/jsonapi/node/answer/204563df-f885-4441-9906-4d37cf217d95/relationships/revision_uid?resourceVersion=id%3A37576"
            }
          }
        },
        "uid": {
          "data": {
            "type": "user--user",
            "id": "c48aba71-438d-44c8-a315-2803a8380004"
          },
          "links": {
            "related": {
              "href": "https://prodnvbq7vbe.main-fe.acsf.baywsf.com/jsonapi/node/answer/204563df-f885-4441-9906-4d37cf217d95/uid?resourceVersion=id%3A37576"
            },
            "self": {
              "href": "https://prodnvbq7vbe.main-fe.acsf.baywsf.com/jsonapi/node/answer/204563df-f885-4441-9906-4d37cf217d95/relationships/uid?resourceVersion=id%3A37576"
            }
          }
        },
        "field_schema_json_ld_file": {
          "data": null,
          "links": {
            "related": {
              "href": "https://prodnvbq7vbe.main-fe.acsf.baywsf.com/jsonapi/node/answer/204563df-f885-4441-9906-4d37cf217d95/field_schema_json_ld_file?resourceVersion=id%3A37576"
            },
            "self": {
              "href": "https://prodnvbq7vbe.main-fe.acsf.baywsf.com/jsonapi/node/answer/204563df-f885-4441-9906-4d37cf217d95/relationships/field_schema_json_ld_file?resourceVersion=id%3A37576"
            }
          }
        },
        "field_answer_category": {
          "data": [],
          "links": {
            "related": {
              "href": "https://prodnvbq7vbe.main-fe.acsf.baywsf.com/jsonapi/node/answer/204563df-f885-4441-9906-4d37cf217d95/field_answer_category?resourceVersion=id%3A37576"
            },
            "self": {
              "href": "https://prodnvbq7vbe.main-fe.acsf.baywsf.com/jsonapi/node/answer/204563df-f885-4441-9906-4d37cf217d95/relationships/field_answer_category?resourceVersion=id%3A37576"
            }
          }
        },
        "field_next_question": {
          "data": null,
          "links": {
            "related": {
              "href": "https://prodnvbq7vbe.main-fe.acsf.baywsf.com/jsonapi/node/answer/204563df-f885-4441-9906-4d37cf217d95/field_next_question?resourceVersion=id%3A37576"
            },
            "self": {
              "href": "https://prodnvbq7vbe.main-fe.acsf.baywsf.com/jsonapi/node/answer/204563df-f885-4441-9906-4d37cf217d95/relationships/field_next_question?resourceVersion=id%3A37576"
            }
          }
        },
        "field_result": {
          "data": null,
          "links": {
            "related": {
              "href": "https://prodnvbq7vbe.main-fe.acsf.baywsf.com/jsonapi/node/answer/204563df-f885-4441-9906-4d37cf217d95/field_result?resourceVersion=id%3A37576"
            },
            "self": {
              "href": "https://prodnvbq7vbe.main-fe.acsf.baywsf.com/jsonapi/node/answer/204563df-f885-4441-9906-4d37cf217d95/relationships/field_result?resourceVersion=id%3A37576"
            }
          }
        }
      }
    }
  ],
  "links": {
    "self": {
      "href": "https://prodnvbq7vbe.main-fe.acsf.baywsf.com/jsonapi/node/question/249989fd-3b1f-4ef5-bd30-c355277b9895?include=field_answer"
    }
  }
}
