{
  "jsonapi": {
    "version": "1.0",
    "meta": {
      "links": {
        "self": {
          "href": "http://jsonapi.org/format/1.0/"
        }
      }
    }
  },
  "data": {
    "type": "node--question",
    "id": "362b4653-32ea-4be8-991d-c48ab1653cd2",
    "links": {
      "self": {
        "href": "https://prodnvbq7vbe.main-fe.acsf.baywsf.com/jsonapi/node/question/362b4653-32ea-4be8-991d-c48ab1653cd2?resourceVersion=id%3A37651"
      }
    },
    "attributes": {
      "drupal_internal__nid": 1731,
      "drupal_internal__vid": 37651,
      "langcode": "de",
      "revision_timestamp": "2021-03-03T19:30:12+00:00",
      "revision_log": null,
      "status": true,
      "title": "Sie können anfälliger für Scheidenpilz sein, wenn..",
      "created": "2021-03-03T19:26:31+00:00",
      "changed": "2021-03-03T19:28:55+00:00",
      "promote": false,
      "sticky": false,
      "default_langcode": true,
      "revision_translation_affected": null,
      "moderation_state": null,
      "metatag": null,
      "path": {
        "alias": null,
        "pid": null,
        "langcode": "de"
      },
      "private": false,
      "field_metatags": null,
      "content_translation_source": "und",
      "content_translation_outdated": false,
      "published_at": "2021-03-03T19:28:05+00:00",
      "field_error": null,
      "field_explanation": null,
      "field_instruction": {
        "value": "<p>choose anyone</p>\r\n",
        "format": "cohesion_without_glossify",
        "processed": "<p>choose anyone</p>\n"
      },
      "field_references": null
    },
    "relationships": {
      "node_type": {
        "data": {
          "type": "node_type--node_type",
          "id": "aa153fe2-2616-4421-849c-a146decee6a3"
        },
        "links": {
          "related": {
            "href": "https://prodnvbq7vbe.main-fe.acsf.baywsf.com/jsonapi/node/question/362b4653-32ea-4be8-991d-c48ab1653cd2/node_type?resourceVersion=id%3A37651"
          },
          "self": {
            "href": "https://prodnvbq7vbe.main-fe.acsf.baywsf.com/jsonapi/node/question/362b4653-32ea-4be8-991d-c48ab1653cd2/relationships/node_type?resourceVersion=id%3A37651"
          }
        }
      },
      "revision_uid": {
        "data": {
          "type": "user--user",
          "id": "c48aba71-438d-44c8-a315-2803a8380004"
        },
        "links": {
          "related": {
            "href": "https://prodnvbq7vbe.main-fe.acsf.baywsf.com/jsonapi/node/question/362b4653-32ea-4be8-991d-c48ab1653cd2/revision_uid?resourceVersion=id%3A37651"
          },
          "self": {
            "href": "https://prodnvbq7vbe.main-fe.acsf.baywsf.com/jsonapi/node/question/362b4653-32ea-4be8-991d-c48ab1653cd2/relationships/revision_uid?resourceVersion=id%3A37651"
          }
        }
      },
      "uid": {
        "data": {
          "type": "user--user",
          "id": "c48aba71-438d-44c8-a315-2803a8380004"
        },
        "links": {
          "related": {
            "href": "https://prodnvbq7vbe.main-fe.acsf.baywsf.com/jsonapi/node/question/362b4653-32ea-4be8-991d-c48ab1653cd2/uid?resourceVersion=id%3A37651"
          },
          "self": {
            "href": "https://prodnvbq7vbe.main-fe.acsf.baywsf.com/jsonapi/node/question/362b4653-32ea-4be8-991d-c48ab1653cd2/relationships/uid?resourceVersion=id%3A37651"
          }
        }
      },
      "field_schema_json_ld_file": {
        "data": null,
        "links": {
          "related": {
            "href": "https://prodnvbq7vbe.main-fe.acsf.baywsf.com/jsonapi/node/question/362b4653-32ea-4be8-991d-c48ab1653cd2/field_schema_json_ld_file?resourceVersion=id%3A37651"
          },
          "self": {
            "href": "https://prodnvbq7vbe.main-fe.acsf.baywsf.com/jsonapi/node/question/362b4653-32ea-4be8-991d-c48ab1653cd2/relationships/field_schema_json_ld_file?resourceVersion=id%3A37651"
          }
        }
      },
      "field_actions": {
        "data": [],
        "links": {
          "related": {
            "href": "https://prodnvbq7vbe.main-fe.acsf.baywsf.com/jsonapi/node/question/362b4653-32ea-4be8-991d-c48ab1653cd2/field_actions?resourceVersion=id%3A37651"
          },
          "self": {
            "href": "https://prodnvbq7vbe.main-fe.acsf.baywsf.com/jsonapi/node/question/362b4653-32ea-4be8-991d-c48ab1653cd2/relationships/field_actions?resourceVersion=id%3A37651"
          }
        }
      },
      "field_answer": {
        "data": [
          {
            "type": "node--answer",
            "id": "f54ad0fb-61a6-4628-aac6-e57bcba8fc1b"
          },
          {
            "type": "node--answer",
            "id": "d75e28f4-247e-4503-9c1d-a19ab71ec36d"
          },
          {
            "type": "node--answer",
            "id": "9ef30cbc-774b-4e5c-914f-4f5a97e2175e"
          }
        ],
        "links": {
          "related": {
            "href": "https://prodnvbq7vbe.main-fe.acsf.baywsf.com/jsonapi/node/question/362b4653-32ea-4be8-991d-c48ab1653cd2/field_answer?resourceVersion=id%3A37651"
          },
          "self": {
            "href": "https://prodnvbq7vbe.main-fe.acsf.baywsf.com/jsonapi/node/question/362b4653-32ea-4be8-991d-c48ab1653cd2/relationships/field_answer?resourceVersion=id%3A37651"
          }
        }
      },
      "field_correct": {
        "data": [
          {
            "type": "node--answer",
            "id": "d75e28f4-247e-4503-9c1d-a19ab71ec36d"
          }
        ],
        "links": {
          "related": {
            "href": "https://prodnvbq7vbe.main-fe.acsf.baywsf.com/jsonapi/node/question/362b4653-32ea-4be8-991d-c48ab1653cd2/field_correct?resourceVersion=id%3A37651"
          },
          "self": {
            "href": "https://prodnvbq7vbe.main-fe.acsf.baywsf.com/jsonapi/node/question/362b4653-32ea-4be8-991d-c48ab1653cd2/relationships/field_correct?resourceVersion=id%3A37651"
          }
        }
      },
      "field_question_group": {
        "data": [],
        "links": {
          "related": {
            "href": "https://prodnvbq7vbe.main-fe.acsf.baywsf.com/jsonapi/node/question/362b4653-32ea-4be8-991d-c48ab1653cd2/field_question_group?resourceVersion=id%3A37651"
          },
          "self": {
            "href": "https://prodnvbq7vbe.main-fe.acsf.baywsf.com/jsonapi/node/question/362b4653-32ea-4be8-991d-c48ab1653cd2/relationships/field_question_group?resourceVersion=id%3A37651"
          }
        }
      }
    }
  },
  "included": [
    {
      "type": "node--answer",
      "id": "f54ad0fb-61a6-4628-aac6-e57bcba8fc1b",
      "links": {
        "self": {
          "href": "https://prodnvbq7vbe.main-fe.acsf.baywsf.com/jsonapi/node/answer/f54ad0fb-61a6-4628-aac6-e57bcba8fc1b?resourceVersion=id%3A37656"
        }
      },
      "attributes": {
        "drupal_internal__nid": 1716,
        "drupal_internal__vid": 37656,
        "langcode": "de",
        "revision_timestamp": "2021-03-03T19:31:28+00:00",
        "revision_log": null,
        "status": true,
        "title": "Sie häufig Schwimmen gehen",
        "created": "2021-03-03T19:26:40+00:00",
        "changed": "2021-03-03T19:26:40+00:00",
        "promote": true,
        "sticky": false,
        "default_langcode": true,
        "revision_translation_affected": null,
        "moderation_state": null,
        "metatag": null,
        "path": {
          "alias": null,
          "pid": null,
          "langcode": "de"
        },
        "private": false,
        "field_metatags": null,
        "content_translation_source": "und",
        "content_translation_outdated": false,
        "published_at": "2021-03-03T19:28:05+00:00",
        "field_answer_summary": "FALSCH",
        "field_instruction": null
      },
      "relationships": {
        "node_type": {
          "data": {
            "type": "node_type--node_type",
            "id": "78ecfb9f-13e1-4bf3-b3b3-ceeaef39dbd6"
          },
          "links": {
            "related": {
              "href": "https://prodnvbq7vbe.main-fe.acsf.baywsf.com/jsonapi/node/answer/f54ad0fb-61a6-4628-aac6-e57bcba8fc1b/node_type?resourceVersion=id%3A37656"
            },
            "self": {
              "href": "https://prodnvbq7vbe.main-fe.acsf.baywsf.com/jsonapi/node/answer/f54ad0fb-61a6-4628-aac6-e57bcba8fc1b/relationships/node_type?resourceVersion=id%3A37656"
            }
          }
        },
        "revision_uid": {
          "data": {
            "type": "user--user",
            "id": "c48aba71-438d-44c8-a315-2803a8380004"
          },
          "links": {
            "related": {
              "href": "https://prodnvbq7vbe.main-fe.acsf.baywsf.com/jsonapi/node/answer/f54ad0fb-61a6-4628-aac6-e57bcba8fc1b/revision_uid?resourceVersion=id%3A37656"
            },
            "self": {
              "href": "https://prodnvbq7vbe.main-fe.acsf.baywsf.com/jsonapi/node/answer/f54ad0fb-61a6-4628-aac6-e57bcba8fc1b/relationships/revision_uid?resourceVersion=id%3A37656"
            }
          }
        },
        "uid": {
          "data": {
            "type": "user--user",
            "id": "c48aba71-438d-44c8-a315-2803a8380004"
          },
          "links": {
            "related": {
              "href": "https://prodnvbq7vbe.main-fe.acsf.baywsf.com/jsonapi/node/answer/f54ad0fb-61a6-4628-aac6-e57bcba8fc1b/uid?resourceVersion=id%3A37656"
            },
            "self": {
              "href": "https://prodnvbq7vbe.main-fe.acsf.baywsf.com/jsonapi/node/answer/f54ad0fb-61a6-4628-aac6-e57bcba8fc1b/relationships/uid?resourceVersion=id%3A37656"
            }
          }
        },
        "field_schema_json_ld_file": {
          "data": null,
          "links": {
            "related": {
              "href": "https://prodnvbq7vbe.main-fe.acsf.baywsf.com/jsonapi/node/answer/f54ad0fb-61a6-4628-aac6-e57bcba8fc1b/field_schema_json_ld_file?resourceVersion=id%3A37656"
            },
            "self": {
              "href": "https://prodnvbq7vbe.main-fe.acsf.baywsf.com/jsonapi/node/answer/f54ad0fb-61a6-4628-aac6-e57bcba8fc1b/relationships/field_schema_json_ld_file?resourceVersion=id%3A37656"
            }
          }
        },
        "field_answer_category": {
          "data": [],
          "links": {
            "related": {
              "href": "https://prodnvbq7vbe.main-fe.acsf.baywsf.com/jsonapi/node/answer/f54ad0fb-61a6-4628-aac6-e57bcba8fc1b/field_answer_category?resourceVersion=id%3A37656"
            },
            "self": {
              "href": "https://prodnvbq7vbe.main-fe.acsf.baywsf.com/jsonapi/node/answer/f54ad0fb-61a6-4628-aac6-e57bcba8fc1b/relationships/field_answer_category?resourceVersion=id%3A37656"
            }
          }
        },
        "field_next_question": {
          "data": null,
          "links": {
            "related": {
              "href": "https://prodnvbq7vbe.main-fe.acsf.baywsf.com/jsonapi/node/answer/f54ad0fb-61a6-4628-aac6-e57bcba8fc1b/field_next_question?resourceVersion=id%3A37656"
            },
            "self": {
              "href": "https://prodnvbq7vbe.main-fe.acsf.baywsf.com/jsonapi/node/answer/f54ad0fb-61a6-4628-aac6-e57bcba8fc1b/relationships/field_next_question?resourceVersion=id%3A37656"
            }
          }
        },
        "field_result": {
          "data": null,
          "links": {
            "related": {
              "href": "https://prodnvbq7vbe.main-fe.acsf.baywsf.com/jsonapi/node/answer/f54ad0fb-61a6-4628-aac6-e57bcba8fc1b/field_result?resourceVersion=id%3A37656"
            },
            "self": {
              "href": "https://prodnvbq7vbe.main-fe.acsf.baywsf.com/jsonapi/node/answer/f54ad0fb-61a6-4628-aac6-e57bcba8fc1b/relationships/field_result?resourceVersion=id%3A37656"
            }
          }
        }
      }
    },
    {
      "type": "node--answer",
      "id": "d75e28f4-247e-4503-9c1d-a19ab71ec36d",
      "links": {
        "self": {
          "href": "https://prodnvbq7vbe.main-fe.acsf.baywsf.com/jsonapi/node/answer/d75e28f4-247e-4503-9c1d-a19ab71ec36d?resourceVersion=id%3A37661"
        }
      },
      "attributes": {
        "drupal_internal__nid": 1721,
        "drupal_internal__vid": 37661,
        "langcode": "de",
        "revision_timestamp": "2021-03-03T19:34:59+00:00",
        "revision_log": null,
        "status": true,
        "title": "Sie Diabetes haben",
        "created": "2021-03-03T19:27:12+00:00",
        "changed": "2021-03-03T19:27:12+00:00",
        "promote": true,
        "sticky": false,
        "default_langcode": true,
        "revision_translation_affected": null,
        "moderation_state": null,
        "metatag": null,
        "path": {
          "alias": null,
          "pid": null,
          "langcode": "de"
        },
        "private": false,
        "field_metatags": null,
        "content_translation_source": "und",
        "content_translation_outdated": false,
        "published_at": "2021-03-03T19:28:05+00:00",
        "field_answer_summary": "RICHTIG",
        "field_instruction": null
      },
      "relationships": {
        "node_type": {
          "data": {
            "type": "node_type--node_type",
            "id": "78ecfb9f-13e1-4bf3-b3b3-ceeaef39dbd6"
          },
          "links": {
            "related": {
              "href": "https://prodnvbq7vbe.main-fe.acsf.baywsf.com/jsonapi/node/answer/d75e28f4-247e-4503-9c1d-a19ab71ec36d/node_type?resourceVersion=id%3A37661"
            },
            "self": {
              "href": "https://prodnvbq7vbe.main-fe.acsf.baywsf.com/jsonapi/node/answer/d75e28f4-247e-4503-9c1d-a19ab71ec36d/relationships/node_type?resourceVersion=id%3A37661"
            }
          }
        },
        "revision_uid": {
          "data": {
            "type": "user--user",
            "id": "c48aba71-438d-44c8-a315-2803a8380004"
          },
          "links": {
            "related": {
              "href": "https://prodnvbq7vbe.main-fe.acsf.baywsf.com/jsonapi/node/answer/d75e28f4-247e-4503-9c1d-a19ab71ec36d/revision_uid?resourceVersion=id%3A37661"
            },
            "self": {
              "href": "https://prodnvbq7vbe.main-fe.acsf.baywsf.com/jsonapi/node/answer/d75e28f4-247e-4503-9c1d-a19ab71ec36d/relationships/revision_uid?resourceVersion=id%3A37661"
            }
          }
        },
        "uid": {
          "data": {
            "type": "user--user",
            "id": "c48aba71-438d-44c8-a315-2803a8380004"
          },
          "links": {
            "related": {
              "href": "https://prodnvbq7vbe.main-fe.acsf.baywsf.com/jsonapi/node/answer/d75e28f4-247e-4503-9c1d-a19ab71ec36d/uid?resourceVersion=id%3A37661"
            },
            "self": {
              "href": "https://prodnvbq7vbe.main-fe.acsf.baywsf.com/jsonapi/node/answer/d75e28f4-247e-4503-9c1d-a19ab71ec36d/relationships/uid?resourceVersion=id%3A37661"
            }
          }
        },
        "field_schema_json_ld_file": {
          "data": null,
          "links": {
            "related": {
              "href": "https://prodnvbq7vbe.main-fe.acsf.baywsf.com/jsonapi/node/answer/d75e28f4-247e-4503-9c1d-a19ab71ec36d/field_schema_json_ld_file?resourceVersion=id%3A37661"
            },
            "self": {
              "href": "https://prodnvbq7vbe.main-fe.acsf.baywsf.com/jsonapi/node/answer/d75e28f4-247e-4503-9c1d-a19ab71ec36d/relationships/field_schema_json_ld_file?resourceVersion=id%3A37661"
            }
          }
        },
        "field_answer_category": {
          "data": [],
          "links": {
            "related": {
              "href": "https://prodnvbq7vbe.main-fe.acsf.baywsf.com/jsonapi/node/answer/d75e28f4-247e-4503-9c1d-a19ab71ec36d/field_answer_category?resourceVersion=id%3A37661"
            },
            "self": {
              "href": "https://prodnvbq7vbe.main-fe.acsf.baywsf.com/jsonapi/node/answer/d75e28f4-247e-4503-9c1d-a19ab71ec36d/relationships/field_answer_category?resourceVersion=id%3A37661"
            }
          }
        },
        "field_next_question": {
          "data": null,
          "links": {
            "related": {
              "href": "https://prodnvbq7vbe.main-fe.acsf.baywsf.com/jsonapi/node/answer/d75e28f4-247e-4503-9c1d-a19ab71ec36d/field_next_question?resourceVersion=id%3A37661"
            },
            "self": {
              "href": "https://prodnvbq7vbe.main-fe.acsf.baywsf.com/jsonapi/node/answer/d75e28f4-247e-4503-9c1d-a19ab71ec36d/relationships/field_next_question?resourceVersion=id%3A37661"
            }
          }
        },
        "field_result": {
          "data": null,
          "links": {
            "related": {
              "href": "https://prodnvbq7vbe.main-fe.acsf.baywsf.com/jsonapi/node/answer/d75e28f4-247e-4503-9c1d-a19ab71ec36d/field_result?resourceVersion=id%3A37661"
            },
            "self": {
              "href": "https://prodnvbq7vbe.main-fe.acsf.baywsf.com/jsonapi/node/answer/d75e28f4-247e-4503-9c1d-a19ab71ec36d/relationships/field_result?resourceVersion=id%3A37661"
            }
          }
        }
      }
    },
    {
      "type": "node--answer",
      "id": "9ef30cbc-774b-4e5c-914f-4f5a97e2175e",
      "links": {
        "self": {
          "href": "https://prodnvbq7vbe.main-fe.acsf.baywsf.com/jsonapi/node/answer/9ef30cbc-774b-4e5c-914f-4f5a97e2175e?resourceVersion=id%3A37666"
        }
      },
      "attributes": {
        "drupal_internal__nid": 1726,
        "drupal_internal__vid": 37666,
        "langcode": "de",
        "revision_timestamp": "2021-03-03T19:36:04+00:00",
        "revision_log": null,
        "status": true,
        "title": "Sie Schuppen haben",
        "created": "2021-03-03T19:27:47+00:00",
        "changed": "2021-03-03T19:27:47+00:00",
        "promote": true,
        "sticky": false,
        "default_langcode": true,
        "revision_translation_affected": null,
        "moderation_state": null,
        "metatag": null,
        "path": {
          "alias": null,
          "pid": null,
          "langcode": "de"
        },
        "private": false,
        "field_metatags": null,
        "content_translation_source": "und",
        "content_translation_outdated": false,
        "published_at": "2021-03-03T19:28:05+00:00",
        "field_answer_summary": "FALSCH",
        "field_instruction": null
      },
      "relationships": {
        "node_type": {
          "data": {
            "type": "node_type--node_type",
            "id": "78ecfb9f-13e1-4bf3-b3b3-ceeaef39dbd6"
          },
          "links": {
            "related": {
              "href": "https://prodnvbq7vbe.main-fe.acsf.baywsf.com/jsonapi/node/answer/9ef30cbc-774b-4e5c-914f-4f5a97e2175e/node_type?resourceVersion=id%3A37666"
            },
            "self": {
              "href": "https://prodnvbq7vbe.main-fe.acsf.baywsf.com/jsonapi/node/answer/9ef30cbc-774b-4e5c-914f-4f5a97e2175e/relationships/node_type?resourceVersion=id%3A37666"
            }
          }
        },
        "revision_uid": {
          "data": {
            "type": "user--user",
            "id": "c48aba71-438d-44c8-a315-2803a8380004"
          },
          "links": {
            "related": {
              "href": "https://prodnvbq7vbe.main-fe.acsf.baywsf.com/jsonapi/node/answer/9ef30cbc-774b-4e5c-914f-4f5a97e2175e/revision_uid?resourceVersion=id%3A37666"
            },
            "self": {
              "href": "https://prodnvbq7vbe.main-fe.acsf.baywsf.com/jsonapi/node/answer/9ef30cbc-774b-4e5c-914f-4f5a97e2175e/relationships/revision_uid?resourceVersion=id%3A37666"
            }
          }
        },
        "uid": {
          "data": {
            "type": "user--user",
            "id": "c48aba71-438d-44c8-a315-2803a8380004"
          },
          "links": {
            "related": {
              "href": "https://prodnvbq7vbe.main-fe.acsf.baywsf.com/jsonapi/node/answer/9ef30cbc-774b-4e5c-914f-4f5a97e2175e/uid?resourceVersion=id%3A37666"
            },
            "self": {
              "href": "https://prodnvbq7vbe.main-fe.acsf.baywsf.com/jsonapi/node/answer/9ef30cbc-774b-4e5c-914f-4f5a97e2175e/relationships/uid?resourceVersion=id%3A37666"
            }
          }
        },
        "field_schema_json_ld_file": {
          "data": null,
          "links": {
            "related": {
              "href": "https://prodnvbq7vbe.main-fe.acsf.baywsf.com/jsonapi/node/answer/9ef30cbc-774b-4e5c-914f-4f5a97e2175e/field_schema_json_ld_file?resourceVersion=id%3A37666"
            },
            "self": {
              "href": "https://prodnvbq7vbe.main-fe.acsf.baywsf.com/jsonapi/node/answer/9ef30cbc-774b-4e5c-914f-4f5a97e2175e/relationships/field_schema_json_ld_file?resourceVersion=id%3A37666"
            }
          }
        },
        "field_answer_category": {
          "data": [],
          "links": {
            "related": {
              "href": "https://prodnvbq7vbe.main-fe.acsf.baywsf.com/jsonapi/node/answer/9ef30cbc-774b-4e5c-914f-4f5a97e2175e/field_answer_category?resourceVersion=id%3A37666"
            },
            "self": {
              "href": "https://prodnvbq7vbe.main-fe.acsf.baywsf.com/jsonapi/node/answer/9ef30cbc-774b-4e5c-914f-4f5a97e2175e/relationships/field_answer_category?resourceVersion=id%3A37666"
            }
          }
        },
        "field_next_question": {
          "data": null,
          "links": {
            "related": {
              "href": "https://prodnvbq7vbe.main-fe.acsf.baywsf.com/jsonapi/node/answer/9ef30cbc-774b-4e5c-914f-4f5a97e2175e/field_next_question?resourceVersion=id%3A37666"
            },
            "self": {
              "href": "https://prodnvbq7vbe.main-fe.acsf.baywsf.com/jsonapi/node/answer/9ef30cbc-774b-4e5c-914f-4f5a97e2175e/relationships/field_next_question?resourceVersion=id%3A37666"
            }
          }
        },
        "field_result": {
          "data": null,
          "links": {
            "related": {
              "href": "https://prodnvbq7vbe.main-fe.acsf.baywsf.com/jsonapi/node/answer/9ef30cbc-774b-4e5c-914f-4f5a97e2175e/field_result?resourceVersion=id%3A37666"
            },
            "self": {
              "href": "https://prodnvbq7vbe.main-fe.acsf.baywsf.com/jsonapi/node/answer/9ef30cbc-774b-4e5c-914f-4f5a97e2175e/relationships/field_result?resourceVersion=id%3A37666"
            }
          }
        }
      }
    }
  ],
  "links": {
    "self": {
      "href": "https://prodnvbq7vbe.main-fe.acsf.baywsf.com/jsonapi/node/question/362b4653-32ea-4be8-991d-c48ab1653cd2?include=field_answer"
    }
  }
}
