{
  "jsonapi": {
    "version": "1.0",
    "meta": {
      "links": {
        "self": {
          "href": "http://jsonapi.org/format/1.0/"
        }
      }
    }
  },
  "data": {
    "type": "node--question",
    "id": "4884e25b-2c6e-4962-88ac-71d5e43c9df3",
    "links": {
      "self": {
        "href": "https://prodnvbq7vbe.main-fe.acsf.baywsf.com/jsonapi/node/question/4884e25b-2c6e-4962-88ac-71d5e43c9df3?resourceVersion=id%3A37606"
      }
    },
    "attributes": {
      "drupal_internal__nid": 1711,
      "drupal_internal__vid": 37606,
      "langcode": "de",
      "revision_timestamp": "2021-03-03T19:21:48+00:00",
      "revision_log": null,
      "status": true,
      "title": "Wie viele Frauen erkranken im Laufe ihres Lebens an Scheidenpilz?",
      "created": "2021-03-03T19:19:05+00:00",
      "changed": "2021-03-03T19:20:58+00:00",
      "promote": false,
      "sticky": false,
      "default_langcode": true,
      "revision_translation_affected": null,
      "moderation_state": null,
      "metatag": null,
      "path": {
        "alias": null,
        "pid": null,
        "langcode": "de"
      },
      "private": false,
      "field_metatags": null,
      "content_translation_source": "und",
      "content_translation_outdated": false,
      "published_at": "2021-03-03T19:20:23+00:00",
      "field_error": null,
      "field_explanation": null,
      "field_instruction": {
        "value": "<p>choose anyone</p>\r\n",
        "format": "cohesion_without_glossify",
        "processed": "<p>choose anyone</p>\n"
      },
      "field_references": null
    },
    "relationships": {
      "node_type": {
        "data": {
          "type": "node_type--node_type",
          "id": "aa153fe2-2616-4421-849c-a146decee6a3"
        },
        "links": {
          "related": {
            "href": "https://prodnvbq7vbe.main-fe.acsf.baywsf.com/jsonapi/node/question/4884e25b-2c6e-4962-88ac-71d5e43c9df3/node_type?resourceVersion=id%3A37606"
          },
          "self": {
            "href": "https://prodnvbq7vbe.main-fe.acsf.baywsf.com/jsonapi/node/question/4884e25b-2c6e-4962-88ac-71d5e43c9df3/relationships/node_type?resourceVersion=id%3A37606"
          }
        }
      },
      "revision_uid": {
        "data": {
          "type": "user--user",
          "id": "c48aba71-438d-44c8-a315-2803a8380004"
        },
        "links": {
          "related": {
            "href": "https://prodnvbq7vbe.main-fe.acsf.baywsf.com/jsonapi/node/question/4884e25b-2c6e-4962-88ac-71d5e43c9df3/revision_uid?resourceVersion=id%3A37606"
          },
          "self": {
            "href": "https://prodnvbq7vbe.main-fe.acsf.baywsf.com/jsonapi/node/question/4884e25b-2c6e-4962-88ac-71d5e43c9df3/relationships/revision_uid?resourceVersion=id%3A37606"
          }
        }
      },
      "uid": {
        "data": {
          "type": "user--user",
          "id": "c48aba71-438d-44c8-a315-2803a8380004"
        },
        "links": {
          "related": {
            "href": "https://prodnvbq7vbe.main-fe.acsf.baywsf.com/jsonapi/node/question/4884e25b-2c6e-4962-88ac-71d5e43c9df3/uid?resourceVersion=id%3A37606"
          },
          "self": {
            "href": "https://prodnvbq7vbe.main-fe.acsf.baywsf.com/jsonapi/node/question/4884e25b-2c6e-4962-88ac-71d5e43c9df3/relationships/uid?resourceVersion=id%3A37606"
          }
        }
      },
      "field_schema_json_ld_file": {
        "data": null,
        "links": {
          "related": {
            "href": "https://prodnvbq7vbe.main-fe.acsf.baywsf.com/jsonapi/node/question/4884e25b-2c6e-4962-88ac-71d5e43c9df3/field_schema_json_ld_file?resourceVersion=id%3A37606"
          },
          "self": {
            "href": "https://prodnvbq7vbe.main-fe.acsf.baywsf.com/jsonapi/node/question/4884e25b-2c6e-4962-88ac-71d5e43c9df3/relationships/field_schema_json_ld_file?resourceVersion=id%3A37606"
          }
        }
      },
      "field_actions": {
        "data": [],
        "links": {
          "related": {
            "href": "https://prodnvbq7vbe.main-fe.acsf.baywsf.com/jsonapi/node/question/4884e25b-2c6e-4962-88ac-71d5e43c9df3/field_actions?resourceVersion=id%3A37606"
          },
          "self": {
            "href": "https://prodnvbq7vbe.main-fe.acsf.baywsf.com/jsonapi/node/question/4884e25b-2c6e-4962-88ac-71d5e43c9df3/relationships/field_actions?resourceVersion=id%3A37606"
          }
        }
      },
      "field_answer": {
        "data": [
          {
            "type": "node--answer",
            "id": "ebe7f4e8-3717-469e-a3c8-6f4b3c755efc"
          },
          {
            "type": "node--answer",
            "id": "be314c35-4175-4f0f-9b77-6bca6d603ba2"
          },
          {
            "type": "node--answer",
            "id": "502530ca-30f9-48b5-ab33-ea4220bf81ea"
          }
        ],
        "links": {
          "related": {
            "href": "https://prodnvbq7vbe.main-fe.acsf.baywsf.com/jsonapi/node/question/4884e25b-2c6e-4962-88ac-71d5e43c9df3/field_answer?resourceVersion=id%3A37606"
          },
          "self": {
            "href": "https://prodnvbq7vbe.main-fe.acsf.baywsf.com/jsonapi/node/question/4884e25b-2c6e-4962-88ac-71d5e43c9df3/relationships/field_answer?resourceVersion=id%3A37606"
          }
        }
      },
      "field_correct": {
        "data": [
          {
            "type": "node--answer",
            "id": "502530ca-30f9-48b5-ab33-ea4220bf81ea"
          }
        ],
        "links": {
          "related": {
            "href": "https://prodnvbq7vbe.main-fe.acsf.baywsf.com/jsonapi/node/question/4884e25b-2c6e-4962-88ac-71d5e43c9df3/field_correct?resourceVersion=id%3A37606"
          },
          "self": {
            "href": "https://prodnvbq7vbe.main-fe.acsf.baywsf.com/jsonapi/node/question/4884e25b-2c6e-4962-88ac-71d5e43c9df3/relationships/field_correct?resourceVersion=id%3A37606"
          }
        }
      },
      "field_question_group": {
        "data": [],
        "links": {
          "related": {
            "href": "https://prodnvbq7vbe.main-fe.acsf.baywsf.com/jsonapi/node/question/4884e25b-2c6e-4962-88ac-71d5e43c9df3/field_question_group?resourceVersion=id%3A37606"
          },
          "self": {
            "href": "https://prodnvbq7vbe.main-fe.acsf.baywsf.com/jsonapi/node/question/4884e25b-2c6e-4962-88ac-71d5e43c9df3/relationships/field_question_group?resourceVersion=id%3A37606"
          }
        }
      }
    }
  },
  "included": [
    {
      "type": "node--answer",
      "id": "ebe7f4e8-3717-469e-a3c8-6f4b3c755efc",
      "links": {
        "self": {
          "href": "https://prodnvbq7vbe.main-fe.acsf.baywsf.com/jsonapi/node/answer/ebe7f4e8-3717-469e-a3c8-6f4b3c755efc?resourceVersion=id%3A37611"
        }
      },
      "attributes": {
        "drupal_internal__nid": 1696,
        "drupal_internal__vid": 37611,
        "langcode": "de",
        "revision_timestamp": "2021-03-03T19:23:06+00:00",
        "revision_log": null,
        "status": true,
        "title": "1 von 2",
        "created": "2021-03-03T19:19:13+00:00",
        "changed": "2021-03-03T19:19:13+00:00",
        "promote": true,
        "sticky": false,
        "default_langcode": true,
        "revision_translation_affected": null,
        "moderation_state": null,
        "metatag": null,
        "path": {
          "alias": null,
          "pid": null,
          "langcode": "de"
        },
        "private": false,
        "field_metatags": null,
        "content_translation_source": "und",
        "content_translation_outdated": false,
        "published_at": "2021-03-03T19:20:23+00:00",
        "field_answer_summary": "FALSCH",
        "field_instruction": null
      },
      "relationships": {
        "node_type": {
          "data": {
            "type": "node_type--node_type",
            "id": "78ecfb9f-13e1-4bf3-b3b3-ceeaef39dbd6"
          },
          "links": {
            "related": {
              "href": "https://prodnvbq7vbe.main-fe.acsf.baywsf.com/jsonapi/node/answer/ebe7f4e8-3717-469e-a3c8-6f4b3c755efc/node_type?resourceVersion=id%3A37611"
            },
            "self": {
              "href": "https://prodnvbq7vbe.main-fe.acsf.baywsf.com/jsonapi/node/answer/ebe7f4e8-3717-469e-a3c8-6f4b3c755efc/relationships/node_type?resourceVersion=id%3A37611"
            }
          }
        },
        "revision_uid": {
          "data": {
            "type": "user--user",
            "id": "c48aba71-438d-44c8-a315-2803a8380004"
          },
          "links": {
            "related": {
              "href": "https://prodnvbq7vbe.main-fe.acsf.baywsf.com/jsonapi/node/answer/ebe7f4e8-3717-469e-a3c8-6f4b3c755efc/revision_uid?resourceVersion=id%3A37611"
            },
            "self": {
              "href": "https://prodnvbq7vbe.main-fe.acsf.baywsf.com/jsonapi/node/answer/ebe7f4e8-3717-469e-a3c8-6f4b3c755efc/relationships/revision_uid?resourceVersion=id%3A37611"
            }
          }
        },
        "uid": {
          "data": {
            "type": "user--user",
            "id": "c48aba71-438d-44c8-a315-2803a8380004"
          },
          "links": {
            "related": {
              "href": "https://prodnvbq7vbe.main-fe.acsf.baywsf.com/jsonapi/node/answer/ebe7f4e8-3717-469e-a3c8-6f4b3c755efc/uid?resourceVersion=id%3A37611"
            },
            "self": {
              "href": "https://prodnvbq7vbe.main-fe.acsf.baywsf.com/jsonapi/node/answer/ebe7f4e8-3717-469e-a3c8-6f4b3c755efc/relationships/uid?resourceVersion=id%3A37611"
            }
          }
        },
        "field_schema_json_ld_file": {
          "data": null,
          "links": {
            "related": {
              "href": "https://prodnvbq7vbe.main-fe.acsf.baywsf.com/jsonapi/node/answer/ebe7f4e8-3717-469e-a3c8-6f4b3c755efc/field_schema_json_ld_file?resourceVersion=id%3A37611"
            },
            "self": {
              "href": "https://prodnvbq7vbe.main-fe.acsf.baywsf.com/jsonapi/node/answer/ebe7f4e8-3717-469e-a3c8-6f4b3c755efc/relationships/field_schema_json_ld_file?resourceVersion=id%3A37611"
            }
          }
        },
        "field_answer_category": {
          "data": [],
          "links": {
            "related": {
              "href": "https://prodnvbq7vbe.main-fe.acsf.baywsf.com/jsonapi/node/answer/ebe7f4e8-3717-469e-a3c8-6f4b3c755efc/field_answer_category?resourceVersion=id%3A37611"
            },
            "self": {
              "href": "https://prodnvbq7vbe.main-fe.acsf.baywsf.com/jsonapi/node/answer/ebe7f4e8-3717-469e-a3c8-6f4b3c755efc/relationships/field_answer_category?resourceVersion=id%3A37611"
            }
          }
        },
        "field_next_question": {
          "data": null,
          "links": {
            "related": {
              "href": "https://prodnvbq7vbe.main-fe.acsf.baywsf.com/jsonapi/node/answer/ebe7f4e8-3717-469e-a3c8-6f4b3c755efc/field_next_question?resourceVersion=id%3A37611"
            },
            "self": {
              "href": "https://prodnvbq7vbe.main-fe.acsf.baywsf.com/jsonapi/node/answer/ebe7f4e8-3717-469e-a3c8-6f4b3c755efc/relationships/field_next_question?resourceVersion=id%3A37611"
            }
          }
        },
        "field_result": {
          "data": null,
          "links": {
            "related": {
              "href": "https://prodnvbq7vbe.main-fe.acsf.baywsf.com/jsonapi/node/answer/ebe7f4e8-3717-469e-a3c8-6f4b3c755efc/field_result?resourceVersion=id%3A37611"
            },
            "self": {
              "href": "https://prodnvbq7vbe.main-fe.acsf.baywsf.com/jsonapi/node/answer/ebe7f4e8-3717-469e-a3c8-6f4b3c755efc/relationships/field_result?resourceVersion=id%3A37611"
            }
          }
        }
      }
    },
    {
      "type": "node--answer",
      "id": "be314c35-4175-4f0f-9b77-6bca6d603ba2",
      "links": {
        "self": {
          "href": "https://prodnvbq7vbe.main-fe.acsf.baywsf.com/jsonapi/node/answer/be314c35-4175-4f0f-9b77-6bca6d603ba2?resourceVersion=id%3A37616"
        }
      },
      "attributes": {
        "drupal_internal__nid": 1701,
        "drupal_internal__vid": 37616,
        "langcode": "de",
        "revision_timestamp": "2021-03-03T19:23:52+00:00",
        "revision_log": null,
        "status": true,
        "title": "1 von 4",
        "created": "2021-03-03T19:19:41+00:00",
        "changed": "2021-03-03T19:19:41+00:00",
        "promote": true,
        "sticky": false,
        "default_langcode": true,
        "revision_translation_affected": null,
        "moderation_state": null,
        "metatag": null,
        "path": {
          "alias": null,
          "pid": null,
          "langcode": "de"
        },
        "private": false,
        "field_metatags": null,
        "content_translation_source": "und",
        "content_translation_outdated": false,
        "published_at": "2021-03-03T19:20:23+00:00",
        "field_answer_summary": "FALSCH",
        "field_instruction": null
      },
      "relationships": {
        "node_type": {
          "data": {
            "type": "node_type--node_type",
            "id": "78ecfb9f-13e1-4bf3-b3b3-ceeaef39dbd6"
          },
          "links": {
            "related": {
              "href": "https://prodnvbq7vbe.main-fe.acsf.baywsf.com/jsonapi/node/answer/be314c35-4175-4f0f-9b77-6bca6d603ba2/node_type?resourceVersion=id%3A37616"
            },
            "self": {
              "href": "https://prodnvbq7vbe.main-fe.acsf.baywsf.com/jsonapi/node/answer/be314c35-4175-4f0f-9b77-6bca6d603ba2/relationships/node_type?resourceVersion=id%3A37616"
            }
          }
        },
        "revision_uid": {
          "data": {
            "type": "user--user",
            "id": "c48aba71-438d-44c8-a315-2803a8380004"
          },
          "links": {
            "related": {
              "href": "https://prodnvbq7vbe.main-fe.acsf.baywsf.com/jsonapi/node/answer/be314c35-4175-4f0f-9b77-6bca6d603ba2/revision_uid?resourceVersion=id%3A37616"
            },
            "self": {
              "href": "https://prodnvbq7vbe.main-fe.acsf.baywsf.com/jsonapi/node/answer/be314c35-4175-4f0f-9b77-6bca6d603ba2/relationships/revision_uid?resourceVersion=id%3A37616"
            }
          }
        },
        "uid": {
          "data": {
            "type": "user--user",
            "id": "c48aba71-438d-44c8-a315-2803a8380004"
          },
          "links": {
            "related": {
              "href": "https://prodnvbq7vbe.main-fe.acsf.baywsf.com/jsonapi/node/answer/be314c35-4175-4f0f-9b77-6bca6d603ba2/uid?resourceVersion=id%3A37616"
            },
            "self": {
              "href": "https://prodnvbq7vbe.main-fe.acsf.baywsf.com/jsonapi/node/answer/be314c35-4175-4f0f-9b77-6bca6d603ba2/relationships/uid?resourceVersion=id%3A37616"
            }
          }
        },
        "field_schema_json_ld_file": {
          "data": null,
          "links": {
            "related": {
              "href": "https://prodnvbq7vbe.main-fe.acsf.baywsf.com/jsonapi/node/answer/be314c35-4175-4f0f-9b77-6bca6d603ba2/field_schema_json_ld_file?resourceVersion=id%3A37616"
            },
            "self": {
              "href": "https://prodnvbq7vbe.main-fe.acsf.baywsf.com/jsonapi/node/answer/be314c35-4175-4f0f-9b77-6bca6d603ba2/relationships/field_schema_json_ld_file?resourceVersion=id%3A37616"
            }
          }
        },
        "field_answer_category": {
          "data": [],
          "links": {
            "related": {
              "href": "https://prodnvbq7vbe.main-fe.acsf.baywsf.com/jsonapi/node/answer/be314c35-4175-4f0f-9b77-6bca6d603ba2/field_answer_category?resourceVersion=id%3A37616"
            },
            "self": {
              "href": "https://prodnvbq7vbe.main-fe.acsf.baywsf.com/jsonapi/node/answer/be314c35-4175-4f0f-9b77-6bca6d603ba2/relationships/field_answer_category?resourceVersion=id%3A37616"
            }
          }
        },
        "field_next_question": {
          "data": null,
          "links": {
            "related": {
              "href": "https://prodnvbq7vbe.main-fe.acsf.baywsf.com/jsonapi/node/answer/be314c35-4175-4f0f-9b77-6bca6d603ba2/field_next_question?resourceVersion=id%3A37616"
            },
            "self": {
              "href": "https://prodnvbq7vbe.main-fe.acsf.baywsf.com/jsonapi/node/answer/be314c35-4175-4f0f-9b77-6bca6d603ba2/relationships/field_next_question?resourceVersion=id%3A37616"
            }
          }
        },
        "field_result": {
          "data": null,
          "links": {
            "related": {
              "href": "https://prodnvbq7vbe.main-fe.acsf.baywsf.com/jsonapi/node/answer/be314c35-4175-4f0f-9b77-6bca6d603ba2/field_result?resourceVersion=id%3A37616"
            },
            "self": {
              "href": "https://prodnvbq7vbe.main-fe.acsf.baywsf.com/jsonapi/node/answer/be314c35-4175-4f0f-9b77-6bca6d603ba2/relationships/field_result?resourceVersion=id%3A37616"
            }
          }
        }
      }
    },
    {
      "type": "node--answer",
      "id": "502530ca-30f9-48b5-ab33-ea4220bf81ea",
      "links": {
        "self": {
          "href": "https://prodnvbq7vbe.main-fe.acsf.baywsf.com/jsonapi/node/answer/502530ca-30f9-48b5-ab33-ea4220bf81ea?resourceVersion=id%3A37621"
        }
      },
      "attributes": {
        "drupal_internal__nid": 1706,
        "drupal_internal__vid": 37621,
        "langcode": "de",
        "revision_timestamp": "2021-03-03T19:24:59+00:00",
        "revision_log": null,
        "status": true,
        "title": "3 von 4",
        "created": "2021-03-03T19:20:09+00:00",
        "changed": "2021-03-03T19:20:09+00:00",
        "promote": true,
        "sticky": false,
        "default_langcode": true,
        "revision_translation_affected": null,
        "moderation_state": null,
        "metatag": null,
        "path": {
          "alias": null,
          "pid": null,
          "langcode": "de"
        },
        "private": false,
        "field_metatags": null,
        "content_translation_source": "und",
        "content_translation_outdated": false,
        "published_at": "2021-03-03T19:20:23+00:00",
        "field_answer_summary": "RICHTIG",
        "field_instruction": null
      },
      "relationships": {
        "node_type": {
          "data": {
            "type": "node_type--node_type",
            "id": "78ecfb9f-13e1-4bf3-b3b3-ceeaef39dbd6"
          },
          "links": {
            "related": {
              "href": "https://prodnvbq7vbe.main-fe.acsf.baywsf.com/jsonapi/node/answer/502530ca-30f9-48b5-ab33-ea4220bf81ea/node_type?resourceVersion=id%3A37621"
            },
            "self": {
              "href": "https://prodnvbq7vbe.main-fe.acsf.baywsf.com/jsonapi/node/answer/502530ca-30f9-48b5-ab33-ea4220bf81ea/relationships/node_type?resourceVersion=id%3A37621"
            }
          }
        },
        "revision_uid": {
          "data": {
            "type": "user--user",
            "id": "c48aba71-438d-44c8-a315-2803a8380004"
          },
          "links": {
            "related": {
              "href": "https://prodnvbq7vbe.main-fe.acsf.baywsf.com/jsonapi/node/answer/502530ca-30f9-48b5-ab33-ea4220bf81ea/revision_uid?resourceVersion=id%3A37621"
            },
            "self": {
              "href": "https://prodnvbq7vbe.main-fe.acsf.baywsf.com/jsonapi/node/answer/502530ca-30f9-48b5-ab33-ea4220bf81ea/relationships/revision_uid?resourceVersion=id%3A37621"
            }
          }
        },
        "uid": {
          "data": {
            "type": "user--user",
            "id": "c48aba71-438d-44c8-a315-2803a8380004"
          },
          "links": {
            "related": {
              "href": "https://prodnvbq7vbe.main-fe.acsf.baywsf.com/jsonapi/node/answer/502530ca-30f9-48b5-ab33-ea4220bf81ea/uid?resourceVersion=id%3A37621"
            },
            "self": {
              "href": "https://prodnvbq7vbe.main-fe.acsf.baywsf.com/jsonapi/node/answer/502530ca-30f9-48b5-ab33-ea4220bf81ea/relationships/uid?resourceVersion=id%3A37621"
            }
          }
        },
        "field_schema_json_ld_file": {
          "data": null,
          "links": {
            "related": {
              "href": "https://prodnvbq7vbe.main-fe.acsf.baywsf.com/jsonapi/node/answer/502530ca-30f9-48b5-ab33-ea4220bf81ea/field_schema_json_ld_file?resourceVersion=id%3A37621"
            },
            "self": {
              "href": "https://prodnvbq7vbe.main-fe.acsf.baywsf.com/jsonapi/node/answer/502530ca-30f9-48b5-ab33-ea4220bf81ea/relationships/field_schema_json_ld_file?resourceVersion=id%3A37621"
            }
          }
        },
        "field_answer_category": {
          "data": [],
          "links": {
            "related": {
              "href": "https://prodnvbq7vbe.main-fe.acsf.baywsf.com/jsonapi/node/answer/502530ca-30f9-48b5-ab33-ea4220bf81ea/field_answer_category?resourceVersion=id%3A37621"
            },
            "self": {
              "href": "https://prodnvbq7vbe.main-fe.acsf.baywsf.com/jsonapi/node/answer/502530ca-30f9-48b5-ab33-ea4220bf81ea/relationships/field_answer_category?resourceVersion=id%3A37621"
            }
          }
        },
        "field_next_question": {
          "data": null,
          "links": {
            "related": {
              "href": "https://prodnvbq7vbe.main-fe.acsf.baywsf.com/jsonapi/node/answer/502530ca-30f9-48b5-ab33-ea4220bf81ea/field_next_question?resourceVersion=id%3A37621"
            },
            "self": {
              "href": "https://prodnvbq7vbe.main-fe.acsf.baywsf.com/jsonapi/node/answer/502530ca-30f9-48b5-ab33-ea4220bf81ea/relationships/field_next_question?resourceVersion=id%3A37621"
            }
          }
        },
        "field_result": {
          "data": null,
          "links": {
            "related": {
              "href": "https://prodnvbq7vbe.main-fe.acsf.baywsf.com/jsonapi/node/answer/502530ca-30f9-48b5-ab33-ea4220bf81ea/field_result?resourceVersion=id%3A37621"
            },
            "self": {
              "href": "https://prodnvbq7vbe.main-fe.acsf.baywsf.com/jsonapi/node/answer/502530ca-30f9-48b5-ab33-ea4220bf81ea/relationships/field_result?resourceVersion=id%3A37621"
            }
          }
        }
      }
    }
  ],
  "links": {
    "self": {
      "href": "https://prodnvbq7vbe.main-fe.acsf.baywsf.com/jsonapi/node/question/4884e25b-2c6e-4962-88ac-71d5e43c9df3?include=field_answer"
    }
  }
}
