{
  "jsonapi": {
    "version": "1.0",
    "meta": {
      "links": {
        "self": {
          "href": "http://jsonapi.org/format/1.0/"
        }
      }
    }
  },
  "data": {
    "type": "node--question",
    "id": "b6108a8f-a2c9-4b85-961f-64f33743e2f2",
    "links": {
      "self": {
        "href": "https://prodnvbq7vbe.main-fe.acsf.baywsf.com/jsonapi/node/question/b6108a8f-a2c9-4b85-961f-64f33743e2f2?resourceVersion=id%3A37691"
      }
    },
    "attributes": {
      "drupal_internal__nid": 1751,
      "drupal_internal__vid": 37691,
      "langcode": "de",
      "revision_timestamp": "2021-03-03T19:40:44+00:00",
      "revision_log": null,
      "status": true,
      "title": "Was ist die Ursache für Scheidenpilz?",
      "created": "2021-03-03T19:37:59+00:00",
      "changed": "2021-03-03T19:39:21+00:00",
      "promote": false,
      "sticky": false,
      "default_langcode": true,
      "revision_translation_affected": null,
      "moderation_state": null,
      "metatag": null,
      "path": {
        "alias": null,
        "pid": null,
        "langcode": "de"
      },
      "private": false,
      "field_metatags": null,
      "content_translation_source": "und",
      "content_translation_outdated": false,
      "published_at": "2021-03-03T19:39:21+00:00",
      "field_error": null,
      "field_explanation": null,
      "field_instruction": {
        "value": "<p>choose anyone</p>\r\n",
        "format": "cohesion_without_glossify",
        "processed": "<p>choose anyone</p>\n"
      },
      "field_references": null
    },
    "relationships": {
      "node_type": {
        "data": {
          "type": "node_type--node_type",
          "id": "aa153fe2-2616-4421-849c-a146decee6a3"
        },
        "links": {
          "related": {
            "href": "https://prodnvbq7vbe.main-fe.acsf.baywsf.com/jsonapi/node/question/b6108a8f-a2c9-4b85-961f-64f33743e2f2/node_type?resourceVersion=id%3A37691"
          },
          "self": {
            "href": "https://prodnvbq7vbe.main-fe.acsf.baywsf.com/jsonapi/node/question/b6108a8f-a2c9-4b85-961f-64f33743e2f2/relationships/node_type?resourceVersion=id%3A37691"
          }
        }
      },
      "revision_uid": {
        "data": {
          "type": "user--user",
          "id": "c48aba71-438d-44c8-a315-2803a8380004"
        },
        "links": {
          "related": {
            "href": "https://prodnvbq7vbe.main-fe.acsf.baywsf.com/jsonapi/node/question/b6108a8f-a2c9-4b85-961f-64f33743e2f2/revision_uid?resourceVersion=id%3A37691"
          },
          "self": {
            "href": "https://prodnvbq7vbe.main-fe.acsf.baywsf.com/jsonapi/node/question/b6108a8f-a2c9-4b85-961f-64f33743e2f2/relationships/revision_uid?resourceVersion=id%3A37691"
          }
        }
      },
      "uid": {
        "data": {
          "type": "user--user",
          "id": "c48aba71-438d-44c8-a315-2803a8380004"
        },
        "links": {
          "related": {
            "href": "https://prodnvbq7vbe.main-fe.acsf.baywsf.com/jsonapi/node/question/b6108a8f-a2c9-4b85-961f-64f33743e2f2/uid?resourceVersion=id%3A37691"
          },
          "self": {
            "href": "https://prodnvbq7vbe.main-fe.acsf.baywsf.com/jsonapi/node/question/b6108a8f-a2c9-4b85-961f-64f33743e2f2/relationships/uid?resourceVersion=id%3A37691"
          }
        }
      },
      "field_schema_json_ld_file": {
        "data": null,
        "links": {
          "related": {
            "href": "https://prodnvbq7vbe.main-fe.acsf.baywsf.com/jsonapi/node/question/b6108a8f-a2c9-4b85-961f-64f33743e2f2/field_schema_json_ld_file?resourceVersion=id%3A37691"
          },
          "self": {
            "href": "https://prodnvbq7vbe.main-fe.acsf.baywsf.com/jsonapi/node/question/b6108a8f-a2c9-4b85-961f-64f33743e2f2/relationships/field_schema_json_ld_file?resourceVersion=id%3A37691"
          }
        }
      },
      "field_actions": {
        "data": [],
        "links": {
          "related": {
            "href": "https://prodnvbq7vbe.main-fe.acsf.baywsf.com/jsonapi/node/question/b6108a8f-a2c9-4b85-961f-64f33743e2f2/field_actions?resourceVersion=id%3A37691"
          },
          "self": {
            "href": "https://prodnvbq7vbe.main-fe.acsf.baywsf.com/jsonapi/node/question/b6108a8f-a2c9-4b85-961f-64f33743e2f2/relationships/field_actions?resourceVersion=id%3A37691"
          }
        }
      },
      "field_answer": {
        "data": [
          {
            "type": "node--answer",
            "id": "a8c91985-ff57-40a3-8afc-4e88ee004de0"
          },
          {
            "type": "node--answer",
            "id": "bfa08ef8-04b1-4f11-a9ae-547f92176dd1"
          },
          {
            "type": "node--answer",
            "id": "7b0a9413-2440-49dc-86b5-022bdda02312"
          }
        ],
        "links": {
          "related": {
            "href": "https://prodnvbq7vbe.main-fe.acsf.baywsf.com/jsonapi/node/question/b6108a8f-a2c9-4b85-961f-64f33743e2f2/field_answer?resourceVersion=id%3A37691"
          },
          "self": {
            "href": "https://prodnvbq7vbe.main-fe.acsf.baywsf.com/jsonapi/node/question/b6108a8f-a2c9-4b85-961f-64f33743e2f2/relationships/field_answer?resourceVersion=id%3A37691"
          }
        }
      },
      "field_correct": {
        "data": [],
        "links": {
          "related": {
            "href": "https://prodnvbq7vbe.main-fe.acsf.baywsf.com/jsonapi/node/question/b6108a8f-a2c9-4b85-961f-64f33743e2f2/field_correct?resourceVersion=id%3A37691"
          },
          "self": {
            "href": "https://prodnvbq7vbe.main-fe.acsf.baywsf.com/jsonapi/node/question/b6108a8f-a2c9-4b85-961f-64f33743e2f2/relationships/field_correct?resourceVersion=id%3A37691"
          }
        }
      },
      "field_question_group": {
        "data": [],
        "links": {
          "related": {
            "href": "https://prodnvbq7vbe.main-fe.acsf.baywsf.com/jsonapi/node/question/b6108a8f-a2c9-4b85-961f-64f33743e2f2/field_question_group?resourceVersion=id%3A37691"
          },
          "self": {
            "href": "https://prodnvbq7vbe.main-fe.acsf.baywsf.com/jsonapi/node/question/b6108a8f-a2c9-4b85-961f-64f33743e2f2/relationships/field_question_group?resourceVersion=id%3A37691"
          }
        }
      }
    }
  },
  "included": [
    
    {
      "type": "node--answer",
      "id": "7b0a9413-2440-49dc-86b5-022bdda02312",
      "links": {
        "self": {
          "href": "https://prodnvbq7vbe.main-fe.acsf.baywsf.com/jsonapi/node/answer/7b0a9413-2440-49dc-86b5-022bdda02312?resourceVersion=id%3A37706"
        }
      },
      "attributes": {
        "drupal_internal__nid": 1746,
        "drupal_internal__vid": 37706,
        "langcode": "de",
        "revision_timestamp": "2021-03-03T19:43:57+00:00",
        "revision_log": null,
        "status": true,
        "title": "1 Day",
        "created": "2021-03-03T19:39:15+00:00",
        "changed": "2021-03-03T19:39:15+00:00",
        "promote": true,
        "sticky": false,
        "default_langcode": true,
        "revision_translation_affected": null,
        "moderation_state": null,
        "metatag": null,
        "path": {
          "alias": null,
          "pid": null,
          "langcode": "de"
        },
        "private": false,
        "field_metatags": null,
        "content_translation_source": "und",
        "content_translation_outdated": false,
        "published_at": "2021-03-03T19:39:21+00:00",
        "field_answer_summary": {
          "value":"<p>Convenient single dose for optimal results</p>\r\n",
          "format":"cohesion_without_glossify",
          "processed":"<p>Convenient single dose for optimal results</p>\r\n"
        },
        "field_instruction": null
      },
      "relationships": {
        "node_type": {
          "data": {
            "type": "node_type--node_type",
            "id": "78ecfb9f-13e1-4bf3-b3b3-ceeaef39dbd6"
          },
          "links": {
            "related": {
              "href": "https://prodnvbq7vbe.main-fe.acsf.baywsf.com/jsonapi/node/answer/7b0a9413-2440-49dc-86b5-022bdda02312/node_type?resourceVersion=id%3A37706"
            },
            "self": {
              "href": "https://prodnvbq7vbe.main-fe.acsf.baywsf.com/jsonapi/node/answer/7b0a9413-2440-49dc-86b5-022bdda02312/relationships/node_type?resourceVersion=id%3A37706"
            }
          }
        },
        "revision_uid": {
          "data": {
            "type": "user--user",
            "id": "c48aba71-438d-44c8-a315-2803a8380004"
          },
          "links": {
            "related": {
              "href": "https://prodnvbq7vbe.main-fe.acsf.baywsf.com/jsonapi/node/answer/7b0a9413-2440-49dc-86b5-022bdda02312/revision_uid?resourceVersion=id%3A37706"
            },
            "self": {
              "href": "https://prodnvbq7vbe.main-fe.acsf.baywsf.com/jsonapi/node/answer/7b0a9413-2440-49dc-86b5-022bdda02312/relationships/revision_uid?resourceVersion=id%3A37706"
            }
          }
        },
        "uid": {
          "data": {
            "type": "user--user",
            "id": "c48aba71-438d-44c8-a315-2803a8380004"
          },
          "links": {
            "related": {
              "href": "https://prodnvbq7vbe.main-fe.acsf.baywsf.com/jsonapi/node/answer/7b0a9413-2440-49dc-86b5-022bdda02312/uid?resourceVersion=id%3A37706"
            },
            "self": {
              "href": "https://prodnvbq7vbe.main-fe.acsf.baywsf.com/jsonapi/node/answer/7b0a9413-2440-49dc-86b5-022bdda02312/relationships/uid?resourceVersion=id%3A37706"
            }
          }
        },
        "field_schema_json_ld_file": {
          "data": null,
          "links": {
            "related": {
              "href": "https://prodnvbq7vbe.main-fe.acsf.baywsf.com/jsonapi/node/answer/7b0a9413-2440-49dc-86b5-022bdda02312/field_schema_json_ld_file?resourceVersion=id%3A37706"
            },
            "self": {
              "href": "https://prodnvbq7vbe.main-fe.acsf.baywsf.com/jsonapi/node/answer/7b0a9413-2440-49dc-86b5-022bdda02312/relationships/field_schema_json_ld_file?resourceVersion=id%3A37706"
            }
          }
        },
        "field_answer_category": {
          "data": [],
          "links": {
            "related": {
              "href": "https://prodnvbq7vbe.main-fe.acsf.baywsf.com/jsonapi/node/answer/7b0a9413-2440-49dc-86b5-022bdda02312/field_answer_category?resourceVersion=id%3A37706"
            },
            "self": {
              "href": "https://prodnvbq7vbe.main-fe.acsf.baywsf.com/jsonapi/node/answer/7b0a9413-2440-49dc-86b5-022bdda02312/relationships/field_answer_category?resourceVersion=id%3A37706"
            }
          }
        },
        "field_next_question": {
          "data": null,
          "links": {
            "related": {
              "href": "https://prodnvbq7vbe.main-fe.acsf.baywsf.com/jsonapi/node/answer/7b0a9413-2440-49dc-86b5-022bdda02312/field_next_question?resourceVersion=id%3A37706"
            },
            "self": {
              "href": "https://prodnvbq7vbe.main-fe.acsf.baywsf.com/jsonapi/node/answer/7b0a9413-2440-49dc-86b5-022bdda02312/relationships/field_next_question?resourceVersion=id%3A37706"
            }
          }
        },
        "field_result": {
          "data": null,
          "links": {
            "related": {
              "href": "https://prodnvbq7vbe.main-fe.acsf.baywsf.com/jsonapi/node/answer/7b0a9413-2440-49dc-86b5-022bdda02312/field_result?resourceVersion=id%3A37706"
            },
            "self": {
              "href": "https://prodnvbq7vbe.main-fe.acsf.baywsf.com/jsonapi/node/answer/7b0a9413-2440-49dc-86b5-022bdda02312/relationships/field_result?resourceVersion=id%3A37706"
            }
          }
        }
      }
    },
    {
      "type": "node--answer",
      "id": "bfa08ef8-04b1-4f11-a9ae-547f92176dd1",
      "links": {
        "self": {
          "href": "https://prodnvbq7vbe.main-fe.acsf.baywsf.com/jsonapi/node/answer/bfa08ef8-04b1-4f11-a9ae-547f92176dd1?resourceVersion=id%3A37701"
        }
      },
      "attributes": {
        "drupal_internal__nid": 1741,
        "drupal_internal__vid": 37701,
        "langcode": "de",
        "revision_timestamp": "2021-03-03T19:43:11+00:00",
        "revision_log": null,
        "status": true,
        "title": "3 Day",
        "created": "2021-03-03T19:38:36+00:00",
        "changed": "2021-03-03T19:38:36+00:00",
        "promote": true,
        "sticky": false,
        "default_langcode": true,
        "revision_translation_affected": null,
        "moderation_state": null,
        "metatag": null,
        "path": {
          "alias": null,
          "pid": null,
          "langcode": "de"
        },
        "private": false,
        "field_metatags": null,
        "content_translation_source": "und",
        "content_translation_outdated": false,
        "published_at": "2021-03-03T19:39:21+00:00",
        "field_answer_summary": {
          "value":"<p>Feel the product take effect during treatment</p>\r\n",
          "format":"cohesion_without_glossify",
          "processed":"<p>Feel the product take effect during treatment</p>\r\n"
        },
        "field_instruction": null
      },
      "relationships": {
        "node_type": {
          "data": {
            "type": "node_type--node_type",
            "id": "78ecfb9f-13e1-4bf3-b3b3-ceeaef39dbd6"
          },
          "links": {
            "related": {
              "href": "https://prodnvbq7vbe.main-fe.acsf.baywsf.com/jsonapi/node/answer/bfa08ef8-04b1-4f11-a9ae-547f92176dd1/node_type?resourceVersion=id%3A37701"
            },
            "self": {
              "href": "https://prodnvbq7vbe.main-fe.acsf.baywsf.com/jsonapi/node/answer/bfa08ef8-04b1-4f11-a9ae-547f92176dd1/relationships/node_type?resourceVersion=id%3A37701"
            }
          }
        },
        "revision_uid": {
          "data": {
            "type": "user--user",
            "id": "c48aba71-438d-44c8-a315-2803a8380004"
          },
          "links": {
            "related": {
              "href": "https://prodnvbq7vbe.main-fe.acsf.baywsf.com/jsonapi/node/answer/bfa08ef8-04b1-4f11-a9ae-547f92176dd1/revision_uid?resourceVersion=id%3A37701"
            },
            "self": {
              "href": "https://prodnvbq7vbe.main-fe.acsf.baywsf.com/jsonapi/node/answer/bfa08ef8-04b1-4f11-a9ae-547f92176dd1/relationships/revision_uid?resourceVersion=id%3A37701"
            }
          }
        },
        "uid": {
          "data": {
            "type": "user--user",
            "id": "c48aba71-438d-44c8-a315-2803a8380004"
          },
          "links": {
            "related": {
              "href": "https://prodnvbq7vbe.main-fe.acsf.baywsf.com/jsonapi/node/answer/bfa08ef8-04b1-4f11-a9ae-547f92176dd1/uid?resourceVersion=id%3A37701"
            },
            "self": {
              "href": "https://prodnvbq7vbe.main-fe.acsf.baywsf.com/jsonapi/node/answer/bfa08ef8-04b1-4f11-a9ae-547f92176dd1/relationships/uid?resourceVersion=id%3A37701"
            }
          }
        },
        "field_schema_json_ld_file": {
          "data": null,
          "links": {
            "related": {
              "href": "https://prodnvbq7vbe.main-fe.acsf.baywsf.com/jsonapi/node/answer/bfa08ef8-04b1-4f11-a9ae-547f92176dd1/field_schema_json_ld_file?resourceVersion=id%3A37701"
            },
            "self": {
              "href": "https://prodnvbq7vbe.main-fe.acsf.baywsf.com/jsonapi/node/answer/bfa08ef8-04b1-4f11-a9ae-547f92176dd1/relationships/field_schema_json_ld_file?resourceVersion=id%3A37701"
            }
          }
        },
        "field_answer_category": {
          "data": [],
          "links": {
            "related": {
              "href": "https://prodnvbq7vbe.main-fe.acsf.baywsf.com/jsonapi/node/answer/bfa08ef8-04b1-4f11-a9ae-547f92176dd1/field_answer_category?resourceVersion=id%3A37701"
            },
            "self": {
              "href": "https://prodnvbq7vbe.main-fe.acsf.baywsf.com/jsonapi/node/answer/bfa08ef8-04b1-4f11-a9ae-547f92176dd1/relationships/field_answer_category?resourceVersion=id%3A37701"
            }
          }
        },
        "field_next_question": {
          "data": null,
          "links": {
            "related": {
              "href": "https://prodnvbq7vbe.main-fe.acsf.baywsf.com/jsonapi/node/answer/bfa08ef8-04b1-4f11-a9ae-547f92176dd1/field_next_question?resourceVersion=id%3A37701"
            },
            "self": {
              "href": "https://prodnvbq7vbe.main-fe.acsf.baywsf.com/jsonapi/node/answer/bfa08ef8-04b1-4f11-a9ae-547f92176dd1/relationships/field_next_question?resourceVersion=id%3A37701"
            }
          }
        },
        "field_result": {
          "data": null,
          "links": {
            "related": {
              "href": "https://prodnvbq7vbe.main-fe.acsf.baywsf.com/jsonapi/node/answer/bfa08ef8-04b1-4f11-a9ae-547f92176dd1/field_result?resourceVersion=id%3A37701"
            },
            "self": {
              "href": "https://prodnvbq7vbe.main-fe.acsf.baywsf.com/jsonapi/node/answer/bfa08ef8-04b1-4f11-a9ae-547f92176dd1/relationships/field_result?resourceVersion=id%3A37701"
            }
          }
        }
      }
    },
    {
      "type": "node--answer",
      "id": "a8c91985-ff57-40a3-8afc-4e88ee004de0",
      "links": {
        "self": {
          "href": "https://prodnvbq7vbe.main-fe.acsf.baywsf.com/jsonapi/node/answer/a8c91985-ff57-40a3-8afc-4e88ee004de0?resourceVersion=id%3A37696"
        }
      },
      "attributes": {
        "drupal_internal__nid": 1736,
        "drupal_internal__vid": 37696,
        "langcode": "de",
        "revision_timestamp": "2021-03-03T19:42:17+00:00",
        "revision_log": null,
        "status": true,
        "title": "6 Day",
        "created": "2021-03-03T19:38:08+00:00",
        "changed": "2021-03-03T19:38:08+00:00",
        "promote": true,
        "sticky": false,
        "default_langcode": true,
        "revision_translation_affected": null,
        "moderation_state": null,
        "metatag": null,
        "path": {
          "alias": null,
          "pid": null,
          "langcode": "de"
        },
        "private": false,
        "field_metatags": null,
        "content_translation_source": "und",
        "content_translation_outdated": false,
        "published_at": "2021-03-03T19:39:21+00:00",
        "field_answer_summary":  {
          "value":"<p>For those who prefer to treat for longer, or who experience repeat episodes of thrush</p>\r\n",
          "format":"cohesion_without_glossify",
          "processed":"<p>For those who prefer to treat for longer, or who experience repeat episodes of thrush</p>\r\n"
        },
        "field_instruction": null
      },
      "relationships": {
        "node_type": {
          "data": {
            "type": "node_type--node_type",
            "id": "78ecfb9f-13e1-4bf3-b3b3-ceeaef39dbd6"
          },
          "links": {
            "related": {
              "href": "https://prodnvbq7vbe.main-fe.acsf.baywsf.com/jsonapi/node/answer/a8c91985-ff57-40a3-8afc-4e88ee004de0/node_type?resourceVersion=id%3A37696"
            },
            "self": {
              "href": "https://prodnvbq7vbe.main-fe.acsf.baywsf.com/jsonapi/node/answer/a8c91985-ff57-40a3-8afc-4e88ee004de0/relationships/node_type?resourceVersion=id%3A37696"
            }
          }
        },
        "revision_uid": {
          "data": {
            "type": "user--user",
            "id": "c48aba71-438d-44c8-a315-2803a8380004"
          },
          "links": {
            "related": {
              "href": "https://prodnvbq7vbe.main-fe.acsf.baywsf.com/jsonapi/node/answer/a8c91985-ff57-40a3-8afc-4e88ee004de0/revision_uid?resourceVersion=id%3A37696"
            },
            "self": {
              "href": "https://prodnvbq7vbe.main-fe.acsf.baywsf.com/jsonapi/node/answer/a8c91985-ff57-40a3-8afc-4e88ee004de0/relationships/revision_uid?resourceVersion=id%3A37696"
            }
          }
        },
        "uid": {
          "data": {
            "type": "user--user",
            "id": "c48aba71-438d-44c8-a315-2803a8380004"
          },
          "links": {
            "related": {
              "href": "https://prodnvbq7vbe.main-fe.acsf.baywsf.com/jsonapi/node/answer/a8c91985-ff57-40a3-8afc-4e88ee004de0/uid?resourceVersion=id%3A37696"
            },
            "self": {
              "href": "https://prodnvbq7vbe.main-fe.acsf.baywsf.com/jsonapi/node/answer/a8c91985-ff57-40a3-8afc-4e88ee004de0/relationships/uid?resourceVersion=id%3A37696"
            }
          }
        },
        "field_schema_json_ld_file": {
          "data": null,
          "links": {
            "related": {
              "href": "https://prodnvbq7vbe.main-fe.acsf.baywsf.com/jsonapi/node/answer/a8c91985-ff57-40a3-8afc-4e88ee004de0/field_schema_json_ld_file?resourceVersion=id%3A37696"
            },
            "self": {
              "href": "https://prodnvbq7vbe.main-fe.acsf.baywsf.com/jsonapi/node/answer/a8c91985-ff57-40a3-8afc-4e88ee004de0/relationships/field_schema_json_ld_file?resourceVersion=id%3A37696"
            }
          }
        },
        "field_answer_category": {
          "data": [],
          "links": {
            "related": {
              "href": "https://prodnvbq7vbe.main-fe.acsf.baywsf.com/jsonapi/node/answer/a8c91985-ff57-40a3-8afc-4e88ee004de0/field_answer_category?resourceVersion=id%3A37696"
            },
            "self": {
              "href": "https://prodnvbq7vbe.main-fe.acsf.baywsf.com/jsonapi/node/answer/a8c91985-ff57-40a3-8afc-4e88ee004de0/relationships/field_answer_category?resourceVersion=id%3A37696"
            }
          }
        },
        "field_next_question": {
          "data": null,
          "links": {
            "related": {
              "href": "https://prodnvbq7vbe.main-fe.acsf.baywsf.com/jsonapi/node/answer/a8c91985-ff57-40a3-8afc-4e88ee004de0/field_next_question?resourceVersion=id%3A37696"
            },
            "self": {
              "href": "https://prodnvbq7vbe.main-fe.acsf.baywsf.com/jsonapi/node/answer/a8c91985-ff57-40a3-8afc-4e88ee004de0/relationships/field_next_question?resourceVersion=id%3A37696"
            }
          }
        },
        "field_result": {
          "data": null,
          "links": {
            "related": {
              "href": "https://prodnvbq7vbe.main-fe.acsf.baywsf.com/jsonapi/node/answer/a8c91985-ff57-40a3-8afc-4e88ee004de0/field_result?resourceVersion=id%3A37696"
            },
            "self": {
              "href": "https://prodnvbq7vbe.main-fe.acsf.baywsf.com/jsonapi/node/answer/a8c91985-ff57-40a3-8afc-4e88ee004de0/relationships/field_result?resourceVersion=id%3A37696"
            }
          }
        }
      }
    }
    
  ],
  "links": {
    "self": {
      "href": "https://prodnvbq7vbe.main-fe.acsf.baywsf.com/jsonapi/node/question/b6108a8f-a2c9-4b85-961f-64f33743e2f2?include=field_answer"
    }
  }
}
