{
  "jsonapi": {
    "version": "1.0",
    "meta": {
      "links": { "self": { "href": "http://jsonapi.org/format/1.0/" } }
    }
  },
  "data": {
    "type": "node--question",
    "id": "47d2a9e8-edb4-493f-b95c-181155c460d3",
    "links": {
      "self": {
        "href": "https://prod30y1a5s6.main.acsf.baywsf.com/jsonapi/node/question/47d2a9e8-edb4-493f-b95c-181155c460d3?resourceVersion=id%3A45351"
      }
    },
    "attributes": {
      "drupal_internal__nid": 1996,
      "drupal_internal__vid": 45351,
      "langcode": "en",
      "revision_timestamp": "2021-10-28T06:45:45+00:00",
      "revision_log": null,
      "status": true,
      "title": "Are you currently experiencing any of the following symptoms:",
      "created": "2021-10-28T06:45:45+00:00",
      "changed": "2021-10-28T06:45:45+00:00",
      "promote": false,
      "sticky": false,
      "default_langcode": true,
      "revision_translation_affected": true,
      "moderation_state": null,
      "metatag": null,
      "path": { "alias": null, "pid": null, "langcode": "en" },
      "private": false,
      "field_metatags": null,
      "content_translation_source": "und",
      "content_translation_outdated": false,
      "published_at": "2021-10-28T06:45:45+00:00",
      "field_error": null,
      "field_explanation": null,
      "field_instruction": {
        "value": "\u003Cp\u003Etick all which apply\u003C/p\u003E\r\n",
        "format": "cohesion_without_glossify",
        "processed": "\u003Cp\u003Etick all which apply\u003C/p\u003E\n"
      },
      "field_references": null
    },
    "relationships": {
      "node_type": {
        "data": {
          "type": "node_type--node_type",
          "id": "aa153fe2-2616-4421-849c-a146decee6a3"
        },
        "links": {
          "related": {
            "href": "https://prod30y1a5s6.main.acsf.baywsf.com/jsonapi/node/question/47d2a9e8-edb4-493f-b95c-181155c460d3/node_type?resourceVersion=id%3A45351"
          },
          "self": {
            "href": "https://prod30y1a5s6.main.acsf.baywsf.com/jsonapi/node/question/47d2a9e8-edb4-493f-b95c-181155c460d3/relationships/node_type?resourceVersion=id%3A45351"
          }
        }
      },
      "revision_uid": {
        "data": {
          "type": "user--user",
          "id": "041f4482-fdb0-482d-b2c2-dfaeffadd4f0"
        },
        "links": {
          "related": {
            "href": "https://prod30y1a5s6.main.acsf.baywsf.com/jsonapi/node/question/47d2a9e8-edb4-493f-b95c-181155c460d3/revision_uid?resourceVersion=id%3A45351"
          },
          "self": {
            "href": "https://prod30y1a5s6.main.acsf.baywsf.com/jsonapi/node/question/47d2a9e8-edb4-493f-b95c-181155c460d3/relationships/revision_uid?resourceVersion=id%3A45351"
          }
        }
      },
      "uid": {
        "data": {
          "type": "user--user",
          "id": "041f4482-fdb0-482d-b2c2-dfaeffadd4f0"
        },
        "links": {
          "related": {
            "href": "https://prod30y1a5s6.main.acsf.baywsf.com/jsonapi/node/question/47d2a9e8-edb4-493f-b95c-181155c460d3/uid?resourceVersion=id%3A45351"
          },
          "self": {
            "href": "https://prod30y1a5s6.main.acsf.baywsf.com/jsonapi/node/question/47d2a9e8-edb4-493f-b95c-181155c460d3/relationships/uid?resourceVersion=id%3A45351"
          }
        }
      },
      "field_schema_json_ld_file": {
        "data": null,
        "links": {
          "related": {
            "href": "https://prod30y1a5s6.main.acsf.baywsf.com/jsonapi/node/question/47d2a9e8-edb4-493f-b95c-181155c460d3/field_schema_json_ld_file?resourceVersion=id%3A45351"
          },
          "self": {
            "href": "https://prod30y1a5s6.main.acsf.baywsf.com/jsonapi/node/question/47d2a9e8-edb4-493f-b95c-181155c460d3/relationships/field_schema_json_ld_file?resourceVersion=id%3A45351"
          }
        }
      },
      "field_actions": {
        "data": [],
        "links": {
          "related": {
            "href": "https://prod30y1a5s6.main.acsf.baywsf.com/jsonapi/node/question/47d2a9e8-edb4-493f-b95c-181155c460d3/field_actions?resourceVersion=id%3A45351"
          },
          "self": {
            "href": "https://prod30y1a5s6.main.acsf.baywsf.com/jsonapi/node/question/47d2a9e8-edb4-493f-b95c-181155c460d3/relationships/field_actions?resourceVersion=id%3A45351"
          }
        }
      },
      "field_answer": {
        "data": [
          {
            "type": "node--answer",
            "id": "8a7e25d3-5170-45ee-b9d5-635015779420"
          },
          {
            "type": "node--answer",
            "id": "5b3e3640-3840-4cd0-83af-00917d071702"
          },
          {
            "type": "node--answer",
            "id": "94cf8713-8c56-4286-993d-eafdc6a3f1a1"
          },
          {
            "type": "node--answer",
            "id": "8868532f-e97e-446e-86d8-4b4a5d0f2db0"
          },
          {
            "type": "node--answer",
            "id": "6b5dcc2c-925d-4cad-87dd-0919b198e798"
          },
          {
            "type": "node--answer",
            "id": "36aa94ff-f96d-430d-a8a7-dc0fd5132cef"
          }
        ],
        "links": {
          "related": {
            "href": "https://prod30y1a5s6.main.acsf.baywsf.com/jsonapi/node/question/47d2a9e8-edb4-493f-b95c-181155c460d3/field_answer?resourceVersion=id%3A45351"
          },
          "self": {
            "href": "https://prod30y1a5s6.main.acsf.baywsf.com/jsonapi/node/question/47d2a9e8-edb4-493f-b95c-181155c460d3/relationships/field_answer?resourceVersion=id%3A45351"
          }
        }
      },
      "field_correct": {
        "data": [],
        "links": {
          "related": {
            "href": "https://prod30y1a5s6.main.acsf.baywsf.com/jsonapi/node/question/47d2a9e8-edb4-493f-b95c-181155c460d3/field_correct?resourceVersion=id%3A45351"
          },
          "self": {
            "href": "https://prod30y1a5s6.main.acsf.baywsf.com/jsonapi/node/question/47d2a9e8-edb4-493f-b95c-181155c460d3/relationships/field_correct?resourceVersion=id%3A45351"
          }
        }
      },
      "field_question_group": {
        "data": [],
        "links": {
          "related": {
            "href": "https://prod30y1a5s6.main.acsf.baywsf.com/jsonapi/node/question/47d2a9e8-edb4-493f-b95c-181155c460d3/field_question_group?resourceVersion=id%3A45351"
          },
          "self": {
            "href": "https://prod30y1a5s6.main.acsf.baywsf.com/jsonapi/node/question/47d2a9e8-edb4-493f-b95c-181155c460d3/relationships/field_question_group?resourceVersion=id%3A45351"
          }
        }
      }
    }
  },
  "included": [
    {
      "type": "node--answer",
      "id": "8a7e25d3-5170-45ee-b9d5-635015779420",
      "links": {
        "self": {
          "href": "https://prod30y1a5s6.main.acsf.baywsf.com/jsonapi/node/answer/8a7e25d3-5170-45ee-b9d5-635015779420?resourceVersion=id%3A45321"
        }
      },
      "attributes": {
        "drupal_internal__nid": 1966,
        "drupal_internal__vid": 45321,
        "langcode": "en",
        "revision_timestamp": "2021-10-28T06:40:53+00:00",
        "revision_log": null,
        "status": true,
        "title": "unpleasant smelling discharge",
        "created": "2021-10-28T06:40:53+00:00",
        "changed": "2021-10-28T06:40:53+00:00",
        "promote": true,
        "sticky": false,
        "default_langcode": true,
        "revision_translation_affected": true,
        "moderation_state": null,
        "metatag": null,
        "path": { "alias": null, "pid": null, "langcode": "en" },
        "private": false,
        "field_metatags": null,
        "content_translation_source": "und",
        "content_translation_outdated": false,
        "published_at": "2021-10-28T06:45:45+00:00",
        "field_answer_summary": null,
        "field_instruction": null
      },
      "relationships": {
        "node_type": {
          "data": {
            "type": "node_type--node_type",
            "id": "78ecfb9f-13e1-4bf3-b3b3-ceeaef39dbd6"
          },
          "links": {
            "related": {
              "href": "https://prod30y1a5s6.main.acsf.baywsf.com/jsonapi/node/answer/8a7e25d3-5170-45ee-b9d5-635015779420/node_type?resourceVersion=id%3A45321"
            },
            "self": {
              "href": "https://prod30y1a5s6.main.acsf.baywsf.com/jsonapi/node/answer/8a7e25d3-5170-45ee-b9d5-635015779420/relationships/node_type?resourceVersion=id%3A45321"
            }
          }
        },
        "revision_uid": {
          "data": {
            "type": "user--user",
            "id": "041f4482-fdb0-482d-b2c2-dfaeffadd4f0"
          },
          "links": {
            "related": {
              "href": "https://prod30y1a5s6.main.acsf.baywsf.com/jsonapi/node/answer/8a7e25d3-5170-45ee-b9d5-635015779420/revision_uid?resourceVersion=id%3A45321"
            },
            "self": {
              "href": "https://prod30y1a5s6.main.acsf.baywsf.com/jsonapi/node/answer/8a7e25d3-5170-45ee-b9d5-635015779420/relationships/revision_uid?resourceVersion=id%3A45321"
            }
          }
        },
        "uid": {
          "data": {
            "type": "user--user",
            "id": "041f4482-fdb0-482d-b2c2-dfaeffadd4f0"
          },
          "links": {
            "related": {
              "href": "https://prod30y1a5s6.main.acsf.baywsf.com/jsonapi/node/answer/8a7e25d3-5170-45ee-b9d5-635015779420/uid?resourceVersion=id%3A45321"
            },
            "self": {
              "href": "https://prod30y1a5s6.main.acsf.baywsf.com/jsonapi/node/answer/8a7e25d3-5170-45ee-b9d5-635015779420/relationships/uid?resourceVersion=id%3A45321"
            }
          }
        },
        "field_schema_json_ld_file": {
          "data": null,
          "links": {
            "related": {
              "href": "https://prod30y1a5s6.main.acsf.baywsf.com/jsonapi/node/answer/8a7e25d3-5170-45ee-b9d5-635015779420/field_schema_json_ld_file?resourceVersion=id%3A45321"
            },
            "self": {
              "href": "https://prod30y1a5s6.main.acsf.baywsf.com/jsonapi/node/answer/8a7e25d3-5170-45ee-b9d5-635015779420/relationships/field_schema_json_ld_file?resourceVersion=id%3A45321"
            }
          }
        },
        "field_answer_category": {
          "data": [],
          "links": {
            "related": {
              "href": "https://prod30y1a5s6.main.acsf.baywsf.com/jsonapi/node/answer/8a7e25d3-5170-45ee-b9d5-635015779420/field_answer_category?resourceVersion=id%3A45321"
            },
            "self": {
              "href": "https://prod30y1a5s6.main.acsf.baywsf.com/jsonapi/node/answer/8a7e25d3-5170-45ee-b9d5-635015779420/relationships/field_answer_category?resourceVersion=id%3A45321"
            }
          }
        },
        "field_next_question": {
          "data": null,
          "links": {
            "related": {
              "href": "https://prod30y1a5s6.main.acsf.baywsf.com/jsonapi/node/answer/8a7e25d3-5170-45ee-b9d5-635015779420/field_next_question?resourceVersion=id%3A45321"
            },
            "self": {
              "href": "https://prod30y1a5s6.main.acsf.baywsf.com/jsonapi/node/answer/8a7e25d3-5170-45ee-b9d5-635015779420/relationships/field_next_question?resourceVersion=id%3A45321"
            }
          }
        },
        "field_result": {
          "data": null,
          "links": {
            "related": {
              "href": "https://prod30y1a5s6.main.acsf.baywsf.com/jsonapi/node/answer/8a7e25d3-5170-45ee-b9d5-635015779420/field_result?resourceVersion=id%3A45321"
            },
            "self": {
              "href": "https://prod30y1a5s6.main.acsf.baywsf.com/jsonapi/node/answer/8a7e25d3-5170-45ee-b9d5-635015779420/relationships/field_result?resourceVersion=id%3A45321"
            }
          }
        }
      }
    },
    {
      "type": "node--answer",
      "id": "5b3e3640-3840-4cd0-83af-00917d071702",
      "links": {
        "self": {
          "href": "https://prod30y1a5s6.main.acsf.baywsf.com/jsonapi/node/answer/5b3e3640-3840-4cd0-83af-00917d071702?resourceVersion=id%3A45326"
        }
      },
      "attributes": {
        "drupal_internal__nid": 1971,
        "drupal_internal__vid": 45326,
        "langcode": "en",
        "revision_timestamp": "2021-10-28T06:41:18+00:00",
        "revision_log": null,
        "status": true,
        "title": "unusual coloured or blood-stained discharge",
        "created": "2021-10-28T06:41:18+00:00",
        "changed": "2021-10-28T06:41:18+00:00",
        "promote": true,
        "sticky": false,
        "default_langcode": true,
        "revision_translation_affected": true,
        "moderation_state": null,
        "metatag": null,
        "path": { "alias": null, "pid": null, "langcode": "en" },
        "private": false,
        "field_metatags": null,
        "content_translation_source": "und",
        "content_translation_outdated": false,
        "published_at": "2021-10-28T06:45:45+00:00",
        "field_answer_summary": null,
        "field_instruction": null
      },
      "relationships": {
        "node_type": {
          "data": {
            "type": "node_type--node_type",
            "id": "78ecfb9f-13e1-4bf3-b3b3-ceeaef39dbd6"
          },
          "links": {
            "related": {
              "href": "https://prod30y1a5s6.main.acsf.baywsf.com/jsonapi/node/answer/5b3e3640-3840-4cd0-83af-00917d071702/node_type?resourceVersion=id%3A45326"
            },
            "self": {
              "href": "https://prod30y1a5s6.main.acsf.baywsf.com/jsonapi/node/answer/5b3e3640-3840-4cd0-83af-00917d071702/relationships/node_type?resourceVersion=id%3A45326"
            }
          }
        },
        "revision_uid": {
          "data": {
            "type": "user--user",
            "id": "041f4482-fdb0-482d-b2c2-dfaeffadd4f0"
          },
          "links": {
            "related": {
              "href": "https://prod30y1a5s6.main.acsf.baywsf.com/jsonapi/node/answer/5b3e3640-3840-4cd0-83af-00917d071702/revision_uid?resourceVersion=id%3A45326"
            },
            "self": {
              "href": "https://prod30y1a5s6.main.acsf.baywsf.com/jsonapi/node/answer/5b3e3640-3840-4cd0-83af-00917d071702/relationships/revision_uid?resourceVersion=id%3A45326"
            }
          }
        },
        "uid": {
          "data": {
            "type": "user--user",
            "id": "041f4482-fdb0-482d-b2c2-dfaeffadd4f0"
          },
          "links": {
            "related": {
              "href": "https://prod30y1a5s6.main.acsf.baywsf.com/jsonapi/node/answer/5b3e3640-3840-4cd0-83af-00917d071702/uid?resourceVersion=id%3A45326"
            },
            "self": {
              "href": "https://prod30y1a5s6.main.acsf.baywsf.com/jsonapi/node/answer/5b3e3640-3840-4cd0-83af-00917d071702/relationships/uid?resourceVersion=id%3A45326"
            }
          }
        },
        "field_schema_json_ld_file": {
          "data": null,
          "links": {
            "related": {
              "href": "https://prod30y1a5s6.main.acsf.baywsf.com/jsonapi/node/answer/5b3e3640-3840-4cd0-83af-00917d071702/field_schema_json_ld_file?resourceVersion=id%3A45326"
            },
            "self": {
              "href": "https://prod30y1a5s6.main.acsf.baywsf.com/jsonapi/node/answer/5b3e3640-3840-4cd0-83af-00917d071702/relationships/field_schema_json_ld_file?resourceVersion=id%3A45326"
            }
          }
        },
        "field_answer_category": {
          "data": [],
          "links": {
            "related": {
              "href": "https://prod30y1a5s6.main.acsf.baywsf.com/jsonapi/node/answer/5b3e3640-3840-4cd0-83af-00917d071702/field_answer_category?resourceVersion=id%3A45326"
            },
            "self": {
              "href": "https://prod30y1a5s6.main.acsf.baywsf.com/jsonapi/node/answer/5b3e3640-3840-4cd0-83af-00917d071702/relationships/field_answer_category?resourceVersion=id%3A45326"
            }
          }
        },
        "field_next_question": {
          "data": null,
          "links": {
            "related": {
              "href": "https://prod30y1a5s6.main.acsf.baywsf.com/jsonapi/node/answer/5b3e3640-3840-4cd0-83af-00917d071702/field_next_question?resourceVersion=id%3A45326"
            },
            "self": {
              "href": "https://prod30y1a5s6.main.acsf.baywsf.com/jsonapi/node/answer/5b3e3640-3840-4cd0-83af-00917d071702/relationships/field_next_question?resourceVersion=id%3A45326"
            }
          }
        },
        "field_result": {
          "data": null,
          "links": {
            "related": {
              "href": "https://prod30y1a5s6.main.acsf.baywsf.com/jsonapi/node/answer/5b3e3640-3840-4cd0-83af-00917d071702/field_result?resourceVersion=id%3A45326"
            },
            "self": {
              "href": "https://prod30y1a5s6.main.acsf.baywsf.com/jsonapi/node/answer/5b3e3640-3840-4cd0-83af-00917d071702/relationships/field_result?resourceVersion=id%3A45326"
            }
          }
        }
      }
    },
    {
      "type": "node--answer",
      "id": "94cf8713-8c56-4286-993d-eafdc6a3f1a1",
      "links": {
        "self": {
          "href": "https://prod30y1a5s6.main.acsf.baywsf.com/jsonapi/node/answer/94cf8713-8c56-4286-993d-eafdc6a3f1a1?resourceVersion=id%3A45331"
        }
      },
      "attributes": {
        "drupal_internal__nid": 1976,
        "drupal_internal__vid": 45331,
        "langcode": "en",
        "revision_timestamp": "2021-10-28T06:42:07+00:00",
        "revision_log": null,
        "status": true,
        "title": "blisters or sores",
        "created": "2021-10-28T06:42:07+00:00",
        "changed": "2021-10-28T06:42:07+00:00",
        "promote": true,
        "sticky": false,
        "default_langcode": true,
        "revision_translation_affected": true,
        "moderation_state": null,
        "metatag": null,
        "path": { "alias": null, "pid": null, "langcode": "en" },
        "private": false,
        "field_metatags": null,
        "content_translation_source": "und",
        "content_translation_outdated": false,
        "published_at": "2021-10-28T06:45:45+00:00",
        "field_answer_summary": null,
        "field_instruction": null
      },
      "relationships": {
        "node_type": {
          "data": {
            "type": "node_type--node_type",
            "id": "78ecfb9f-13e1-4bf3-b3b3-ceeaef39dbd6"
          },
          "links": {
            "related": {
              "href": "https://prod30y1a5s6.main.acsf.baywsf.com/jsonapi/node/answer/94cf8713-8c56-4286-993d-eafdc6a3f1a1/node_type?resourceVersion=id%3A45331"
            },
            "self": {
              "href": "https://prod30y1a5s6.main.acsf.baywsf.com/jsonapi/node/answer/94cf8713-8c56-4286-993d-eafdc6a3f1a1/relationships/node_type?resourceVersion=id%3A45331"
            }
          }
        },
        "revision_uid": {
          "data": {
            "type": "user--user",
            "id": "041f4482-fdb0-482d-b2c2-dfaeffadd4f0"
          },
          "links": {
            "related": {
              "href": "https://prod30y1a5s6.main.acsf.baywsf.com/jsonapi/node/answer/94cf8713-8c56-4286-993d-eafdc6a3f1a1/revision_uid?resourceVersion=id%3A45331"
            },
            "self": {
              "href": "https://prod30y1a5s6.main.acsf.baywsf.com/jsonapi/node/answer/94cf8713-8c56-4286-993d-eafdc6a3f1a1/relationships/revision_uid?resourceVersion=id%3A45331"
            }
          }
        },
        "uid": {
          "data": {
            "type": "user--user",
            "id": "041f4482-fdb0-482d-b2c2-dfaeffadd4f0"
          },
          "links": {
            "related": {
              "href": "https://prod30y1a5s6.main.acsf.baywsf.com/jsonapi/node/answer/94cf8713-8c56-4286-993d-eafdc6a3f1a1/uid?resourceVersion=id%3A45331"
            },
            "self": {
              "href": "https://prod30y1a5s6.main.acsf.baywsf.com/jsonapi/node/answer/94cf8713-8c56-4286-993d-eafdc6a3f1a1/relationships/uid?resourceVersion=id%3A45331"
            }
          }
        },
        "field_schema_json_ld_file": {
          "data": null,
          "links": {
            "related": {
              "href": "https://prod30y1a5s6.main.acsf.baywsf.com/jsonapi/node/answer/94cf8713-8c56-4286-993d-eafdc6a3f1a1/field_schema_json_ld_file?resourceVersion=id%3A45331"
            },
            "self": {
              "href": "https://prod30y1a5s6.main.acsf.baywsf.com/jsonapi/node/answer/94cf8713-8c56-4286-993d-eafdc6a3f1a1/relationships/field_schema_json_ld_file?resourceVersion=id%3A45331"
            }
          }
        },
        "field_answer_category": {
          "data": [],
          "links": {
            "related": {
              "href": "https://prod30y1a5s6.main.acsf.baywsf.com/jsonapi/node/answer/94cf8713-8c56-4286-993d-eafdc6a3f1a1/field_answer_category?resourceVersion=id%3A45331"
            },
            "self": {
              "href": "https://prod30y1a5s6.main.acsf.baywsf.com/jsonapi/node/answer/94cf8713-8c56-4286-993d-eafdc6a3f1a1/relationships/field_answer_category?resourceVersion=id%3A45331"
            }
          }
        },
        "field_next_question": {
          "data": null,
          "links": {
            "related": {
              "href": "https://prod30y1a5s6.main.acsf.baywsf.com/jsonapi/node/answer/94cf8713-8c56-4286-993d-eafdc6a3f1a1/field_next_question?resourceVersion=id%3A45331"
            },
            "self": {
              "href": "https://prod30y1a5s6.main.acsf.baywsf.com/jsonapi/node/answer/94cf8713-8c56-4286-993d-eafdc6a3f1a1/relationships/field_next_question?resourceVersion=id%3A45331"
            }
          }
        },
        "field_result": {
          "data": null,
          "links": {
            "related": {
              "href": "https://prod30y1a5s6.main.acsf.baywsf.com/jsonapi/node/answer/94cf8713-8c56-4286-993d-eafdc6a3f1a1/field_result?resourceVersion=id%3A45331"
            },
            "self": {
              "href": "https://prod30y1a5s6.main.acsf.baywsf.com/jsonapi/node/answer/94cf8713-8c56-4286-993d-eafdc6a3f1a1/relationships/field_result?resourceVersion=id%3A45331"
            }
          }
        }
      }
    },
    {
      "type": "node--answer",
      "id": "8868532f-e97e-446e-86d8-4b4a5d0f2db0",
      "links": {
        "self": {
          "href": "https://prod30y1a5s6.main.acsf.baywsf.com/jsonapi/node/answer/8868532f-e97e-446e-86d8-4b4a5d0f2db0?resourceVersion=id%3A45336"
        }
      },
      "attributes": {
        "drupal_internal__nid": 1981,
        "drupal_internal__vid": 45336,
        "langcode": "en",
        "revision_timestamp": "2021-10-28T06:43:08+00:00",
        "revision_log": null,
        "status": true,
        "title": "abnormal bleeding",
        "created": "2021-10-28T06:43:08+00:00",
        "changed": "2021-10-28T06:43:08+00:00",
        "promote": true,
        "sticky": false,
        "default_langcode": true,
        "revision_translation_affected": true,
        "moderation_state": null,
        "metatag": null,
        "path": { "alias": null, "pid": null, "langcode": "en" },
        "private": false,
        "field_metatags": null,
        "content_translation_source": "und",
        "content_translation_outdated": false,
        "published_at": "2021-10-28T06:45:45+00:00",
        "field_answer_summary": null,
        "field_instruction": null
      },
      "relationships": {
        "node_type": {
          "data": {
            "type": "node_type--node_type",
            "id": "78ecfb9f-13e1-4bf3-b3b3-ceeaef39dbd6"
          },
          "links": {
            "related": {
              "href": "https://prod30y1a5s6.main.acsf.baywsf.com/jsonapi/node/answer/8868532f-e97e-446e-86d8-4b4a5d0f2db0/node_type?resourceVersion=id%3A45336"
            },
            "self": {
              "href": "https://prod30y1a5s6.main.acsf.baywsf.com/jsonapi/node/answer/8868532f-e97e-446e-86d8-4b4a5d0f2db0/relationships/node_type?resourceVersion=id%3A45336"
            }
          }
        },
        "revision_uid": {
          "data": {
            "type": "user--user",
            "id": "041f4482-fdb0-482d-b2c2-dfaeffadd4f0"
          },
          "links": {
            "related": {
              "href": "https://prod30y1a5s6.main.acsf.baywsf.com/jsonapi/node/answer/8868532f-e97e-446e-86d8-4b4a5d0f2db0/revision_uid?resourceVersion=id%3A45336"
            },
            "self": {
              "href": "https://prod30y1a5s6.main.acsf.baywsf.com/jsonapi/node/answer/8868532f-e97e-446e-86d8-4b4a5d0f2db0/relationships/revision_uid?resourceVersion=id%3A45336"
            }
          }
        },
        "uid": {
          "data": {
            "type": "user--user",
            "id": "041f4482-fdb0-482d-b2c2-dfaeffadd4f0"
          },
          "links": {
            "related": {
              "href": "https://prod30y1a5s6.main.acsf.baywsf.com/jsonapi/node/answer/8868532f-e97e-446e-86d8-4b4a5d0f2db0/uid?resourceVersion=id%3A45336"
            },
            "self": {
              "href": "https://prod30y1a5s6.main.acsf.baywsf.com/jsonapi/node/answer/8868532f-e97e-446e-86d8-4b4a5d0f2db0/relationships/uid?resourceVersion=id%3A45336"
            }
          }
        },
        "field_schema_json_ld_file": {
          "data": null,
          "links": {
            "related": {
              "href": "https://prod30y1a5s6.main.acsf.baywsf.com/jsonapi/node/answer/8868532f-e97e-446e-86d8-4b4a5d0f2db0/field_schema_json_ld_file?resourceVersion=id%3A45336"
            },
            "self": {
              "href": "https://prod30y1a5s6.main.acsf.baywsf.com/jsonapi/node/answer/8868532f-e97e-446e-86d8-4b4a5d0f2db0/relationships/field_schema_json_ld_file?resourceVersion=id%3A45336"
            }
          }
        },
        "field_answer_category": {
          "data": [],
          "links": {
            "related": {
              "href": "https://prod30y1a5s6.main.acsf.baywsf.com/jsonapi/node/answer/8868532f-e97e-446e-86d8-4b4a5d0f2db0/field_answer_category?resourceVersion=id%3A45336"
            },
            "self": {
              "href": "https://prod30y1a5s6.main.acsf.baywsf.com/jsonapi/node/answer/8868532f-e97e-446e-86d8-4b4a5d0f2db0/relationships/field_answer_category?resourceVersion=id%3A45336"
            }
          }
        },
        "field_next_question": {
          "data": null,
          "links": {
            "related": {
              "href": "https://prod30y1a5s6.main.acsf.baywsf.com/jsonapi/node/answer/8868532f-e97e-446e-86d8-4b4a5d0f2db0/field_next_question?resourceVersion=id%3A45336"
            },
            "self": {
              "href": "https://prod30y1a5s6.main.acsf.baywsf.com/jsonapi/node/answer/8868532f-e97e-446e-86d8-4b4a5d0f2db0/relationships/field_next_question?resourceVersion=id%3A45336"
            }
          }
        },
        "field_result": {
          "data": null,
          "links": {
            "related": {
              "href": "https://prod30y1a5s6.main.acsf.baywsf.com/jsonapi/node/answer/8868532f-e97e-446e-86d8-4b4a5d0f2db0/field_result?resourceVersion=id%3A45336"
            },
            "self": {
              "href": "https://prod30y1a5s6.main.acsf.baywsf.com/jsonapi/node/answer/8868532f-e97e-446e-86d8-4b4a5d0f2db0/relationships/field_result?resourceVersion=id%3A45336"
            }
          }
        }
      }
    },
    {
      "type": "node--answer",
      "id": "6b5dcc2c-925d-4cad-87dd-0919b198e798",
      "links": {
        "self": {
          "href": "https://prod30y1a5s6.main.acsf.baywsf.com/jsonapi/node/answer/6b5dcc2c-925d-4cad-87dd-0919b198e798?resourceVersion=id%3A45341"
        }
      },
      "attributes": {
        "drupal_internal__nid": 1986,
        "drupal_internal__vid": 45341,
        "langcode": "en",
        "revision_timestamp": "2021-10-28T06:44:00+00:00",
        "revision_log": null,
        "status": true,
        "title": "lower abdominal pain",
        "created": "2021-10-28T06:44:00+00:00",
        "changed": "2021-10-28T06:44:00+00:00",
        "promote": true,
        "sticky": false,
        "default_langcode": true,
        "revision_translation_affected": true,
        "moderation_state": null,
        "metatag": null,
        "path": { "alias": null, "pid": null, "langcode": "en" },
        "private": false,
        "field_metatags": null,
        "content_translation_source": "und",
        "content_translation_outdated": false,
        "published_at": "2021-10-28T06:45:45+00:00",
        "field_answer_summary": null,
        "field_instruction": null
      },
      "relationships": {
        "node_type": {
          "data": {
            "type": "node_type--node_type",
            "id": "78ecfb9f-13e1-4bf3-b3b3-ceeaef39dbd6"
          },
          "links": {
            "related": {
              "href": "https://prod30y1a5s6.main.acsf.baywsf.com/jsonapi/node/answer/6b5dcc2c-925d-4cad-87dd-0919b198e798/node_type?resourceVersion=id%3A45341"
            },
            "self": {
              "href": "https://prod30y1a5s6.main.acsf.baywsf.com/jsonapi/node/answer/6b5dcc2c-925d-4cad-87dd-0919b198e798/relationships/node_type?resourceVersion=id%3A45341"
            }
          }
        },
        "revision_uid": {
          "data": {
            "type": "user--user",
            "id": "041f4482-fdb0-482d-b2c2-dfaeffadd4f0"
          },
          "links": {
            "related": {
              "href": "https://prod30y1a5s6.main.acsf.baywsf.com/jsonapi/node/answer/6b5dcc2c-925d-4cad-87dd-0919b198e798/revision_uid?resourceVersion=id%3A45341"
            },
            "self": {
              "href": "https://prod30y1a5s6.main.acsf.baywsf.com/jsonapi/node/answer/6b5dcc2c-925d-4cad-87dd-0919b198e798/relationships/revision_uid?resourceVersion=id%3A45341"
            }
          }
        },
        "uid": {
          "data": {
            "type": "user--user",
            "id": "041f4482-fdb0-482d-b2c2-dfaeffadd4f0"
          },
          "links": {
            "related": {
              "href": "https://prod30y1a5s6.main.acsf.baywsf.com/jsonapi/node/answer/6b5dcc2c-925d-4cad-87dd-0919b198e798/uid?resourceVersion=id%3A45341"
            },
            "self": {
              "href": "https://prod30y1a5s6.main.acsf.baywsf.com/jsonapi/node/answer/6b5dcc2c-925d-4cad-87dd-0919b198e798/relationships/uid?resourceVersion=id%3A45341"
            }
          }
        },
        "field_schema_json_ld_file": {
          "data": null,
          "links": {
            "related": {
              "href": "https://prod30y1a5s6.main.acsf.baywsf.com/jsonapi/node/answer/6b5dcc2c-925d-4cad-87dd-0919b198e798/field_schema_json_ld_file?resourceVersion=id%3A45341"
            },
            "self": {
              "href": "https://prod30y1a5s6.main.acsf.baywsf.com/jsonapi/node/answer/6b5dcc2c-925d-4cad-87dd-0919b198e798/relationships/field_schema_json_ld_file?resourceVersion=id%3A45341"
            }
          }
        },
        "field_answer_category": {
          "data": [],
          "links": {
            "related": {
              "href": "https://prod30y1a5s6.main.acsf.baywsf.com/jsonapi/node/answer/6b5dcc2c-925d-4cad-87dd-0919b198e798/field_answer_category?resourceVersion=id%3A45341"
            },
            "self": {
              "href": "https://prod30y1a5s6.main.acsf.baywsf.com/jsonapi/node/answer/6b5dcc2c-925d-4cad-87dd-0919b198e798/relationships/field_answer_category?resourceVersion=id%3A45341"
            }
          }
        },
        "field_next_question": {
          "data": null,
          "links": {
            "related": {
              "href": "https://prod30y1a5s6.main.acsf.baywsf.com/jsonapi/node/answer/6b5dcc2c-925d-4cad-87dd-0919b198e798/field_next_question?resourceVersion=id%3A45341"
            },
            "self": {
              "href": "https://prod30y1a5s6.main.acsf.baywsf.com/jsonapi/node/answer/6b5dcc2c-925d-4cad-87dd-0919b198e798/relationships/field_next_question?resourceVersion=id%3A45341"
            }
          }
        },
        "field_result": {
          "data": null,
          "links": {
            "related": {
              "href": "https://prod30y1a5s6.main.acsf.baywsf.com/jsonapi/node/answer/6b5dcc2c-925d-4cad-87dd-0919b198e798/field_result?resourceVersion=id%3A45341"
            },
            "self": {
              "href": "https://prod30y1a5s6.main.acsf.baywsf.com/jsonapi/node/answer/6b5dcc2c-925d-4cad-87dd-0919b198e798/relationships/field_result?resourceVersion=id%3A45341"
            }
          }
        }
      }
    },
    {
      "type": "node--answer",
      "id": "36aa94ff-f96d-430d-a8a7-dc0fd5132cef",
      "links": {
        "self": {
          "href": "https://prod30y1a5s6.main.acsf.baywsf.com/jsonapi/node/answer/36aa94ff-f96d-430d-a8a7-dc0fd5132cef?resourceVersion=id%3A45346"
        }
      },
      "attributes": {
        "drupal_internal__nid": 1991,
        "drupal_internal__vid": 45346,
        "langcode": "en",
        "revision_timestamp": "2021-10-28T06:44:41+00:00",
        "revision_log": null,
        "status": true,
        "title": "fever or chills",
        "created": "2021-10-28T06:44:41+00:00",
        "changed": "2021-10-28T06:52:23+00:00",
        "promote": true,
        "sticky": false,
        "default_langcode": true,
        "revision_translation_affected": true,
        "moderation_state": null,
        "metatag": null,
        "path": { "alias": null, "pid": null, "langcode": "en" },
        "private": false,
        "field_metatags": null,
        "content_translation_source": "und",
        "content_translation_outdated": false,
        "published_at": "2021-10-28T06:45:45+00:00",
        "field_answer_summary": null,
        "field_instruction": null
      },
      "relationships": {
        "node_type": {
          "data": {
            "type": "node_type--node_type",
            "id": "78ecfb9f-13e1-4bf3-b3b3-ceeaef39dbd6"
          },
          "links": {
            "related": {
              "href": "https://prod30y1a5s6.main.acsf.baywsf.com/jsonapi/node/answer/36aa94ff-f96d-430d-a8a7-dc0fd5132cef/node_type?resourceVersion=id%3A45346"
            },
            "self": {
              "href": "https://prod30y1a5s6.main.acsf.baywsf.com/jsonapi/node/answer/36aa94ff-f96d-430d-a8a7-dc0fd5132cef/relationships/node_type?resourceVersion=id%3A45346"
            }
          }
        },
        "revision_uid": {
          "data": {
            "type": "user--user",
            "id": "041f4482-fdb0-482d-b2c2-dfaeffadd4f0"
          },
          "links": {
            "related": {
              "href": "https://prod30y1a5s6.main.acsf.baywsf.com/jsonapi/node/answer/36aa94ff-f96d-430d-a8a7-dc0fd5132cef/revision_uid?resourceVersion=id%3A45346"
            },
            "self": {
              "href": "https://prod30y1a5s6.main.acsf.baywsf.com/jsonapi/node/answer/36aa94ff-f96d-430d-a8a7-dc0fd5132cef/relationships/revision_uid?resourceVersion=id%3A45346"
            }
          }
        },
        "uid": {
          "data": {
            "type": "user--user",
            "id": "041f4482-fdb0-482d-b2c2-dfaeffadd4f0"
          },
          "links": {
            "related": {
              "href": "https://prod30y1a5s6.main.acsf.baywsf.com/jsonapi/node/answer/36aa94ff-f96d-430d-a8a7-dc0fd5132cef/uid?resourceVersion=id%3A45346"
            },
            "self": {
              "href": "https://prod30y1a5s6.main.acsf.baywsf.com/jsonapi/node/answer/36aa94ff-f96d-430d-a8a7-dc0fd5132cef/relationships/uid?resourceVersion=id%3A45346"
            }
          }
        },
        "field_schema_json_ld_file": {
          "data": null,
          "links": {
            "related": {
              "href": "https://prod30y1a5s6.main.acsf.baywsf.com/jsonapi/node/answer/36aa94ff-f96d-430d-a8a7-dc0fd5132cef/field_schema_json_ld_file?resourceVersion=id%3A45346"
            },
            "self": {
              "href": "https://prod30y1a5s6.main.acsf.baywsf.com/jsonapi/node/answer/36aa94ff-f96d-430d-a8a7-dc0fd5132cef/relationships/field_schema_json_ld_file?resourceVersion=id%3A45346"
            }
          }
        },
        "field_answer_category": {
          "data": [],
          "links": {
            "related": {
              "href": "https://prod30y1a5s6.main.acsf.baywsf.com/jsonapi/node/answer/36aa94ff-f96d-430d-a8a7-dc0fd5132cef/field_answer_category?resourceVersion=id%3A45346"
            },
            "self": {
              "href": "https://prod30y1a5s6.main.acsf.baywsf.com/jsonapi/node/answer/36aa94ff-f96d-430d-a8a7-dc0fd5132cef/relationships/field_answer_category?resourceVersion=id%3A45346"
            }
          }
        },
        "field_next_question": {
          "data": null,
          "links": {
            "related": {
              "href": "https://prod30y1a5s6.main.acsf.baywsf.com/jsonapi/node/answer/36aa94ff-f96d-430d-a8a7-dc0fd5132cef/field_next_question?resourceVersion=id%3A45346"
            },
            "self": {
              "href": "https://prod30y1a5s6.main.acsf.baywsf.com/jsonapi/node/answer/36aa94ff-f96d-430d-a8a7-dc0fd5132cef/relationships/field_next_question?resourceVersion=id%3A45346"
            }
          }
        },
        "field_result": {
          "data": null,
          "links": {
            "related": {
              "href": "https://prod30y1a5s6.main.acsf.baywsf.com/jsonapi/node/answer/36aa94ff-f96d-430d-a8a7-dc0fd5132cef/field_result?resourceVersion=id%3A45346"
            },
            "self": {
              "href": "https://prod30y1a5s6.main.acsf.baywsf.com/jsonapi/node/answer/36aa94ff-f96d-430d-a8a7-dc0fd5132cef/relationships/field_result?resourceVersion=id%3A45346"
            }
          }
        }
      }
    }
  ],
  "links": {
    "self": {
      "href": "https://prod30y1a5s6.main.acsf.baywsf.com/jsonapi/node/question/47d2a9e8-edb4-493f-b95c-181155c460d3?include=field_answer"
    }
  }
}
