{
  "jsonapi": {
    "version": "1.0",
    "meta": {
      "links": { "self": { "href": "http://jsonapi.org/format/1.0/" } }
    }
  },
  "data": {
    "type": "node--question",
    "id": "87bef5e8-1159-46c7-a621-89f4f2e86334",
    "links": {
      "self": {
        "href": "https://prod30y1a5s6.main.acsf.baywsf.com/jsonapi/node/question/87bef5e8-1159-46c7-a621-89f4f2e86334?resourceVersion=id%3A45311"
      }
    },
    "attributes": {
      "drupal_internal__nid": 1956,
      "drupal_internal__vid": 45311,
      "langcode": "en",
      "revision_timestamp": "2021-10-28T06:37:08+00:00",
      "revision_log": null,
      "status": true,
      "title": "Are you currently experiencing any of the following symptoms:",
      "created": "2021-10-28T06:37:08+00:00",
      "changed": "2021-10-28T06:37:08+00:00",
      "promote": false,
      "sticky": false,
      "default_langcode": true,
      "revision_translation_affected": true,
      "moderation_state": null,
      "metatag": null,
      "path": { "alias": null, "pid": null, "langcode": "en" },
      "private": false,
      "field_metatags": null,
      "content_translation_source": "und",
      "content_translation_outdated": false,
      "published_at": "2021-10-28T06:37:08+00:00",
      "field_error": null,
      "field_explanation": {
        "value": "\u003Cp\u003EThese are common symptoms of Thrush and can be treated easily.\u003C/p\u003E\r\n",
        "format": "cohesion_without_glossify",
        "processed": "\u003Cp\u003EThese are common symptoms of Thrush and can be treated easily.\u003C/p\u003E\n"
      },
      "field_instruction": {
        "value": "\u003Cp\u003Etick all which apply\u003C/p\u003E\r\n",
        "format": "cohesion_without_glossify",
        "processed": "\u003Cp\u003Etick all which apply\u003C/p\u003E\n"
      },
      "field_references": null
    },
    "relationships": {
      "node_type": {
        "data": {
          "type": "node_type--node_type",
          "id": "aa153fe2-2616-4421-849c-a146decee6a3"
        },
        "links": {
          "related": {
            "href": "https://prod30y1a5s6.main.acsf.baywsf.com/jsonapi/node/question/87bef5e8-1159-46c7-a621-89f4f2e86334/node_type?resourceVersion=id%3A45311"
          },
          "self": {
            "href": "https://prod30y1a5s6.main.acsf.baywsf.com/jsonapi/node/question/87bef5e8-1159-46c7-a621-89f4f2e86334/relationships/node_type?resourceVersion=id%3A45311"
          }
        }
      },
      "revision_uid": {
        "data": {
          "type": "user--user",
          "id": "041f4482-fdb0-482d-b2c2-dfaeffadd4f0"
        },
        "links": {
          "related": {
            "href": "https://prod30y1a5s6.main.acsf.baywsf.com/jsonapi/node/question/87bef5e8-1159-46c7-a621-89f4f2e86334/revision_uid?resourceVersion=id%3A45311"
          },
          "self": {
            "href": "https://prod30y1a5s6.main.acsf.baywsf.com/jsonapi/node/question/87bef5e8-1159-46c7-a621-89f4f2e86334/relationships/revision_uid?resourceVersion=id%3A45311"
          }
        }
      },
      "uid": {
        "data": {
          "type": "user--user",
          "id": "041f4482-fdb0-482d-b2c2-dfaeffadd4f0"
        },
        "links": {
          "related": {
            "href": "https://prod30y1a5s6.main.acsf.baywsf.com/jsonapi/node/question/87bef5e8-1159-46c7-a621-89f4f2e86334/uid?resourceVersion=id%3A45311"
          },
          "self": {
            "href": "https://prod30y1a5s6.main.acsf.baywsf.com/jsonapi/node/question/87bef5e8-1159-46c7-a621-89f4f2e86334/relationships/uid?resourceVersion=id%3A45311"
          }
        }
      },
      "field_schema_json_ld_file": {
        "data": null,
        "links": {
          "related": {
            "href": "https://prod30y1a5s6.main.acsf.baywsf.com/jsonapi/node/question/87bef5e8-1159-46c7-a621-89f4f2e86334/field_schema_json_ld_file?resourceVersion=id%3A45311"
          },
          "self": {
            "href": "https://prod30y1a5s6.main.acsf.baywsf.com/jsonapi/node/question/87bef5e8-1159-46c7-a621-89f4f2e86334/relationships/field_schema_json_ld_file?resourceVersion=id%3A45311"
          }
        }
      },
      "field_actions": {
        "data": [],
        "links": {
          "related": {
            "href": "https://prod30y1a5s6.main.acsf.baywsf.com/jsonapi/node/question/87bef5e8-1159-46c7-a621-89f4f2e86334/field_actions?resourceVersion=id%3A45311"
          },
          "self": {
            "href": "https://prod30y1a5s6.main.acsf.baywsf.com/jsonapi/node/question/87bef5e8-1159-46c7-a621-89f4f2e86334/relationships/field_actions?resourceVersion=id%3A45311"
          }
        }
      },
      "field_answer": {
        "data": [
          {
            "type": "node--answer",
            "id": "8d1145cc-8653-4010-a3fa-69c01733075f"
          },
          {
            "type": "node--answer",
            "id": "1d95e1a8-716b-4ffa-929b-ef273df6a465"
          },
          {
            "type": "node--answer",
            "id": "42ffab7d-c38e-4bbc-8650-082cc20880a4"
          }
        ],
        "links": {
          "related": {
            "href": "https://prod30y1a5s6.main.acsf.baywsf.com/jsonapi/node/question/87bef5e8-1159-46c7-a621-89f4f2e86334/field_answer?resourceVersion=id%3A45311"
          },
          "self": {
            "href": "https://prod30y1a5s6.main.acsf.baywsf.com/jsonapi/node/question/87bef5e8-1159-46c7-a621-89f4f2e86334/relationships/field_answer?resourceVersion=id%3A45311"
          }
        }
      },
      "field_correct": {
        "data": [],
        "links": {
          "related": {
            "href": "https://prod30y1a5s6.main.acsf.baywsf.com/jsonapi/node/question/87bef5e8-1159-46c7-a621-89f4f2e86334/field_correct?resourceVersion=id%3A45311"
          },
          "self": {
            "href": "https://prod30y1a5s6.main.acsf.baywsf.com/jsonapi/node/question/87bef5e8-1159-46c7-a621-89f4f2e86334/relationships/field_correct?resourceVersion=id%3A45311"
          }
        }
      },
      "field_question_group": {
        "data": [],
        "links": {
          "related": {
            "href": "https://prod30y1a5s6.main.acsf.baywsf.com/jsonapi/node/question/87bef5e8-1159-46c7-a621-89f4f2e86334/field_question_group?resourceVersion=id%3A45311"
          },
          "self": {
            "href": "https://prod30y1a5s6.main.acsf.baywsf.com/jsonapi/node/question/87bef5e8-1159-46c7-a621-89f4f2e86334/relationships/field_question_group?resourceVersion=id%3A45311"
          }
        }
      }
    }
  },
  "included": [
    {
      "type": "node--answer",
      "id": "8d1145cc-8653-4010-a3fa-69c01733075f",
      "links": {
        "self": {
          "href": "https://prod30y1a5s6.main.acsf.baywsf.com/jsonapi/node/answer/8d1145cc-8653-4010-a3fa-69c01733075f?resourceVersion=id%3A45296"
        }
      },
      "attributes": {
        "drupal_internal__nid": 1941,
        "drupal_internal__vid": 45296,
        "langcode": "en",
        "revision_timestamp": "2021-10-28T06:26:43+00:00",
        "revision_log": null,
        "status": true,
        "title": "vaginal itching",
        "created": "2021-10-28T06:26:43+00:00",
        "changed": "2021-10-28T06:26:43+00:00",
        "promote": true,
        "sticky": false,
        "default_langcode": true,
        "revision_translation_affected": true,
        "moderation_state": null,
        "metatag": null,
        "path": { "alias": null, "pid": null, "langcode": "en" },
        "private": false,
        "field_metatags": null,
        "content_translation_source": "und",
        "content_translation_outdated": false,
        "published_at": "2021-10-28T06:37:08+00:00",
        "field_answer_summary": null,
        "field_instruction": null
      },
      "relationships": {
        "node_type": {
          "data": {
            "type": "node_type--node_type",
            "id": "78ecfb9f-13e1-4bf3-b3b3-ceeaef39dbd6"
          },
          "links": {
            "related": {
              "href": "https://prod30y1a5s6.main.acsf.baywsf.com/jsonapi/node/answer/8d1145cc-8653-4010-a3fa-69c01733075f/node_type?resourceVersion=id%3A45296"
            },
            "self": {
              "href": "https://prod30y1a5s6.main.acsf.baywsf.com/jsonapi/node/answer/8d1145cc-8653-4010-a3fa-69c01733075f/relationships/node_type?resourceVersion=id%3A45296"
            }
          }
        },
        "revision_uid": {
          "data": {
            "type": "user--user",
            "id": "041f4482-fdb0-482d-b2c2-dfaeffadd4f0"
          },
          "links": {
            "related": {
              "href": "https://prod30y1a5s6.main.acsf.baywsf.com/jsonapi/node/answer/8d1145cc-8653-4010-a3fa-69c01733075f/revision_uid?resourceVersion=id%3A45296"
            },
            "self": {
              "href": "https://prod30y1a5s6.main.acsf.baywsf.com/jsonapi/node/answer/8d1145cc-8653-4010-a3fa-69c01733075f/relationships/revision_uid?resourceVersion=id%3A45296"
            }
          }
        },
        "uid": {
          "data": {
            "type": "user--user",
            "id": "041f4482-fdb0-482d-b2c2-dfaeffadd4f0"
          },
          "links": {
            "related": {
              "href": "https://prod30y1a5s6.main.acsf.baywsf.com/jsonapi/node/answer/8d1145cc-8653-4010-a3fa-69c01733075f/uid?resourceVersion=id%3A45296"
            },
            "self": {
              "href": "https://prod30y1a5s6.main.acsf.baywsf.com/jsonapi/node/answer/8d1145cc-8653-4010-a3fa-69c01733075f/relationships/uid?resourceVersion=id%3A45296"
            }
          }
        },
        "field_schema_json_ld_file": {
          "data": null,
          "links": {
            "related": {
              "href": "https://prod30y1a5s6.main.acsf.baywsf.com/jsonapi/node/answer/8d1145cc-8653-4010-a3fa-69c01733075f/field_schema_json_ld_file?resourceVersion=id%3A45296"
            },
            "self": {
              "href": "https://prod30y1a5s6.main.acsf.baywsf.com/jsonapi/node/answer/8d1145cc-8653-4010-a3fa-69c01733075f/relationships/field_schema_json_ld_file?resourceVersion=id%3A45296"
            }
          }
        },
        "field_answer_category": {
          "data": [],
          "links": {
            "related": {
              "href": "https://prod30y1a5s6.main.acsf.baywsf.com/jsonapi/node/answer/8d1145cc-8653-4010-a3fa-69c01733075f/field_answer_category?resourceVersion=id%3A45296"
            },
            "self": {
              "href": "https://prod30y1a5s6.main.acsf.baywsf.com/jsonapi/node/answer/8d1145cc-8653-4010-a3fa-69c01733075f/relationships/field_answer_category?resourceVersion=id%3A45296"
            }
          }
        },
        "field_next_question": {
          "data": null,
          "links": {
            "related": {
              "href": "https://prod30y1a5s6.main.acsf.baywsf.com/jsonapi/node/answer/8d1145cc-8653-4010-a3fa-69c01733075f/field_next_question?resourceVersion=id%3A45296"
            },
            "self": {
              "href": "https://prod30y1a5s6.main.acsf.baywsf.com/jsonapi/node/answer/8d1145cc-8653-4010-a3fa-69c01733075f/relationships/field_next_question?resourceVersion=id%3A45296"
            }
          }
        },
        "field_result": {
          "data": null,
          "links": {
            "related": {
              "href": "https://prod30y1a5s6.main.acsf.baywsf.com/jsonapi/node/answer/8d1145cc-8653-4010-a3fa-69c01733075f/field_result?resourceVersion=id%3A45296"
            },
            "self": {
              "href": "https://prod30y1a5s6.main.acsf.baywsf.com/jsonapi/node/answer/8d1145cc-8653-4010-a3fa-69c01733075f/relationships/field_result?resourceVersion=id%3A45296"
            }
          }
        }
      }
    },
    {
      "type": "node--answer",
      "id": "1d95e1a8-716b-4ffa-929b-ef273df6a465",
      "links": {
        "self": {
          "href": "https://prod30y1a5s6.main.acsf.baywsf.com/jsonapi/node/answer/1d95e1a8-716b-4ffa-929b-ef273df6a465?resourceVersion=id%3A45301"
        }
      },
      "attributes": {
        "drupal_internal__nid": 1946,
        "drupal_internal__vid": 45301,
        "langcode": "en",
        "revision_timestamp": "2021-10-28T06:27:40+00:00",
        "revision_log": null,
        "status": true,
        "title": "vaginal soreness",
        "created": "2021-10-28T06:27:40+00:00",
        "changed": "2021-10-28T06:27:40+00:00",
        "promote": true,
        "sticky": false,
        "default_langcode": true,
        "revision_translation_affected": true,
        "moderation_state": null,
        "metatag": null,
        "path": { "alias": null, "pid": null, "langcode": "en" },
        "private": false,
        "field_metatags": null,
        "content_translation_source": "und",
        "content_translation_outdated": false,
        "published_at": "2021-10-28T06:37:08+00:00",
        "field_answer_summary": null,
        "field_instruction": null
      },
      "relationships": {
        "node_type": {
          "data": {
            "type": "node_type--node_type",
            "id": "78ecfb9f-13e1-4bf3-b3b3-ceeaef39dbd6"
          },
          "links": {
            "related": {
              "href": "https://prod30y1a5s6.main.acsf.baywsf.com/jsonapi/node/answer/1d95e1a8-716b-4ffa-929b-ef273df6a465/node_type?resourceVersion=id%3A45301"
            },
            "self": {
              "href": "https://prod30y1a5s6.main.acsf.baywsf.com/jsonapi/node/answer/1d95e1a8-716b-4ffa-929b-ef273df6a465/relationships/node_type?resourceVersion=id%3A45301"
            }
          }
        },
        "revision_uid": {
          "data": {
            "type": "user--user",
            "id": "041f4482-fdb0-482d-b2c2-dfaeffadd4f0"
          },
          "links": {
            "related": {
              "href": "https://prod30y1a5s6.main.acsf.baywsf.com/jsonapi/node/answer/1d95e1a8-716b-4ffa-929b-ef273df6a465/revision_uid?resourceVersion=id%3A45301"
            },
            "self": {
              "href": "https://prod30y1a5s6.main.acsf.baywsf.com/jsonapi/node/answer/1d95e1a8-716b-4ffa-929b-ef273df6a465/relationships/revision_uid?resourceVersion=id%3A45301"
            }
          }
        },
        "uid": {
          "data": {
            "type": "user--user",
            "id": "041f4482-fdb0-482d-b2c2-dfaeffadd4f0"
          },
          "links": {
            "related": {
              "href": "https://prod30y1a5s6.main.acsf.baywsf.com/jsonapi/node/answer/1d95e1a8-716b-4ffa-929b-ef273df6a465/uid?resourceVersion=id%3A45301"
            },
            "self": {
              "href": "https://prod30y1a5s6.main.acsf.baywsf.com/jsonapi/node/answer/1d95e1a8-716b-4ffa-929b-ef273df6a465/relationships/uid?resourceVersion=id%3A45301"
            }
          }
        },
        "field_schema_json_ld_file": {
          "data": null,
          "links": {
            "related": {
              "href": "https://prod30y1a5s6.main.acsf.baywsf.com/jsonapi/node/answer/1d95e1a8-716b-4ffa-929b-ef273df6a465/field_schema_json_ld_file?resourceVersion=id%3A45301"
            },
            "self": {
              "href": "https://prod30y1a5s6.main.acsf.baywsf.com/jsonapi/node/answer/1d95e1a8-716b-4ffa-929b-ef273df6a465/relationships/field_schema_json_ld_file?resourceVersion=id%3A45301"
            }
          }
        },
        "field_answer_category": {
          "data": [],
          "links": {
            "related": {
              "href": "https://prod30y1a5s6.main.acsf.baywsf.com/jsonapi/node/answer/1d95e1a8-716b-4ffa-929b-ef273df6a465/field_answer_category?resourceVersion=id%3A45301"
            },
            "self": {
              "href": "https://prod30y1a5s6.main.acsf.baywsf.com/jsonapi/node/answer/1d95e1a8-716b-4ffa-929b-ef273df6a465/relationships/field_answer_category?resourceVersion=id%3A45301"
            }
          }
        },
        "field_next_question": {
          "data": null,
          "links": {
            "related": {
              "href": "https://prod30y1a5s6.main.acsf.baywsf.com/jsonapi/node/answer/1d95e1a8-716b-4ffa-929b-ef273df6a465/field_next_question?resourceVersion=id%3A45301"
            },
            "self": {
              "href": "https://prod30y1a5s6.main.acsf.baywsf.com/jsonapi/node/answer/1d95e1a8-716b-4ffa-929b-ef273df6a465/relationships/field_next_question?resourceVersion=id%3A45301"
            }
          }
        },
        "field_result": {
          "data": null,
          "links": {
            "related": {
              "href": "https://prod30y1a5s6.main.acsf.baywsf.com/jsonapi/node/answer/1d95e1a8-716b-4ffa-929b-ef273df6a465/field_result?resourceVersion=id%3A45301"
            },
            "self": {
              "href": "https://prod30y1a5s6.main.acsf.baywsf.com/jsonapi/node/answer/1d95e1a8-716b-4ffa-929b-ef273df6a465/relationships/field_result?resourceVersion=id%3A45301"
            }
          }
        }
      }
    },
    {
      "type": "node--answer",
      "id": "42ffab7d-c38e-4bbc-8650-082cc20880a4",
      "links": {
        "self": {
          "href": "https://prod30y1a5s6.main.acsf.baywsf.com/jsonapi/node/answer/42ffab7d-c38e-4bbc-8650-082cc20880a4?resourceVersion=id%3A45306"
        }
      },
      "attributes": {
        "drupal_internal__nid": 1951,
        "drupal_internal__vid": 45306,
        "langcode": "en",
        "revision_timestamp": "2021-10-28T06:34:53+00:00",
        "revision_log": null,
        "status": true,
        "title": "whitish, odourless, thick discharge",
        "created": "2021-10-28T06:34:53+00:00",
        "changed": "2021-10-28T06:34:53+00:00",
        "promote": true,
        "sticky": false,
        "default_langcode": true,
        "revision_translation_affected": true,
        "moderation_state": null,
        "metatag": null,
        "path": { "alias": null, "pid": null, "langcode": "en" },
        "private": false,
        "field_metatags": null,
        "content_translation_source": "und",
        "content_translation_outdated": false,
        "published_at": "2021-10-28T06:37:08+00:00",
        "field_answer_summary": null,
        "field_instruction": null
      },
      "relationships": {
        "node_type": {
          "data": {
            "type": "node_type--node_type",
            "id": "78ecfb9f-13e1-4bf3-b3b3-ceeaef39dbd6"
          },
          "links": {
            "related": {
              "href": "https://prod30y1a5s6.main.acsf.baywsf.com/jsonapi/node/answer/42ffab7d-c38e-4bbc-8650-082cc20880a4/node_type?resourceVersion=id%3A45306"
            },
            "self": {
              "href": "https://prod30y1a5s6.main.acsf.baywsf.com/jsonapi/node/answer/42ffab7d-c38e-4bbc-8650-082cc20880a4/relationships/node_type?resourceVersion=id%3A45306"
            }
          }
        },
        "revision_uid": {
          "data": {
            "type": "user--user",
            "id": "041f4482-fdb0-482d-b2c2-dfaeffadd4f0"
          },
          "links": {
            "related": {
              "href": "https://prod30y1a5s6.main.acsf.baywsf.com/jsonapi/node/answer/42ffab7d-c38e-4bbc-8650-082cc20880a4/revision_uid?resourceVersion=id%3A45306"
            },
            "self": {
              "href": "https://prod30y1a5s6.main.acsf.baywsf.com/jsonapi/node/answer/42ffab7d-c38e-4bbc-8650-082cc20880a4/relationships/revision_uid?resourceVersion=id%3A45306"
            }
          }
        },
        "uid": {
          "data": {
            "type": "user--user",
            "id": "041f4482-fdb0-482d-b2c2-dfaeffadd4f0"
          },
          "links": {
            "related": {
              "href": "https://prod30y1a5s6.main.acsf.baywsf.com/jsonapi/node/answer/42ffab7d-c38e-4bbc-8650-082cc20880a4/uid?resourceVersion=id%3A45306"
            },
            "self": {
              "href": "https://prod30y1a5s6.main.acsf.baywsf.com/jsonapi/node/answer/42ffab7d-c38e-4bbc-8650-082cc20880a4/relationships/uid?resourceVersion=id%3A45306"
            }
          }
        },
        "field_schema_json_ld_file": {
          "data": null,
          "links": {
            "related": {
              "href": "https://prod30y1a5s6.main.acsf.baywsf.com/jsonapi/node/answer/42ffab7d-c38e-4bbc-8650-082cc20880a4/field_schema_json_ld_file?resourceVersion=id%3A45306"
            },
            "self": {
              "href": "https://prod30y1a5s6.main.acsf.baywsf.com/jsonapi/node/answer/42ffab7d-c38e-4bbc-8650-082cc20880a4/relationships/field_schema_json_ld_file?resourceVersion=id%3A45306"
            }
          }
        },
        "field_answer_category": {
          "data": [],
          "links": {
            "related": {
              "href": "https://prod30y1a5s6.main.acsf.baywsf.com/jsonapi/node/answer/42ffab7d-c38e-4bbc-8650-082cc20880a4/field_answer_category?resourceVersion=id%3A45306"
            },
            "self": {
              "href": "https://prod30y1a5s6.main.acsf.baywsf.com/jsonapi/node/answer/42ffab7d-c38e-4bbc-8650-082cc20880a4/relationships/field_answer_category?resourceVersion=id%3A45306"
            }
          }
        },
        "field_next_question": {
          "data": null,
          "links": {
            "related": {
              "href": "https://prod30y1a5s6.main.acsf.baywsf.com/jsonapi/node/answer/42ffab7d-c38e-4bbc-8650-082cc20880a4/field_next_question?resourceVersion=id%3A45306"
            },
            "self": {
              "href": "https://prod30y1a5s6.main.acsf.baywsf.com/jsonapi/node/answer/42ffab7d-c38e-4bbc-8650-082cc20880a4/relationships/field_next_question?resourceVersion=id%3A45306"
            }
          }
        },
        "field_result": {
          "data": null,
          "links": {
            "related": {
              "href": "https://prod30y1a5s6.main.acsf.baywsf.com/jsonapi/node/answer/42ffab7d-c38e-4bbc-8650-082cc20880a4/field_result?resourceVersion=id%3A45306"
            },
            "self": {
              "href": "https://prod30y1a5s6.main.acsf.baywsf.com/jsonapi/node/answer/42ffab7d-c38e-4bbc-8650-082cc20880a4/relationships/field_result?resourceVersion=id%3A45306"
            }
          }
        }
      }
    }
  ],
  "links": {
    "self": {
      "href": "https://prod30y1a5s6.main.acsf.baywsf.com/jsonapi/node/question/87bef5e8-1159-46c7-a621-89f4f2e86334?include=field_answer"
    }
  }
}
