{
  "jsonapi": {
    "version": "1.0",
    "meta": {
      "links": { "self": { "href": "http://jsonapi.org/format/1.0/" } }
    }
  },
  "data": {
    "type": "node--question",
    "id": "99bbc20d-6aa5-494b-9aba-7f6f02fd54e9",
    "links": {
      "self": {
        "href": "https://prod30y1a5s6.main.acsf.baywsf.com/jsonapi/node/question/99bbc20d-6aa5-494b-9aba-7f6f02fd54e9?resourceVersion=id%3A45406"
      }
    },
    "attributes": {
      "drupal_internal__nid": 2036,
      "drupal_internal__vid": 45406,
      "langcode": "en",
      "revision_timestamp": "2021-10-28T07:00:27+00:00",
      "revision_log": null,
      "status": true,
      "title": "Would you prefer a One Day, 3 Day or 6 Day treatment?",
      "created": "2021-10-28T07:00:27+00:00",
      "changed": "2021-10-28T07:00:27+00:00",
      "promote": false,
      "sticky": false,
      "default_langcode": true,
      "revision_translation_affected": true,
      "moderation_state": null,
      "metatag": null,
      "path": { "alias": null, "pid": null, "langcode": "en" },
      "private": false,
      "field_metatags": null,
      "content_translation_source": "und",
      "content_translation_outdated": false,
      "published_at": "2021-10-28T07:00:27+00:00",
      "field_error": null,
      "field_explanation": null,
      "field_instruction": null,
      "field_references": null
    },
    "relationships": {
      "node_type": {
        "data": {
          "type": "node_type--node_type",
          "id": "aa153fe2-2616-4421-849c-a146decee6a3"
        },
        "links": {
          "related": {
            "href": "https://prod30y1a5s6.main.acsf.baywsf.com/jsonapi/node/question/99bbc20d-6aa5-494b-9aba-7f6f02fd54e9/node_type?resourceVersion=id%3A45406"
          },
          "self": {
            "href": "https://prod30y1a5s6.main.acsf.baywsf.com/jsonapi/node/question/99bbc20d-6aa5-494b-9aba-7f6f02fd54e9/relationships/node_type?resourceVersion=id%3A45406"
          }
        }
      },
      "revision_uid": {
        "data": {
          "type": "user--user",
          "id": "041f4482-fdb0-482d-b2c2-dfaeffadd4f0"
        },
        "links": {
          "related": {
            "href": "https://prod30y1a5s6.main.acsf.baywsf.com/jsonapi/node/question/99bbc20d-6aa5-494b-9aba-7f6f02fd54e9/revision_uid?resourceVersion=id%3A45406"
          },
          "self": {
            "href": "https://prod30y1a5s6.main.acsf.baywsf.com/jsonapi/node/question/99bbc20d-6aa5-494b-9aba-7f6f02fd54e9/relationships/revision_uid?resourceVersion=id%3A45406"
          }
        }
      },
      "uid": {
        "data": {
          "type": "user--user",
          "id": "041f4482-fdb0-482d-b2c2-dfaeffadd4f0"
        },
        "links": {
          "related": {
            "href": "https://prod30y1a5s6.main.acsf.baywsf.com/jsonapi/node/question/99bbc20d-6aa5-494b-9aba-7f6f02fd54e9/uid?resourceVersion=id%3A45406"
          },
          "self": {
            "href": "https://prod30y1a5s6.main.acsf.baywsf.com/jsonapi/node/question/99bbc20d-6aa5-494b-9aba-7f6f02fd54e9/relationships/uid?resourceVersion=id%3A45406"
          }
        }
      },
      "field_schema_json_ld_file": {
        "data": null,
        "links": {
          "related": {
            "href": "https://prod30y1a5s6.main.acsf.baywsf.com/jsonapi/node/question/99bbc20d-6aa5-494b-9aba-7f6f02fd54e9/field_schema_json_ld_file?resourceVersion=id%3A45406"
          },
          "self": {
            "href": "https://prod30y1a5s6.main.acsf.baywsf.com/jsonapi/node/question/99bbc20d-6aa5-494b-9aba-7f6f02fd54e9/relationships/field_schema_json_ld_file?resourceVersion=id%3A45406"
          }
        }
      },
      "field_actions": {
        "data": [],
        "links": {
          "related": {
            "href": "https://prod30y1a5s6.main.acsf.baywsf.com/jsonapi/node/question/99bbc20d-6aa5-494b-9aba-7f6f02fd54e9/field_actions?resourceVersion=id%3A45406"
          },
          "self": {
            "href": "https://prod30y1a5s6.main.acsf.baywsf.com/jsonapi/node/question/99bbc20d-6aa5-494b-9aba-7f6f02fd54e9/relationships/field_actions?resourceVersion=id%3A45406"
          }
        }
      },
      "field_answer": {
        "data": [
          {
            "type": "node--answer",
            "id": "07737cfc-6952-4691-8aba-3b2ac9ded261"
          },
          {
            "type": "node--answer",
            "id": "83aac27d-bb98-4442-b8d1-3168f7e83d4c"
          },
          {
            "type": "node--answer",
            "id": "52a8cefc-8495-4cff-bdf3-ecc241e39e05"
          }
        ],
        "links": {
          "related": {
            "href": "https://prod30y1a5s6.main.acsf.baywsf.com/jsonapi/node/question/99bbc20d-6aa5-494b-9aba-7f6f02fd54e9/field_answer?resourceVersion=id%3A45406"
          },
          "self": {
            "href": "https://prod30y1a5s6.main.acsf.baywsf.com/jsonapi/node/question/99bbc20d-6aa5-494b-9aba-7f6f02fd54e9/relationships/field_answer?resourceVersion=id%3A45406"
          }
        }
      },
      "field_correct": {
        "data": [],
        "links": {
          "related": {
            "href": "https://prod30y1a5s6.main.acsf.baywsf.com/jsonapi/node/question/99bbc20d-6aa5-494b-9aba-7f6f02fd54e9/field_correct?resourceVersion=id%3A45406"
          },
          "self": {
            "href": "https://prod30y1a5s6.main.acsf.baywsf.com/jsonapi/node/question/99bbc20d-6aa5-494b-9aba-7f6f02fd54e9/relationships/field_correct?resourceVersion=id%3A45406"
          }
        }
      },
      "field_question_group": {
        "data": [],
        "links": {
          "related": {
            "href": "https://prod30y1a5s6.main.acsf.baywsf.com/jsonapi/node/question/99bbc20d-6aa5-494b-9aba-7f6f02fd54e9/field_question_group?resourceVersion=id%3A45406"
          },
          "self": {
            "href": "https://prod30y1a5s6.main.acsf.baywsf.com/jsonapi/node/question/99bbc20d-6aa5-494b-9aba-7f6f02fd54e9/relationships/field_question_group?resourceVersion=id%3A45406"
          }
        }
      }
    }
  },
  "included": [
    {
      "type": "node--answer",
      "id": "07737cfc-6952-4691-8aba-3b2ac9ded261",
      "links": {
        "self": {
          "href": "https://prod30y1a5s6.main.acsf.baywsf.com/jsonapi/node/answer/07737cfc-6952-4691-8aba-3b2ac9ded261?resourceVersion=id%3A45391"
        }
      },
      "attributes": {
        "drupal_internal__nid": 2021,
        "drupal_internal__vid": 45391,
        "langcode": "en",
        "revision_timestamp": "2021-10-28T06:58:33+00:00",
        "revision_log": null,
        "status": true,
        "title": "1 Day",
        "created": "2021-10-28T06:58:33+00:00",
        "changed": "2021-10-28T06:58:33+00:00",
        "promote": true,
        "sticky": false,
        "default_langcode": true,
        "revision_translation_affected": true,
        "moderation_state": null,
        "metatag": null,
        "path": { "alias": null, "pid": null, "langcode": "en" },
        "private": false,
        "field_metatags": null,
        "content_translation_source": "und",
        "content_translation_outdated": false,
        "published_at": "2021-10-28T07:00:27+00:00",
        "field_answer_summary": {
          "value": "\u003Cp\u003EConvenient single dose for optimal results\u003C/p\u003E\r\n",
          "format": "cohesion_without_glossify",
          "processed": "\u003Cp\u003EConvenient single dose for optimal results\u003C/p\u003E\n"
        },
        "field_instruction": null
      },
      "relationships": {
        "node_type": {
          "data": {
            "type": "node_type--node_type",
            "id": "78ecfb9f-13e1-4bf3-b3b3-ceeaef39dbd6"
          },
          "links": {
            "related": {
              "href": "https://prod30y1a5s6.main.acsf.baywsf.com/jsonapi/node/answer/07737cfc-6952-4691-8aba-3b2ac9ded261/node_type?resourceVersion=id%3A45391"
            },
            "self": {
              "href": "https://prod30y1a5s6.main.acsf.baywsf.com/jsonapi/node/answer/07737cfc-6952-4691-8aba-3b2ac9ded261/relationships/node_type?resourceVersion=id%3A45391"
            }
          }
        },
        "revision_uid": {
          "data": {
            "type": "user--user",
            "id": "041f4482-fdb0-482d-b2c2-dfaeffadd4f0"
          },
          "links": {
            "related": {
              "href": "https://prod30y1a5s6.main.acsf.baywsf.com/jsonapi/node/answer/07737cfc-6952-4691-8aba-3b2ac9ded261/revision_uid?resourceVersion=id%3A45391"
            },
            "self": {
              "href": "https://prod30y1a5s6.main.acsf.baywsf.com/jsonapi/node/answer/07737cfc-6952-4691-8aba-3b2ac9ded261/relationships/revision_uid?resourceVersion=id%3A45391"
            }
          }
        },
        "uid": {
          "data": {
            "type": "user--user",
            "id": "041f4482-fdb0-482d-b2c2-dfaeffadd4f0"
          },
          "links": {
            "related": {
              "href": "https://prod30y1a5s6.main.acsf.baywsf.com/jsonapi/node/answer/07737cfc-6952-4691-8aba-3b2ac9ded261/uid?resourceVersion=id%3A45391"
            },
            "self": {
              "href": "https://prod30y1a5s6.main.acsf.baywsf.com/jsonapi/node/answer/07737cfc-6952-4691-8aba-3b2ac9ded261/relationships/uid?resourceVersion=id%3A45391"
            }
          }
        },
        "field_schema_json_ld_file": {
          "data": null,
          "links": {
            "related": {
              "href": "https://prod30y1a5s6.main.acsf.baywsf.com/jsonapi/node/answer/07737cfc-6952-4691-8aba-3b2ac9ded261/field_schema_json_ld_file?resourceVersion=id%3A45391"
            },
            "self": {
              "href": "https://prod30y1a5s6.main.acsf.baywsf.com/jsonapi/node/answer/07737cfc-6952-4691-8aba-3b2ac9ded261/relationships/field_schema_json_ld_file?resourceVersion=id%3A45391"
            }
          }
        },
        "field_answer_category": {
          "data": [],
          "links": {
            "related": {
              "href": "https://prod30y1a5s6.main.acsf.baywsf.com/jsonapi/node/answer/07737cfc-6952-4691-8aba-3b2ac9ded261/field_answer_category?resourceVersion=id%3A45391"
            },
            "self": {
              "href": "https://prod30y1a5s6.main.acsf.baywsf.com/jsonapi/node/answer/07737cfc-6952-4691-8aba-3b2ac9ded261/relationships/field_answer_category?resourceVersion=id%3A45391"
            }
          }
        },
        "field_next_question": {
          "data": null,
          "links": {
            "related": {
              "href": "https://prod30y1a5s6.main.acsf.baywsf.com/jsonapi/node/answer/07737cfc-6952-4691-8aba-3b2ac9ded261/field_next_question?resourceVersion=id%3A45391"
            },
            "self": {
              "href": "https://prod30y1a5s6.main.acsf.baywsf.com/jsonapi/node/answer/07737cfc-6952-4691-8aba-3b2ac9ded261/relationships/field_next_question?resourceVersion=id%3A45391"
            }
          }
        },
        "field_result": {
          "data": null,
          "links": {
            "related": {
              "href": "https://prod30y1a5s6.main.acsf.baywsf.com/jsonapi/node/answer/07737cfc-6952-4691-8aba-3b2ac9ded261/field_result?resourceVersion=id%3A45391"
            },
            "self": {
              "href": "https://prod30y1a5s6.main.acsf.baywsf.com/jsonapi/node/answer/07737cfc-6952-4691-8aba-3b2ac9ded261/relationships/field_result?resourceVersion=id%3A45391"
            }
          }
        }
      }
    },
    {
      "type": "node--answer",
      "id": "83aac27d-bb98-4442-b8d1-3168f7e83d4c",
      "links": {
        "self": {
          "href": "https://prod30y1a5s6.main.acsf.baywsf.com/jsonapi/node/answer/83aac27d-bb98-4442-b8d1-3168f7e83d4c?resourceVersion=id%3A45396"
        }
      },
      "attributes": {
        "drupal_internal__nid": 2026,
        "drupal_internal__vid": 45396,
        "langcode": "en",
        "revision_timestamp": "2021-10-28T06:59:23+00:00",
        "revision_log": null,
        "status": true,
        "title": "3 Day",
        "created": "2021-10-28T06:59:23+00:00",
        "changed": "2021-10-28T06:59:23+00:00",
        "promote": true,
        "sticky": false,
        "default_langcode": true,
        "revision_translation_affected": true,
        "moderation_state": null,
        "metatag": null,
        "path": { "alias": null, "pid": null, "langcode": "en" },
        "private": false,
        "field_metatags": null,
        "content_translation_source": "und",
        "content_translation_outdated": false,
        "published_at": "2021-10-28T07:00:27+00:00",
        "field_answer_summary": {
          "value": "\u003Cp\u003EFeel the product take effect during treatment\u003C/p\u003E\r\n",
          "format": "cohesion_without_glossify",
          "processed": "\u003Cp\u003EFeel the product take effect during treatment\u003C/p\u003E\n"
        },
        "field_instruction": null
      },
      "relationships": {
        "node_type": {
          "data": {
            "type": "node_type--node_type",
            "id": "78ecfb9f-13e1-4bf3-b3b3-ceeaef39dbd6"
          },
          "links": {
            "related": {
              "href": "https://prod30y1a5s6.main.acsf.baywsf.com/jsonapi/node/answer/83aac27d-bb98-4442-b8d1-3168f7e83d4c/node_type?resourceVersion=id%3A45396"
            },
            "self": {
              "href": "https://prod30y1a5s6.main.acsf.baywsf.com/jsonapi/node/answer/83aac27d-bb98-4442-b8d1-3168f7e83d4c/relationships/node_type?resourceVersion=id%3A45396"
            }
          }
        },
        "revision_uid": {
          "data": {
            "type": "user--user",
            "id": "041f4482-fdb0-482d-b2c2-dfaeffadd4f0"
          },
          "links": {
            "related": {
              "href": "https://prod30y1a5s6.main.acsf.baywsf.com/jsonapi/node/answer/83aac27d-bb98-4442-b8d1-3168f7e83d4c/revision_uid?resourceVersion=id%3A45396"
            },
            "self": {
              "href": "https://prod30y1a5s6.main.acsf.baywsf.com/jsonapi/node/answer/83aac27d-bb98-4442-b8d1-3168f7e83d4c/relationships/revision_uid?resourceVersion=id%3A45396"
            }
          }
        },
        "uid": {
          "data": {
            "type": "user--user",
            "id": "041f4482-fdb0-482d-b2c2-dfaeffadd4f0"
          },
          "links": {
            "related": {
              "href": "https://prod30y1a5s6.main.acsf.baywsf.com/jsonapi/node/answer/83aac27d-bb98-4442-b8d1-3168f7e83d4c/uid?resourceVersion=id%3A45396"
            },
            "self": {
              "href": "https://prod30y1a5s6.main.acsf.baywsf.com/jsonapi/node/answer/83aac27d-bb98-4442-b8d1-3168f7e83d4c/relationships/uid?resourceVersion=id%3A45396"
            }
          }
        },
        "field_schema_json_ld_file": {
          "data": null,
          "links": {
            "related": {
              "href": "https://prod30y1a5s6.main.acsf.baywsf.com/jsonapi/node/answer/83aac27d-bb98-4442-b8d1-3168f7e83d4c/field_schema_json_ld_file?resourceVersion=id%3A45396"
            },
            "self": {
              "href": "https://prod30y1a5s6.main.acsf.baywsf.com/jsonapi/node/answer/83aac27d-bb98-4442-b8d1-3168f7e83d4c/relationships/field_schema_json_ld_file?resourceVersion=id%3A45396"
            }
          }
        },
        "field_answer_category": {
          "data": [],
          "links": {
            "related": {
              "href": "https://prod30y1a5s6.main.acsf.baywsf.com/jsonapi/node/answer/83aac27d-bb98-4442-b8d1-3168f7e83d4c/field_answer_category?resourceVersion=id%3A45396"
            },
            "self": {
              "href": "https://prod30y1a5s6.main.acsf.baywsf.com/jsonapi/node/answer/83aac27d-bb98-4442-b8d1-3168f7e83d4c/relationships/field_answer_category?resourceVersion=id%3A45396"
            }
          }
        },
        "field_next_question": {
          "data": null,
          "links": {
            "related": {
              "href": "https://prod30y1a5s6.main.acsf.baywsf.com/jsonapi/node/answer/83aac27d-bb98-4442-b8d1-3168f7e83d4c/field_next_question?resourceVersion=id%3A45396"
            },
            "self": {
              "href": "https://prod30y1a5s6.main.acsf.baywsf.com/jsonapi/node/answer/83aac27d-bb98-4442-b8d1-3168f7e83d4c/relationships/field_next_question?resourceVersion=id%3A45396"
            }
          }
        },
        "field_result": {
          "data": null,
          "links": {
            "related": {
              "href": "https://prod30y1a5s6.main.acsf.baywsf.com/jsonapi/node/answer/83aac27d-bb98-4442-b8d1-3168f7e83d4c/field_result?resourceVersion=id%3A45396"
            },
            "self": {
              "href": "https://prod30y1a5s6.main.acsf.baywsf.com/jsonapi/node/answer/83aac27d-bb98-4442-b8d1-3168f7e83d4c/relationships/field_result?resourceVersion=id%3A45396"
            }
          }
        }
      }
    },
    {
      "type": "node--answer",
      "id": "52a8cefc-8495-4cff-bdf3-ecc241e39e05",
      "links": {
        "self": {
          "href": "https://prod30y1a5s6.main.acsf.baywsf.com/jsonapi/node/answer/52a8cefc-8495-4cff-bdf3-ecc241e39e05?resourceVersion=id%3A45401"
        }
      },
      "attributes": {
        "drupal_internal__nid": 2031,
        "drupal_internal__vid": 45401,
        "langcode": "en",
        "revision_timestamp": "2021-10-28T07:00:09+00:00",
        "revision_log": null,
        "status": true,
        "title": "6 Day",
        "created": "2021-10-28T07:00:09+00:00",
        "changed": "2021-10-28T07:00:09+00:00",
        "promote": true,
        "sticky": false,
        "default_langcode": true,
        "revision_translation_affected": true,
        "moderation_state": null,
        "metatag": null,
        "path": { "alias": null, "pid": null, "langcode": "en" },
        "private": false,
        "field_metatags": null,
        "content_translation_source": "und",
        "content_translation_outdated": false,
        "published_at": "2021-10-28T07:00:27+00:00",
        "field_answer_summary": {
          "value": "\u003Cp\u003EFor those who prefer to treat for longer, or who experience repeat episodes of thrush\u003C/p\u003E\r\n",
          "format": "cohesion_without_glossify",
          "processed": "\u003Cp\u003EFor those who prefer to treat for longer, or who experience repeat episodes of thrush\u003C/p\u003E\n"
        },
        "field_instruction": null
      },
      "relationships": {
        "node_type": {
          "data": {
            "type": "node_type--node_type",
            "id": "78ecfb9f-13e1-4bf3-b3b3-ceeaef39dbd6"
          },
          "links": {
            "related": {
              "href": "https://prod30y1a5s6.main.acsf.baywsf.com/jsonapi/node/answer/52a8cefc-8495-4cff-bdf3-ecc241e39e05/node_type?resourceVersion=id%3A45401"
            },
            "self": {
              "href": "https://prod30y1a5s6.main.acsf.baywsf.com/jsonapi/node/answer/52a8cefc-8495-4cff-bdf3-ecc241e39e05/relationships/node_type?resourceVersion=id%3A45401"
            }
          }
        },
        "revision_uid": {
          "data": {
            "type": "user--user",
            "id": "041f4482-fdb0-482d-b2c2-dfaeffadd4f0"
          },
          "links": {
            "related": {
              "href": "https://prod30y1a5s6.main.acsf.baywsf.com/jsonapi/node/answer/52a8cefc-8495-4cff-bdf3-ecc241e39e05/revision_uid?resourceVersion=id%3A45401"
            },
            "self": {
              "href": "https://prod30y1a5s6.main.acsf.baywsf.com/jsonapi/node/answer/52a8cefc-8495-4cff-bdf3-ecc241e39e05/relationships/revision_uid?resourceVersion=id%3A45401"
            }
          }
        },
        "uid": {
          "data": {
            "type": "user--user",
            "id": "041f4482-fdb0-482d-b2c2-dfaeffadd4f0"
          },
          "links": {
            "related": {
              "href": "https://prod30y1a5s6.main.acsf.baywsf.com/jsonapi/node/answer/52a8cefc-8495-4cff-bdf3-ecc241e39e05/uid?resourceVersion=id%3A45401"
            },
            "self": {
              "href": "https://prod30y1a5s6.main.acsf.baywsf.com/jsonapi/node/answer/52a8cefc-8495-4cff-bdf3-ecc241e39e05/relationships/uid?resourceVersion=id%3A45401"
            }
          }
        },
        "field_schema_json_ld_file": {
          "data": null,
          "links": {
            "related": {
              "href": "https://prod30y1a5s6.main.acsf.baywsf.com/jsonapi/node/answer/52a8cefc-8495-4cff-bdf3-ecc241e39e05/field_schema_json_ld_file?resourceVersion=id%3A45401"
            },
            "self": {
              "href": "https://prod30y1a5s6.main.acsf.baywsf.com/jsonapi/node/answer/52a8cefc-8495-4cff-bdf3-ecc241e39e05/relationships/field_schema_json_ld_file?resourceVersion=id%3A45401"
            }
          }
        },
        "field_answer_category": {
          "data": [],
          "links": {
            "related": {
              "href": "https://prod30y1a5s6.main.acsf.baywsf.com/jsonapi/node/answer/52a8cefc-8495-4cff-bdf3-ecc241e39e05/field_answer_category?resourceVersion=id%3A45401"
            },
            "self": {
              "href": "https://prod30y1a5s6.main.acsf.baywsf.com/jsonapi/node/answer/52a8cefc-8495-4cff-bdf3-ecc241e39e05/relationships/field_answer_category?resourceVersion=id%3A45401"
            }
          }
        },
        "field_next_question": {
          "data": null,
          "links": {
            "related": {
              "href": "https://prod30y1a5s6.main.acsf.baywsf.com/jsonapi/node/answer/52a8cefc-8495-4cff-bdf3-ecc241e39e05/field_next_question?resourceVersion=id%3A45401"
            },
            "self": {
              "href": "https://prod30y1a5s6.main.acsf.baywsf.com/jsonapi/node/answer/52a8cefc-8495-4cff-bdf3-ecc241e39e05/relationships/field_next_question?resourceVersion=id%3A45401"
            }
          }
        },
        "field_result": {
          "data": null,
          "links": {
            "related": {
              "href": "https://prod30y1a5s6.main.acsf.baywsf.com/jsonapi/node/answer/52a8cefc-8495-4cff-bdf3-ecc241e39e05/field_result?resourceVersion=id%3A45401"
            },
            "self": {
              "href": "https://prod30y1a5s6.main.acsf.baywsf.com/jsonapi/node/answer/52a8cefc-8495-4cff-bdf3-ecc241e39e05/relationships/field_result?resourceVersion=id%3A45401"
            }
          }
        }
      }
    }
  ],
  "links": {
    "self": {
      "href": "https://prod30y1a5s6.main.acsf.baywsf.com/jsonapi/node/question/99bbc20d-6aa5-494b-9aba-7f6f02fd54e9?include=field_answer"
    }
  }
}
