{
  "jsonapi": {
    "version": "1.0",
    "meta": {
      "links": { "self": { "href": "http://jsonapi.org/format/1.0/" } }
    }
  },
  "data": {
    "type": "node--question",
    "id": "cb9a8274-3179-4f9e-b0b9-1cd1f0cddb93",
    "links": {
      "self": {
        "href": "https://prod30y1a5s6.main.acsf.baywsf.com/jsonapi/node/question/cb9a8274-3179-4f9e-b0b9-1cd1f0cddb93?resourceVersion=id%3A45366"
      }
    },
    "attributes": {
      "drupal_internal__nid": 2006,
      "drupal_internal__vid": 45366,
      "langcode": "en",
      "revision_timestamp": "2021-10-28T06:52:23+00:00",
      "revision_log": null,
      "status": true,
      "title": "Have you had thrush 4 or more times in the past 12 months? \u003Cbr/\u003E\u003Cspan\u003E OR \u003C/span\u003E \u003Cbr/\u003E Was your previous thrush treatment unsuccessful?",
      "created": "2021-10-28T06:52:23+00:00",
      "changed": "2021-10-28T06:52:23+00:00",
      "promote": false,
      "sticky": false,
      "default_langcode": true,
      "revision_translation_affected": true,
      "moderation_state": null,
      "metatag": null,
      "path": { "alias": null, "pid": null, "langcode": "en" },
      "private": false,
      "field_metatags": null,
      "content_translation_source": "und",
      "content_translation_outdated": false,
      "published_at": "2021-10-28T06:52:23+00:00",
      "field_error": null,
      "field_explanation": null,
      "field_instruction": null,
      "field_references": null
    },
    "relationships": {
      "node_type": {
        "data": {
          "type": "node_type--node_type",
          "id": "aa153fe2-2616-4421-849c-a146decee6a3"
        },
        "links": {
          "related": {
            "href": "https://prod30y1a5s6.main.acsf.baywsf.com/jsonapi/node/question/cb9a8274-3179-4f9e-b0b9-1cd1f0cddb93/node_type?resourceVersion=id%3A45366"
          },
          "self": {
            "href": "https://prod30y1a5s6.main.acsf.baywsf.com/jsonapi/node/question/cb9a8274-3179-4f9e-b0b9-1cd1f0cddb93/relationships/node_type?resourceVersion=id%3A45366"
          }
        }
      },
      "revision_uid": {
        "data": {
          "type": "user--user",
          "id": "041f4482-fdb0-482d-b2c2-dfaeffadd4f0"
        },
        "links": {
          "related": {
            "href": "https://prod30y1a5s6.main.acsf.baywsf.com/jsonapi/node/question/cb9a8274-3179-4f9e-b0b9-1cd1f0cddb93/revision_uid?resourceVersion=id%3A45366"
          },
          "self": {
            "href": "https://prod30y1a5s6.main.acsf.baywsf.com/jsonapi/node/question/cb9a8274-3179-4f9e-b0b9-1cd1f0cddb93/relationships/revision_uid?resourceVersion=id%3A45366"
          }
        }
      },
      "uid": {
        "data": {
          "type": "user--user",
          "id": "041f4482-fdb0-482d-b2c2-dfaeffadd4f0"
        },
        "links": {
          "related": {
            "href": "https://prod30y1a5s6.main.acsf.baywsf.com/jsonapi/node/question/cb9a8274-3179-4f9e-b0b9-1cd1f0cddb93/uid?resourceVersion=id%3A45366"
          },
          "self": {
            "href": "https://prod30y1a5s6.main.acsf.baywsf.com/jsonapi/node/question/cb9a8274-3179-4f9e-b0b9-1cd1f0cddb93/relationships/uid?resourceVersion=id%3A45366"
          }
        }
      },
      "field_schema_json_ld_file": {
        "data": null,
        "links": {
          "related": {
            "href": "https://prod30y1a5s6.main.acsf.baywsf.com/jsonapi/node/question/cb9a8274-3179-4f9e-b0b9-1cd1f0cddb93/field_schema_json_ld_file?resourceVersion=id%3A45366"
          },
          "self": {
            "href": "https://prod30y1a5s6.main.acsf.baywsf.com/jsonapi/node/question/cb9a8274-3179-4f9e-b0b9-1cd1f0cddb93/relationships/field_schema_json_ld_file?resourceVersion=id%3A45366"
          }
        }
      },
      "field_actions": {
        "data": [],
        "links": {
          "related": {
            "href": "https://prod30y1a5s6.main.acsf.baywsf.com/jsonapi/node/question/cb9a8274-3179-4f9e-b0b9-1cd1f0cddb93/field_actions?resourceVersion=id%3A45366"
          },
          "self": {
            "href": "https://prod30y1a5s6.main.acsf.baywsf.com/jsonapi/node/question/cb9a8274-3179-4f9e-b0b9-1cd1f0cddb93/relationships/field_actions?resourceVersion=id%3A45366"
          }
        }
      },
      "field_answer": {
        "data": [
          {
            "type": "node--answer",
            "id": "46340d78-f19f-4f9b-b28e-7043509150d8"
          }
        ],
        "links": {
          "related": {
            "href": "https://prod30y1a5s6.main.acsf.baywsf.com/jsonapi/node/question/cb9a8274-3179-4f9e-b0b9-1cd1f0cddb93/field_answer?resourceVersion=id%3A45366"
          },
          "self": {
            "href": "https://prod30y1a5s6.main.acsf.baywsf.com/jsonapi/node/question/cb9a8274-3179-4f9e-b0b9-1cd1f0cddb93/relationships/field_answer?resourceVersion=id%3A45366"
          }
        }
      },
      "field_correct": {
        "data": [],
        "links": {
          "related": {
            "href": "https://prod30y1a5s6.main.acsf.baywsf.com/jsonapi/node/question/cb9a8274-3179-4f9e-b0b9-1cd1f0cddb93/field_correct?resourceVersion=id%3A45366"
          },
          "self": {
            "href": "https://prod30y1a5s6.main.acsf.baywsf.com/jsonapi/node/question/cb9a8274-3179-4f9e-b0b9-1cd1f0cddb93/relationships/field_correct?resourceVersion=id%3A45366"
          }
        }
      },
      "field_question_group": {
        "data": [],
        "links": {
          "related": {
            "href": "https://prod30y1a5s6.main.acsf.baywsf.com/jsonapi/node/question/cb9a8274-3179-4f9e-b0b9-1cd1f0cddb93/field_question_group?resourceVersion=id%3A45366"
          },
          "self": {
            "href": "https://prod30y1a5s6.main.acsf.baywsf.com/jsonapi/node/question/cb9a8274-3179-4f9e-b0b9-1cd1f0cddb93/relationships/field_question_group?resourceVersion=id%3A45366"
          }
        }
      }
    }
  },
  "included": [
    {
      "type": "node--answer",
      "id": "46340d78-f19f-4f9b-b28e-7043509150d8",
      "links": {
        "self": {
          "href": "https://prod30y1a5s6.main.acsf.baywsf.com/jsonapi/node/answer/46340d78-f19f-4f9b-b28e-7043509150d8?resourceVersion=id%3A45361"
        }
      },
      "attributes": {
        "drupal_internal__nid": 2001,
        "drupal_internal__vid": 45361,
        "langcode": "en",
        "revision_timestamp": "2021-10-28T06:52:13+00:00",
        "revision_log": null,
        "status": true,
        "title": "None",
        "created": "2021-10-28T06:52:13+00:00",
        "changed": "2021-10-28T06:52:13+00:00",
        "promote": true,
        "sticky": false,
        "default_langcode": true,
        "revision_translation_affected": true,
        "moderation_state": null,
        "metatag": null,
        "path": { "alias": null, "pid": null, "langcode": "en" },
        "private": false,
        "field_metatags": null,
        "content_translation_source": "und",
        "content_translation_outdated": false,
        "published_at": "2021-10-28T06:52:23+00:00",
        "field_answer_summary": null,
        "field_instruction": null
      },
      "relationships": {
        "node_type": {
          "data": {
            "type": "node_type--node_type",
            "id": "78ecfb9f-13e1-4bf3-b3b3-ceeaef39dbd6"
          },
          "links": {
            "related": {
              "href": "https://prod30y1a5s6.main.acsf.baywsf.com/jsonapi/node/answer/46340d78-f19f-4f9b-b28e-7043509150d8/node_type?resourceVersion=id%3A45361"
            },
            "self": {
              "href": "https://prod30y1a5s6.main.acsf.baywsf.com/jsonapi/node/answer/46340d78-f19f-4f9b-b28e-7043509150d8/relationships/node_type?resourceVersion=id%3A45361"
            }
          }
        },
        "revision_uid": {
          "data": {
            "type": "user--user",
            "id": "041f4482-fdb0-482d-b2c2-dfaeffadd4f0"
          },
          "links": {
            "related": {
              "href": "https://prod30y1a5s6.main.acsf.baywsf.com/jsonapi/node/answer/46340d78-f19f-4f9b-b28e-7043509150d8/revision_uid?resourceVersion=id%3A45361"
            },
            "self": {
              "href": "https://prod30y1a5s6.main.acsf.baywsf.com/jsonapi/node/answer/46340d78-f19f-4f9b-b28e-7043509150d8/relationships/revision_uid?resourceVersion=id%3A45361"
            }
          }
        },
        "uid": {
          "data": {
            "type": "user--user",
            "id": "041f4482-fdb0-482d-b2c2-dfaeffadd4f0"
          },
          "links": {
            "related": {
              "href": "https://prod30y1a5s6.main.acsf.baywsf.com/jsonapi/node/answer/46340d78-f19f-4f9b-b28e-7043509150d8/uid?resourceVersion=id%3A45361"
            },
            "self": {
              "href": "https://prod30y1a5s6.main.acsf.baywsf.com/jsonapi/node/answer/46340d78-f19f-4f9b-b28e-7043509150d8/relationships/uid?resourceVersion=id%3A45361"
            }
          }
        },
        "field_schema_json_ld_file": {
          "data": null,
          "links": {
            "related": {
              "href": "https://prod30y1a5s6.main.acsf.baywsf.com/jsonapi/node/answer/46340d78-f19f-4f9b-b28e-7043509150d8/field_schema_json_ld_file?resourceVersion=id%3A45361"
            },
            "self": {
              "href": "https://prod30y1a5s6.main.acsf.baywsf.com/jsonapi/node/answer/46340d78-f19f-4f9b-b28e-7043509150d8/relationships/field_schema_json_ld_file?resourceVersion=id%3A45361"
            }
          }
        },
        "field_answer_category": {
          "data": [],
          "links": {
            "related": {
              "href": "https://prod30y1a5s6.main.acsf.baywsf.com/jsonapi/node/answer/46340d78-f19f-4f9b-b28e-7043509150d8/field_answer_category?resourceVersion=id%3A45361"
            },
            "self": {
              "href": "https://prod30y1a5s6.main.acsf.baywsf.com/jsonapi/node/answer/46340d78-f19f-4f9b-b28e-7043509150d8/relationships/field_answer_category?resourceVersion=id%3A45361"
            }
          }
        },
        "field_next_question": {
          "data": null,
          "links": {
            "related": {
              "href": "https://prod30y1a5s6.main.acsf.baywsf.com/jsonapi/node/answer/46340d78-f19f-4f9b-b28e-7043509150d8/field_next_question?resourceVersion=id%3A45361"
            },
            "self": {
              "href": "https://prod30y1a5s6.main.acsf.baywsf.com/jsonapi/node/answer/46340d78-f19f-4f9b-b28e-7043509150d8/relationships/field_next_question?resourceVersion=id%3A45361"
            }
          }
        },
        "field_result": {
          "data": null,
          "links": {
            "related": {
              "href": "https://prod30y1a5s6.main.acsf.baywsf.com/jsonapi/node/answer/46340d78-f19f-4f9b-b28e-7043509150d8/field_result?resourceVersion=id%3A45361"
            },
            "self": {
              "href": "https://prod30y1a5s6.main.acsf.baywsf.com/jsonapi/node/answer/46340d78-f19f-4f9b-b28e-7043509150d8/relationships/field_result?resourceVersion=id%3A45361"
            }
          }
        }
      }
    }
  ],
  "links": {
    "self": {
      "href": "https://prod30y1a5s6.main.acsf.baywsf.com/jsonapi/node/question/cb9a8274-3179-4f9e-b0b9-1cd1f0cddb93?include=field_answer"
    }
  }
}
