{
  "jsonapi": {
    "version": "1.0",
    "meta": {
      "links": { "self": { "href": "http://jsonapi.org/format/1.0/" } }
    }
  },
  "data": {
    "type": "node--question",
    "id": "e19220e5-564f-44eb-9140-ca2ecaf4471b",
    "links": {
      "self": {
        "href": "https://prod30y1a5s6.main.acsf.baywsf.com/jsonapi/node/question/e19220e5-564f-44eb-9140-ca2ecaf4471b?resourceVersion=id%3A45381"
      }
    },
    "attributes": {
      "drupal_internal__nid": 2016,
      "drupal_internal__vid": 45381,
      "langcode": "en",
      "revision_timestamp": "2021-10-28T06:55:30+00:00",
      "revision_log": null,
      "status": true,
      "title": "Are you pregnant (or think you might be) or breastfeeding?",
      "created": "2021-10-28T06:55:30+00:00",
      "changed": "2021-10-28T06:55:30+00:00",
      "promote": false,
      "sticky": false,
      "default_langcode": true,
      "revision_translation_affected": true,
      "moderation_state": null,
      "metatag": null,
      "path": { "alias": null, "pid": null, "langcode": "en" },
      "private": false,
      "field_metatags": null,
      "content_translation_source": "und",
      "content_translation_outdated": false,
      "published_at": "2021-10-28T06:55:30+00:00",
      "field_error": null,
      "field_explanation": null,
      "field_instruction": null,
      "field_references": null
    },
    "relationships": {
      "node_type": {
        "data": {
          "type": "node_type--node_type",
          "id": "aa153fe2-2616-4421-849c-a146decee6a3"
        },
        "links": {
          "related": {
            "href": "https://prod30y1a5s6.main.acsf.baywsf.com/jsonapi/node/question/e19220e5-564f-44eb-9140-ca2ecaf4471b/node_type?resourceVersion=id%3A45381"
          },
          "self": {
            "href": "https://prod30y1a5s6.main.acsf.baywsf.com/jsonapi/node/question/e19220e5-564f-44eb-9140-ca2ecaf4471b/relationships/node_type?resourceVersion=id%3A45381"
          }
        }
      },
      "revision_uid": {
        "data": {
          "type": "user--user",
          "id": "041f4482-fdb0-482d-b2c2-dfaeffadd4f0"
        },
        "links": {
          "related": {
            "href": "https://prod30y1a5s6.main.acsf.baywsf.com/jsonapi/node/question/e19220e5-564f-44eb-9140-ca2ecaf4471b/revision_uid?resourceVersion=id%3A45381"
          },
          "self": {
            "href": "https://prod30y1a5s6.main.acsf.baywsf.com/jsonapi/node/question/e19220e5-564f-44eb-9140-ca2ecaf4471b/relationships/revision_uid?resourceVersion=id%3A45381"
          }
        }
      },
      "uid": {
        "data": {
          "type": "user--user",
          "id": "041f4482-fdb0-482d-b2c2-dfaeffadd4f0"
        },
        "links": {
          "related": {
            "href": "https://prod30y1a5s6.main.acsf.baywsf.com/jsonapi/node/question/e19220e5-564f-44eb-9140-ca2ecaf4471b/uid?resourceVersion=id%3A45381"
          },
          "self": {
            "href": "https://prod30y1a5s6.main.acsf.baywsf.com/jsonapi/node/question/e19220e5-564f-44eb-9140-ca2ecaf4471b/relationships/uid?resourceVersion=id%3A45381"
          }
        }
      },
      "field_schema_json_ld_file": {
        "data": null,
        "links": {
          "related": {
            "href": "https://prod30y1a5s6.main.acsf.baywsf.com/jsonapi/node/question/e19220e5-564f-44eb-9140-ca2ecaf4471b/field_schema_json_ld_file?resourceVersion=id%3A45381"
          },
          "self": {
            "href": "https://prod30y1a5s6.main.acsf.baywsf.com/jsonapi/node/question/e19220e5-564f-44eb-9140-ca2ecaf4471b/relationships/field_schema_json_ld_file?resourceVersion=id%3A45381"
          }
        }
      },
      "field_actions": {
        "data": [],
        "links": {
          "related": {
            "href": "https://prod30y1a5s6.main.acsf.baywsf.com/jsonapi/node/question/e19220e5-564f-44eb-9140-ca2ecaf4471b/field_actions?resourceVersion=id%3A45381"
          },
          "self": {
            "href": "https://prod30y1a5s6.main.acsf.baywsf.com/jsonapi/node/question/e19220e5-564f-44eb-9140-ca2ecaf4471b/relationships/field_actions?resourceVersion=id%3A45381"
          }
        }
      },
      "field_answer": {
        "data": [
          {
            "type": "node--answer",
            "id": "749ba546-10e6-4255-9da2-7dfdbb50edbd"
          }
        ],
        "links": {
          "related": {
            "href": "https://prod30y1a5s6.main.acsf.baywsf.com/jsonapi/node/question/e19220e5-564f-44eb-9140-ca2ecaf4471b/field_answer?resourceVersion=id%3A45381"
          },
          "self": {
            "href": "https://prod30y1a5s6.main.acsf.baywsf.com/jsonapi/node/question/e19220e5-564f-44eb-9140-ca2ecaf4471b/relationships/field_answer?resourceVersion=id%3A45381"
          }
        }
      },
      "field_correct": {
        "data": [],
        "links": {
          "related": {
            "href": "https://prod30y1a5s6.main.acsf.baywsf.com/jsonapi/node/question/e19220e5-564f-44eb-9140-ca2ecaf4471b/field_correct?resourceVersion=id%3A45381"
          },
          "self": {
            "href": "https://prod30y1a5s6.main.acsf.baywsf.com/jsonapi/node/question/e19220e5-564f-44eb-9140-ca2ecaf4471b/relationships/field_correct?resourceVersion=id%3A45381"
          }
        }
      },
      "field_question_group": {
        "data": [],
        "links": {
          "related": {
            "href": "https://prod30y1a5s6.main.acsf.baywsf.com/jsonapi/node/question/e19220e5-564f-44eb-9140-ca2ecaf4471b/field_question_group?resourceVersion=id%3A45381"
          },
          "self": {
            "href": "https://prod30y1a5s6.main.acsf.baywsf.com/jsonapi/node/question/e19220e5-564f-44eb-9140-ca2ecaf4471b/relationships/field_question_group?resourceVersion=id%3A45381"
          }
        }
      }
    }
  },
  "included": [
    {
      "type": "node--answer",
      "id": "749ba546-10e6-4255-9da2-7dfdbb50edbd",
      "links": {
        "self": {
          "href": "https://prod30y1a5s6.main.acsf.baywsf.com/jsonapi/node/answer/749ba546-10e6-4255-9da2-7dfdbb50edbd?resourceVersion=id%3A45376"
        }
      },
      "attributes": {
        "drupal_internal__nid": 2011,
        "drupal_internal__vid": 45376,
        "langcode": "en",
        "revision_timestamp": "2021-10-28T06:55:10+00:00",
        "revision_log": null,
        "status": true,
        "title": "None",
        "created": "2021-10-28T06:55:10+00:00",
        "changed": "2021-10-28T06:55:10+00:00",
        "promote": true,
        "sticky": false,
        "default_langcode": true,
        "revision_translation_affected": true,
        "moderation_state": null,
        "metatag": null,
        "path": { "alias": null, "pid": null, "langcode": "en" },
        "private": false,
        "field_metatags": null,
        "content_translation_source": "und",
        "content_translation_outdated": false,
        "published_at": "2021-10-28T06:55:30+00:00",
        "field_answer_summary": null,
        "field_instruction": null
      },
      "relationships": {
        "node_type": {
          "data": {
            "type": "node_type--node_type",
            "id": "78ecfb9f-13e1-4bf3-b3b3-ceeaef39dbd6"
          },
          "links": {
            "related": {
              "href": "https://prod30y1a5s6.main.acsf.baywsf.com/jsonapi/node/answer/749ba546-10e6-4255-9da2-7dfdbb50edbd/node_type?resourceVersion=id%3A45376"
            },
            "self": {
              "href": "https://prod30y1a5s6.main.acsf.baywsf.com/jsonapi/node/answer/749ba546-10e6-4255-9da2-7dfdbb50edbd/relationships/node_type?resourceVersion=id%3A45376"
            }
          }
        },
        "revision_uid": {
          "data": {
            "type": "user--user",
            "id": "041f4482-fdb0-482d-b2c2-dfaeffadd4f0"
          },
          "links": {
            "related": {
              "href": "https://prod30y1a5s6.main.acsf.baywsf.com/jsonapi/node/answer/749ba546-10e6-4255-9da2-7dfdbb50edbd/revision_uid?resourceVersion=id%3A45376"
            },
            "self": {
              "href": "https://prod30y1a5s6.main.acsf.baywsf.com/jsonapi/node/answer/749ba546-10e6-4255-9da2-7dfdbb50edbd/relationships/revision_uid?resourceVersion=id%3A45376"
            }
          }
        },
        "uid": {
          "data": {
            "type": "user--user",
            "id": "041f4482-fdb0-482d-b2c2-dfaeffadd4f0"
          },
          "links": {
            "related": {
              "href": "https://prod30y1a5s6.main.acsf.baywsf.com/jsonapi/node/answer/749ba546-10e6-4255-9da2-7dfdbb50edbd/uid?resourceVersion=id%3A45376"
            },
            "self": {
              "href": "https://prod30y1a5s6.main.acsf.baywsf.com/jsonapi/node/answer/749ba546-10e6-4255-9da2-7dfdbb50edbd/relationships/uid?resourceVersion=id%3A45376"
            }
          }
        },
        "field_schema_json_ld_file": {
          "data": null,
          "links": {
            "related": {
              "href": "https://prod30y1a5s6.main.acsf.baywsf.com/jsonapi/node/answer/749ba546-10e6-4255-9da2-7dfdbb50edbd/field_schema_json_ld_file?resourceVersion=id%3A45376"
            },
            "self": {
              "href": "https://prod30y1a5s6.main.acsf.baywsf.com/jsonapi/node/answer/749ba546-10e6-4255-9da2-7dfdbb50edbd/relationships/field_schema_json_ld_file?resourceVersion=id%3A45376"
            }
          }
        },
        "field_answer_category": {
          "data": [],
          "links": {
            "related": {
              "href": "https://prod30y1a5s6.main.acsf.baywsf.com/jsonapi/node/answer/749ba546-10e6-4255-9da2-7dfdbb50edbd/field_answer_category?resourceVersion=id%3A45376"
            },
            "self": {
              "href": "https://prod30y1a5s6.main.acsf.baywsf.com/jsonapi/node/answer/749ba546-10e6-4255-9da2-7dfdbb50edbd/relationships/field_answer_category?resourceVersion=id%3A45376"
            }
          }
        },
        "field_next_question": {
          "data": null,
          "links": {
            "related": {
              "href": "https://prod30y1a5s6.main.acsf.baywsf.com/jsonapi/node/answer/749ba546-10e6-4255-9da2-7dfdbb50edbd/field_next_question?resourceVersion=id%3A45376"
            },
            "self": {
              "href": "https://prod30y1a5s6.main.acsf.baywsf.com/jsonapi/node/answer/749ba546-10e6-4255-9da2-7dfdbb50edbd/relationships/field_next_question?resourceVersion=id%3A45376"
            }
          }
        },
        "field_result": {
          "data": null,
          "links": {
            "related": {
              "href": "https://prod30y1a5s6.main.acsf.baywsf.com/jsonapi/node/answer/749ba546-10e6-4255-9da2-7dfdbb50edbd/field_result?resourceVersion=id%3A45376"
            },
            "self": {
              "href": "https://prod30y1a5s6.main.acsf.baywsf.com/jsonapi/node/answer/749ba546-10e6-4255-9da2-7dfdbb50edbd/relationships/field_result?resourceVersion=id%3A45376"
            }
          }
        }
      }
    }
  ],
  "links": {
    "self": {
      "href": "https://prod30y1a5s6.main.acsf.baywsf.com/jsonapi/node/question/e19220e5-564f-44eb-9140-ca2ecaf4471b?include=field_answer"
    }
  }
}
