{
  "jsonapi": {
    "version": "1.0",
    "meta": {
      "links": { "self": { "href": "http://jsonapi.org/format/1.0/" } }
    }
  },
  "data": {
    "type": "node--quiz",
    "id": "58d736fd-f09f-4788-925f-76f585619d87",
    "links": {
      "self": {
        "href": "https://prod85yjmo4f.main.acsf.baywsf.com/jsonapi/node/quiz/58d736fd-f09f-4788-925f-76f585619d87?resourceVersion=id%3A46281"
      }
    },
    "attributes": {
      "drupal_internal__nid": 1331,
      "drupal_internal__vid": 46281,
      "langcode": "en",
      "revision_timestamp": "2021-06-18T06:27:28+00:00",
      "revision_log": null,
      "status": true,
      "title": "Welcome to your product selector.",
      "created": "2021-06-17T13:07:11+00:00",
      "changed": "2021-06-18T06:27:28+00:00",
      "promote": false,
      "sticky": false,
      "default_langcode": true,
      "revision_translation_affected": true,
      "moderation_state": "published",
      "metatag": null,
      "path": { "alias": null, "pid": null, "langcode": "en" },
      "private": false,
      "field_metatags": null,
      "content_translation_source": "und",
      "content_translation_outdated": false,
      "published_at": "2021-06-17T13:14:01+00:00",
      "field_disclaimer": {
        "value": "\u003Cp\u003EAnswer a few questions and we\u0027ll find the best product for you, so you can find fast relief.\u003C/p\u003E\r\n",
        "format": "cohesion_without_glossify",
        "processed": "\u003Cp\u003EAnswer a few questions and we\u0027ll find the best product for you, so you can find fast relief.\u003C/p\u003E\n"
      },
      "field_instruction": {
        "value": "\u003Cp\u003EHi there,\u003C/p\u003E\r\n",
        "format": "cohesion_without_glossify",
        "processed": "\u003Cp\u003EHi there,\u003C/p\u003E\n"
      },
      "field_quiz_type": "linear",
      "field_references": {
        "value": "\u003Cp\u003EPlease make sure to click on the i-button throughout this selector for additional information. This Product selector is intended to give you information to find an appropriate product for your condition. Please ensure you have been diagnosed by a doctor before using this tool. If you are unsure, or if you are experiencing your condition for the first time, you should follow the guidance of your doctor. In case you are under 18 please refer to a doctor.\u003C/p\u003E\r\n",
        "format": "cohesion_without_glossify",
        "processed": "\u003Cp\u003EPlease make sure to click on the i-button throughout this selector for additional information. This Product selector is intended to give you information to find an appropriate product for your condition. Please ensure you have been diagnosed by a doctor before using this tool. If you are unsure, or if you are experiencing your condition for the first time, you should follow the guidance of your doctor. In case you are under 18 please refer to a doctor.\u003C/p\u003E\n"
      }
    },
    "relationships": {
      "node_type": {
        "data": {
          "type": "node_type--node_type",
          "id": "b8ee70b9-b89a-4114-b160-93ff660932f5"
        },
        "links": {
          "related": {
            "href": "https://prod85yjmo4f.main.acsf.baywsf.com/jsonapi/node/quiz/58d736fd-f09f-4788-925f-76f585619d87/node_type?resourceVersion=id%3A46281"
          },
          "self": {
            "href": "https://prod85yjmo4f.main.acsf.baywsf.com/jsonapi/node/quiz/58d736fd-f09f-4788-925f-76f585619d87/relationships/node_type?resourceVersion=id%3A46281"
          }
        }
      },
      "revision_uid": {
        "data": {
          "type": "user--user",
          "id": "c48aba71-438d-44c8-a315-2803a8380004"
        },
        "links": {
          "related": {
            "href": "https://prod85yjmo4f.main.acsf.baywsf.com/jsonapi/node/quiz/58d736fd-f09f-4788-925f-76f585619d87/revision_uid?resourceVersion=id%3A46281"
          },
          "self": {
            "href": "https://prod85yjmo4f.main.acsf.baywsf.com/jsonapi/node/quiz/58d736fd-f09f-4788-925f-76f585619d87/relationships/revision_uid?resourceVersion=id%3A46281"
          }
        }
      },
      "uid": {
        "data": {
          "type": "user--user",
          "id": "c48aba71-438d-44c8-a315-2803a8380004"
        },
        "links": {
          "related": {
            "href": "https://prod85yjmo4f.main.acsf.baywsf.com/jsonapi/node/quiz/58d736fd-f09f-4788-925f-76f585619d87/uid?resourceVersion=id%3A46281"
          },
          "self": {
            "href": "https://prod85yjmo4f.main.acsf.baywsf.com/jsonapi/node/quiz/58d736fd-f09f-4788-925f-76f585619d87/relationships/uid?resourceVersion=id%3A46281"
          }
        }
      },
      "field_schema_json_ld_file": {
        "data": null,
        "links": {
          "related": {
            "href": "https://prod85yjmo4f.main.acsf.baywsf.com/jsonapi/node/quiz/58d736fd-f09f-4788-925f-76f585619d87/field_schema_json_ld_file?resourceVersion=id%3A46281"
          },
          "self": {
            "href": "https://prod85yjmo4f.main.acsf.baywsf.com/jsonapi/node/quiz/58d736fd-f09f-4788-925f-76f585619d87/relationships/field_schema_json_ld_file?resourceVersion=id%3A46281"
          }
        }
      },
      "field_actions": {
        "data": [
          {
            "type": "taxonomy_term--quiz_action",
            "id": "19be83df-2954-46eb-a968-203a92e0b1ce"
          }
        ],
        "links": {
          "related": {
            "href": "https://prod85yjmo4f.main.acsf.baywsf.com/jsonapi/node/quiz/58d736fd-f09f-4788-925f-76f585619d87/field_actions?resourceVersion=id%3A46281"
          },
          "self": {
            "href": "https://prod85yjmo4f.main.acsf.baywsf.com/jsonapi/node/quiz/58d736fd-f09f-4788-925f-76f585619d87/relationships/field_actions?resourceVersion=id%3A46281"
          }
        }
      },
      "field_quiz_question": {
        "data": [
          {
            "type": "node--question",
            "id": "7613ca6f-1459-4426-9f3c-a5916121c058"
          },
          {
            "type": "node--question",
            "id": "1b12fb45-2c79-42dd-87ae-09d6dbaf93e9"
          },
          {
            "type": "node--question",
            "id": "a79cca53-edab-4e55-937f-7a11be655a9b"
          },
          {
            "type": "node--question",
            "id": "cce5728e-2922-444b-bb3a-d87eeea4d99f"
          },
          {
            "type": "node--question",
            "id": "82d49ade-1e56-40a1-bd16-dd997e1ce1bc"
          },
          {
            "type": "node--question",
            "id": "2ef46d88-9971-40c3-9fef-89d8a45b401a"
          },
          {
            "type": "node--question",
            "id": "d0e11505-48ed-4d3a-9e5d-b489845b19f0"
          }
        ],
        "links": {
          "related": {
            "href": "https://prod85yjmo4f.main.acsf.baywsf.com/jsonapi/node/quiz/58d736fd-f09f-4788-925f-76f585619d87/field_quiz_question?resourceVersion=id%3A46281"
          },
          "self": {
            "href": "https://prod85yjmo4f.main.acsf.baywsf.com/jsonapi/node/quiz/58d736fd-f09f-4788-925f-76f585619d87/relationships/field_quiz_question?resourceVersion=id%3A46281"
          }
        }
      },
      "field_result": {
        "data": null,
        "links": {
          "related": {
            "href": "https://prod85yjmo4f.main.acsf.baywsf.com/jsonapi/node/quiz/58d736fd-f09f-4788-925f-76f585619d87/field_result?resourceVersion=id%3A46281"
          },
          "self": {
            "href": "https://prod85yjmo4f.main.acsf.baywsf.com/jsonapi/node/quiz/58d736fd-f09f-4788-925f-76f585619d87/relationships/field_result?resourceVersion=id%3A46281"
          }
        }
      }
    }
  },
  "included": [
    {
      "type": "node--question",
      "id": "7613ca6f-1459-4426-9f3c-a5916121c058",
      "links": {
        "self": {
          "href": "https://prod85yjmo4f.main.acsf.baywsf.com/jsonapi/node/question/7613ca6f-1459-4426-9f3c-a5916121c058?resourceVersion=id%3A46286"
        }
      },
      "attributes": {
        "drupal_internal__nid": 1236,
        "drupal_internal__vid": 46286,
        "langcode": "en",
        "revision_timestamp": "2021-06-18T06:31:11+00:00",
        "revision_log": null,
        "status": true,
        "title": "Are you male or female?",
        "created": "2021-06-17T12:28:34+00:00",
        "changed": "2021-06-18T06:31:11+00:00",
        "promote": false,
        "sticky": false,
        "default_langcode": true,
        "revision_translation_affected": true,
        "moderation_state": null,
        "metatag": null,
        "path": { "alias": null, "pid": null, "langcode": "en" },
        "private": false,
        "field_metatags": null,
        "content_translation_source": "und",
        "content_translation_outdated": false,
        "published_at": "2021-06-17T12:30:34+00:00",
        "field_error": null,
        "field_explanation": {
          "value": "\u003Cp\u003EWe have product solutions for both men and women.\u003C/p\u003E\r\n\r\n\u003Cp\u003EMale Thrush, or Balanitis, can be treated with our oral capsule.\u003C/p\u003E\r\n",
          "format": "cohesion_without_glossify",
          "processed": "\u003Cp\u003EWe have product solutions for both men and women.\u003C/p\u003E\n\n\u003Cp\u003EMale Thrush, or Balanitis, can be treated with our oral capsule.\u003C/p\u003E\n"
        },
        "field_instruction": {
          "value": "\u003Cp\u003EPlease share\u003C/p\u003E\r\n",
          "format": "cohesion_without_glossify",
          "processed": "\u003Cp\u003EPlease share\u003C/p\u003E\n"
        },
        "field_references": {
          "value": "\u003Cp\u003EWe have product solutions for both men and women.\u003C/p\u003E\r\n\r\n\u003Cp\u003EMale Thrush, or Balanitis, can be treated with our oral capsule.\u003C/p\u003E\r\n",
          "format": "cohesion_without_glossify",
          "processed": "\u003Cp\u003EWe have product solutions for both men and women.\u003C/p\u003E\n\n\u003Cp\u003EMale Thrush, or Balanitis, can be treated with our oral capsule.\u003C/p\u003E\n"
        }
      },
      "relationships": {
        "node_type": {
          "data": {
            "type": "node_type--node_type",
            "id": "aa153fe2-2616-4421-849c-a146decee6a3"
          },
          "links": {
            "related": {
              "href": "https://prod85yjmo4f.main.acsf.baywsf.com/jsonapi/node/question/7613ca6f-1459-4426-9f3c-a5916121c058/node_type?resourceVersion=id%3A46286"
            },
            "self": {
              "href": "https://prod85yjmo4f.main.acsf.baywsf.com/jsonapi/node/question/7613ca6f-1459-4426-9f3c-a5916121c058/relationships/node_type?resourceVersion=id%3A46286"
            }
          }
        },
        "revision_uid": {
          "data": {
            "type": "user--user",
            "id": "c48aba71-438d-44c8-a315-2803a8380004"
          },
          "links": {
            "related": {
              "href": "https://prod85yjmo4f.main.acsf.baywsf.com/jsonapi/node/question/7613ca6f-1459-4426-9f3c-a5916121c058/revision_uid?resourceVersion=id%3A46286"
            },
            "self": {
              "href": "https://prod85yjmo4f.main.acsf.baywsf.com/jsonapi/node/question/7613ca6f-1459-4426-9f3c-a5916121c058/relationships/revision_uid?resourceVersion=id%3A46286"
            }
          }
        },
        "uid": {
          "data": {
            "type": "user--user",
            "id": "c48aba71-438d-44c8-a315-2803a8380004"
          },
          "links": {
            "related": {
              "href": "https://prod85yjmo4f.main.acsf.baywsf.com/jsonapi/node/question/7613ca6f-1459-4426-9f3c-a5916121c058/uid?resourceVersion=id%3A46286"
            },
            "self": {
              "href": "https://prod85yjmo4f.main.acsf.baywsf.com/jsonapi/node/question/7613ca6f-1459-4426-9f3c-a5916121c058/relationships/uid?resourceVersion=id%3A46286"
            }
          }
        },
        "field_schema_json_ld_file": {
          "data": null,
          "links": {
            "related": {
              "href": "https://prod85yjmo4f.main.acsf.baywsf.com/jsonapi/node/question/7613ca6f-1459-4426-9f3c-a5916121c058/field_schema_json_ld_file?resourceVersion=id%3A46286"
            },
            "self": {
              "href": "https://prod85yjmo4f.main.acsf.baywsf.com/jsonapi/node/question/7613ca6f-1459-4426-9f3c-a5916121c058/relationships/field_schema_json_ld_file?resourceVersion=id%3A46286"
            }
          }
        },
        "field_actions": {
          "data": [],
          "links": {
            "related": {
              "href": "https://prod85yjmo4f.main.acsf.baywsf.com/jsonapi/node/question/7613ca6f-1459-4426-9f3c-a5916121c058/field_actions?resourceVersion=id%3A46286"
            },
            "self": {
              "href": "https://prod85yjmo4f.main.acsf.baywsf.com/jsonapi/node/question/7613ca6f-1459-4426-9f3c-a5916121c058/relationships/field_actions?resourceVersion=id%3A46286"
            }
          }
        },
        "field_answer": {
          "data": [
            {
              "type": "node--answer",
              "id": "7529905e-52ca-40d9-9606-f684bbf616bc"
            },
            {
              "type": "node--answer",
              "id": "433b3af0-eb08-4ca9-a75f-d05c4de5636b"
            }
          ],
          "links": {
            "related": {
              "href": "https://prod85yjmo4f.main.acsf.baywsf.com/jsonapi/node/question/7613ca6f-1459-4426-9f3c-a5916121c058/field_answer?resourceVersion=id%3A46286"
            },
            "self": {
              "href": "https://prod85yjmo4f.main.acsf.baywsf.com/jsonapi/node/question/7613ca6f-1459-4426-9f3c-a5916121c058/relationships/field_answer?resourceVersion=id%3A46286"
            }
          }
        },
        "field_correct": {
          "data": [],
          "links": {
            "related": {
              "href": "https://prod85yjmo4f.main.acsf.baywsf.com/jsonapi/node/question/7613ca6f-1459-4426-9f3c-a5916121c058/field_correct?resourceVersion=id%3A46286"
            },
            "self": {
              "href": "https://prod85yjmo4f.main.acsf.baywsf.com/jsonapi/node/question/7613ca6f-1459-4426-9f3c-a5916121c058/relationships/field_correct?resourceVersion=id%3A46286"
            }
          }
        },
        "field_question_group": {
          "data": [],
          "links": {
            "related": {
              "href": "https://prod85yjmo4f.main.acsf.baywsf.com/jsonapi/node/question/7613ca6f-1459-4426-9f3c-a5916121c058/field_question_group?resourceVersion=id%3A46286"
            },
            "self": {
              "href": "https://prod85yjmo4f.main.acsf.baywsf.com/jsonapi/node/question/7613ca6f-1459-4426-9f3c-a5916121c058/relationships/field_question_group?resourceVersion=id%3A46286"
            }
          }
        }
      }
    },
    {
      "type": "node--question",
      "id": "1b12fb45-2c79-42dd-87ae-09d6dbaf93e9",
      "links": {
        "self": {
          "href": "https://prod85yjmo4f.main.acsf.baywsf.com/jsonapi/node/question/1b12fb45-2c79-42dd-87ae-09d6dbaf93e9?resourceVersion=id%3A46291"
        }
      },
      "attributes": {
        "drupal_internal__nid": 1251,
        "drupal_internal__vid": 46291,
        "langcode": "en",
        "revision_timestamp": "2021-06-18T06:37:49+00:00",
        "revision_log": null,
        "status": true,
        "title": "Are you suffering from itching?",
        "created": "2021-06-17T12:39:15+00:00",
        "changed": "2021-06-18T06:37:49+00:00",
        "promote": false,
        "sticky": false,
        "default_langcode": true,
        "revision_translation_affected": true,
        "moderation_state": null,
        "metatag": null,
        "path": { "alias": null, "pid": null, "langcode": "en" },
        "private": false,
        "field_metatags": null,
        "content_translation_source": "und",
        "content_translation_outdated": false,
        "published_at": "2021-06-17T12:40:10+00:00",
        "field_error": null,
        "field_explanation": {
          "value": "\u003Cp\u003EIn order to treat the infection we have an oral capsule available. Itching is an external symptom and can be treated by a soothing external cream. The external cream will not treat the infection. In order to both treat the infection and sooth the itching a combination pack of oral capsule and cream is available.\u003C/p\u003E\r\n",
          "format": "cohesion_without_glossify",
          "processed": "\u003Cp\u003EIn order to treat the infection we have an oral capsule available. Itching is an external symptom and can be treated by a soothing external cream. The external cream will not treat the infection. In order to both treat the infection and sooth the itching a combination pack of oral capsule and cream is available.\u003C/p\u003E\n"
        },
        "field_instruction": {
          "value": "\u003Cp\u003EItch\u003C/p\u003E\r\n",
          "format": "cohesion_without_glossify",
          "processed": "\u003Cp\u003EItch\u003C/p\u003E\n"
        },
        "field_references": {
          "value": "\u003Cp\u003EIn order to treat the infection we have an oral capsule available. Itching is an external symptom and can be treated by a soothing external cream. The external cream will not treat the infection. In order to both treat the infection and sooth the itching a combination pack of oral capsule and cream is available.\u003C/p\u003E\r\n",
          "format": "cohesion_without_glossify",
          "processed": "\u003Cp\u003EIn order to treat the infection we have an oral capsule available. Itching is an external symptom and can be treated by a soothing external cream. The external cream will not treat the infection. In order to both treat the infection and sooth the itching a combination pack of oral capsule and cream is available.\u003C/p\u003E\n"
        }
      },
      "relationships": {
        "node_type": {
          "data": {
            "type": "node_type--node_type",
            "id": "aa153fe2-2616-4421-849c-a146decee6a3"
          },
          "links": {
            "related": {
              "href": "https://prod85yjmo4f.main.acsf.baywsf.com/jsonapi/node/question/1b12fb45-2c79-42dd-87ae-09d6dbaf93e9/node_type?resourceVersion=id%3A46291"
            },
            "self": {
              "href": "https://prod85yjmo4f.main.acsf.baywsf.com/jsonapi/node/question/1b12fb45-2c79-42dd-87ae-09d6dbaf93e9/relationships/node_type?resourceVersion=id%3A46291"
            }
          }
        },
        "revision_uid": {
          "data": {
            "type": "user--user",
            "id": "c48aba71-438d-44c8-a315-2803a8380004"
          },
          "links": {
            "related": {
              "href": "https://prod85yjmo4f.main.acsf.baywsf.com/jsonapi/node/question/1b12fb45-2c79-42dd-87ae-09d6dbaf93e9/revision_uid?resourceVersion=id%3A46291"
            },
            "self": {
              "href": "https://prod85yjmo4f.main.acsf.baywsf.com/jsonapi/node/question/1b12fb45-2c79-42dd-87ae-09d6dbaf93e9/relationships/revision_uid?resourceVersion=id%3A46291"
            }
          }
        },
        "uid": {
          "data": {
            "type": "user--user",
            "id": "c48aba71-438d-44c8-a315-2803a8380004"
          },
          "links": {
            "related": {
              "href": "https://prod85yjmo4f.main.acsf.baywsf.com/jsonapi/node/question/1b12fb45-2c79-42dd-87ae-09d6dbaf93e9/uid?resourceVersion=id%3A46291"
            },
            "self": {
              "href": "https://prod85yjmo4f.main.acsf.baywsf.com/jsonapi/node/question/1b12fb45-2c79-42dd-87ae-09d6dbaf93e9/relationships/uid?resourceVersion=id%3A46291"
            }
          }
        },
        "field_schema_json_ld_file": {
          "data": null,
          "links": {
            "related": {
              "href": "https://prod85yjmo4f.main.acsf.baywsf.com/jsonapi/node/question/1b12fb45-2c79-42dd-87ae-09d6dbaf93e9/field_schema_json_ld_file?resourceVersion=id%3A46291"
            },
            "self": {
              "href": "https://prod85yjmo4f.main.acsf.baywsf.com/jsonapi/node/question/1b12fb45-2c79-42dd-87ae-09d6dbaf93e9/relationships/field_schema_json_ld_file?resourceVersion=id%3A46291"
            }
          }
        },
        "field_actions": {
          "data": [],
          "links": {
            "related": {
              "href": "https://prod85yjmo4f.main.acsf.baywsf.com/jsonapi/node/question/1b12fb45-2c79-42dd-87ae-09d6dbaf93e9/field_actions?resourceVersion=id%3A46291"
            },
            "self": {
              "href": "https://prod85yjmo4f.main.acsf.baywsf.com/jsonapi/node/question/1b12fb45-2c79-42dd-87ae-09d6dbaf93e9/relationships/field_actions?resourceVersion=id%3A46291"
            }
          }
        },
        "field_answer": {
          "data": [
            {
              "type": "node--answer",
              "id": "a3c4ca5a-637f-44a8-b0d9-e59ef53e00a6"
            },
            {
              "type": "node--answer",
              "id": "c00c2f96-d2d5-40c0-911a-aee59a5d3199"
            }
          ],
          "links": {
            "related": {
              "href": "https://prod85yjmo4f.main.acsf.baywsf.com/jsonapi/node/question/1b12fb45-2c79-42dd-87ae-09d6dbaf93e9/field_answer?resourceVersion=id%3A46291"
            },
            "self": {
              "href": "https://prod85yjmo4f.main.acsf.baywsf.com/jsonapi/node/question/1b12fb45-2c79-42dd-87ae-09d6dbaf93e9/relationships/field_answer?resourceVersion=id%3A46291"
            }
          }
        },
        "field_correct": {
          "data": [],
          "links": {
            "related": {
              "href": "https://prod85yjmo4f.main.acsf.baywsf.com/jsonapi/node/question/1b12fb45-2c79-42dd-87ae-09d6dbaf93e9/field_correct?resourceVersion=id%3A46291"
            },
            "self": {
              "href": "https://prod85yjmo4f.main.acsf.baywsf.com/jsonapi/node/question/1b12fb45-2c79-42dd-87ae-09d6dbaf93e9/relationships/field_correct?resourceVersion=id%3A46291"
            }
          }
        },
        "field_question_group": {
          "data": [],
          "links": {
            "related": {
              "href": "https://prod85yjmo4f.main.acsf.baywsf.com/jsonapi/node/question/1b12fb45-2c79-42dd-87ae-09d6dbaf93e9/field_question_group?resourceVersion=id%3A46291"
            },
            "self": {
              "href": "https://prod85yjmo4f.main.acsf.baywsf.com/jsonapi/node/question/1b12fb45-2c79-42dd-87ae-09d6dbaf93e9/relationships/field_question_group?resourceVersion=id%3A46291"
            }
          }
        }
      }
    },
    {
      "type": "node--question",
      "id": "a79cca53-edab-4e55-937f-7a11be655a9b",
      "links": {
        "self": {
          "href": "https://prod85yjmo4f.main.acsf.baywsf.com/jsonapi/node/question/a79cca53-edab-4e55-937f-7a11be655a9b?resourceVersion=id%3A46296"
        }
      },
      "attributes": {
        "drupal_internal__nid": 1271,
        "drupal_internal__vid": 46296,
        "langcode": "en",
        "revision_timestamp": "2021-06-18T06:40:48+00:00",
        "revision_log": null,
        "status": true,
        "title": "Are you searching for a product for \u2026?",
        "created": "2021-06-17T12:43:12+00:00",
        "changed": "2021-06-18T06:40:48+00:00",
        "promote": false,
        "sticky": false,
        "default_langcode": true,
        "revision_translation_affected": true,
        "moderation_state": null,
        "metatag": null,
        "path": { "alias": null, "pid": null, "langcode": "en" },
        "private": false,
        "field_metatags": null,
        "content_translation_source": "und",
        "content_translation_outdated": false,
        "published_at": "2021-06-17T12:44:50+00:00",
        "field_error": null,
        "field_explanation": {
          "value": "\u003Cp\u003EThrush The common vaginal yeast infection thrush is a type of vaginitis \u2013 an inflammation of your vagina. Both fungus and bacteria naturally live in your vagina, but when the fungus Candida albicans increases, it can cause thrush. This fungus may increase when your immune system is weak or when good bacteria (called lactobacilli) can\u2019t keep the fungus under control.\u003C/p\u003E\r\n\r\n\u003Cp\u003EBacterial vaginosis (BV) may sound scary, but it\u0027s very common and easily treated. If you do get BV, remember you\u2019re not alone. BV is the most common cause of vaginal infections in women of childbearing age.\u003C/p\u003E\r\n\r\n\u003Cp\u003ECystitis is the medical name given to an inflammation of the bladder that affects up to 40% of women. The feeling that you need to urinate more often and suffering from uncomfortable or even painful urination are two of the main symptoms that indicate you may be suffering from cystitis.\u003C/p\u003E\r\n",
          "format": "cohesion_without_glossify",
          "processed": "\u003Cp\u003EThrush The common vaginal yeast infection thrush is a type of vaginitis \u2013 an inflammation of your vagina. Both fungus and bacteria naturally live in your vagina, but when the fungus Candida albicans increases, it can cause thrush. This fungus may increase when your immune system is weak or when good bacteria (called lactobacilli) can\u2019t keep the fungus under control.\u003C/p\u003E\n\n\u003Cp\u003EBacterial vaginosis (BV) may sound scary, but it\u0027s very common and easily treated. If you do get BV, remember you\u2019re not alone. BV is the most common cause of vaginal infections in women of childbearing age.\u003C/p\u003E\n\n\u003Cp\u003ECystitis is the medical name given to an inflammation of the bladder that affects up to 40% of women. The feeling that you need to urinate more often and suffering from uncomfortable or even painful urination are two of the main symptoms that indicate you may be suffering from cystitis.\u003C/p\u003E\n"
        },
        "field_instruction": {
          "value": "\u003Cp\u003ETell me...\u003C/p\u003E\r\n",
          "format": "cohesion_without_glossify",
          "processed": "\u003Cp\u003ETell me...\u003C/p\u003E\n"
        },
        "field_references": {
          "value": "\u003Cp\u003EThrush The common vaginal yeast infection thrush is a type of vaginitis \u2013 an inflammation of your vagina. Both fungus and bacteria naturally live in your vagina, but when the fungus Candida albicans increases, it can cause thrush. This fungus may increase when your immune system is weak or when good bacteria (called lactobacilli) can\u2019t keep the fungus under control.\u003C/p\u003E\r\n\r\n\u003Cp\u003EBacterial vaginosis (BV) may sound scary, but it\u0027s very common and easily treated. If you do get BV, remember you\u2019re not alone. BV is the most common cause of vaginal infections in women of childbearing age.\u003C/p\u003E\r\n\r\n\u003Cp\u003ECystitis is the medical name given to an inflammation of the bladder that affects up to 40% of women. The feeling that you need to urinate more often and suffering from uncomfortable or even painful urination are two of the main symptoms that indicate you may be suffering from cystitis.\u003C/p\u003E\r\n",
          "format": "cohesion_without_glossify",
          "processed": "\u003Cp\u003EThrush The common vaginal yeast infection thrush is a type of vaginitis \u2013 an inflammation of your vagina. Both fungus and bacteria naturally live in your vagina, but when the fungus Candida albicans increases, it can cause thrush. This fungus may increase when your immune system is weak or when good bacteria (called lactobacilli) can\u2019t keep the fungus under control.\u003C/p\u003E\n\n\u003Cp\u003EBacterial vaginosis (BV) may sound scary, but it\u0027s very common and easily treated. If you do get BV, remember you\u2019re not alone. BV is the most common cause of vaginal infections in women of childbearing age.\u003C/p\u003E\n\n\u003Cp\u003ECystitis is the medical name given to an inflammation of the bladder that affects up to 40% of women. The feeling that you need to urinate more often and suffering from uncomfortable or even painful urination are two of the main symptoms that indicate you may be suffering from cystitis.\u003C/p\u003E\n"
        }
      },
      "relationships": {
        "node_type": {
          "data": {
            "type": "node_type--node_type",
            "id": "aa153fe2-2616-4421-849c-a146decee6a3"
          },
          "links": {
            "related": {
              "href": "https://prod85yjmo4f.main.acsf.baywsf.com/jsonapi/node/question/a79cca53-edab-4e55-937f-7a11be655a9b/node_type?resourceVersion=id%3A46296"
            },
            "self": {
              "href": "https://prod85yjmo4f.main.acsf.baywsf.com/jsonapi/node/question/a79cca53-edab-4e55-937f-7a11be655a9b/relationships/node_type?resourceVersion=id%3A46296"
            }
          }
        },
        "revision_uid": {
          "data": {
            "type": "user--user",
            "id": "c48aba71-438d-44c8-a315-2803a8380004"
          },
          "links": {
            "related": {
              "href": "https://prod85yjmo4f.main.acsf.baywsf.com/jsonapi/node/question/a79cca53-edab-4e55-937f-7a11be655a9b/revision_uid?resourceVersion=id%3A46296"
            },
            "self": {
              "href": "https://prod85yjmo4f.main.acsf.baywsf.com/jsonapi/node/question/a79cca53-edab-4e55-937f-7a11be655a9b/relationships/revision_uid?resourceVersion=id%3A46296"
            }
          }
        },
        "uid": {
          "data": {
            "type": "user--user",
            "id": "c48aba71-438d-44c8-a315-2803a8380004"
          },
          "links": {
            "related": {
              "href": "https://prod85yjmo4f.main.acsf.baywsf.com/jsonapi/node/question/a79cca53-edab-4e55-937f-7a11be655a9b/uid?resourceVersion=id%3A46296"
            },
            "self": {
              "href": "https://prod85yjmo4f.main.acsf.baywsf.com/jsonapi/node/question/a79cca53-edab-4e55-937f-7a11be655a9b/relationships/uid?resourceVersion=id%3A46296"
            }
          }
        },
        "field_schema_json_ld_file": {
          "data": null,
          "links": {
            "related": {
              "href": "https://prod85yjmo4f.main.acsf.baywsf.com/jsonapi/node/question/a79cca53-edab-4e55-937f-7a11be655a9b/field_schema_json_ld_file?resourceVersion=id%3A46296"
            },
            "self": {
              "href": "https://prod85yjmo4f.main.acsf.baywsf.com/jsonapi/node/question/a79cca53-edab-4e55-937f-7a11be655a9b/relationships/field_schema_json_ld_file?resourceVersion=id%3A46296"
            }
          }
        },
        "field_actions": {
          "data": [],
          "links": {
            "related": {
              "href": "https://prod85yjmo4f.main.acsf.baywsf.com/jsonapi/node/question/a79cca53-edab-4e55-937f-7a11be655a9b/field_actions?resourceVersion=id%3A46296"
            },
            "self": {
              "href": "https://prod85yjmo4f.main.acsf.baywsf.com/jsonapi/node/question/a79cca53-edab-4e55-937f-7a11be655a9b/relationships/field_actions?resourceVersion=id%3A46296"
            }
          }
        },
        "field_answer": {
          "data": [
            {
              "type": "node--answer",
              "id": "74d382c1-bbcc-44c7-ad4d-6e149d9cd0a2"
            },
            {
              "type": "node--answer",
              "id": "5046ab7d-b8bb-40be-b131-14ea1f4870e3"
            },
            {
              "type": "node--answer",
              "id": "1c8da33e-35db-4b1b-8179-e5d8e6a25da3"
            }
          ],
          "links": {
            "related": {
              "href": "https://prod85yjmo4f.main.acsf.baywsf.com/jsonapi/node/question/a79cca53-edab-4e55-937f-7a11be655a9b/field_answer?resourceVersion=id%3A46296"
            },
            "self": {
              "href": "https://prod85yjmo4f.main.acsf.baywsf.com/jsonapi/node/question/a79cca53-edab-4e55-937f-7a11be655a9b/relationships/field_answer?resourceVersion=id%3A46296"
            }
          }
        },
        "field_correct": {
          "data": [],
          "links": {
            "related": {
              "href": "https://prod85yjmo4f.main.acsf.baywsf.com/jsonapi/node/question/a79cca53-edab-4e55-937f-7a11be655a9b/field_correct?resourceVersion=id%3A46296"
            },
            "self": {
              "href": "https://prod85yjmo4f.main.acsf.baywsf.com/jsonapi/node/question/a79cca53-edab-4e55-937f-7a11be655a9b/relationships/field_correct?resourceVersion=id%3A46296"
            }
          }
        },
        "field_question_group": {
          "data": [],
          "links": {
            "related": {
              "href": "https://prod85yjmo4f.main.acsf.baywsf.com/jsonapi/node/question/a79cca53-edab-4e55-937f-7a11be655a9b/field_question_group?resourceVersion=id%3A46296"
            },
            "self": {
              "href": "https://prod85yjmo4f.main.acsf.baywsf.com/jsonapi/node/question/a79cca53-edab-4e55-937f-7a11be655a9b/relationships/field_question_group?resourceVersion=id%3A46296"
            }
          }
        }
      }
    },
    {
      "type": "node--question",
      "id": "cce5728e-2922-444b-bb3a-d87eeea4d99f",
      "links": {
        "self": {
          "href": "https://prod85yjmo4f.main.acsf.baywsf.com/jsonapi/node/question/cce5728e-2922-444b-bb3a-d87eeea4d99f?resourceVersion=id%3A46301"
        }
      },
      "attributes": {
        "drupal_internal__nid": 1276,
        "drupal_internal__vid": 46301,
        "langcode": "en",
        "revision_timestamp": "2021-06-18T06:42:19+00:00",
        "revision_log": null,
        "status": true,
        "title": "Are you pregnant?",
        "created": "2021-06-17T12:46:44+00:00",
        "changed": "2021-06-18T06:42:19+00:00",
        "promote": false,
        "sticky": false,
        "default_langcode": true,
        "revision_translation_affected": true,
        "moderation_state": null,
        "metatag": null,
        "path": { "alias": null, "pid": null, "langcode": "en" },
        "private": false,
        "field_metatags": null,
        "content_translation_source": "und",
        "content_translation_outdated": false,
        "published_at": "2021-06-17T12:49:11+00:00",
        "field_error": null,
        "field_explanation": {
          "value": "\u003Cp\u003EWe ask this question as a certain type of treatment is recommended in case of pregnancy, as per health authority. If you have any doubts please ask your doctor.\u003C/p\u003E\r\n",
          "format": "cohesion_without_glossify",
          "processed": "\u003Cp\u003EWe ask this question as a certain type of treatment is recommended in case of pregnancy, as per health authority. If you have any doubts please ask your doctor.\u003C/p\u003E\n"
        },
        "field_instruction": {
          "value": "\u003Cp\u003EPregnancy\u003C/p\u003E\r\n",
          "format": "cohesion_without_glossify",
          "processed": "\u003Cp\u003EPregnancy\u003C/p\u003E\n"
        },
        "field_references": {
          "value": "\u003Cp\u003EWe ask this question as a certain type of treatment is recommended in case of pregnancy, as per health authority. If you have any doubts please ask your doctor.\u003C/p\u003E\r\n",
          "format": "cohesion_without_glossify",
          "processed": "\u003Cp\u003EWe ask this question as a certain type of treatment is recommended in case of pregnancy, as per health authority. If you have any doubts please ask your doctor.\u003C/p\u003E\n"
        }
      },
      "relationships": {
        "node_type": {
          "data": {
            "type": "node_type--node_type",
            "id": "aa153fe2-2616-4421-849c-a146decee6a3"
          },
          "links": {
            "related": {
              "href": "https://prod85yjmo4f.main.acsf.baywsf.com/jsonapi/node/question/cce5728e-2922-444b-bb3a-d87eeea4d99f/node_type?resourceVersion=id%3A46301"
            },
            "self": {
              "href": "https://prod85yjmo4f.main.acsf.baywsf.com/jsonapi/node/question/cce5728e-2922-444b-bb3a-d87eeea4d99f/relationships/node_type?resourceVersion=id%3A46301"
            }
          }
        },
        "revision_uid": {
          "data": {
            "type": "user--user",
            "id": "c48aba71-438d-44c8-a315-2803a8380004"
          },
          "links": {
            "related": {
              "href": "https://prod85yjmo4f.main.acsf.baywsf.com/jsonapi/node/question/cce5728e-2922-444b-bb3a-d87eeea4d99f/revision_uid?resourceVersion=id%3A46301"
            },
            "self": {
              "href": "https://prod85yjmo4f.main.acsf.baywsf.com/jsonapi/node/question/cce5728e-2922-444b-bb3a-d87eeea4d99f/relationships/revision_uid?resourceVersion=id%3A46301"
            }
          }
        },
        "uid": {
          "data": {
            "type": "user--user",
            "id": "c48aba71-438d-44c8-a315-2803a8380004"
          },
          "links": {
            "related": {
              "href": "https://prod85yjmo4f.main.acsf.baywsf.com/jsonapi/node/question/cce5728e-2922-444b-bb3a-d87eeea4d99f/uid?resourceVersion=id%3A46301"
            },
            "self": {
              "href": "https://prod85yjmo4f.main.acsf.baywsf.com/jsonapi/node/question/cce5728e-2922-444b-bb3a-d87eeea4d99f/relationships/uid?resourceVersion=id%3A46301"
            }
          }
        },
        "field_schema_json_ld_file": {
          "data": null,
          "links": {
            "related": {
              "href": "https://prod85yjmo4f.main.acsf.baywsf.com/jsonapi/node/question/cce5728e-2922-444b-bb3a-d87eeea4d99f/field_schema_json_ld_file?resourceVersion=id%3A46301"
            },
            "self": {
              "href": "https://prod85yjmo4f.main.acsf.baywsf.com/jsonapi/node/question/cce5728e-2922-444b-bb3a-d87eeea4d99f/relationships/field_schema_json_ld_file?resourceVersion=id%3A46301"
            }
          }
        },
        "field_actions": {
          "data": [],
          "links": {
            "related": {
              "href": "https://prod85yjmo4f.main.acsf.baywsf.com/jsonapi/node/question/cce5728e-2922-444b-bb3a-d87eeea4d99f/field_actions?resourceVersion=id%3A46301"
            },
            "self": {
              "href": "https://prod85yjmo4f.main.acsf.baywsf.com/jsonapi/node/question/cce5728e-2922-444b-bb3a-d87eeea4d99f/relationships/field_actions?resourceVersion=id%3A46301"
            }
          }
        },
        "field_answer": {
          "data": [
            {
              "type": "node--answer",
              "id": "fa32b062-5f44-436e-a874-80b616284271"
            },
            {
              "type": "node--answer",
              "id": "5bfd7119-6c64-4391-bff4-c00a8a45a523"
            }
          ],
          "links": {
            "related": {
              "href": "https://prod85yjmo4f.main.acsf.baywsf.com/jsonapi/node/question/cce5728e-2922-444b-bb3a-d87eeea4d99f/field_answer?resourceVersion=id%3A46301"
            },
            "self": {
              "href": "https://prod85yjmo4f.main.acsf.baywsf.com/jsonapi/node/question/cce5728e-2922-444b-bb3a-d87eeea4d99f/relationships/field_answer?resourceVersion=id%3A46301"
            }
          }
        },
        "field_correct": {
          "data": [],
          "links": {
            "related": {
              "href": "https://prod85yjmo4f.main.acsf.baywsf.com/jsonapi/node/question/cce5728e-2922-444b-bb3a-d87eeea4d99f/field_correct?resourceVersion=id%3A46301"
            },
            "self": {
              "href": "https://prod85yjmo4f.main.acsf.baywsf.com/jsonapi/node/question/cce5728e-2922-444b-bb3a-d87eeea4d99f/relationships/field_correct?resourceVersion=id%3A46301"
            }
          }
        },
        "field_question_group": {
          "data": [],
          "links": {
            "related": {
              "href": "https://prod85yjmo4f.main.acsf.baywsf.com/jsonapi/node/question/cce5728e-2922-444b-bb3a-d87eeea4d99f/field_question_group?resourceVersion=id%3A46301"
            },
            "self": {
              "href": "https://prod85yjmo4f.main.acsf.baywsf.com/jsonapi/node/question/cce5728e-2922-444b-bb3a-d87eeea4d99f/relationships/field_question_group?resourceVersion=id%3A46301"
            }
          }
        }
      }
    },
    {
      "type": "node--question",
      "id": "82d49ade-1e56-40a1-bd16-dd997e1ce1bc",
      "links": {
        "self": {
          "href": "https://prod85yjmo4f.main.acsf.baywsf.com/jsonapi/node/question/82d49ade-1e56-40a1-bd16-dd997e1ce1bc?resourceVersion=id%3A46311"
        }
      },
      "attributes": {
        "drupal_internal__nid": 1291,
        "drupal_internal__vid": 46311,
        "langcode": "en",
        "revision_timestamp": "2021-06-18T06:48:40+00:00",
        "revision_log": null,
        "status": true,
        "title": "Do you prefer an oral or a vaginal treatment?",
        "created": "2021-06-17T12:52:02+00:00",
        "changed": "2021-06-18T06:48:40+00:00",
        "promote": false,
        "sticky": false,
        "default_langcode": true,
        "revision_translation_affected": true,
        "moderation_state": null,
        "metatag": null,
        "path": { "alias": null, "pid": null, "langcode": "en" },
        "private": false,
        "field_metatags": null,
        "content_translation_source": "und",
        "content_translation_outdated": false,
        "published_at": "2021-06-17T12:52:54+00:00",
        "field_error": null,
        "field_explanation": {
          "value": "\u003Cp\u003EAll treatment options have the same efficacy, so you can pick the option that you are most comfortable with. You may have cultural or personal reasons to choose one or the other. In case you need an on-the-go option, an oral solution may be an approproate solution for you.\u003C/p\u003E\r\n",
          "format": "cohesion_without_glossify",
          "processed": "\u003Cp\u003EAll treatment options have the same efficacy, so you can pick the option that you are most comfortable with. You may have cultural or personal reasons to choose one or the other. In case you need an on-the-go option, an oral solution may be an approproate solution for you.\u003C/p\u003E\n"
        },
        "field_instruction": {
          "value": "\u003Cp\u003EPreference\u003C/p\u003E\r\n",
          "format": "cohesion_without_glossify",
          "processed": "\u003Cp\u003EPreference\u003C/p\u003E\n"
        },
        "field_references": {
          "value": "\u003Cp\u003EAll treatment options have the same efficacy, so you can pick the option that you are most comfortable with. You may have cultural or personal reasons to choose one or the other. In case you need an on-the-go option, an oral solution may be an approproate solution for you.\u003C/p\u003E\r\n",
          "format": "cohesion_without_glossify",
          "processed": "\u003Cp\u003EAll treatment options have the same efficacy, so you can pick the option that you are most comfortable with. You may have cultural or personal reasons to choose one or the other. In case you need an on-the-go option, an oral solution may be an approproate solution for you.\u003C/p\u003E\n"
        }
      },
      "relationships": {
        "node_type": {
          "data": {
            "type": "node_type--node_type",
            "id": "aa153fe2-2616-4421-849c-a146decee6a3"
          },
          "links": {
            "related": {
              "href": "https://prod85yjmo4f.main.acsf.baywsf.com/jsonapi/node/question/82d49ade-1e56-40a1-bd16-dd997e1ce1bc/node_type?resourceVersion=id%3A46311"
            },
            "self": {
              "href": "https://prod85yjmo4f.main.acsf.baywsf.com/jsonapi/node/question/82d49ade-1e56-40a1-bd16-dd997e1ce1bc/relationships/node_type?resourceVersion=id%3A46311"
            }
          }
        },
        "revision_uid": {
          "data": {
            "type": "user--user",
            "id": "c48aba71-438d-44c8-a315-2803a8380004"
          },
          "links": {
            "related": {
              "href": "https://prod85yjmo4f.main.acsf.baywsf.com/jsonapi/node/question/82d49ade-1e56-40a1-bd16-dd997e1ce1bc/revision_uid?resourceVersion=id%3A46311"
            },
            "self": {
              "href": "https://prod85yjmo4f.main.acsf.baywsf.com/jsonapi/node/question/82d49ade-1e56-40a1-bd16-dd997e1ce1bc/relationships/revision_uid?resourceVersion=id%3A46311"
            }
          }
        },
        "uid": {
          "data": {
            "type": "user--user",
            "id": "c48aba71-438d-44c8-a315-2803a8380004"
          },
          "links": {
            "related": {
              "href": "https://prod85yjmo4f.main.acsf.baywsf.com/jsonapi/node/question/82d49ade-1e56-40a1-bd16-dd997e1ce1bc/uid?resourceVersion=id%3A46311"
            },
            "self": {
              "href": "https://prod85yjmo4f.main.acsf.baywsf.com/jsonapi/node/question/82d49ade-1e56-40a1-bd16-dd997e1ce1bc/relationships/uid?resourceVersion=id%3A46311"
            }
          }
        },
        "field_schema_json_ld_file": {
          "data": null,
          "links": {
            "related": {
              "href": "https://prod85yjmo4f.main.acsf.baywsf.com/jsonapi/node/question/82d49ade-1e56-40a1-bd16-dd997e1ce1bc/field_schema_json_ld_file?resourceVersion=id%3A46311"
            },
            "self": {
              "href": "https://prod85yjmo4f.main.acsf.baywsf.com/jsonapi/node/question/82d49ade-1e56-40a1-bd16-dd997e1ce1bc/relationships/field_schema_json_ld_file?resourceVersion=id%3A46311"
            }
          }
        },
        "field_actions": {
          "data": [],
          "links": {
            "related": {
              "href": "https://prod85yjmo4f.main.acsf.baywsf.com/jsonapi/node/question/82d49ade-1e56-40a1-bd16-dd997e1ce1bc/field_actions?resourceVersion=id%3A46311"
            },
            "self": {
              "href": "https://prod85yjmo4f.main.acsf.baywsf.com/jsonapi/node/question/82d49ade-1e56-40a1-bd16-dd997e1ce1bc/relationships/field_actions?resourceVersion=id%3A46311"
            }
          }
        },
        "field_answer": {
          "data": [
            {
              "type": "node--answer",
              "id": "4211e4d6-ca1e-4440-8e60-bf2af064b67b"
            },
            {
              "type": "node--answer",
              "id": "8d64b717-3736-4e2d-97b8-7cf36c7ad1da"
            }
          ],
          "links": {
            "related": {
              "href": "https://prod85yjmo4f.main.acsf.baywsf.com/jsonapi/node/question/82d49ade-1e56-40a1-bd16-dd997e1ce1bc/field_answer?resourceVersion=id%3A46311"
            },
            "self": {
              "href": "https://prod85yjmo4f.main.acsf.baywsf.com/jsonapi/node/question/82d49ade-1e56-40a1-bd16-dd997e1ce1bc/relationships/field_answer?resourceVersion=id%3A46311"
            }
          }
        },
        "field_correct": {
          "data": [],
          "links": {
            "related": {
              "href": "https://prod85yjmo4f.main.acsf.baywsf.com/jsonapi/node/question/82d49ade-1e56-40a1-bd16-dd997e1ce1bc/field_correct?resourceVersion=id%3A46311"
            },
            "self": {
              "href": "https://prod85yjmo4f.main.acsf.baywsf.com/jsonapi/node/question/82d49ade-1e56-40a1-bd16-dd997e1ce1bc/relationships/field_correct?resourceVersion=id%3A46311"
            }
          }
        },
        "field_question_group": {
          "data": [],
          "links": {
            "related": {
              "href": "https://prod85yjmo4f.main.acsf.baywsf.com/jsonapi/node/question/82d49ade-1e56-40a1-bd16-dd997e1ce1bc/field_question_group?resourceVersion=id%3A46311"
            },
            "self": {
              "href": "https://prod85yjmo4f.main.acsf.baywsf.com/jsonapi/node/question/82d49ade-1e56-40a1-bd16-dd997e1ce1bc/relationships/field_question_group?resourceVersion=id%3A46311"
            }
          }
        }
      }
    },
    {
      "type": "node--question",
      "id": "2ef46d88-9971-40c3-9fef-89d8a45b401a",
      "links": {
        "self": {
          "href": "https://prod85yjmo4f.main.acsf.baywsf.com/jsonapi/node/question/2ef46d88-9971-40c3-9fef-89d8a45b401a?resourceVersion=id%3A46316"
        }
      },
      "attributes": {
        "drupal_internal__nid": 1311,
        "drupal_internal__vid": 46316,
        "langcode": "en",
        "revision_timestamp": "2021-06-18T06:52:02+00:00",
        "revision_log": null,
        "status": true,
        "title": "What format would you prefer?",
        "created": "2021-06-17T12:56:48+00:00",
        "changed": "2021-06-18T06:52:02+00:00",
        "promote": false,
        "sticky": false,
        "default_langcode": true,
        "revision_translation_affected": true,
        "moderation_state": null,
        "metatag": null,
        "path": { "alias": null, "pid": null, "langcode": "en" },
        "private": false,
        "field_metatags": null,
        "content_translation_source": "und",
        "content_translation_outdated": false,
        "published_at": "2021-06-17T12:59:12+00:00",
        "field_error": null,
        "field_explanation": {
          "value": "\u003Cp\u003EAll formats have the same efficacy, so you can pick the option that you are most comfortable with.\u003C/p\u003E\r\n\r\n\u003Cp\u003E- The soft gel is easy and comfortable to insert.\u003C/p\u003E\r\n\r\n\u003Cp\u003E- The vaginal cream comes in a prefilled applicator and is recommended before going to sleep at night. This option may be preferred by those suffering from vaginal dryness.\u003C/p\u003E\r\n\r\n\u003Cp\u003E- The vaginal tablet is a traditional pessary.\u003C/p\u003E\r\n",
          "format": "cohesion_without_glossify",
          "processed": "\u003Cp\u003EAll formats have the same efficacy, so you can pick the option that you are most comfortable with.\u003C/p\u003E\n\n\u003Cp\u003E- The soft gel is easy and comfortable to insert.\u003C/p\u003E\n\n\u003Cp\u003E- The vaginal cream comes in a prefilled applicator and is recommended before going to sleep at night. This option may be preferred by those suffering from vaginal dryness.\u003C/p\u003E\n\n\u003Cp\u003E- The vaginal tablet is a traditional pessary.\u003C/p\u003E\n"
        },
        "field_instruction": {
          "value": "\u003Cp\u003EPreference\u003C/p\u003E\r\n",
          "format": "cohesion_without_glossify",
          "processed": "\u003Cp\u003EPreference\u003C/p\u003E\n"
        },
        "field_references": {
          "value": "\u003Cp\u003EAll formats have the same efficacy, so you can pick the option that you are most comfortable with.\u003C/p\u003E\r\n\r\n\u003Cp\u003E- The soft gel is easy and comfortable to insert.\u003C/p\u003E\r\n\r\n\u003Cp\u003E- The vaginal cream comes in a prefilled applicator and is recommended before going to sleep at night. This option may be preferred by those suffering from vaginal dryness.\u003C/p\u003E\r\n\r\n\u003Cp\u003E- The vaginal tablet is a traditional pessary.\u003C/p\u003E\r\n",
          "format": "cohesion_without_glossify",
          "processed": "\u003Cp\u003EAll formats have the same efficacy, so you can pick the option that you are most comfortable with.\u003C/p\u003E\n\n\u003Cp\u003E- The soft gel is easy and comfortable to insert.\u003C/p\u003E\n\n\u003Cp\u003E- The vaginal cream comes in a prefilled applicator and is recommended before going to sleep at night. This option may be preferred by those suffering from vaginal dryness.\u003C/p\u003E\n\n\u003Cp\u003E- The vaginal tablet is a traditional pessary.\u003C/p\u003E\n"
        }
      },
      "relationships": {
        "node_type": {
          "data": {
            "type": "node_type--node_type",
            "id": "aa153fe2-2616-4421-849c-a146decee6a3"
          },
          "links": {
            "related": {
              "href": "https://prod85yjmo4f.main.acsf.baywsf.com/jsonapi/node/question/2ef46d88-9971-40c3-9fef-89d8a45b401a/node_type?resourceVersion=id%3A46316"
            },
            "self": {
              "href": "https://prod85yjmo4f.main.acsf.baywsf.com/jsonapi/node/question/2ef46d88-9971-40c3-9fef-89d8a45b401a/relationships/node_type?resourceVersion=id%3A46316"
            }
          }
        },
        "revision_uid": {
          "data": {
            "type": "user--user",
            "id": "c48aba71-438d-44c8-a315-2803a8380004"
          },
          "links": {
            "related": {
              "href": "https://prod85yjmo4f.main.acsf.baywsf.com/jsonapi/node/question/2ef46d88-9971-40c3-9fef-89d8a45b401a/revision_uid?resourceVersion=id%3A46316"
            },
            "self": {
              "href": "https://prod85yjmo4f.main.acsf.baywsf.com/jsonapi/node/question/2ef46d88-9971-40c3-9fef-89d8a45b401a/relationships/revision_uid?resourceVersion=id%3A46316"
            }
          }
        },
        "uid": {
          "data": {
            "type": "user--user",
            "id": "c48aba71-438d-44c8-a315-2803a8380004"
          },
          "links": {
            "related": {
              "href": "https://prod85yjmo4f.main.acsf.baywsf.com/jsonapi/node/question/2ef46d88-9971-40c3-9fef-89d8a45b401a/uid?resourceVersion=id%3A46316"
            },
            "self": {
              "href": "https://prod85yjmo4f.main.acsf.baywsf.com/jsonapi/node/question/2ef46d88-9971-40c3-9fef-89d8a45b401a/relationships/uid?resourceVersion=id%3A46316"
            }
          }
        },
        "field_schema_json_ld_file": {
          "data": null,
          "links": {
            "related": {
              "href": "https://prod85yjmo4f.main.acsf.baywsf.com/jsonapi/node/question/2ef46d88-9971-40c3-9fef-89d8a45b401a/field_schema_json_ld_file?resourceVersion=id%3A46316"
            },
            "self": {
              "href": "https://prod85yjmo4f.main.acsf.baywsf.com/jsonapi/node/question/2ef46d88-9971-40c3-9fef-89d8a45b401a/relationships/field_schema_json_ld_file?resourceVersion=id%3A46316"
            }
          }
        },
        "field_actions": {
          "data": [],
          "links": {
            "related": {
              "href": "https://prod85yjmo4f.main.acsf.baywsf.com/jsonapi/node/question/2ef46d88-9971-40c3-9fef-89d8a45b401a/field_actions?resourceVersion=id%3A46316"
            },
            "self": {
              "href": "https://prod85yjmo4f.main.acsf.baywsf.com/jsonapi/node/question/2ef46d88-9971-40c3-9fef-89d8a45b401a/relationships/field_actions?resourceVersion=id%3A46316"
            }
          }
        },
        "field_answer": {
          "data": [
            {
              "type": "node--answer",
              "id": "0f3d0043-5efd-4fd6-ab38-988ba6484fcd"
            },
            {
              "type": "node--answer",
              "id": "d57b3f8b-b0de-4387-9c21-959cb1ae45a0"
            },
            {
              "type": "node--answer",
              "id": "2f1dba46-6250-439f-be37-007b735e5627"
            }
          ],
          "links": {
            "related": {
              "href": "https://prod85yjmo4f.main.acsf.baywsf.com/jsonapi/node/question/2ef46d88-9971-40c3-9fef-89d8a45b401a/field_answer?resourceVersion=id%3A46316"
            },
            "self": {
              "href": "https://prod85yjmo4f.main.acsf.baywsf.com/jsonapi/node/question/2ef46d88-9971-40c3-9fef-89d8a45b401a/relationships/field_answer?resourceVersion=id%3A46316"
            }
          }
        },
        "field_correct": {
          "data": [],
          "links": {
            "related": {
              "href": "https://prod85yjmo4f.main.acsf.baywsf.com/jsonapi/node/question/2ef46d88-9971-40c3-9fef-89d8a45b401a/field_correct?resourceVersion=id%3A46316"
            },
            "self": {
              "href": "https://prod85yjmo4f.main.acsf.baywsf.com/jsonapi/node/question/2ef46d88-9971-40c3-9fef-89d8a45b401a/relationships/field_correct?resourceVersion=id%3A46316"
            }
          }
        },
        "field_question_group": {
          "data": [],
          "links": {
            "related": {
              "href": "https://prod85yjmo4f.main.acsf.baywsf.com/jsonapi/node/question/2ef46d88-9971-40c3-9fef-89d8a45b401a/field_question_group?resourceVersion=id%3A46316"
            },
            "self": {
              "href": "https://prod85yjmo4f.main.acsf.baywsf.com/jsonapi/node/question/2ef46d88-9971-40c3-9fef-89d8a45b401a/relationships/field_question_group?resourceVersion=id%3A46316"
            }
          }
        }
      }
    },
    {
      "type": "node--question",
      "id": "d0e11505-48ed-4d3a-9e5d-b489845b19f0",
      "links": {
        "self": {
          "href": "https://prod85yjmo4f.main.acsf.baywsf.com/jsonapi/node/question/d0e11505-48ed-4d3a-9e5d-b489845b19f0?resourceVersion=id%3A46306"
        }
      },
      "attributes": {
        "drupal_internal__nid": 1326,
        "drupal_internal__vid": 46306,
        "langcode": "en",
        "revision_timestamp": "2021-06-18T06:45:42+00:00",
        "revision_log": null,
        "status": true,
        "title": "What format would you prefer?",
        "created": "2021-06-17T13:03:02+00:00",
        "changed": "2021-06-18T06:45:42+00:00",
        "promote": false,
        "sticky": false,
        "default_langcode": true,
        "revision_translation_affected": true,
        "moderation_state": null,
        "metatag": null,
        "path": { "alias": null, "pid": null, "langcode": "en" },
        "private": false,
        "field_metatags": null,
        "content_translation_source": "und",
        "content_translation_outdated": false,
        "published_at": "2021-06-17T13:04:01+00:00",
        "field_error": null,
        "field_explanation": {
          "value": "\u003Cp\u003EAll formats have the same efficacy, so you can pick the option that you are most comfortable with.\u003C/p\u003E\r\n\r\n\u003Cp\u003E- Vaginal Gel - is an easy-to-use treatment containing 7 pre-filled tube applicators. It is best to use this at night time.\u003C/p\u003E\r\n\r\n\u003Cp\u003E- Vaginal Pessary - is a convenient treatment containing 7 pessaries.\u003C/p\u003E\r\n",
          "format": "cohesion_without_glossify",
          "processed": "\u003Cp\u003EAll formats have the same efficacy, so you can pick the option that you are most comfortable with.\u003C/p\u003E\n\n\u003Cp\u003E- Vaginal Gel - is an easy-to-use treatment containing 7 pre-filled tube applicators. It is best to use this at night time.\u003C/p\u003E\n\n\u003Cp\u003E- Vaginal Pessary - is a convenient treatment containing 7 pessaries.\u003C/p\u003E\n"
        },
        "field_instruction": {
          "value": "\u003Cp\u003EPreference\u003C/p\u003E\r\n",
          "format": "cohesion_without_glossify",
          "processed": "\u003Cp\u003EPreference\u003C/p\u003E\n"
        },
        "field_references": {
          "value": "\u003Cp\u003EAll formats have the same efficacy, so you can pick the option that you are most comfortable with.\u003C/p\u003E\r\n\r\n\u003Cp\u003E- Vaginal Gel - is an easy-to-use treatment containing 7 pre-filled tube applicators. It is best to use this at night time.\u003C/p\u003E\r\n\r\n\u003Cp\u003E- Vaginal Pessary - is a convenient treatment containing 7 pessaries.\u003C/p\u003E\r\n",
          "format": "cohesion_without_glossify",
          "processed": "\u003Cp\u003EAll formats have the same efficacy, so you can pick the option that you are most comfortable with.\u003C/p\u003E\n\n\u003Cp\u003E- Vaginal Gel - is an easy-to-use treatment containing 7 pre-filled tube applicators. It is best to use this at night time.\u003C/p\u003E\n\n\u003Cp\u003E- Vaginal Pessary - is a convenient treatment containing 7 pessaries.\u003C/p\u003E\n"
        }
      },
      "relationships": {
        "node_type": {
          "data": {
            "type": "node_type--node_type",
            "id": "aa153fe2-2616-4421-849c-a146decee6a3"
          },
          "links": {
            "related": {
              "href": "https://prod85yjmo4f.main.acsf.baywsf.com/jsonapi/node/question/d0e11505-48ed-4d3a-9e5d-b489845b19f0/node_type?resourceVersion=id%3A46306"
            },
            "self": {
              "href": "https://prod85yjmo4f.main.acsf.baywsf.com/jsonapi/node/question/d0e11505-48ed-4d3a-9e5d-b489845b19f0/relationships/node_type?resourceVersion=id%3A46306"
            }
          }
        },
        "revision_uid": {
          "data": {
            "type": "user--user",
            "id": "c48aba71-438d-44c8-a315-2803a8380004"
          },
          "links": {
            "related": {
              "href": "https://prod85yjmo4f.main.acsf.baywsf.com/jsonapi/node/question/d0e11505-48ed-4d3a-9e5d-b489845b19f0/revision_uid?resourceVersion=id%3A46306"
            },
            "self": {
              "href": "https://prod85yjmo4f.main.acsf.baywsf.com/jsonapi/node/question/d0e11505-48ed-4d3a-9e5d-b489845b19f0/relationships/revision_uid?resourceVersion=id%3A46306"
            }
          }
        },
        "uid": {
          "data": {
            "type": "user--user",
            "id": "c48aba71-438d-44c8-a315-2803a8380004"
          },
          "links": {
            "related": {
              "href": "https://prod85yjmo4f.main.acsf.baywsf.com/jsonapi/node/question/d0e11505-48ed-4d3a-9e5d-b489845b19f0/uid?resourceVersion=id%3A46306"
            },
            "self": {
              "href": "https://prod85yjmo4f.main.acsf.baywsf.com/jsonapi/node/question/d0e11505-48ed-4d3a-9e5d-b489845b19f0/relationships/uid?resourceVersion=id%3A46306"
            }
          }
        },
        "field_schema_json_ld_file": {
          "data": null,
          "links": {
            "related": {
              "href": "https://prod85yjmo4f.main.acsf.baywsf.com/jsonapi/node/question/d0e11505-48ed-4d3a-9e5d-b489845b19f0/field_schema_json_ld_file?resourceVersion=id%3A46306"
            },
            "self": {
              "href": "https://prod85yjmo4f.main.acsf.baywsf.com/jsonapi/node/question/d0e11505-48ed-4d3a-9e5d-b489845b19f0/relationships/field_schema_json_ld_file?resourceVersion=id%3A46306"
            }
          }
        },
        "field_actions": {
          "data": [],
          "links": {
            "related": {
              "href": "https://prod85yjmo4f.main.acsf.baywsf.com/jsonapi/node/question/d0e11505-48ed-4d3a-9e5d-b489845b19f0/field_actions?resourceVersion=id%3A46306"
            },
            "self": {
              "href": "https://prod85yjmo4f.main.acsf.baywsf.com/jsonapi/node/question/d0e11505-48ed-4d3a-9e5d-b489845b19f0/relationships/field_actions?resourceVersion=id%3A46306"
            }
          }
        },
        "field_answer": {
          "data": [
            {
              "type": "node--answer",
              "id": "9bc559a5-590c-42cd-96f2-828ee062f83e"
            },
            {
              "type": "node--answer",
              "id": "5d6aedb7-8f70-42dc-87c3-230a236c8b1d"
            }
          ],
          "links": {
            "related": {
              "href": "https://prod85yjmo4f.main.acsf.baywsf.com/jsonapi/node/question/d0e11505-48ed-4d3a-9e5d-b489845b19f0/field_answer?resourceVersion=id%3A46306"
            },
            "self": {
              "href": "https://prod85yjmo4f.main.acsf.baywsf.com/jsonapi/node/question/d0e11505-48ed-4d3a-9e5d-b489845b19f0/relationships/field_answer?resourceVersion=id%3A46306"
            }
          }
        },
        "field_correct": {
          "data": [],
          "links": {
            "related": {
              "href": "https://prod85yjmo4f.main.acsf.baywsf.com/jsonapi/node/question/d0e11505-48ed-4d3a-9e5d-b489845b19f0/field_correct?resourceVersion=id%3A46306"
            },
            "self": {
              "href": "https://prod85yjmo4f.main.acsf.baywsf.com/jsonapi/node/question/d0e11505-48ed-4d3a-9e5d-b489845b19f0/relationships/field_correct?resourceVersion=id%3A46306"
            }
          }
        },
        "field_question_group": {
          "data": [],
          "links": {
            "related": {
              "href": "https://prod85yjmo4f.main.acsf.baywsf.com/jsonapi/node/question/d0e11505-48ed-4d3a-9e5d-b489845b19f0/field_question_group?resourceVersion=id%3A46306"
            },
            "self": {
              "href": "https://prod85yjmo4f.main.acsf.baywsf.com/jsonapi/node/question/d0e11505-48ed-4d3a-9e5d-b489845b19f0/relationships/field_question_group?resourceVersion=id%3A46306"
            }
          }
        }
      }
    }
  ],
  "links": {
    "self": {
      "href": "https://prod85yjmo4f.main.acsf.baywsf.com/jsonapi/node/quiz/58d736fd-f09f-4788-925f-76f585619d87?include=field_quiz_question"
    }
  }
}
