{
  "jsonapi": {
    "version": "1.0",
    "meta": {
      "links": {
        "self": {
          "href": "http://jsonapi.org/format/1.0/"
        }
      }
    }
  },
  "data": {
    "type": "node--quiz",
    "id": "047638a4-8103-4e91-b613-a09cd3858a1d",
    "links": {
      "self": {
        "href": "https://prodbo27sgjr.main.acsf.baywsf.com/jsonapi/node/quiz/047638a4-8103-4e91-b613-a09cd3858a1d?resourceVersion=id%3A13531"
      }
    },
    "attributes": {
      "drupal_internal__nid": 491,
      "drupal_internal__vid": 13531,
      "langcode": "en",
      "revision_timestamp": "2020-11-10T09:11:44+00:00",
      "revision_log": null,
      "status": true,
      "title": "TAKE THE PERIOD QUIZ",
      "created": "2020-07-09T15:26:52+00:00",
      "changed": "2020-11-10T09:11:44+00:00",
      "promote": false,
      "sticky": false,
      "default_langcode": true,
      "revision_translation_affected": null,
      "metatag": null,
      "path": {
        "alias": null,
        "pid": null,
        "langcode": "en"
      },
      "private": false,
      "field_metatags": null,
      "last_updated_date": "2020-07-09",
      "field_subheading": null,
      "field_disclaimer": null,
      "field_quiz_type": "linear",
      "field_references": null,
      "field_instruction": {
        "value": "\u003Cp\u003EDo you ever feel like your period is holding you back? You may be one of many women affected by heavy menstrual bleeding. Take this short quiz to find out and share your results with your doctor to discover treatment options.\u003C/p\u003E\r\n",
        "format": "cohesion_without_glossify",
        "processed": "\u003Cp\u003EDo you ever feel like your period is holding you back? You may be one of many women affected by heavy menstrual bleeding. Take this short quiz to find out and share your results with your doctor to discover treatment options.\u003C/p\u003E\n"
      }
    },
    "relationships": {
      "node_type": {
        "data": {
          "type": "node_type--node_type",
          "id": "6918f17b-e6a9-4a24-9931-16309095d918"
        },
        "links": {
          "related": {
            "href": "https://prodbo27sgjr.main.acsf.baywsf.com/jsonapi/node/quiz/047638a4-8103-4e91-b613-a09cd3858a1d/node_type?resourceVersion=id%3A13531"
          },
          "self": {
            "href": "https://prodbo27sgjr.main.acsf.baywsf.com/jsonapi/node/quiz/047638a4-8103-4e91-b613-a09cd3858a1d/relationships/node_type?resourceVersion=id%3A13531"
          }
        }
      },
      "revision_uid": {
        "data": {
          "type": "user--user",
          "id": "861d09fe-6a8a-4659-b77c-8fc713ff7421"
        },
        "links": {
          "related": {
            "href": "https://prodbo27sgjr.main.acsf.baywsf.com/jsonapi/node/quiz/047638a4-8103-4e91-b613-a09cd3858a1d/revision_uid?resourceVersion=id%3A13531"
          },
          "self": {
            "href": "https://prodbo27sgjr.main.acsf.baywsf.com/jsonapi/node/quiz/047638a4-8103-4e91-b613-a09cd3858a1d/relationships/revision_uid?resourceVersion=id%3A13531"
          }
        }
      },
      "uid": {
        "data": {
          "type": "user--user",
          "id": "914623da-82c3-4943-9597-9d5f6f734100"
        },
        "links": {
          "related": {
            "href": "https://prodbo27sgjr.main.acsf.baywsf.com/jsonapi/node/quiz/047638a4-8103-4e91-b613-a09cd3858a1d/uid?resourceVersion=id%3A13531"
          },
          "self": {
            "href": "https://prodbo27sgjr.main.acsf.baywsf.com/jsonapi/node/quiz/047638a4-8103-4e91-b613-a09cd3858a1d/relationships/uid?resourceVersion=id%3A13531"
          }
        }
      },
      "field_related_indication": {
        "data": [],
        "links": {
          "related": {
            "href": "https://prodbo27sgjr.main.acsf.baywsf.com/jsonapi/node/quiz/047638a4-8103-4e91-b613-a09cd3858a1d/field_related_indication?resourceVersion=id%3A13531"
          },
          "self": {
            "href": "https://prodbo27sgjr.main.acsf.baywsf.com/jsonapi/node/quiz/047638a4-8103-4e91-b613-a09cd3858a1d/relationships/field_related_indication?resourceVersion=id%3A13531"
          }
        }
      },
      "audience_tag": {
        "data": {
          "type": "taxonomy_term--audience",
          "id": "b7b175de-17ed-49f3-a8de-204b01b37fe3"
        },
        "links": {
          "related": {
            "href": "https://prodbo27sgjr.main.acsf.baywsf.com/jsonapi/node/quiz/047638a4-8103-4e91-b613-a09cd3858a1d/audience_tag?resourceVersion=id%3A13531"
          },
          "self": {
            "href": "https://prodbo27sgjr.main.acsf.baywsf.com/jsonapi/node/quiz/047638a4-8103-4e91-b613-a09cd3858a1d/relationships/audience_tag?resourceVersion=id%3A13531"
          }
        }
      },
      "field_actions": {
        "data": [
          {
            "type": "taxonomy_term--quiz_action",
            "id": "63b39bc2-cb6e-48bd-8c6f-dc833aab44c1"
          }
        ],
        "links": {
          "related": {
            "href": "https://prodbo27sgjr.main.acsf.baywsf.com/jsonapi/node/quiz/047638a4-8103-4e91-b613-a09cd3858a1d/field_actions?resourceVersion=id%3A13531"
          },
          "self": {
            "href": "https://prodbo27sgjr.main.acsf.baywsf.com/jsonapi/node/quiz/047638a4-8103-4e91-b613-a09cd3858a1d/relationships/field_actions?resourceVersion=id%3A13531"
          }
        }
      },
      "field_quiz_question": {
        "data": [
          {
            "type": "node--question",
            "id": "a9b60ee1-f312-4f8e-856d-0d936959186a"
          },
          {
            "type": "node--question",
            "id": "d69d9e29-c8ec-4010-8aa1-471231748416"
          },
          {
            "type": "node--question",
            "id": "927f9a9b-6144-41ee-9a8a-35a3f0e6a7aa"
          },
          {
            "type": "node--question",
            "id": "45dd71c6-276e-4740-b821-29d8488a3e87"
          },
          {
            "type": "node--question",
            "id": "38a8b8b4-19ec-42c4-a71a-52dbce911f5b"
          },
          {
            "type": "node--question",
            "id": "79f5945b-1f64-4dbc-9436-7514c9f00b97"
          },
          {
            "type": "node--question",
            "id": "496a2339-1514-4333-8159-07a77090ed59"
          }
        ],
        "links": {
          "related": {
            "href": "https://prodbo27sgjr.main.acsf.baywsf.com/jsonapi/node/quiz/047638a4-8103-4e91-b613-a09cd3858a1d/field_quiz_question?resourceVersion=id%3A13531"
          },
          "self": {
            "href": "https://prodbo27sgjr.main.acsf.baywsf.com/jsonapi/node/quiz/047638a4-8103-4e91-b613-a09cd3858a1d/relationships/field_quiz_question?resourceVersion=id%3A13531"
          }
        }
      },
      "field_result": {
        "data": null,
        "links": {
          "related": {
            "href": "https://prodbo27sgjr.main.acsf.baywsf.com/jsonapi/node/quiz/047638a4-8103-4e91-b613-a09cd3858a1d/field_result?resourceVersion=id%3A13531"
          },
          "self": {
            "href": "https://prodbo27sgjr.main.acsf.baywsf.com/jsonapi/node/quiz/047638a4-8103-4e91-b613-a09cd3858a1d/relationships/field_result?resourceVersion=id%3A13531"
          }
        }
      }
    }
  },
  "included": [
    {
      "type": "node--question",
      "id": "a9b60ee1-f312-4f8e-856d-0d936959186a",
      "links": {
        "self": {
          "href": "https://prodbo27sgjr.main.acsf.baywsf.com/jsonapi/node/question/a9b60ee1-f312-4f8e-856d-0d936959186a?resourceVersion=id%3A9316"
        }
      },
      "attributes": {
        "drupal_internal__nid": 486,
        "drupal_internal__vid": 9316,
        "langcode": "en",
        "revision_timestamp": "2020-07-09T15:27:42+00:00",
        "revision_log": null,
        "status": true,
        "title": "Do you experience excessively long, frequent or unpredictable periods?",
        "created": "2020-07-09T15:27:42+00:00",
        "changed": "2020-07-09T15:31:27+00:00",
        "promote": false,
        "sticky": false,
        "default_langcode": true,
        "revision_translation_affected": true,
        "metatag": null,
        "path": {
          "alias": null,
          "pid": null,
          "langcode": "en"
        },
        "private": false,
        "field_metatags": null,
        "last_updated_date": "2020-07-09",
        "field_subheading": null,
        "field_explanation": null,
        "field_instruction": null,
        "field_references": null,
        "field_error": null
      },
      "relationships": {
        "node_type": {
          "data": {
            "type": "node_type--node_type",
            "id": "c1c3cb29-16e3-4e33-9c1c-b0224aec1721"
          },
          "links": {
            "related": {
              "href": "https://prodbo27sgjr.main.acsf.baywsf.com/jsonapi/node/question/a9b60ee1-f312-4f8e-856d-0d936959186a/node_type?resourceVersion=id%3A9316"
            },
            "self": {
              "href": "https://prodbo27sgjr.main.acsf.baywsf.com/jsonapi/node/question/a9b60ee1-f312-4f8e-856d-0d936959186a/relationships/node_type?resourceVersion=id%3A9316"
            }
          }
        },
        "revision_uid": {
          "data": {
            "type": "user--user",
            "id": "914623da-82c3-4943-9597-9d5f6f734100"
          },
          "links": {
            "related": {
              "href": "https://prodbo27sgjr.main.acsf.baywsf.com/jsonapi/node/question/a9b60ee1-f312-4f8e-856d-0d936959186a/revision_uid?resourceVersion=id%3A9316"
            },
            "self": {
              "href": "https://prodbo27sgjr.main.acsf.baywsf.com/jsonapi/node/question/a9b60ee1-f312-4f8e-856d-0d936959186a/relationships/revision_uid?resourceVersion=id%3A9316"
            }
          }
        },
        "uid": {
          "data": {
            "type": "user--user",
            "id": "914623da-82c3-4943-9597-9d5f6f734100"
          },
          "links": {
            "related": {
              "href": "https://prodbo27sgjr.main.acsf.baywsf.com/jsonapi/node/question/a9b60ee1-f312-4f8e-856d-0d936959186a/uid?resourceVersion=id%3A9316"
            },
            "self": {
              "href": "https://prodbo27sgjr.main.acsf.baywsf.com/jsonapi/node/question/a9b60ee1-f312-4f8e-856d-0d936959186a/relationships/uid?resourceVersion=id%3A9316"
            }
          }
        },
        "field_related_indication": {
          "data": [],
          "links": {
            "related": {
              "href": "https://prodbo27sgjr.main.acsf.baywsf.com/jsonapi/node/question/a9b60ee1-f312-4f8e-856d-0d936959186a/field_related_indication?resourceVersion=id%3A9316"
            },
            "self": {
              "href": "https://prodbo27sgjr.main.acsf.baywsf.com/jsonapi/node/question/a9b60ee1-f312-4f8e-856d-0d936959186a/relationships/field_related_indication?resourceVersion=id%3A9316"
            }
          }
        },
        "audience_tag": {
          "data": {
            "type": "taxonomy_term--audience",
            "id": "b7b175de-17ed-49f3-a8de-204b01b37fe3"
          },
          "links": {
            "related": {
              "href": "https://prodbo27sgjr.main.acsf.baywsf.com/jsonapi/node/question/a9b60ee1-f312-4f8e-856d-0d936959186a/audience_tag?resourceVersion=id%3A9316"
            },
            "self": {
              "href": "https://prodbo27sgjr.main.acsf.baywsf.com/jsonapi/node/question/a9b60ee1-f312-4f8e-856d-0d936959186a/relationships/audience_tag?resourceVersion=id%3A9316"
            }
          }
        },
        "field_actions": {
          "data": [],
          "links": {
            "related": {
              "href": "https://prodbo27sgjr.main.acsf.baywsf.com/jsonapi/node/question/a9b60ee1-f312-4f8e-856d-0d936959186a/field_actions?resourceVersion=id%3A9316"
            },
            "self": {
              "href": "https://prodbo27sgjr.main.acsf.baywsf.com/jsonapi/node/question/a9b60ee1-f312-4f8e-856d-0d936959186a/relationships/field_actions?resourceVersion=id%3A9316"
            }
          }
        },
        "field_answer": {
          "data": [
            {
              "type": "node--answer",
              "id": "8b28b272-1f80-43fe-b0ac-0210b05cd274"
            },
            {
              "type": "node--answer",
              "id": "d5eea94f-8df8-40f1-bebd-653f68c09405"
            }
          ],
          "links": {
            "related": {
              "href": "https://prodbo27sgjr.main.acsf.baywsf.com/jsonapi/node/question/a9b60ee1-f312-4f8e-856d-0d936959186a/field_answer?resourceVersion=id%3A9316"
            },
            "self": {
              "href": "https://prodbo27sgjr.main.acsf.baywsf.com/jsonapi/node/question/a9b60ee1-f312-4f8e-856d-0d936959186a/relationships/field_answer?resourceVersion=id%3A9316"
            }
          }
        },
        "field_correct": {
          "data": [
            {
              "type": "node--answer",
              "id": "8b28b272-1f80-43fe-b0ac-0210b05cd274"
            }
          ],
          "links": {
            "related": {
              "href": "https://prodbo27sgjr.main.acsf.baywsf.com/jsonapi/node/question/a9b60ee1-f312-4f8e-856d-0d936959186a/field_correct?resourceVersion=id%3A9316"
            },
            "self": {
              "href": "https://prodbo27sgjr.main.acsf.baywsf.com/jsonapi/node/question/a9b60ee1-f312-4f8e-856d-0d936959186a/relationships/field_correct?resourceVersion=id%3A9316"
            }
          }
        },
        "field_question_group": {
          "data": [],
          "links": {
            "related": {
              "href": "https://prodbo27sgjr.main.acsf.baywsf.com/jsonapi/node/question/a9b60ee1-f312-4f8e-856d-0d936959186a/field_question_group?resourceVersion=id%3A9316"
            },
            "self": {
              "href": "https://prodbo27sgjr.main.acsf.baywsf.com/jsonapi/node/question/a9b60ee1-f312-4f8e-856d-0d936959186a/relationships/field_question_group?resourceVersion=id%3A9316"
            }
          }
        }
      }
    },
    {
      "type": "node--question",
      "id": "d69d9e29-c8ec-4010-8aa1-471231748416",
      "links": {
        "self": {
          "href": "https://prodbo27sgjr.main.acsf.baywsf.com/jsonapi/node/question/d69d9e29-c8ec-4010-8aa1-471231748416?resourceVersion=id%3A11866"
        }
      },
      "attributes": {
        "drupal_internal__nid": 496,
        "drupal_internal__vid": 11866,
        "langcode": "en",
        "revision_timestamp": "2020-07-30T11:07:40+00:00",
        "revision_log": null,
        "status": true,
        "title": "During your period, do you worry about having accidents related to bleeding?",
        "created": "2020-07-09T15:32:07+00:00",
        "changed": "2020-07-30T11:07:40+00:00",
        "promote": false,
        "sticky": false,
        "default_langcode": true,
        "revision_translation_affected": true,
        "metatag": null,
        "path": {
          "alias": null,
          "pid": null,
          "langcode": "en"
        },
        "private": false,
        "field_metatags": null,
        "last_updated_date": "2020-07-09",
        "field_subheading": null,
        "field_explanation": null,
        "field_instruction": null,
        "field_references": null,
        "field_error": null
      },
      "relationships": {
        "node_type": {
          "data": {
            "type": "node_type--node_type",
            "id": "c1c3cb29-16e3-4e33-9c1c-b0224aec1721"
          },
          "links": {
            "related": {
              "href": "https://prodbo27sgjr.main.acsf.baywsf.com/jsonapi/node/question/d69d9e29-c8ec-4010-8aa1-471231748416/node_type?resourceVersion=id%3A11866"
            },
            "self": {
              "href": "https://prodbo27sgjr.main.acsf.baywsf.com/jsonapi/node/question/d69d9e29-c8ec-4010-8aa1-471231748416/relationships/node_type?resourceVersion=id%3A11866"
            }
          }
        },
        "revision_uid": {
          "data": {
            "type": "user--user",
            "id": "6c36b155-fb86-4a91-a12b-f56fd432ccad"
          },
          "links": {
            "related": {
              "href": "https://prodbo27sgjr.main.acsf.baywsf.com/jsonapi/node/question/d69d9e29-c8ec-4010-8aa1-471231748416/revision_uid?resourceVersion=id%3A11866"
            },
            "self": {
              "href": "https://prodbo27sgjr.main.acsf.baywsf.com/jsonapi/node/question/d69d9e29-c8ec-4010-8aa1-471231748416/relationships/revision_uid?resourceVersion=id%3A11866"
            }
          }
        },
        "uid": {
          "data": {
            "type": "user--user",
            "id": "914623da-82c3-4943-9597-9d5f6f734100"
          },
          "links": {
            "related": {
              "href": "https://prodbo27sgjr.main.acsf.baywsf.com/jsonapi/node/question/d69d9e29-c8ec-4010-8aa1-471231748416/uid?resourceVersion=id%3A11866"
            },
            "self": {
              "href": "https://prodbo27sgjr.main.acsf.baywsf.com/jsonapi/node/question/d69d9e29-c8ec-4010-8aa1-471231748416/relationships/uid?resourceVersion=id%3A11866"
            }
          }
        },
        "field_related_indication": {
          "data": [],
          "links": {
            "related": {
              "href": "https://prodbo27sgjr.main.acsf.baywsf.com/jsonapi/node/question/d69d9e29-c8ec-4010-8aa1-471231748416/field_related_indication?resourceVersion=id%3A11866"
            },
            "self": {
              "href": "https://prodbo27sgjr.main.acsf.baywsf.com/jsonapi/node/question/d69d9e29-c8ec-4010-8aa1-471231748416/relationships/field_related_indication?resourceVersion=id%3A11866"
            }
          }
        },
        "audience_tag": {
          "data": {
            "type": "taxonomy_term--audience",
            "id": "b7b175de-17ed-49f3-a8de-204b01b37fe3"
          },
          "links": {
            "related": {
              "href": "https://prodbo27sgjr.main.acsf.baywsf.com/jsonapi/node/question/d69d9e29-c8ec-4010-8aa1-471231748416/audience_tag?resourceVersion=id%3A11866"
            },
            "self": {
              "href": "https://prodbo27sgjr.main.acsf.baywsf.com/jsonapi/node/question/d69d9e29-c8ec-4010-8aa1-471231748416/relationships/audience_tag?resourceVersion=id%3A11866"
            }
          }
        },
        "field_actions": {
          "data": [],
          "links": {
            "related": {
              "href": "https://prodbo27sgjr.main.acsf.baywsf.com/jsonapi/node/question/d69d9e29-c8ec-4010-8aa1-471231748416/field_actions?resourceVersion=id%3A11866"
            },
            "self": {
              "href": "https://prodbo27sgjr.main.acsf.baywsf.com/jsonapi/node/question/d69d9e29-c8ec-4010-8aa1-471231748416/relationships/field_actions?resourceVersion=id%3A11866"
            }
          }
        },
        "field_answer": {
          "data": [
            {
              "type": "node--answer",
              "id": "8b28b272-1f80-43fe-b0ac-0210b05cd274"
            },
            {
              "type": "node--answer",
              "id": "d5eea94f-8df8-40f1-bebd-653f68c09405"
            }
          ],
          "links": {
            "related": {
              "href": "https://prodbo27sgjr.main.acsf.baywsf.com/jsonapi/node/question/d69d9e29-c8ec-4010-8aa1-471231748416/field_answer?resourceVersion=id%3A11866"
            },
            "self": {
              "href": "https://prodbo27sgjr.main.acsf.baywsf.com/jsonapi/node/question/d69d9e29-c8ec-4010-8aa1-471231748416/relationships/field_answer?resourceVersion=id%3A11866"
            }
          }
        },
        "field_correct": {
          "data": [
            {
              "type": "node--answer",
              "id": "8b28b272-1f80-43fe-b0ac-0210b05cd274"
            }
          ],
          "links": {
            "related": {
              "href": "https://prodbo27sgjr.main.acsf.baywsf.com/jsonapi/node/question/d69d9e29-c8ec-4010-8aa1-471231748416/field_correct?resourceVersion=id%3A11866"
            },
            "self": {
              "href": "https://prodbo27sgjr.main.acsf.baywsf.com/jsonapi/node/question/d69d9e29-c8ec-4010-8aa1-471231748416/relationships/field_correct?resourceVersion=id%3A11866"
            }
          }
        },
        "field_question_group": {
          "data": [],
          "links": {
            "related": {
              "href": "https://prodbo27sgjr.main.acsf.baywsf.com/jsonapi/node/question/d69d9e29-c8ec-4010-8aa1-471231748416/field_question_group?resourceVersion=id%3A11866"
            },
            "self": {
              "href": "https://prodbo27sgjr.main.acsf.baywsf.com/jsonapi/node/question/d69d9e29-c8ec-4010-8aa1-471231748416/relationships/field_question_group?resourceVersion=id%3A11866"
            }
          }
        }
      }
    },
    {
      "type": "node--question",
      "id": "927f9a9b-6144-41ee-9a8a-35a3f0e6a7aa",
      "links": {
        "self": {
          "href": "https://prodbo27sgjr.main.acsf.baywsf.com/jsonapi/node/question/927f9a9b-6144-41ee-9a8a-35a3f0e6a7aa?resourceVersion=id%3A12096"
        }
      },
      "attributes": {
        "drupal_internal__nid": 501,
        "drupal_internal__vid": 12096,
        "langcode": "en",
        "revision_timestamp": "2020-08-06T13:19:44+00:00",
        "revision_log": null,
        "status": true,
        "title": "Do you need to change your protection during the night?",
        "created": "2020-07-09T15:32:43+00:00",
        "changed": "2020-08-06T13:19:44+00:00",
        "promote": false,
        "sticky": false,
        "default_langcode": true,
        "revision_translation_affected": true,
        "metatag": null,
        "path": {
          "alias": null,
          "pid": null,
          "langcode": "en"
        },
        "private": false,
        "field_metatags": null,
        "last_updated_date": "2020-07-09",
        "field_subheading": null,
        "field_explanation": null,
        "field_instruction": null,
        "field_references": null,
        "field_error": null
      },
      "relationships": {
        "node_type": {
          "data": {
            "type": "node_type--node_type",
            "id": "c1c3cb29-16e3-4e33-9c1c-b0224aec1721"
          },
          "links": {
            "related": {
              "href": "https://prodbo27sgjr.main.acsf.baywsf.com/jsonapi/node/question/927f9a9b-6144-41ee-9a8a-35a3f0e6a7aa/node_type?resourceVersion=id%3A12096"
            },
            "self": {
              "href": "https://prodbo27sgjr.main.acsf.baywsf.com/jsonapi/node/question/927f9a9b-6144-41ee-9a8a-35a3f0e6a7aa/relationships/node_type?resourceVersion=id%3A12096"
            }
          }
        },
        "revision_uid": {
          "data": {
            "type": "user--user",
            "id": "f50b84f7-7d05-4964-9484-7ea9edc55230"
          },
          "links": {
            "related": {
              "href": "https://prodbo27sgjr.main.acsf.baywsf.com/jsonapi/node/question/927f9a9b-6144-41ee-9a8a-35a3f0e6a7aa/revision_uid?resourceVersion=id%3A12096"
            },
            "self": {
              "href": "https://prodbo27sgjr.main.acsf.baywsf.com/jsonapi/node/question/927f9a9b-6144-41ee-9a8a-35a3f0e6a7aa/relationships/revision_uid?resourceVersion=id%3A12096"
            }
          }
        },
        "uid": {
          "data": {
            "type": "user--user",
            "id": "914623da-82c3-4943-9597-9d5f6f734100"
          },
          "links": {
            "related": {
              "href": "https://prodbo27sgjr.main.acsf.baywsf.com/jsonapi/node/question/927f9a9b-6144-41ee-9a8a-35a3f0e6a7aa/uid?resourceVersion=id%3A12096"
            },
            "self": {
              "href": "https://prodbo27sgjr.main.acsf.baywsf.com/jsonapi/node/question/927f9a9b-6144-41ee-9a8a-35a3f0e6a7aa/relationships/uid?resourceVersion=id%3A12096"
            }
          }
        },
        "field_related_indication": {
          "data": [],
          "links": {
            "related": {
              "href": "https://prodbo27sgjr.main.acsf.baywsf.com/jsonapi/node/question/927f9a9b-6144-41ee-9a8a-35a3f0e6a7aa/field_related_indication?resourceVersion=id%3A12096"
            },
            "self": {
              "href": "https://prodbo27sgjr.main.acsf.baywsf.com/jsonapi/node/question/927f9a9b-6144-41ee-9a8a-35a3f0e6a7aa/relationships/field_related_indication?resourceVersion=id%3A12096"
            }
          }
        },
        "audience_tag": {
          "data": {
            "type": "taxonomy_term--audience",
            "id": "b7b175de-17ed-49f3-a8de-204b01b37fe3"
          },
          "links": {
            "related": {
              "href": "https://prodbo27sgjr.main.acsf.baywsf.com/jsonapi/node/question/927f9a9b-6144-41ee-9a8a-35a3f0e6a7aa/audience_tag?resourceVersion=id%3A12096"
            },
            "self": {
              "href": "https://prodbo27sgjr.main.acsf.baywsf.com/jsonapi/node/question/927f9a9b-6144-41ee-9a8a-35a3f0e6a7aa/relationships/audience_tag?resourceVersion=id%3A12096"
            }
          }
        },
        "field_actions": {
          "data": [],
          "links": {
            "related": {
              "href": "https://prodbo27sgjr.main.acsf.baywsf.com/jsonapi/node/question/927f9a9b-6144-41ee-9a8a-35a3f0e6a7aa/field_actions?resourceVersion=id%3A12096"
            },
            "self": {
              "href": "https://prodbo27sgjr.main.acsf.baywsf.com/jsonapi/node/question/927f9a9b-6144-41ee-9a8a-35a3f0e6a7aa/relationships/field_actions?resourceVersion=id%3A12096"
            }
          }
        },
        "field_answer": {
          "data": [
            {
              "type": "node--answer",
              "id": "8b28b272-1f80-43fe-b0ac-0210b05cd274"
            },
            {
              "type": "node--answer",
              "id": "d5eea94f-8df8-40f1-bebd-653f68c09405"
            }
          ],
          "links": {
            "related": {
              "href": "https://prodbo27sgjr.main.acsf.baywsf.com/jsonapi/node/question/927f9a9b-6144-41ee-9a8a-35a3f0e6a7aa/field_answer?resourceVersion=id%3A12096"
            },
            "self": {
              "href": "https://prodbo27sgjr.main.acsf.baywsf.com/jsonapi/node/question/927f9a9b-6144-41ee-9a8a-35a3f0e6a7aa/relationships/field_answer?resourceVersion=id%3A12096"
            }
          }
        },
        "field_correct": {
          "data": [
            {
              "type": "node--answer",
              "id": "8b28b272-1f80-43fe-b0ac-0210b05cd274"
            }
          ],
          "links": {
            "related": {
              "href": "https://prodbo27sgjr.main.acsf.baywsf.com/jsonapi/node/question/927f9a9b-6144-41ee-9a8a-35a3f0e6a7aa/field_correct?resourceVersion=id%3A12096"
            },
            "self": {
              "href": "https://prodbo27sgjr.main.acsf.baywsf.com/jsonapi/node/question/927f9a9b-6144-41ee-9a8a-35a3f0e6a7aa/relationships/field_correct?resourceVersion=id%3A12096"
            }
          }
        },
        "field_question_group": {
          "data": [],
          "links": {
            "related": {
              "href": "https://prodbo27sgjr.main.acsf.baywsf.com/jsonapi/node/question/927f9a9b-6144-41ee-9a8a-35a3f0e6a7aa/field_question_group?resourceVersion=id%3A12096"
            },
            "self": {
              "href": "https://prodbo27sgjr.main.acsf.baywsf.com/jsonapi/node/question/927f9a9b-6144-41ee-9a8a-35a3f0e6a7aa/relationships/field_question_group?resourceVersion=id%3A12096"
            }
          }
        }
      }
    },
    {
      "type": "node--question",
      "id": "45dd71c6-276e-4740-b821-29d8488a3e87",
      "links": {
        "self": {
          "href": "https://prodbo27sgjr.main.acsf.baywsf.com/jsonapi/node/question/45dd71c6-276e-4740-b821-29d8488a3e87?resourceVersion=id%3A9351"
        }
      },
      "attributes": {
        "drupal_internal__nid": 506,
        "drupal_internal__vid": 9351,
        "langcode": "en",
        "revision_timestamp": "2020-07-09T15:33:15+00:00",
        "revision_log": null,
        "status": true,
        "title": "On the heavier days of your period, do you need to change your protection every 2 hours or less?",
        "created": "2020-07-09T15:33:15+00:00",
        "changed": "2020-07-09T15:33:15+00:00",
        "promote": false,
        "sticky": false,
        "default_langcode": true,
        "revision_translation_affected": true,
        "metatag": null,
        "path": {
          "alias": null,
          "pid": null,
          "langcode": "en"
        },
        "private": false,
        "field_metatags": null,
        "last_updated_date": "2020-07-09",
        "field_subheading": null,
        "field_explanation": null,
        "field_instruction": null,
        "field_references": null,
        "field_error": null
      },
      "relationships": {
        "node_type": {
          "data": {
            "type": "node_type--node_type",
            "id": "c1c3cb29-16e3-4e33-9c1c-b0224aec1721"
          },
          "links": {
            "related": {
              "href": "https://prodbo27sgjr.main.acsf.baywsf.com/jsonapi/node/question/45dd71c6-276e-4740-b821-29d8488a3e87/node_type?resourceVersion=id%3A9351"
            },
            "self": {
              "href": "https://prodbo27sgjr.main.acsf.baywsf.com/jsonapi/node/question/45dd71c6-276e-4740-b821-29d8488a3e87/relationships/node_type?resourceVersion=id%3A9351"
            }
          }
        },
        "revision_uid": {
          "data": {
            "type": "user--user",
            "id": "914623da-82c3-4943-9597-9d5f6f734100"
          },
          "links": {
            "related": {
              "href": "https://prodbo27sgjr.main.acsf.baywsf.com/jsonapi/node/question/45dd71c6-276e-4740-b821-29d8488a3e87/revision_uid?resourceVersion=id%3A9351"
            },
            "self": {
              "href": "https://prodbo27sgjr.main.acsf.baywsf.com/jsonapi/node/question/45dd71c6-276e-4740-b821-29d8488a3e87/relationships/revision_uid?resourceVersion=id%3A9351"
            }
          }
        },
        "uid": {
          "data": {
            "type": "user--user",
            "id": "914623da-82c3-4943-9597-9d5f6f734100"
          },
          "links": {
            "related": {
              "href": "https://prodbo27sgjr.main.acsf.baywsf.com/jsonapi/node/question/45dd71c6-276e-4740-b821-29d8488a3e87/uid?resourceVersion=id%3A9351"
            },
            "self": {
              "href": "https://prodbo27sgjr.main.acsf.baywsf.com/jsonapi/node/question/45dd71c6-276e-4740-b821-29d8488a3e87/relationships/uid?resourceVersion=id%3A9351"
            }
          }
        },
        "field_related_indication": {
          "data": [],
          "links": {
            "related": {
              "href": "https://prodbo27sgjr.main.acsf.baywsf.com/jsonapi/node/question/45dd71c6-276e-4740-b821-29d8488a3e87/field_related_indication?resourceVersion=id%3A9351"
            },
            "self": {
              "href": "https://prodbo27sgjr.main.acsf.baywsf.com/jsonapi/node/question/45dd71c6-276e-4740-b821-29d8488a3e87/relationships/field_related_indication?resourceVersion=id%3A9351"
            }
          }
        },
        "audience_tag": {
          "data": {
            "type": "taxonomy_term--audience",
            "id": "b7b175de-17ed-49f3-a8de-204b01b37fe3"
          },
          "links": {
            "related": {
              "href": "https://prodbo27sgjr.main.acsf.baywsf.com/jsonapi/node/question/45dd71c6-276e-4740-b821-29d8488a3e87/audience_tag?resourceVersion=id%3A9351"
            },
            "self": {
              "href": "https://prodbo27sgjr.main.acsf.baywsf.com/jsonapi/node/question/45dd71c6-276e-4740-b821-29d8488a3e87/relationships/audience_tag?resourceVersion=id%3A9351"
            }
          }
        },
        "field_actions": {
          "data": [],
          "links": {
            "related": {
              "href": "https://prodbo27sgjr.main.acsf.baywsf.com/jsonapi/node/question/45dd71c6-276e-4740-b821-29d8488a3e87/field_actions?resourceVersion=id%3A9351"
            },
            "self": {
              "href": "https://prodbo27sgjr.main.acsf.baywsf.com/jsonapi/node/question/45dd71c6-276e-4740-b821-29d8488a3e87/relationships/field_actions?resourceVersion=id%3A9351"
            }
          }
        },
        "field_answer": {
          "data": [
            {
              "type": "node--answer",
              "id": "8b28b272-1f80-43fe-b0ac-0210b05cd274"
            },
            {
              "type": "node--answer",
              "id": "d5eea94f-8df8-40f1-bebd-653f68c09405"
            }
          ],
          "links": {
            "related": {
              "href": "https://prodbo27sgjr.main.acsf.baywsf.com/jsonapi/node/question/45dd71c6-276e-4740-b821-29d8488a3e87/field_answer?resourceVersion=id%3A9351"
            },
            "self": {
              "href": "https://prodbo27sgjr.main.acsf.baywsf.com/jsonapi/node/question/45dd71c6-276e-4740-b821-29d8488a3e87/relationships/field_answer?resourceVersion=id%3A9351"
            }
          }
        },
        "field_correct": {
          "data": [
            {
              "type": "node--answer",
              "id": "8b28b272-1f80-43fe-b0ac-0210b05cd274"
            }
          ],
          "links": {
            "related": {
              "href": "https://prodbo27sgjr.main.acsf.baywsf.com/jsonapi/node/question/45dd71c6-276e-4740-b821-29d8488a3e87/field_correct?resourceVersion=id%3A9351"
            },
            "self": {
              "href": "https://prodbo27sgjr.main.acsf.baywsf.com/jsonapi/node/question/45dd71c6-276e-4740-b821-29d8488a3e87/relationships/field_correct?resourceVersion=id%3A9351"
            }
          }
        },
        "field_question_group": {
          "data": [],
          "links": {
            "related": {
              "href": "https://prodbo27sgjr.main.acsf.baywsf.com/jsonapi/node/question/45dd71c6-276e-4740-b821-29d8488a3e87/field_question_group?resourceVersion=id%3A9351"
            },
            "self": {
              "href": "https://prodbo27sgjr.main.acsf.baywsf.com/jsonapi/node/question/45dd71c6-276e-4740-b821-29d8488a3e87/relationships/field_question_group?resourceVersion=id%3A9351"
            }
          }
        }
      }
    },
    {
      "type": "node--question",
      "id": "38a8b8b4-19ec-42c4-a71a-52dbce911f5b",
      "links": {
        "self": {
          "href": "https://prodbo27sgjr.main.acsf.baywsf.com/jsonapi/node/question/38a8b8b4-19ec-42c4-a71a-52dbce911f5b?resourceVersion=id%3A9356"
        }
      },
      "attributes": {
        "drupal_internal__nid": 511,
        "drupal_internal__vid": 9356,
        "langcode": "en",
        "revision_timestamp": "2020-07-09T15:33:43+00:00",
        "revision_log": null,
        "status": true,
        "title": "Do you avoid social activities or plan clothing around your period?",
        "created": "2020-07-09T15:33:43+00:00",
        "changed": "2020-07-09T15:33:43+00:00",
        "promote": false,
        "sticky": false,
        "default_langcode": true,
        "revision_translation_affected": true,
        "metatag": null,
        "path": {
          "alias": null,
          "pid": null,
          "langcode": "en"
        },
        "private": false,
        "field_metatags": null,
        "last_updated_date": "2020-07-09",
        "field_subheading": null,
        "field_explanation": null,
        "field_instruction": null,
        "field_references": null,
        "field_error": null
      },
      "relationships": {
        "node_type": {
          "data": {
            "type": "node_type--node_type",
            "id": "c1c3cb29-16e3-4e33-9c1c-b0224aec1721"
          },
          "links": {
            "related": {
              "href": "https://prodbo27sgjr.main.acsf.baywsf.com/jsonapi/node/question/38a8b8b4-19ec-42c4-a71a-52dbce911f5b/node_type?resourceVersion=id%3A9356"
            },
            "self": {
              "href": "https://prodbo27sgjr.main.acsf.baywsf.com/jsonapi/node/question/38a8b8b4-19ec-42c4-a71a-52dbce911f5b/relationships/node_type?resourceVersion=id%3A9356"
            }
          }
        },
        "revision_uid": {
          "data": {
            "type": "user--user",
            "id": "914623da-82c3-4943-9597-9d5f6f734100"
          },
          "links": {
            "related": {
              "href": "https://prodbo27sgjr.main.acsf.baywsf.com/jsonapi/node/question/38a8b8b4-19ec-42c4-a71a-52dbce911f5b/revision_uid?resourceVersion=id%3A9356"
            },
            "self": {
              "href": "https://prodbo27sgjr.main.acsf.baywsf.com/jsonapi/node/question/38a8b8b4-19ec-42c4-a71a-52dbce911f5b/relationships/revision_uid?resourceVersion=id%3A9356"
            }
          }
        },
        "uid": {
          "data": {
            "type": "user--user",
            "id": "914623da-82c3-4943-9597-9d5f6f734100"
          },
          "links": {
            "related": {
              "href": "https://prodbo27sgjr.main.acsf.baywsf.com/jsonapi/node/question/38a8b8b4-19ec-42c4-a71a-52dbce911f5b/uid?resourceVersion=id%3A9356"
            },
            "self": {
              "href": "https://prodbo27sgjr.main.acsf.baywsf.com/jsonapi/node/question/38a8b8b4-19ec-42c4-a71a-52dbce911f5b/relationships/uid?resourceVersion=id%3A9356"
            }
          }
        },
        "field_related_indication": {
          "data": [],
          "links": {
            "related": {
              "href": "https://prodbo27sgjr.main.acsf.baywsf.com/jsonapi/node/question/38a8b8b4-19ec-42c4-a71a-52dbce911f5b/field_related_indication?resourceVersion=id%3A9356"
            },
            "self": {
              "href": "https://prodbo27sgjr.main.acsf.baywsf.com/jsonapi/node/question/38a8b8b4-19ec-42c4-a71a-52dbce911f5b/relationships/field_related_indication?resourceVersion=id%3A9356"
            }
          }
        },
        "audience_tag": {
          "data": {
            "type": "taxonomy_term--audience",
            "id": "b7b175de-17ed-49f3-a8de-204b01b37fe3"
          },
          "links": {
            "related": {
              "href": "https://prodbo27sgjr.main.acsf.baywsf.com/jsonapi/node/question/38a8b8b4-19ec-42c4-a71a-52dbce911f5b/audience_tag?resourceVersion=id%3A9356"
            },
            "self": {
              "href": "https://prodbo27sgjr.main.acsf.baywsf.com/jsonapi/node/question/38a8b8b4-19ec-42c4-a71a-52dbce911f5b/relationships/audience_tag?resourceVersion=id%3A9356"
            }
          }
        },
        "field_actions": {
          "data": [],
          "links": {
            "related": {
              "href": "https://prodbo27sgjr.main.acsf.baywsf.com/jsonapi/node/question/38a8b8b4-19ec-42c4-a71a-52dbce911f5b/field_actions?resourceVersion=id%3A9356"
            },
            "self": {
              "href": "https://prodbo27sgjr.main.acsf.baywsf.com/jsonapi/node/question/38a8b8b4-19ec-42c4-a71a-52dbce911f5b/relationships/field_actions?resourceVersion=id%3A9356"
            }
          }
        },
        "field_answer": {
          "data": [
            {
              "type": "node--answer",
              "id": "8b28b272-1f80-43fe-b0ac-0210b05cd274"
            },
            {
              "type": "node--answer",
              "id": "d5eea94f-8df8-40f1-bebd-653f68c09405"
            }
          ],
          "links": {
            "related": {
              "href": "https://prodbo27sgjr.main.acsf.baywsf.com/jsonapi/node/question/38a8b8b4-19ec-42c4-a71a-52dbce911f5b/field_answer?resourceVersion=id%3A9356"
            },
            "self": {
              "href": "https://prodbo27sgjr.main.acsf.baywsf.com/jsonapi/node/question/38a8b8b4-19ec-42c4-a71a-52dbce911f5b/relationships/field_answer?resourceVersion=id%3A9356"
            }
          }
        },
        "field_correct": {
          "data": [
            {
              "type": "node--answer",
              "id": "8b28b272-1f80-43fe-b0ac-0210b05cd274"
            }
          ],
          "links": {
            "related": {
              "href": "https://prodbo27sgjr.main.acsf.baywsf.com/jsonapi/node/question/38a8b8b4-19ec-42c4-a71a-52dbce911f5b/field_correct?resourceVersion=id%3A9356"
            },
            "self": {
              "href": "https://prodbo27sgjr.main.acsf.baywsf.com/jsonapi/node/question/38a8b8b4-19ec-42c4-a71a-52dbce911f5b/relationships/field_correct?resourceVersion=id%3A9356"
            }
          }
        },
        "field_question_group": {
          "data": [],
          "links": {
            "related": {
              "href": "https://prodbo27sgjr.main.acsf.baywsf.com/jsonapi/node/question/38a8b8b4-19ec-42c4-a71a-52dbce911f5b/field_question_group?resourceVersion=id%3A9356"
            },
            "self": {
              "href": "https://prodbo27sgjr.main.acsf.baywsf.com/jsonapi/node/question/38a8b8b4-19ec-42c4-a71a-52dbce911f5b/relationships/field_question_group?resourceVersion=id%3A9356"
            }
          }
        }
      }
    },
    {
      "type": "node--question",
      "id": "79f5945b-1f64-4dbc-9436-7514c9f00b97",
      "links": {
        "self": {
          "href": "https://prodbo27sgjr.main.acsf.baywsf.com/jsonapi/node/question/79f5945b-1f64-4dbc-9436-7514c9f00b97?resourceVersion=id%3A9361"
        }
      },
      "attributes": {
        "drupal_internal__nid": 516,
        "drupal_internal__vid": 9361,
        "langcode": "en",
        "revision_timestamp": "2020-07-09T15:34:10+00:00",
        "revision_log": null,
        "status": true,
        "title": "During your period, do you pass large blood clots?",
        "created": "2020-07-09T15:34:10+00:00",
        "changed": "2020-07-09T15:34:10+00:00",
        "promote": false,
        "sticky": false,
        "default_langcode": true,
        "revision_translation_affected": true,
        "metatag": null,
        "path": {
          "alias": null,
          "pid": null,
          "langcode": "en"
        },
        "private": false,
        "field_metatags": null,
        "last_updated_date": "2020-07-09",
        "field_subheading": null,
        "field_explanation": null,
        "field_instruction": null,
        "field_references": null,
        "field_error": null
      },
      "relationships": {
        "node_type": {
          "data": {
            "type": "node_type--node_type",
            "id": "c1c3cb29-16e3-4e33-9c1c-b0224aec1721"
          },
          "links": {
            "related": {
              "href": "https://prodbo27sgjr.main.acsf.baywsf.com/jsonapi/node/question/79f5945b-1f64-4dbc-9436-7514c9f00b97/node_type?resourceVersion=id%3A9361"
            },
            "self": {
              "href": "https://prodbo27sgjr.main.acsf.baywsf.com/jsonapi/node/question/79f5945b-1f64-4dbc-9436-7514c9f00b97/relationships/node_type?resourceVersion=id%3A9361"
            }
          }
        },
        "revision_uid": {
          "data": {
            "type": "user--user",
            "id": "914623da-82c3-4943-9597-9d5f6f734100"
          },
          "links": {
            "related": {
              "href": "https://prodbo27sgjr.main.acsf.baywsf.com/jsonapi/node/question/79f5945b-1f64-4dbc-9436-7514c9f00b97/revision_uid?resourceVersion=id%3A9361"
            },
            "self": {
              "href": "https://prodbo27sgjr.main.acsf.baywsf.com/jsonapi/node/question/79f5945b-1f64-4dbc-9436-7514c9f00b97/relationships/revision_uid?resourceVersion=id%3A9361"
            }
          }
        },
        "uid": {
          "data": {
            "type": "user--user",
            "id": "914623da-82c3-4943-9597-9d5f6f734100"
          },
          "links": {
            "related": {
              "href": "https://prodbo27sgjr.main.acsf.baywsf.com/jsonapi/node/question/79f5945b-1f64-4dbc-9436-7514c9f00b97/uid?resourceVersion=id%3A9361"
            },
            "self": {
              "href": "https://prodbo27sgjr.main.acsf.baywsf.com/jsonapi/node/question/79f5945b-1f64-4dbc-9436-7514c9f00b97/relationships/uid?resourceVersion=id%3A9361"
            }
          }
        },
        "field_related_indication": {
          "data": [],
          "links": {
            "related": {
              "href": "https://prodbo27sgjr.main.acsf.baywsf.com/jsonapi/node/question/79f5945b-1f64-4dbc-9436-7514c9f00b97/field_related_indication?resourceVersion=id%3A9361"
            },
            "self": {
              "href": "https://prodbo27sgjr.main.acsf.baywsf.com/jsonapi/node/question/79f5945b-1f64-4dbc-9436-7514c9f00b97/relationships/field_related_indication?resourceVersion=id%3A9361"
            }
          }
        },
        "audience_tag": {
          "data": {
            "type": "taxonomy_term--audience",
            "id": "b7b175de-17ed-49f3-a8de-204b01b37fe3"
          },
          "links": {
            "related": {
              "href": "https://prodbo27sgjr.main.acsf.baywsf.com/jsonapi/node/question/79f5945b-1f64-4dbc-9436-7514c9f00b97/audience_tag?resourceVersion=id%3A9361"
            },
            "self": {
              "href": "https://prodbo27sgjr.main.acsf.baywsf.com/jsonapi/node/question/79f5945b-1f64-4dbc-9436-7514c9f00b97/relationships/audience_tag?resourceVersion=id%3A9361"
            }
          }
        },
        "field_actions": {
          "data": [],
          "links": {
            "related": {
              "href": "https://prodbo27sgjr.main.acsf.baywsf.com/jsonapi/node/question/79f5945b-1f64-4dbc-9436-7514c9f00b97/field_actions?resourceVersion=id%3A9361"
            },
            "self": {
              "href": "https://prodbo27sgjr.main.acsf.baywsf.com/jsonapi/node/question/79f5945b-1f64-4dbc-9436-7514c9f00b97/relationships/field_actions?resourceVersion=id%3A9361"
            }
          }
        },
        "field_answer": {
          "data": [
            {
              "type": "node--answer",
              "id": "8b28b272-1f80-43fe-b0ac-0210b05cd274"
            },
            {
              "type": "node--answer",
              "id": "d5eea94f-8df8-40f1-bebd-653f68c09405"
            }
          ],
          "links": {
            "related": {
              "href": "https://prodbo27sgjr.main.acsf.baywsf.com/jsonapi/node/question/79f5945b-1f64-4dbc-9436-7514c9f00b97/field_answer?resourceVersion=id%3A9361"
            },
            "self": {
              "href": "https://prodbo27sgjr.main.acsf.baywsf.com/jsonapi/node/question/79f5945b-1f64-4dbc-9436-7514c9f00b97/relationships/field_answer?resourceVersion=id%3A9361"
            }
          }
        },
        "field_correct": {
          "data": [
            {
              "type": "node--answer",
              "id": "8b28b272-1f80-43fe-b0ac-0210b05cd274"
            }
          ],
          "links": {
            "related": {
              "href": "https://prodbo27sgjr.main.acsf.baywsf.com/jsonapi/node/question/79f5945b-1f64-4dbc-9436-7514c9f00b97/field_correct?resourceVersion=id%3A9361"
            },
            "self": {
              "href": "https://prodbo27sgjr.main.acsf.baywsf.com/jsonapi/node/question/79f5945b-1f64-4dbc-9436-7514c9f00b97/relationships/field_correct?resourceVersion=id%3A9361"
            }
          }
        },
        "field_question_group": {
          "data": [],
          "links": {
            "related": {
              "href": "https://prodbo27sgjr.main.acsf.baywsf.com/jsonapi/node/question/79f5945b-1f64-4dbc-9436-7514c9f00b97/field_question_group?resourceVersion=id%3A9361"
            },
            "self": {
              "href": "https://prodbo27sgjr.main.acsf.baywsf.com/jsonapi/node/question/79f5945b-1f64-4dbc-9436-7514c9f00b97/relationships/field_question_group?resourceVersion=id%3A9361"
            }
          }
        }
      }
    },
    {
      "type": "node--question",
      "id": "496a2339-1514-4333-8159-07a77090ed59",
      "links": {
        "self": {
          "href": "https://prodbo27sgjr.main.acsf.baywsf.com/jsonapi/node/question/496a2339-1514-4333-8159-07a77090ed59?resourceVersion=id%3A9366"
        }
      },
      "attributes": {
        "drupal_internal__nid": 521,
        "drupal_internal__vid": 9366,
        "langcode": "en",
        "revision_timestamp": "2020-07-09T15:34:42+00:00",
        "revision_log": null,
        "status": true,
        "title": "During your period, do you feel faint or breathless?",
        "created": "2020-07-09T15:34:42+00:00",
        "changed": "2020-07-09T15:34:42+00:00",
        "promote": false,
        "sticky": false,
        "default_langcode": true,
        "revision_translation_affected": true,
        "metatag": null,
        "path": {
          "alias": null,
          "pid": null,
          "langcode": "en"
        },
        "private": false,
        "field_metatags": null,
        "last_updated_date": "2020-07-09",
        "field_subheading": null,
        "field_explanation": null,
        "field_instruction": null,
        "field_references": null,
        "field_error": null
      },
      "relationships": {
        "node_type": {
          "data": {
            "type": "node_type--node_type",
            "id": "c1c3cb29-16e3-4e33-9c1c-b0224aec1721"
          },
          "links": {
            "related": {
              "href": "https://prodbo27sgjr.main.acsf.baywsf.com/jsonapi/node/question/496a2339-1514-4333-8159-07a77090ed59/node_type?resourceVersion=id%3A9366"
            },
            "self": {
              "href": "https://prodbo27sgjr.main.acsf.baywsf.com/jsonapi/node/question/496a2339-1514-4333-8159-07a77090ed59/relationships/node_type?resourceVersion=id%3A9366"
            }
          }
        },
        "revision_uid": {
          "data": {
            "type": "user--user",
            "id": "914623da-82c3-4943-9597-9d5f6f734100"
          },
          "links": {
            "related": {
              "href": "https://prodbo27sgjr.main.acsf.baywsf.com/jsonapi/node/question/496a2339-1514-4333-8159-07a77090ed59/revision_uid?resourceVersion=id%3A9366"
            },
            "self": {
              "href": "https://prodbo27sgjr.main.acsf.baywsf.com/jsonapi/node/question/496a2339-1514-4333-8159-07a77090ed59/relationships/revision_uid?resourceVersion=id%3A9366"
            }
          }
        },
        "uid": {
          "data": {
            "type": "user--user",
            "id": "914623da-82c3-4943-9597-9d5f6f734100"
          },
          "links": {
            "related": {
              "href": "https://prodbo27sgjr.main.acsf.baywsf.com/jsonapi/node/question/496a2339-1514-4333-8159-07a77090ed59/uid?resourceVersion=id%3A9366"
            },
            "self": {
              "href": "https://prodbo27sgjr.main.acsf.baywsf.com/jsonapi/node/question/496a2339-1514-4333-8159-07a77090ed59/relationships/uid?resourceVersion=id%3A9366"
            }
          }
        },
        "field_related_indication": {
          "data": [],
          "links": {
            "related": {
              "href": "https://prodbo27sgjr.main.acsf.baywsf.com/jsonapi/node/question/496a2339-1514-4333-8159-07a77090ed59/field_related_indication?resourceVersion=id%3A9366"
            },
            "self": {
              "href": "https://prodbo27sgjr.main.acsf.baywsf.com/jsonapi/node/question/496a2339-1514-4333-8159-07a77090ed59/relationships/field_related_indication?resourceVersion=id%3A9366"
            }
          }
        },
        "audience_tag": {
          "data": {
            "type": "taxonomy_term--audience",
            "id": "b7b175de-17ed-49f3-a8de-204b01b37fe3"
          },
          "links": {
            "related": {
              "href": "https://prodbo27sgjr.main.acsf.baywsf.com/jsonapi/node/question/496a2339-1514-4333-8159-07a77090ed59/audience_tag?resourceVersion=id%3A9366"
            },
            "self": {
              "href": "https://prodbo27sgjr.main.acsf.baywsf.com/jsonapi/node/question/496a2339-1514-4333-8159-07a77090ed59/relationships/audience_tag?resourceVersion=id%3A9366"
            }
          }
        },
        "field_actions": {
          "data": [],
          "links": {
            "related": {
              "href": "https://prodbo27sgjr.main.acsf.baywsf.com/jsonapi/node/question/496a2339-1514-4333-8159-07a77090ed59/field_actions?resourceVersion=id%3A9366"
            },
            "self": {
              "href": "https://prodbo27sgjr.main.acsf.baywsf.com/jsonapi/node/question/496a2339-1514-4333-8159-07a77090ed59/relationships/field_actions?resourceVersion=id%3A9366"
            }
          }
        },
        "field_answer": {
          "data": [
            {
              "type": "node--answer",
              "id": "8b28b272-1f80-43fe-b0ac-0210b05cd274"
            },
            {
              "type": "node--answer",
              "id": "d5eea94f-8df8-40f1-bebd-653f68c09405"
            }
          ],
          "links": {
            "related": {
              "href": "https://prodbo27sgjr.main.acsf.baywsf.com/jsonapi/node/question/496a2339-1514-4333-8159-07a77090ed59/field_answer?resourceVersion=id%3A9366"
            },
            "self": {
              "href": "https://prodbo27sgjr.main.acsf.baywsf.com/jsonapi/node/question/496a2339-1514-4333-8159-07a77090ed59/relationships/field_answer?resourceVersion=id%3A9366"
            }
          }
        },
        "field_correct": {
          "data": [
            {
              "type": "node--answer",
              "id": "8b28b272-1f80-43fe-b0ac-0210b05cd274"
            }
          ],
          "links": {
            "related": {
              "href": "https://prodbo27sgjr.main.acsf.baywsf.com/jsonapi/node/question/496a2339-1514-4333-8159-07a77090ed59/field_correct?resourceVersion=id%3A9366"
            },
            "self": {
              "href": "https://prodbo27sgjr.main.acsf.baywsf.com/jsonapi/node/question/496a2339-1514-4333-8159-07a77090ed59/relationships/field_correct?resourceVersion=id%3A9366"
            }
          }
        },
        "field_question_group": {
          "data": [],
          "links": {
            "related": {
              "href": "https://prodbo27sgjr.main.acsf.baywsf.com/jsonapi/node/question/496a2339-1514-4333-8159-07a77090ed59/field_question_group?resourceVersion=id%3A9366"
            },
            "self": {
              "href": "https://prodbo27sgjr.main.acsf.baywsf.com/jsonapi/node/question/496a2339-1514-4333-8159-07a77090ed59/relationships/field_question_group?resourceVersion=id%3A9366"
            }
          }
        }
      }
    },
    {
      "type": "taxonomy_term--quiz_action",
      "id": "63b39bc2-cb6e-48bd-8c6f-dc833aab44c1",
      "links": {
        "self": {
          "href": "https://prodbo27sgjr.main.acsf.baywsf.com/jsonapi/taxonomy_term/quiz_action/63b39bc2-cb6e-48bd-8c6f-dc833aab44c1"
        }
      },
      "attributes": {
        "drupal_internal__tid": 271,
        "drupal_internal__revision_id": 291,
        "langcode": "en",
        "revision_created": "2020-07-13T12:00:17+00:00",
        "revision_log_message": null,
        "status": true,
        "name": "Get Started",
        "description": null,
        "weight": 0,
        "changed": "2020-07-13T12:00:17+00:00",
        "default_langcode": true,
        "revision_translation_affected": true,
        "metatag": null,
        "path": {
          "alias": null,
          "pid": null,
          "langcode": "en"
        }
      },
      "relationships": {
        "vid": {
          "data": {
            "type": "taxonomy_vocabulary--taxonomy_vocabulary",
            "id": "142a83cf-f0c0-44ea-aba2-808a05c0ca36"
          },
          "links": {
            "related": {
              "href": "https://prodbo27sgjr.main.acsf.baywsf.com/jsonapi/taxonomy_term/quiz_action/63b39bc2-cb6e-48bd-8c6f-dc833aab44c1/vid"
            },
            "self": {
              "href": "https://prodbo27sgjr.main.acsf.baywsf.com/jsonapi/taxonomy_term/quiz_action/63b39bc2-cb6e-48bd-8c6f-dc833aab44c1/relationships/vid"
            }
          }
        },
        "revision_user": {
          "data": null,
          "links": {
            "related": {
              "href": "https://prodbo27sgjr.main.acsf.baywsf.com/jsonapi/taxonomy_term/quiz_action/63b39bc2-cb6e-48bd-8c6f-dc833aab44c1/revision_user"
            },
            "self": {
              "href": "https://prodbo27sgjr.main.acsf.baywsf.com/jsonapi/taxonomy_term/quiz_action/63b39bc2-cb6e-48bd-8c6f-dc833aab44c1/relationships/revision_user"
            }
          }
        },
        "parent": {
          "data": [
            {
              "type": "taxonomy_term--quiz_action",
              "id": "virtual",
              "meta": {
                "links": {
                  "help": {
                    "href": "https://www.drupal.org/docs/8/modules/json-api/core-concepts#virtual",
                    "meta": {
                      "about": "Usage and meaning of the \u0027virtual\u0027 resource identifier."
                    }
                  }
                }
              }
            }
          ],
          "links": {
            "related": {
              "href": "https://prodbo27sgjr.main.acsf.baywsf.com/jsonapi/taxonomy_term/quiz_action/63b39bc2-cb6e-48bd-8c6f-dc833aab44c1/parent"
            },
            "self": {
              "href": "https://prodbo27sgjr.main.acsf.baywsf.com/jsonapi/taxonomy_term/quiz_action/63b39bc2-cb6e-48bd-8c6f-dc833aab44c1/relationships/parent"
            }
          }
        }
      }
    }
  ],
  "links": {
    "self": {
      "href": "https://prodbo27sgjr.main.acsf.baywsf.com/jsonapi/node/quiz/047638a4-8103-4e91-b613-a09cd3858a1d?include=field_quiz_question%2Cfield_actions%2Cfield_result"
    }
  }
}
