{
  "jsonapi": {
    "version": "1.0",
    "meta": {
      "links": { "self": { "href": "http://jsonapi.org/format/1.0/" } }
    }
  },
  "data": {
    "type": "node--question",
    "id": "1ddfe1ee-8656-4bce-8aba-7219928a539f",
    "links": {
      "self": {
        "href": "https://prodh2cueemw.main.acsf.baywsf.com/jsonapi/node/question/1ddfe1ee-8656-4bce-8aba-7219928a539f?resourceVersion=id%3A64611"
      }
    },
    "attributes": {
      "drupal_internal__nid": 1411,
      "drupal_internal__vid": 64611,
      "langcode": "it",
      "revision_timestamp": "2023-04-18T13:50:11+00:00",
      "revision_log": null,
      "status": true,
      "title": "Quanto \u00e8 intenso il mal di gola?",
      "created": "2023-04-18T13:50:11+00:00",
      "changed": "2023-04-18T13:50:11+00:00",
      "promote": false,
      "sticky": false,
      "default_langcode": true,
      "revision_translation_affected": true,
      "moderation_state": null,
      "metatag": null,
      "path": { "alias": null, "pid": null, "langcode": "it" },
      "private": false,
      "field_metatags": null,
      "content_translation_source": "und",
      "content_translation_outdated": false,
      "published_at": "2023-04-18T13:50:11+00:00",
      "field_error": null,
      "field_explanation": null,
      "field_instruction": null,
      "field_references": null
    },
    "relationships": {
      "node_type": {
        "data": {
          "type": "node_type--node_type",
          "id": "b36305cf-d6a4-4b58-94fd-9bd56dc48d0a",
          "meta": { "drupal_internal__target_id": "question" }
        },
        "links": {
          "related": {
            "href": "https://prodh2cueemw.main.acsf.baywsf.com/jsonapi/node/question/1ddfe1ee-8656-4bce-8aba-7219928a539f/node_type?resourceVersion=id%3A64611"
          },
          "self": {
            "href": "https://prodh2cueemw.main.acsf.baywsf.com/jsonapi/node/question/1ddfe1ee-8656-4bce-8aba-7219928a539f/relationships/node_type?resourceVersion=id%3A64611"
          }
        }
      },
      "revision_uid": {
        "data": {
          "type": "user--user",
          "id": "4f8a4079-386c-4b93-b029-aa9dac8e6430",
          "meta": { "drupal_internal__target_id": 3091 }
        },
        "links": {
          "related": {
            "href": "https://prodh2cueemw.main.acsf.baywsf.com/jsonapi/node/question/1ddfe1ee-8656-4bce-8aba-7219928a539f/revision_uid?resourceVersion=id%3A64611"
          },
          "self": {
            "href": "https://prodh2cueemw.main.acsf.baywsf.com/jsonapi/node/question/1ddfe1ee-8656-4bce-8aba-7219928a539f/relationships/revision_uid?resourceVersion=id%3A64611"
          }
        }
      },
      "uid": {
        "data": {
          "type": "user--user",
          "id": "4f8a4079-386c-4b93-b029-aa9dac8e6430",
          "meta": { "drupal_internal__target_id": 3091 }
        },
        "links": {
          "related": {
            "href": "https://prodh2cueemw.main.acsf.baywsf.com/jsonapi/node/question/1ddfe1ee-8656-4bce-8aba-7219928a539f/uid?resourceVersion=id%3A64611"
          },
          "self": {
            "href": "https://prodh2cueemw.main.acsf.baywsf.com/jsonapi/node/question/1ddfe1ee-8656-4bce-8aba-7219928a539f/relationships/uid?resourceVersion=id%3A64611"
          }
        }
      },
      "field_schema_json_ld_file": {
        "data": null,
        "links": {
          "related": {
            "href": "https://prodh2cueemw.main.acsf.baywsf.com/jsonapi/node/question/1ddfe1ee-8656-4bce-8aba-7219928a539f/field_schema_json_ld_file?resourceVersion=id%3A64611"
          },
          "self": {
            "href": "https://prodh2cueemw.main.acsf.baywsf.com/jsonapi/node/question/1ddfe1ee-8656-4bce-8aba-7219928a539f/relationships/field_schema_json_ld_file?resourceVersion=id%3A64611"
          }
        }
      },
      "field_actions": {
        "data": [],
        "links": {
          "related": {
            "href": "https://prodh2cueemw.main.acsf.baywsf.com/jsonapi/node/question/1ddfe1ee-8656-4bce-8aba-7219928a539f/field_actions?resourceVersion=id%3A64611"
          },
          "self": {
            "href": "https://prodh2cueemw.main.acsf.baywsf.com/jsonapi/node/question/1ddfe1ee-8656-4bce-8aba-7219928a539f/relationships/field_actions?resourceVersion=id%3A64611"
          }
        }
      },
      "field_answer": {
        "data": [
          {
            "type": "node--answer",
            "id": "d184b71c-262b-42a8-bdac-0cf2b3849a40",
            "meta": { "drupal_internal__target_id": 1401 }
          },
          {
            "type": "node--answer",
            "id": "bfa0e4fe-dbe1-41ff-90b8-02121a7f16dc",
            "meta": { "drupal_internal__target_id": 1406 }
          }
        ],
        "links": {
          "related": {
            "href": "https://prodh2cueemw.main.acsf.baywsf.com/jsonapi/node/question/1ddfe1ee-8656-4bce-8aba-7219928a539f/field_answer?resourceVersion=id%3A64611"
          },
          "self": {
            "href": "https://prodh2cueemw.main.acsf.baywsf.com/jsonapi/node/question/1ddfe1ee-8656-4bce-8aba-7219928a539f/relationships/field_answer?resourceVersion=id%3A64611"
          }
        }
      },
      "field_correct": {
        "data": [],
        "links": {
          "related": {
            "href": "https://prodh2cueemw.main.acsf.baywsf.com/jsonapi/node/question/1ddfe1ee-8656-4bce-8aba-7219928a539f/field_correct?resourceVersion=id%3A64611"
          },
          "self": {
            "href": "https://prodh2cueemw.main.acsf.baywsf.com/jsonapi/node/question/1ddfe1ee-8656-4bce-8aba-7219928a539f/relationships/field_correct?resourceVersion=id%3A64611"
          }
        }
      },
      "field_question_group": {
        "data": [],
        "links": {
          "related": {
            "href": "https://prodh2cueemw.main.acsf.baywsf.com/jsonapi/node/question/1ddfe1ee-8656-4bce-8aba-7219928a539f/field_question_group?resourceVersion=id%3A64611"
          },
          "self": {
            "href": "https://prodh2cueemw.main.acsf.baywsf.com/jsonapi/node/question/1ddfe1ee-8656-4bce-8aba-7219928a539f/relationships/field_question_group?resourceVersion=id%3A64611"
          }
        }
      }
    }
  },
  "included": [
    {
      "type": "node--answer",
      "id": "d184b71c-262b-42a8-bdac-0cf2b3849a40",
      "links": {
        "self": {
          "href": "https://prodh2cueemw.main.acsf.baywsf.com/jsonapi/node/answer/d184b71c-262b-42a8-bdac-0cf2b3849a40?resourceVersion=id%3A64601"
        }
      },
      "attributes": {
        "drupal_internal__nid": 1401,
        "drupal_internal__vid": 64601,
        "langcode": "it",
        "revision_timestamp": "2023-04-18T13:27:18+00:00",
        "revision_log": null,
        "status": true,
        "title": "Lieve: gola secca, senso di irritazione che quando aumenta induce la tosse",
        "created": "2023-04-18T13:27:18+00:00",
        "changed": "2023-04-18T13:27:18+00:00",
        "promote": true,
        "sticky": false,
        "default_langcode": true,
        "revision_translation_affected": true,
        "moderation_state": null,
        "metatag": null,
        "path": { "alias": null, "pid": null, "langcode": "it" },
        "private": false,
        "field_metatags": null,
        "content_translation_source": "und",
        "content_translation_outdated": false,
        "published_at": "2023-04-18T13:50:11+00:00",
        "field_answer_summary": null,
        "field_instruction": null
      },
      "relationships": {
        "node_type": {
          "data": {
            "type": "node_type--node_type",
            "id": "2b9459ba-6e80-4cd4-b243-d970bac27c44",
            "meta": { "drupal_internal__target_id": "answer" }
          },
          "links": {
            "related": {
              "href": "https://prodh2cueemw.main.acsf.baywsf.com/jsonapi/node/answer/d184b71c-262b-42a8-bdac-0cf2b3849a40/node_type?resourceVersion=id%3A64601"
            },
            "self": {
              "href": "https://prodh2cueemw.main.acsf.baywsf.com/jsonapi/node/answer/d184b71c-262b-42a8-bdac-0cf2b3849a40/relationships/node_type?resourceVersion=id%3A64601"
            }
          }
        },
        "revision_uid": {
          "data": {
            "type": "user--user",
            "id": "4f8a4079-386c-4b93-b029-aa9dac8e6430",
            "meta": { "drupal_internal__target_id": 3091 }
          },
          "links": {
            "related": {
              "href": "https://prodh2cueemw.main.acsf.baywsf.com/jsonapi/node/answer/d184b71c-262b-42a8-bdac-0cf2b3849a40/revision_uid?resourceVersion=id%3A64601"
            },
            "self": {
              "href": "https://prodh2cueemw.main.acsf.baywsf.com/jsonapi/node/answer/d184b71c-262b-42a8-bdac-0cf2b3849a40/relationships/revision_uid?resourceVersion=id%3A64601"
            }
          }
        },
        "uid": {
          "data": {
            "type": "user--user",
            "id": "4f8a4079-386c-4b93-b029-aa9dac8e6430",
            "meta": { "drupal_internal__target_id": 3091 }
          },
          "links": {
            "related": {
              "href": "https://prodh2cueemw.main.acsf.baywsf.com/jsonapi/node/answer/d184b71c-262b-42a8-bdac-0cf2b3849a40/uid?resourceVersion=id%3A64601"
            },
            "self": {
              "href": "https://prodh2cueemw.main.acsf.baywsf.com/jsonapi/node/answer/d184b71c-262b-42a8-bdac-0cf2b3849a40/relationships/uid?resourceVersion=id%3A64601"
            }
          }
        },
        "field_schema_json_ld_file": {
          "data": null,
          "links": {
            "related": {
              "href": "https://prodh2cueemw.main.acsf.baywsf.com/jsonapi/node/answer/d184b71c-262b-42a8-bdac-0cf2b3849a40/field_schema_json_ld_file?resourceVersion=id%3A64601"
            },
            "self": {
              "href": "https://prodh2cueemw.main.acsf.baywsf.com/jsonapi/node/answer/d184b71c-262b-42a8-bdac-0cf2b3849a40/relationships/field_schema_json_ld_file?resourceVersion=id%3A64601"
            }
          }
        },
        "field_answer_category": {
          "data": [],
          "links": {
            "related": {
              "href": "https://prodh2cueemw.main.acsf.baywsf.com/jsonapi/node/answer/d184b71c-262b-42a8-bdac-0cf2b3849a40/field_answer_category?resourceVersion=id%3A64601"
            },
            "self": {
              "href": "https://prodh2cueemw.main.acsf.baywsf.com/jsonapi/node/answer/d184b71c-262b-42a8-bdac-0cf2b3849a40/relationships/field_answer_category?resourceVersion=id%3A64601"
            }
          }
        },
        "field_next_question": {
          "data": null,
          "links": {
            "related": {
              "href": "https://prodh2cueemw.main.acsf.baywsf.com/jsonapi/node/answer/d184b71c-262b-42a8-bdac-0cf2b3849a40/field_next_question?resourceVersion=id%3A64601"
            },
            "self": {
              "href": "https://prodh2cueemw.main.acsf.baywsf.com/jsonapi/node/answer/d184b71c-262b-42a8-bdac-0cf2b3849a40/relationships/field_next_question?resourceVersion=id%3A64601"
            }
          }
        },
        "field_result": {
          "data": null,
          "links": {
            "related": {
              "href": "https://prodh2cueemw.main.acsf.baywsf.com/jsonapi/node/answer/d184b71c-262b-42a8-bdac-0cf2b3849a40/field_result?resourceVersion=id%3A64601"
            },
            "self": {
              "href": "https://prodh2cueemw.main.acsf.baywsf.com/jsonapi/node/answer/d184b71c-262b-42a8-bdac-0cf2b3849a40/relationships/field_result?resourceVersion=id%3A64601"
            }
          }
        }
      }
    },
    {
      "type": "node--answer",
      "id": "bfa0e4fe-dbe1-41ff-90b8-02121a7f16dc",
      "links": {
        "self": {
          "href": "https://prodh2cueemw.main.acsf.baywsf.com/jsonapi/node/answer/bfa0e4fe-dbe1-41ff-90b8-02121a7f16dc?resourceVersion=id%3A64606"
        }
      },
      "attributes": {
        "drupal_internal__nid": 1406,
        "drupal_internal__vid": 64606,
        "langcode": "it",
        "revision_timestamp": "2023-04-18T13:30:02+00:00",
        "revision_log": null,
        "status": true,
        "title": "Moderato-intenso: dolore e tosse che possono peggiorare quando si deglutisce",
        "created": "2023-04-18T13:30:02+00:00",
        "changed": "2023-04-18T13:30:02+00:00",
        "promote": true,
        "sticky": false,
        "default_langcode": true,
        "revision_translation_affected": true,
        "moderation_state": null,
        "metatag": null,
        "path": { "alias": null, "pid": null, "langcode": "it" },
        "private": false,
        "field_metatags": null,
        "content_translation_source": "und",
        "content_translation_outdated": false,
        "published_at": "2023-04-18T13:50:11+00:00",
        "field_answer_summary": null,
        "field_instruction": null
      },
      "relationships": {
        "node_type": {
          "data": {
            "type": "node_type--node_type",
            "id": "2b9459ba-6e80-4cd4-b243-d970bac27c44",
            "meta": { "drupal_internal__target_id": "answer" }
          },
          "links": {
            "related": {
              "href": "https://prodh2cueemw.main.acsf.baywsf.com/jsonapi/node/answer/bfa0e4fe-dbe1-41ff-90b8-02121a7f16dc/node_type?resourceVersion=id%3A64606"
            },
            "self": {
              "href": "https://prodh2cueemw.main.acsf.baywsf.com/jsonapi/node/answer/bfa0e4fe-dbe1-41ff-90b8-02121a7f16dc/relationships/node_type?resourceVersion=id%3A64606"
            }
          }
        },
        "revision_uid": {
          "data": {
            "type": "user--user",
            "id": "4f8a4079-386c-4b93-b029-aa9dac8e6430",
            "meta": { "drupal_internal__target_id": 3091 }
          },
          "links": {
            "related": {
              "href": "https://prodh2cueemw.main.acsf.baywsf.com/jsonapi/node/answer/bfa0e4fe-dbe1-41ff-90b8-02121a7f16dc/revision_uid?resourceVersion=id%3A64606"
            },
            "self": {
              "href": "https://prodh2cueemw.main.acsf.baywsf.com/jsonapi/node/answer/bfa0e4fe-dbe1-41ff-90b8-02121a7f16dc/relationships/revision_uid?resourceVersion=id%3A64606"
            }
          }
        },
        "uid": {
          "data": {
            "type": "user--user",
            "id": "4f8a4079-386c-4b93-b029-aa9dac8e6430",
            "meta": { "drupal_internal__target_id": 3091 }
          },
          "links": {
            "related": {
              "href": "https://prodh2cueemw.main.acsf.baywsf.com/jsonapi/node/answer/bfa0e4fe-dbe1-41ff-90b8-02121a7f16dc/uid?resourceVersion=id%3A64606"
            },
            "self": {
              "href": "https://prodh2cueemw.main.acsf.baywsf.com/jsonapi/node/answer/bfa0e4fe-dbe1-41ff-90b8-02121a7f16dc/relationships/uid?resourceVersion=id%3A64606"
            }
          }
        },
        "field_schema_json_ld_file": {
          "data": null,
          "links": {
            "related": {
              "href": "https://prodh2cueemw.main.acsf.baywsf.com/jsonapi/node/answer/bfa0e4fe-dbe1-41ff-90b8-02121a7f16dc/field_schema_json_ld_file?resourceVersion=id%3A64606"
            },
            "self": {
              "href": "https://prodh2cueemw.main.acsf.baywsf.com/jsonapi/node/answer/bfa0e4fe-dbe1-41ff-90b8-02121a7f16dc/relationships/field_schema_json_ld_file?resourceVersion=id%3A64606"
            }
          }
        },
        "field_answer_category": {
          "data": [],
          "links": {
            "related": {
              "href": "https://prodh2cueemw.main.acsf.baywsf.com/jsonapi/node/answer/bfa0e4fe-dbe1-41ff-90b8-02121a7f16dc/field_answer_category?resourceVersion=id%3A64606"
            },
            "self": {
              "href": "https://prodh2cueemw.main.acsf.baywsf.com/jsonapi/node/answer/bfa0e4fe-dbe1-41ff-90b8-02121a7f16dc/relationships/field_answer_category?resourceVersion=id%3A64606"
            }
          }
        },
        "field_next_question": {
          "data": null,
          "links": {
            "related": {
              "href": "https://prodh2cueemw.main.acsf.baywsf.com/jsonapi/node/answer/bfa0e4fe-dbe1-41ff-90b8-02121a7f16dc/field_next_question?resourceVersion=id%3A64606"
            },
            "self": {
              "href": "https://prodh2cueemw.main.acsf.baywsf.com/jsonapi/node/answer/bfa0e4fe-dbe1-41ff-90b8-02121a7f16dc/relationships/field_next_question?resourceVersion=id%3A64606"
            }
          }
        },
        "field_result": {
          "data": null,
          "links": {
            "related": {
              "href": "https://prodh2cueemw.main.acsf.baywsf.com/jsonapi/node/answer/bfa0e4fe-dbe1-41ff-90b8-02121a7f16dc/field_result?resourceVersion=id%3A64606"
            },
            "self": {
              "href": "https://prodh2cueemw.main.acsf.baywsf.com/jsonapi/node/answer/bfa0e4fe-dbe1-41ff-90b8-02121a7f16dc/relationships/field_result?resourceVersion=id%3A64606"
            }
          }
        }
      }
    }
  ],
  "links": {
    "self": {
      "href": "https://prodh2cueemw.main.acsf.baywsf.com/jsonapi/node/question/1ddfe1ee-8656-4bce-8aba-7219928a539f?include=field_answer"
    }
  }
}
