{
  "jsonapi": {
    "version": "1.0",
    "meta": {
      "links": { "self": { "href": "http://jsonapi.org/format/1.0/" } }
    }
  },
  "data": {
    "type": "node--question",
    "id": "2af69368-b9a8-4f97-bc75-5c1bb99f43a1",
    "links": {
      "self": {
        "href": "https://prodh2cueemw.main.acsf.baywsf.com/jsonapi/node/question/2af69368-b9a8-4f97-bc75-5c1bb99f43a1?resourceVersion=id%3A64696"
      }
    },
    "attributes": {
      "drupal_internal__nid": 1426,
      "drupal_internal__vid": 64696,
      "langcode": "it",
      "revision_timestamp": "2023-04-18T18:08:52+00:00",
      "revision_log": null,
      "status": true,
      "title": "Quanto \u00e8 intenso il mal di gola?",
      "created": "2023-04-18T16:30:05+00:00",
      "changed": "2023-04-18T18:08:52+00:00",
      "promote": false,
      "sticky": false,
      "default_langcode": true,
      "revision_translation_affected": true,
      "moderation_state": null,
      "metatag": null,
      "path": { "alias": null, "pid": null, "langcode": "it" },
      "private": false,
      "field_metatags": null,
      "content_translation_source": "und",
      "content_translation_outdated": false,
      "published_at": "2023-04-18T16:31:01+00:00",
      "field_error": null,
      "field_explanation": null,
      "field_instruction": null,
      "field_references": null
    },
    "relationships": {
      "node_type": {
        "data": {
          "type": "node_type--node_type",
          "id": "b36305cf-d6a4-4b58-94fd-9bd56dc48d0a",
          "meta": { "drupal_internal__target_id": "question" }
        },
        "links": {
          "related": {
            "href": "https://prodh2cueemw.main.acsf.baywsf.com/jsonapi/node/question/2af69368-b9a8-4f97-bc75-5c1bb99f43a1/node_type?resourceVersion=id%3A64696"
          },
          "self": {
            "href": "https://prodh2cueemw.main.acsf.baywsf.com/jsonapi/node/question/2af69368-b9a8-4f97-bc75-5c1bb99f43a1/relationships/node_type?resourceVersion=id%3A64696"
          }
        }
      },
      "revision_uid": {
        "data": {
          "type": "user--user",
          "id": "4f8a4079-386c-4b93-b029-aa9dac8e6430",
          "meta": { "drupal_internal__target_id": 3091 }
        },
        "links": {
          "related": {
            "href": "https://prodh2cueemw.main.acsf.baywsf.com/jsonapi/node/question/2af69368-b9a8-4f97-bc75-5c1bb99f43a1/revision_uid?resourceVersion=id%3A64696"
          },
          "self": {
            "href": "https://prodh2cueemw.main.acsf.baywsf.com/jsonapi/node/question/2af69368-b9a8-4f97-bc75-5c1bb99f43a1/relationships/revision_uid?resourceVersion=id%3A64696"
          }
        }
      },
      "uid": {
        "data": {
          "type": "user--user",
          "id": "4f8a4079-386c-4b93-b029-aa9dac8e6430",
          "meta": { "drupal_internal__target_id": 3091 }
        },
        "links": {
          "related": {
            "href": "https://prodh2cueemw.main.acsf.baywsf.com/jsonapi/node/question/2af69368-b9a8-4f97-bc75-5c1bb99f43a1/uid?resourceVersion=id%3A64696"
          },
          "self": {
            "href": "https://prodh2cueemw.main.acsf.baywsf.com/jsonapi/node/question/2af69368-b9a8-4f97-bc75-5c1bb99f43a1/relationships/uid?resourceVersion=id%3A64696"
          }
        }
      },
      "field_schema_json_ld_file": {
        "data": null,
        "links": {
          "related": {
            "href": "https://prodh2cueemw.main.acsf.baywsf.com/jsonapi/node/question/2af69368-b9a8-4f97-bc75-5c1bb99f43a1/field_schema_json_ld_file?resourceVersion=id%3A64696"
          },
          "self": {
            "href": "https://prodh2cueemw.main.acsf.baywsf.com/jsonapi/node/question/2af69368-b9a8-4f97-bc75-5c1bb99f43a1/relationships/field_schema_json_ld_file?resourceVersion=id%3A64696"
          }
        }
      },
      "field_actions": {
        "data": [],
        "links": {
          "related": {
            "href": "https://prodh2cueemw.main.acsf.baywsf.com/jsonapi/node/question/2af69368-b9a8-4f97-bc75-5c1bb99f43a1/field_actions?resourceVersion=id%3A64696"
          },
          "self": {
            "href": "https://prodh2cueemw.main.acsf.baywsf.com/jsonapi/node/question/2af69368-b9a8-4f97-bc75-5c1bb99f43a1/relationships/field_actions?resourceVersion=id%3A64696"
          }
        }
      },
      "field_answer": {
        "data": [
          {
            "type": "node--answer",
            "id": "1fd47985-1521-4bd2-8c15-fcd40368bdf0",
            "meta": { "drupal_internal__target_id": 1416 }
          },
          {
            "type": "node--answer",
            "id": "c51cbc3e-bc70-44a3-b829-3e9c7ffda984",
            "meta": { "drupal_internal__target_id": 1421 }
          },
          {
            "type": "node--answer",
            "id": "ccacccc6-6ffc-4fd1-bcb0-78c7e2200a47",
            "meta": { "drupal_internal__target_id": 1476 }
          }
        ],
        "links": {
          "related": {
            "href": "https://prodh2cueemw.main.acsf.baywsf.com/jsonapi/node/question/2af69368-b9a8-4f97-bc75-5c1bb99f43a1/field_answer?resourceVersion=id%3A64696"
          },
          "self": {
            "href": "https://prodh2cueemw.main.acsf.baywsf.com/jsonapi/node/question/2af69368-b9a8-4f97-bc75-5c1bb99f43a1/relationships/field_answer?resourceVersion=id%3A64696"
          }
        }
      },
      "field_correct": {
        "data": [],
        "links": {
          "related": {
            "href": "https://prodh2cueemw.main.acsf.baywsf.com/jsonapi/node/question/2af69368-b9a8-4f97-bc75-5c1bb99f43a1/field_correct?resourceVersion=id%3A64696"
          },
          "self": {
            "href": "https://prodh2cueemw.main.acsf.baywsf.com/jsonapi/node/question/2af69368-b9a8-4f97-bc75-5c1bb99f43a1/relationships/field_correct?resourceVersion=id%3A64696"
          }
        }
      },
      "field_question_group": {
        "data": [],
        "links": {
          "related": {
            "href": "https://prodh2cueemw.main.acsf.baywsf.com/jsonapi/node/question/2af69368-b9a8-4f97-bc75-5c1bb99f43a1/field_question_group?resourceVersion=id%3A64696"
          },
          "self": {
            "href": "https://prodh2cueemw.main.acsf.baywsf.com/jsonapi/node/question/2af69368-b9a8-4f97-bc75-5c1bb99f43a1/relationships/field_question_group?resourceVersion=id%3A64696"
          }
        }
      }
    }
  },
  "included": [
    {
      "type": "node--answer",
      "id": "1fd47985-1521-4bd2-8c15-fcd40368bdf0",
      "links": {
        "self": {
          "href": "https://prodh2cueemw.main.acsf.baywsf.com/jsonapi/node/answer/1fd47985-1521-4bd2-8c15-fcd40368bdf0?resourceVersion=id%3A64621"
        }
      },
      "attributes": {
        "drupal_internal__nid": 1416,
        "drupal_internal__vid": 64621,
        "langcode": "it",
        "revision_timestamp": "2023-04-18T16:26:43+00:00",
        "revision_log": null,
        "status": true,
        "title": "Lieve: gola secca, senso di irritazione che quando aumenta induce la tosse",
        "created": "2023-04-18T16:26:43+00:00",
        "changed": "2023-04-18T16:26:43+00:00",
        "promote": true,
        "sticky": false,
        "default_langcode": true,
        "revision_translation_affected": true,
        "moderation_state": null,
        "metatag": null,
        "path": { "alias": null, "pid": null, "langcode": "it" },
        "private": false,
        "field_metatags": null,
        "content_translation_source": "und",
        "content_translation_outdated": false,
        "published_at": "2023-04-18T16:31:01+00:00",
        "field_answer_summary": null,
        "field_instruction": null
      },
      "relationships": {
        "node_type": {
          "data": {
            "type": "node_type--node_type",
            "id": "2b9459ba-6e80-4cd4-b243-d970bac27c44",
            "meta": { "drupal_internal__target_id": "answer" }
          },
          "links": {
            "related": {
              "href": "https://prodh2cueemw.main.acsf.baywsf.com/jsonapi/node/answer/1fd47985-1521-4bd2-8c15-fcd40368bdf0/node_type?resourceVersion=id%3A64621"
            },
            "self": {
              "href": "https://prodh2cueemw.main.acsf.baywsf.com/jsonapi/node/answer/1fd47985-1521-4bd2-8c15-fcd40368bdf0/relationships/node_type?resourceVersion=id%3A64621"
            }
          }
        },
        "revision_uid": {
          "data": {
            "type": "user--user",
            "id": "4f8a4079-386c-4b93-b029-aa9dac8e6430",
            "meta": { "drupal_internal__target_id": 3091 }
          },
          "links": {
            "related": {
              "href": "https://prodh2cueemw.main.acsf.baywsf.com/jsonapi/node/answer/1fd47985-1521-4bd2-8c15-fcd40368bdf0/revision_uid?resourceVersion=id%3A64621"
            },
            "self": {
              "href": "https://prodh2cueemw.main.acsf.baywsf.com/jsonapi/node/answer/1fd47985-1521-4bd2-8c15-fcd40368bdf0/relationships/revision_uid?resourceVersion=id%3A64621"
            }
          }
        },
        "uid": {
          "data": {
            "type": "user--user",
            "id": "4f8a4079-386c-4b93-b029-aa9dac8e6430",
            "meta": { "drupal_internal__target_id": 3091 }
          },
          "links": {
            "related": {
              "href": "https://prodh2cueemw.main.acsf.baywsf.com/jsonapi/node/answer/1fd47985-1521-4bd2-8c15-fcd40368bdf0/uid?resourceVersion=id%3A64621"
            },
            "self": {
              "href": "https://prodh2cueemw.main.acsf.baywsf.com/jsonapi/node/answer/1fd47985-1521-4bd2-8c15-fcd40368bdf0/relationships/uid?resourceVersion=id%3A64621"
            }
          }
        },
        "field_schema_json_ld_file": {
          "data": null,
          "links": {
            "related": {
              "href": "https://prodh2cueemw.main.acsf.baywsf.com/jsonapi/node/answer/1fd47985-1521-4bd2-8c15-fcd40368bdf0/field_schema_json_ld_file?resourceVersion=id%3A64621"
            },
            "self": {
              "href": "https://prodh2cueemw.main.acsf.baywsf.com/jsonapi/node/answer/1fd47985-1521-4bd2-8c15-fcd40368bdf0/relationships/field_schema_json_ld_file?resourceVersion=id%3A64621"
            }
          }
        },
        "field_answer_category": {
          "data": [],
          "links": {
            "related": {
              "href": "https://prodh2cueemw.main.acsf.baywsf.com/jsonapi/node/answer/1fd47985-1521-4bd2-8c15-fcd40368bdf0/field_answer_category?resourceVersion=id%3A64621"
            },
            "self": {
              "href": "https://prodh2cueemw.main.acsf.baywsf.com/jsonapi/node/answer/1fd47985-1521-4bd2-8c15-fcd40368bdf0/relationships/field_answer_category?resourceVersion=id%3A64621"
            }
          }
        },
        "field_next_question": {
          "data": null,
          "links": {
            "related": {
              "href": "https://prodh2cueemw.main.acsf.baywsf.com/jsonapi/node/answer/1fd47985-1521-4bd2-8c15-fcd40368bdf0/field_next_question?resourceVersion=id%3A64621"
            },
            "self": {
              "href": "https://prodh2cueemw.main.acsf.baywsf.com/jsonapi/node/answer/1fd47985-1521-4bd2-8c15-fcd40368bdf0/relationships/field_next_question?resourceVersion=id%3A64621"
            }
          }
        },
        "field_result": {
          "data": null,
          "links": {
            "related": {
              "href": "https://prodh2cueemw.main.acsf.baywsf.com/jsonapi/node/answer/1fd47985-1521-4bd2-8c15-fcd40368bdf0/field_result?resourceVersion=id%3A64621"
            },
            "self": {
              "href": "https://prodh2cueemw.main.acsf.baywsf.com/jsonapi/node/answer/1fd47985-1521-4bd2-8c15-fcd40368bdf0/relationships/field_result?resourceVersion=id%3A64621"
            }
          }
        }
      }
    },
    {
      "type": "node--answer",
      "id": "c51cbc3e-bc70-44a3-b829-3e9c7ffda984",
      "links": {
        "self": {
          "href": "https://prodh2cueemw.main.acsf.baywsf.com/jsonapi/node/answer/c51cbc3e-bc70-44a3-b829-3e9c7ffda984?resourceVersion=id%3A64626"
        }
      },
      "attributes": {
        "drupal_internal__nid": 1421,
        "drupal_internal__vid": 64626,
        "langcode": "it",
        "revision_timestamp": "2023-04-18T16:27:53+00:00",
        "revision_log": null,
        "status": true,
        "title": "Moderato-intenso: dolore e tosse che possono peggiorare quando si deglutisce",
        "created": "2023-04-18T16:27:53+00:00",
        "changed": "2023-04-18T16:27:53+00:00",
        "promote": true,
        "sticky": false,
        "default_langcode": true,
        "revision_translation_affected": true,
        "moderation_state": null,
        "metatag": null,
        "path": { "alias": null, "pid": null, "langcode": "it" },
        "private": false,
        "field_metatags": null,
        "content_translation_source": "und",
        "content_translation_outdated": false,
        "published_at": "2023-04-18T16:31:01+00:00",
        "field_answer_summary": null,
        "field_instruction": null
      },
      "relationships": {
        "node_type": {
          "data": {
            "type": "node_type--node_type",
            "id": "2b9459ba-6e80-4cd4-b243-d970bac27c44",
            "meta": { "drupal_internal__target_id": "answer" }
          },
          "links": {
            "related": {
              "href": "https://prodh2cueemw.main.acsf.baywsf.com/jsonapi/node/answer/c51cbc3e-bc70-44a3-b829-3e9c7ffda984/node_type?resourceVersion=id%3A64626"
            },
            "self": {
              "href": "https://prodh2cueemw.main.acsf.baywsf.com/jsonapi/node/answer/c51cbc3e-bc70-44a3-b829-3e9c7ffda984/relationships/node_type?resourceVersion=id%3A64626"
            }
          }
        },
        "revision_uid": {
          "data": {
            "type": "user--user",
            "id": "4f8a4079-386c-4b93-b029-aa9dac8e6430",
            "meta": { "drupal_internal__target_id": 3091 }
          },
          "links": {
            "related": {
              "href": "https://prodh2cueemw.main.acsf.baywsf.com/jsonapi/node/answer/c51cbc3e-bc70-44a3-b829-3e9c7ffda984/revision_uid?resourceVersion=id%3A64626"
            },
            "self": {
              "href": "https://prodh2cueemw.main.acsf.baywsf.com/jsonapi/node/answer/c51cbc3e-bc70-44a3-b829-3e9c7ffda984/relationships/revision_uid?resourceVersion=id%3A64626"
            }
          }
        },
        "uid": {
          "data": {
            "type": "user--user",
            "id": "4f8a4079-386c-4b93-b029-aa9dac8e6430",
            "meta": { "drupal_internal__target_id": 3091 }
          },
          "links": {
            "related": {
              "href": "https://prodh2cueemw.main.acsf.baywsf.com/jsonapi/node/answer/c51cbc3e-bc70-44a3-b829-3e9c7ffda984/uid?resourceVersion=id%3A64626"
            },
            "self": {
              "href": "https://prodh2cueemw.main.acsf.baywsf.com/jsonapi/node/answer/c51cbc3e-bc70-44a3-b829-3e9c7ffda984/relationships/uid?resourceVersion=id%3A64626"
            }
          }
        },
        "field_schema_json_ld_file": {
          "data": null,
          "links": {
            "related": {
              "href": "https://prodh2cueemw.main.acsf.baywsf.com/jsonapi/node/answer/c51cbc3e-bc70-44a3-b829-3e9c7ffda984/field_schema_json_ld_file?resourceVersion=id%3A64626"
            },
            "self": {
              "href": "https://prodh2cueemw.main.acsf.baywsf.com/jsonapi/node/answer/c51cbc3e-bc70-44a3-b829-3e9c7ffda984/relationships/field_schema_json_ld_file?resourceVersion=id%3A64626"
            }
          }
        },
        "field_answer_category": {
          "data": [],
          "links": {
            "related": {
              "href": "https://prodh2cueemw.main.acsf.baywsf.com/jsonapi/node/answer/c51cbc3e-bc70-44a3-b829-3e9c7ffda984/field_answer_category?resourceVersion=id%3A64626"
            },
            "self": {
              "href": "https://prodh2cueemw.main.acsf.baywsf.com/jsonapi/node/answer/c51cbc3e-bc70-44a3-b829-3e9c7ffda984/relationships/field_answer_category?resourceVersion=id%3A64626"
            }
          }
        },
        "field_next_question": {
          "data": null,
          "links": {
            "related": {
              "href": "https://prodh2cueemw.main.acsf.baywsf.com/jsonapi/node/answer/c51cbc3e-bc70-44a3-b829-3e9c7ffda984/field_next_question?resourceVersion=id%3A64626"
            },
            "self": {
              "href": "https://prodh2cueemw.main.acsf.baywsf.com/jsonapi/node/answer/c51cbc3e-bc70-44a3-b829-3e9c7ffda984/relationships/field_next_question?resourceVersion=id%3A64626"
            }
          }
        },
        "field_result": {
          "data": null,
          "links": {
            "related": {
              "href": "https://prodh2cueemw.main.acsf.baywsf.com/jsonapi/node/answer/c51cbc3e-bc70-44a3-b829-3e9c7ffda984/field_result?resourceVersion=id%3A64626"
            },
            "self": {
              "href": "https://prodh2cueemw.main.acsf.baywsf.com/jsonapi/node/answer/c51cbc3e-bc70-44a3-b829-3e9c7ffda984/relationships/field_result?resourceVersion=id%3A64626"
            }
          }
        }
      }
    },
    {
      "type": "node--answer",
      "id": "ccacccc6-6ffc-4fd1-bcb0-78c7e2200a47",
      "links": {
        "self": {
          "href": "https://prodh2cueemw.main.acsf.baywsf.com/jsonapi/node/answer/ccacccc6-6ffc-4fd1-bcb0-78c7e2200a47?resourceVersion=id%3A64691"
        }
      },
      "attributes": {
        "drupal_internal__nid": 1476,
        "drupal_internal__vid": 64691,
        "langcode": "it",
        "revision_timestamp": "2023-04-18T18:08:24+00:00",
        "revision_log": null,
        "status": true,
        "title": "Intenso: dolore, bruciore e tosse che peggiorano quando si deglutisce. Sensazione di gola gonfia",
        "created": "2023-04-18T18:08:24+00:00",
        "changed": "2023-04-18T18:08:24+00:00",
        "promote": true,
        "sticky": false,
        "default_langcode": true,
        "revision_translation_affected": true,
        "moderation_state": null,
        "metatag": null,
        "path": { "alias": null, "pid": null, "langcode": "it" },
        "private": false,
        "field_metatags": null,
        "content_translation_source": "und",
        "content_translation_outdated": false,
        "published_at": "2023-04-18T18:08:52+00:00",
        "field_answer_summary": null,
        "field_instruction": null
      },
      "relationships": {
        "node_type": {
          "data": {
            "type": "node_type--node_type",
            "id": "2b9459ba-6e80-4cd4-b243-d970bac27c44",
            "meta": { "drupal_internal__target_id": "answer" }
          },
          "links": {
            "related": {
              "href": "https://prodh2cueemw.main.acsf.baywsf.com/jsonapi/node/answer/ccacccc6-6ffc-4fd1-bcb0-78c7e2200a47/node_type?resourceVersion=id%3A64691"
            },
            "self": {
              "href": "https://prodh2cueemw.main.acsf.baywsf.com/jsonapi/node/answer/ccacccc6-6ffc-4fd1-bcb0-78c7e2200a47/relationships/node_type?resourceVersion=id%3A64691"
            }
          }
        },
        "revision_uid": {
          "data": {
            "type": "user--user",
            "id": "4f8a4079-386c-4b93-b029-aa9dac8e6430",
            "meta": { "drupal_internal__target_id": 3091 }
          },
          "links": {
            "related": {
              "href": "https://prodh2cueemw.main.acsf.baywsf.com/jsonapi/node/answer/ccacccc6-6ffc-4fd1-bcb0-78c7e2200a47/revision_uid?resourceVersion=id%3A64691"
            },
            "self": {
              "href": "https://prodh2cueemw.main.acsf.baywsf.com/jsonapi/node/answer/ccacccc6-6ffc-4fd1-bcb0-78c7e2200a47/relationships/revision_uid?resourceVersion=id%3A64691"
            }
          }
        },
        "uid": {
          "data": {
            "type": "user--user",
            "id": "4f8a4079-386c-4b93-b029-aa9dac8e6430",
            "meta": { "drupal_internal__target_id": 3091 }
          },
          "links": {
            "related": {
              "href": "https://prodh2cueemw.main.acsf.baywsf.com/jsonapi/node/answer/ccacccc6-6ffc-4fd1-bcb0-78c7e2200a47/uid?resourceVersion=id%3A64691"
            },
            "self": {
              "href": "https://prodh2cueemw.main.acsf.baywsf.com/jsonapi/node/answer/ccacccc6-6ffc-4fd1-bcb0-78c7e2200a47/relationships/uid?resourceVersion=id%3A64691"
            }
          }
        },
        "field_schema_json_ld_file": {
          "data": null,
          "links": {
            "related": {
              "href": "https://prodh2cueemw.main.acsf.baywsf.com/jsonapi/node/answer/ccacccc6-6ffc-4fd1-bcb0-78c7e2200a47/field_schema_json_ld_file?resourceVersion=id%3A64691"
            },
            "self": {
              "href": "https://prodh2cueemw.main.acsf.baywsf.com/jsonapi/node/answer/ccacccc6-6ffc-4fd1-bcb0-78c7e2200a47/relationships/field_schema_json_ld_file?resourceVersion=id%3A64691"
            }
          }
        },
        "field_answer_category": {
          "data": [],
          "links": {
            "related": {
              "href": "https://prodh2cueemw.main.acsf.baywsf.com/jsonapi/node/answer/ccacccc6-6ffc-4fd1-bcb0-78c7e2200a47/field_answer_category?resourceVersion=id%3A64691"
            },
            "self": {
              "href": "https://prodh2cueemw.main.acsf.baywsf.com/jsonapi/node/answer/ccacccc6-6ffc-4fd1-bcb0-78c7e2200a47/relationships/field_answer_category?resourceVersion=id%3A64691"
            }
          }
        },
        "field_next_question": {
          "data": null,
          "links": {
            "related": {
              "href": "https://prodh2cueemw.main.acsf.baywsf.com/jsonapi/node/answer/ccacccc6-6ffc-4fd1-bcb0-78c7e2200a47/field_next_question?resourceVersion=id%3A64691"
            },
            "self": {
              "href": "https://prodh2cueemw.main.acsf.baywsf.com/jsonapi/node/answer/ccacccc6-6ffc-4fd1-bcb0-78c7e2200a47/relationships/field_next_question?resourceVersion=id%3A64691"
            }
          }
        },
        "field_result": {
          "data": null,
          "links": {
            "related": {
              "href": "https://prodh2cueemw.main.acsf.baywsf.com/jsonapi/node/answer/ccacccc6-6ffc-4fd1-bcb0-78c7e2200a47/field_result?resourceVersion=id%3A64691"
            },
            "self": {
              "href": "https://prodh2cueemw.main.acsf.baywsf.com/jsonapi/node/answer/ccacccc6-6ffc-4fd1-bcb0-78c7e2200a47/relationships/field_result?resourceVersion=id%3A64691"
            }
          }
        }
      }
    }
  ],
  "links": {
    "self": {
      "href": "https://prodh2cueemw.main.acsf.baywsf.com/jsonapi/node/question/2af69368-b9a8-4f97-bc75-5c1bb99f43a1?include=field_answer"
    }
  }
}
