{
  "jsonapi": {
    "version": "1.0",
    "meta": {
      "links": { "self": { "href": "http://jsonapi.org/format/1.0/" } }
    }
  },
  "data": {
    "type": "node--question",
    "id": "59ed2949-6982-49cf-8c94-527d33824b0f",
    "links": {
      "self": {
        "href": "https://prodh2cueemw.main.acsf.baywsf.com/jsonapi/node/question/59ed2949-6982-49cf-8c94-527d33824b0f?resourceVersion=id%3A64536"
      }
    },
    "attributes": {
      "drupal_internal__nid": 1371,
      "drupal_internal__vid": 64536,
      "langcode": "it",
      "revision_timestamp": "2023-04-17T20:31:43+00:00",
      "revision_log": null,
      "status": true,
      "title": "Qual \u00e8 il sintomo prevalente che prova e che vuol trattare?",
      "created": "2023-04-17T20:31:43+00:00",
      "changed": "2023-04-17T20:31:43+00:00",
      "promote": false,
      "sticky": false,
      "default_langcode": true,
      "revision_translation_affected": true,
      "moderation_state": null,
      "metatag": null,
      "path": { "alias": null, "pid": null, "langcode": "it" },
      "private": false,
      "field_metatags": null,
      "content_translation_source": "und",
      "content_translation_outdated": false,
      "published_at": "2023-04-17T20:32:15+00:00",
      "field_error": null,
      "field_explanation": null,
      "field_instruction": null,
      "field_references": null
    },
    "relationships": {
      "node_type": {
        "data": {
          "type": "node_type--node_type",
          "id": "b36305cf-d6a4-4b58-94fd-9bd56dc48d0a",
          "meta": { "drupal_internal__target_id": "question" }
        },
        "links": {
          "related": {
            "href": "https://prodh2cueemw.main.acsf.baywsf.com/jsonapi/node/question/59ed2949-6982-49cf-8c94-527d33824b0f/node_type?resourceVersion=id%3A64536"
          },
          "self": {
            "href": "https://prodh2cueemw.main.acsf.baywsf.com/jsonapi/node/question/59ed2949-6982-49cf-8c94-527d33824b0f/relationships/node_type?resourceVersion=id%3A64536"
          }
        }
      },
      "revision_uid": {
        "data": {
          "type": "user--user",
          "id": "4f8a4079-386c-4b93-b029-aa9dac8e6430",
          "meta": { "drupal_internal__target_id": 3091 }
        },
        "links": {
          "related": {
            "href": "https://prodh2cueemw.main.acsf.baywsf.com/jsonapi/node/question/59ed2949-6982-49cf-8c94-527d33824b0f/revision_uid?resourceVersion=id%3A64536"
          },
          "self": {
            "href": "https://prodh2cueemw.main.acsf.baywsf.com/jsonapi/node/question/59ed2949-6982-49cf-8c94-527d33824b0f/relationships/revision_uid?resourceVersion=id%3A64536"
          }
        }
      },
      "uid": {
        "data": {
          "type": "user--user",
          "id": "4f8a4079-386c-4b93-b029-aa9dac8e6430",
          "meta": { "drupal_internal__target_id": 3091 }
        },
        "links": {
          "related": {
            "href": "https://prodh2cueemw.main.acsf.baywsf.com/jsonapi/node/question/59ed2949-6982-49cf-8c94-527d33824b0f/uid?resourceVersion=id%3A64536"
          },
          "self": {
            "href": "https://prodh2cueemw.main.acsf.baywsf.com/jsonapi/node/question/59ed2949-6982-49cf-8c94-527d33824b0f/relationships/uid?resourceVersion=id%3A64536"
          }
        }
      },
      "field_schema_json_ld_file": {
        "data": null,
        "links": {
          "related": {
            "href": "https://prodh2cueemw.main.acsf.baywsf.com/jsonapi/node/question/59ed2949-6982-49cf-8c94-527d33824b0f/field_schema_json_ld_file?resourceVersion=id%3A64536"
          },
          "self": {
            "href": "https://prodh2cueemw.main.acsf.baywsf.com/jsonapi/node/question/59ed2949-6982-49cf-8c94-527d33824b0f/relationships/field_schema_json_ld_file?resourceVersion=id%3A64536"
          }
        }
      },
      "field_actions": {
        "data": [],
        "links": {
          "related": {
            "href": "https://prodh2cueemw.main.acsf.baywsf.com/jsonapi/node/question/59ed2949-6982-49cf-8c94-527d33824b0f/field_actions?resourceVersion=id%3A64536"
          },
          "self": {
            "href": "https://prodh2cueemw.main.acsf.baywsf.com/jsonapi/node/question/59ed2949-6982-49cf-8c94-527d33824b0f/relationships/field_actions?resourceVersion=id%3A64536"
          }
        }
      },
      "field_answer": {
        "data": [
          {
            "type": "node--answer",
            "id": "37a77f2c-6e36-4132-9bcd-1d04338d5810",
            "meta": { "drupal_internal__target_id": 1336 }
          },
          {
            "type": "node--answer",
            "id": "d03b8752-069b-4277-8942-0245d40b8bdf",
            "meta": { "drupal_internal__target_id": 1341 }
          },
          {
            "type": "node--answer",
            "id": "ad5bdf6f-5f7b-43e3-bb54-21cb76544e35",
            "meta": { "drupal_internal__target_id": 1346 }
          },
          {
            "type": "node--answer",
            "id": "d5c293c7-e457-4fa8-8403-6ee9c865ce68",
            "meta": { "drupal_internal__target_id": 1351 }
          }
        ],
        "links": {
          "related": {
            "href": "https://prodh2cueemw.main.acsf.baywsf.com/jsonapi/node/question/59ed2949-6982-49cf-8c94-527d33824b0f/field_answer?resourceVersion=id%3A64536"
          },
          "self": {
            "href": "https://prodh2cueemw.main.acsf.baywsf.com/jsonapi/node/question/59ed2949-6982-49cf-8c94-527d33824b0f/relationships/field_answer?resourceVersion=id%3A64536"
          }
        }
      },
      "field_correct": {
        "data": [],
        "links": {
          "related": {
            "href": "https://prodh2cueemw.main.acsf.baywsf.com/jsonapi/node/question/59ed2949-6982-49cf-8c94-527d33824b0f/field_correct?resourceVersion=id%3A64536"
          },
          "self": {
            "href": "https://prodh2cueemw.main.acsf.baywsf.com/jsonapi/node/question/59ed2949-6982-49cf-8c94-527d33824b0f/relationships/field_correct?resourceVersion=id%3A64536"
          }
        }
      },
      "field_question_group": {
        "data": [],
        "links": {
          "related": {
            "href": "https://prodh2cueemw.main.acsf.baywsf.com/jsonapi/node/question/59ed2949-6982-49cf-8c94-527d33824b0f/field_question_group?resourceVersion=id%3A64536"
          },
          "self": {
            "href": "https://prodh2cueemw.main.acsf.baywsf.com/jsonapi/node/question/59ed2949-6982-49cf-8c94-527d33824b0f/relationships/field_question_group?resourceVersion=id%3A64536"
          }
        }
      }
    }
  },
  "included": [
    {
      "type": "node--answer",
      "id": "37a77f2c-6e36-4132-9bcd-1d04338d5810",
      "links": {
        "self": {
          "href": "https://prodh2cueemw.main.acsf.baywsf.com/jsonapi/node/answer/37a77f2c-6e36-4132-9bcd-1d04338d5810?resourceVersion=id%3A64501"
        }
      },
      "attributes": {
        "drupal_internal__nid": 1336,
        "drupal_internal__vid": 64501,
        "langcode": "it",
        "revision_timestamp": "2023-04-17T20:27:44+00:00",
        "revision_log": null,
        "status": true,
        "title": "Primi sintomi di raffreddore e influenza",
        "created": "2023-04-17T20:27:44+00:00",
        "changed": "2023-04-17T20:27:44+00:00",
        "promote": true,
        "sticky": false,
        "default_langcode": true,
        "revision_translation_affected": true,
        "moderation_state": null,
        "metatag": null,
        "path": { "alias": null, "pid": null, "langcode": "it" },
        "private": false,
        "field_metatags": null,
        "content_translation_source": "und",
        "content_translation_outdated": false,
        "published_at": "2023-04-17T20:32:15+00:00",
        "field_answer_summary": null,
        "field_instruction": null
      },
      "relationships": {
        "node_type": {
          "data": {
            "type": "node_type--node_type",
            "id": "2b9459ba-6e80-4cd4-b243-d970bac27c44",
            "meta": { "drupal_internal__target_id": "answer" }
          },
          "links": {
            "related": {
              "href": "https://prodh2cueemw.main.acsf.baywsf.com/jsonapi/node/answer/37a77f2c-6e36-4132-9bcd-1d04338d5810/node_type?resourceVersion=id%3A64501"
            },
            "self": {
              "href": "https://prodh2cueemw.main.acsf.baywsf.com/jsonapi/node/answer/37a77f2c-6e36-4132-9bcd-1d04338d5810/relationships/node_type?resourceVersion=id%3A64501"
            }
          }
        },
        "revision_uid": {
          "data": {
            "type": "user--user",
            "id": "4f8a4079-386c-4b93-b029-aa9dac8e6430",
            "meta": { "drupal_internal__target_id": 3091 }
          },
          "links": {
            "related": {
              "href": "https://prodh2cueemw.main.acsf.baywsf.com/jsonapi/node/answer/37a77f2c-6e36-4132-9bcd-1d04338d5810/revision_uid?resourceVersion=id%3A64501"
            },
            "self": {
              "href": "https://prodh2cueemw.main.acsf.baywsf.com/jsonapi/node/answer/37a77f2c-6e36-4132-9bcd-1d04338d5810/relationships/revision_uid?resourceVersion=id%3A64501"
            }
          }
        },
        "uid": {
          "data": {
            "type": "user--user",
            "id": "4f8a4079-386c-4b93-b029-aa9dac8e6430",
            "meta": { "drupal_internal__target_id": 3091 }
          },
          "links": {
            "related": {
              "href": "https://prodh2cueemw.main.acsf.baywsf.com/jsonapi/node/answer/37a77f2c-6e36-4132-9bcd-1d04338d5810/uid?resourceVersion=id%3A64501"
            },
            "self": {
              "href": "https://prodh2cueemw.main.acsf.baywsf.com/jsonapi/node/answer/37a77f2c-6e36-4132-9bcd-1d04338d5810/relationships/uid?resourceVersion=id%3A64501"
            }
          }
        },
        "field_schema_json_ld_file": {
          "data": null,
          "links": {
            "related": {
              "href": "https://prodh2cueemw.main.acsf.baywsf.com/jsonapi/node/answer/37a77f2c-6e36-4132-9bcd-1d04338d5810/field_schema_json_ld_file?resourceVersion=id%3A64501"
            },
            "self": {
              "href": "https://prodh2cueemw.main.acsf.baywsf.com/jsonapi/node/answer/37a77f2c-6e36-4132-9bcd-1d04338d5810/relationships/field_schema_json_ld_file?resourceVersion=id%3A64501"
            }
          }
        },
        "field_answer_category": {
          "data": [],
          "links": {
            "related": {
              "href": "https://prodh2cueemw.main.acsf.baywsf.com/jsonapi/node/answer/37a77f2c-6e36-4132-9bcd-1d04338d5810/field_answer_category?resourceVersion=id%3A64501"
            },
            "self": {
              "href": "https://prodh2cueemw.main.acsf.baywsf.com/jsonapi/node/answer/37a77f2c-6e36-4132-9bcd-1d04338d5810/relationships/field_answer_category?resourceVersion=id%3A64501"
            }
          }
        },
        "field_next_question": {
          "data": null,
          "links": {
            "related": {
              "href": "https://prodh2cueemw.main.acsf.baywsf.com/jsonapi/node/answer/37a77f2c-6e36-4132-9bcd-1d04338d5810/field_next_question?resourceVersion=id%3A64501"
            },
            "self": {
              "href": "https://prodh2cueemw.main.acsf.baywsf.com/jsonapi/node/answer/37a77f2c-6e36-4132-9bcd-1d04338d5810/relationships/field_next_question?resourceVersion=id%3A64501"
            }
          }
        },
        "field_result": {
          "data": null,
          "links": {
            "related": {
              "href": "https://prodh2cueemw.main.acsf.baywsf.com/jsonapi/node/answer/37a77f2c-6e36-4132-9bcd-1d04338d5810/field_result?resourceVersion=id%3A64501"
            },
            "self": {
              "href": "https://prodh2cueemw.main.acsf.baywsf.com/jsonapi/node/answer/37a77f2c-6e36-4132-9bcd-1d04338d5810/relationships/field_result?resourceVersion=id%3A64501"
            }
          }
        }
      }
    },
    {
      "type": "node--answer",
      "id": "d03b8752-069b-4277-8942-0245d40b8bdf",
      "links": {
        "self": {
          "href": "https://prodh2cueemw.main.acsf.baywsf.com/jsonapi/node/answer/d03b8752-069b-4277-8942-0245d40b8bdf?resourceVersion=id%3A64506"
        }
      },
      "attributes": {
        "drupal_internal__nid": 1341,
        "drupal_internal__vid": 64506,
        "langcode": "it",
        "revision_timestamp": "2023-04-17T20:28:46+00:00",
        "revision_log": null,
        "status": true,
        "title": "Febbre",
        "created": "2023-04-17T20:28:46+00:00",
        "changed": "2023-04-17T20:28:46+00:00",
        "promote": true,
        "sticky": false,
        "default_langcode": true,
        "revision_translation_affected": true,
        "moderation_state": null,
        "metatag": null,
        "path": { "alias": null, "pid": null, "langcode": "it" },
        "private": false,
        "field_metatags": null,
        "content_translation_source": "und",
        "content_translation_outdated": false,
        "published_at": "2023-04-17T20:32:15+00:00",
        "field_answer_summary": null,
        "field_instruction": null
      },
      "relationships": {
        "node_type": {
          "data": {
            "type": "node_type--node_type",
            "id": "2b9459ba-6e80-4cd4-b243-d970bac27c44",
            "meta": { "drupal_internal__target_id": "answer" }
          },
          "links": {
            "related": {
              "href": "https://prodh2cueemw.main.acsf.baywsf.com/jsonapi/node/answer/d03b8752-069b-4277-8942-0245d40b8bdf/node_type?resourceVersion=id%3A64506"
            },
            "self": {
              "href": "https://prodh2cueemw.main.acsf.baywsf.com/jsonapi/node/answer/d03b8752-069b-4277-8942-0245d40b8bdf/relationships/node_type?resourceVersion=id%3A64506"
            }
          }
        },
        "revision_uid": {
          "data": {
            "type": "user--user",
            "id": "4f8a4079-386c-4b93-b029-aa9dac8e6430",
            "meta": { "drupal_internal__target_id": 3091 }
          },
          "links": {
            "related": {
              "href": "https://prodh2cueemw.main.acsf.baywsf.com/jsonapi/node/answer/d03b8752-069b-4277-8942-0245d40b8bdf/revision_uid?resourceVersion=id%3A64506"
            },
            "self": {
              "href": "https://prodh2cueemw.main.acsf.baywsf.com/jsonapi/node/answer/d03b8752-069b-4277-8942-0245d40b8bdf/relationships/revision_uid?resourceVersion=id%3A64506"
            }
          }
        },
        "uid": {
          "data": {
            "type": "user--user",
            "id": "4f8a4079-386c-4b93-b029-aa9dac8e6430",
            "meta": { "drupal_internal__target_id": 3091 }
          },
          "links": {
            "related": {
              "href": "https://prodh2cueemw.main.acsf.baywsf.com/jsonapi/node/answer/d03b8752-069b-4277-8942-0245d40b8bdf/uid?resourceVersion=id%3A64506"
            },
            "self": {
              "href": "https://prodh2cueemw.main.acsf.baywsf.com/jsonapi/node/answer/d03b8752-069b-4277-8942-0245d40b8bdf/relationships/uid?resourceVersion=id%3A64506"
            }
          }
        },
        "field_schema_json_ld_file": {
          "data": null,
          "links": {
            "related": {
              "href": "https://prodh2cueemw.main.acsf.baywsf.com/jsonapi/node/answer/d03b8752-069b-4277-8942-0245d40b8bdf/field_schema_json_ld_file?resourceVersion=id%3A64506"
            },
            "self": {
              "href": "https://prodh2cueemw.main.acsf.baywsf.com/jsonapi/node/answer/d03b8752-069b-4277-8942-0245d40b8bdf/relationships/field_schema_json_ld_file?resourceVersion=id%3A64506"
            }
          }
        },
        "field_answer_category": {
          "data": [],
          "links": {
            "related": {
              "href": "https://prodh2cueemw.main.acsf.baywsf.com/jsonapi/node/answer/d03b8752-069b-4277-8942-0245d40b8bdf/field_answer_category?resourceVersion=id%3A64506"
            },
            "self": {
              "href": "https://prodh2cueemw.main.acsf.baywsf.com/jsonapi/node/answer/d03b8752-069b-4277-8942-0245d40b8bdf/relationships/field_answer_category?resourceVersion=id%3A64506"
            }
          }
        },
        "field_next_question": {
          "data": null,
          "links": {
            "related": {
              "href": "https://prodh2cueemw.main.acsf.baywsf.com/jsonapi/node/answer/d03b8752-069b-4277-8942-0245d40b8bdf/field_next_question?resourceVersion=id%3A64506"
            },
            "self": {
              "href": "https://prodh2cueemw.main.acsf.baywsf.com/jsonapi/node/answer/d03b8752-069b-4277-8942-0245d40b8bdf/relationships/field_next_question?resourceVersion=id%3A64506"
            }
          }
        },
        "field_result": {
          "data": null,
          "links": {
            "related": {
              "href": "https://prodh2cueemw.main.acsf.baywsf.com/jsonapi/node/answer/d03b8752-069b-4277-8942-0245d40b8bdf/field_result?resourceVersion=id%3A64506"
            },
            "self": {
              "href": "https://prodh2cueemw.main.acsf.baywsf.com/jsonapi/node/answer/d03b8752-069b-4277-8942-0245d40b8bdf/relationships/field_result?resourceVersion=id%3A64506"
            }
          }
        }
      }
    },
    {
      "type": "node--answer",
      "id": "ad5bdf6f-5f7b-43e3-bb54-21cb76544e35",
      "links": {
        "self": {
          "href": "https://prodh2cueemw.main.acsf.baywsf.com/jsonapi/node/answer/ad5bdf6f-5f7b-43e3-bb54-21cb76544e35?resourceVersion=id%3A64511"
        }
      },
      "attributes": {
        "drupal_internal__nid": 1346,
        "drupal_internal__vid": 64511,
        "langcode": "it",
        "revision_timestamp": "2023-04-17T20:30:03+00:00",
        "revision_log": null,
        "status": true,
        "title": "Naso congestionato (difficolt\u00e0 a respirare con il naso)",
        "created": "2023-04-17T20:30:03+00:00",
        "changed": "2023-04-17T20:30:03+00:00",
        "promote": true,
        "sticky": false,
        "default_langcode": true,
        "revision_translation_affected": true,
        "moderation_state": null,
        "metatag": null,
        "path": { "alias": null, "pid": null, "langcode": "it" },
        "private": false,
        "field_metatags": null,
        "content_translation_source": "und",
        "content_translation_outdated": false,
        "published_at": "2023-04-17T20:32:15+00:00",
        "field_answer_summary": null,
        "field_instruction": null
      },
      "relationships": {
        "node_type": {
          "data": {
            "type": "node_type--node_type",
            "id": "2b9459ba-6e80-4cd4-b243-d970bac27c44",
            "meta": { "drupal_internal__target_id": "answer" }
          },
          "links": {
            "related": {
              "href": "https://prodh2cueemw.main.acsf.baywsf.com/jsonapi/node/answer/ad5bdf6f-5f7b-43e3-bb54-21cb76544e35/node_type?resourceVersion=id%3A64511"
            },
            "self": {
              "href": "https://prodh2cueemw.main.acsf.baywsf.com/jsonapi/node/answer/ad5bdf6f-5f7b-43e3-bb54-21cb76544e35/relationships/node_type?resourceVersion=id%3A64511"
            }
          }
        },
        "revision_uid": {
          "data": {
            "type": "user--user",
            "id": "4f8a4079-386c-4b93-b029-aa9dac8e6430",
            "meta": { "drupal_internal__target_id": 3091 }
          },
          "links": {
            "related": {
              "href": "https://prodh2cueemw.main.acsf.baywsf.com/jsonapi/node/answer/ad5bdf6f-5f7b-43e3-bb54-21cb76544e35/revision_uid?resourceVersion=id%3A64511"
            },
            "self": {
              "href": "https://prodh2cueemw.main.acsf.baywsf.com/jsonapi/node/answer/ad5bdf6f-5f7b-43e3-bb54-21cb76544e35/relationships/revision_uid?resourceVersion=id%3A64511"
            }
          }
        },
        "uid": {
          "data": {
            "type": "user--user",
            "id": "4f8a4079-386c-4b93-b029-aa9dac8e6430",
            "meta": { "drupal_internal__target_id": 3091 }
          },
          "links": {
            "related": {
              "href": "https://prodh2cueemw.main.acsf.baywsf.com/jsonapi/node/answer/ad5bdf6f-5f7b-43e3-bb54-21cb76544e35/uid?resourceVersion=id%3A64511"
            },
            "self": {
              "href": "https://prodh2cueemw.main.acsf.baywsf.com/jsonapi/node/answer/ad5bdf6f-5f7b-43e3-bb54-21cb76544e35/relationships/uid?resourceVersion=id%3A64511"
            }
          }
        },
        "field_schema_json_ld_file": {
          "data": null,
          "links": {
            "related": {
              "href": "https://prodh2cueemw.main.acsf.baywsf.com/jsonapi/node/answer/ad5bdf6f-5f7b-43e3-bb54-21cb76544e35/field_schema_json_ld_file?resourceVersion=id%3A64511"
            },
            "self": {
              "href": "https://prodh2cueemw.main.acsf.baywsf.com/jsonapi/node/answer/ad5bdf6f-5f7b-43e3-bb54-21cb76544e35/relationships/field_schema_json_ld_file?resourceVersion=id%3A64511"
            }
          }
        },
        "field_answer_category": {
          "data": [],
          "links": {
            "related": {
              "href": "https://prodh2cueemw.main.acsf.baywsf.com/jsonapi/node/answer/ad5bdf6f-5f7b-43e3-bb54-21cb76544e35/field_answer_category?resourceVersion=id%3A64511"
            },
            "self": {
              "href": "https://prodh2cueemw.main.acsf.baywsf.com/jsonapi/node/answer/ad5bdf6f-5f7b-43e3-bb54-21cb76544e35/relationships/field_answer_category?resourceVersion=id%3A64511"
            }
          }
        },
        "field_next_question": {
          "data": null,
          "links": {
            "related": {
              "href": "https://prodh2cueemw.main.acsf.baywsf.com/jsonapi/node/answer/ad5bdf6f-5f7b-43e3-bb54-21cb76544e35/field_next_question?resourceVersion=id%3A64511"
            },
            "self": {
              "href": "https://prodh2cueemw.main.acsf.baywsf.com/jsonapi/node/answer/ad5bdf6f-5f7b-43e3-bb54-21cb76544e35/relationships/field_next_question?resourceVersion=id%3A64511"
            }
          }
        },
        "field_result": {
          "data": null,
          "links": {
            "related": {
              "href": "https://prodh2cueemw.main.acsf.baywsf.com/jsonapi/node/answer/ad5bdf6f-5f7b-43e3-bb54-21cb76544e35/field_result?resourceVersion=id%3A64511"
            },
            "self": {
              "href": "https://prodh2cueemw.main.acsf.baywsf.com/jsonapi/node/answer/ad5bdf6f-5f7b-43e3-bb54-21cb76544e35/relationships/field_result?resourceVersion=id%3A64511"
            }
          }
        }
      }
    },
    {
      "type": "node--answer",
      "id": "d5c293c7-e457-4fa8-8403-6ee9c865ce68",
      "links": {
        "self": {
          "href": "https://prodh2cueemw.main.acsf.baywsf.com/jsonapi/node/answer/d5c293c7-e457-4fa8-8403-6ee9c865ce68?resourceVersion=id%3A64516"
        }
      },
      "attributes": {
        "drupal_internal__nid": 1351,
        "drupal_internal__vid": 64516,
        "langcode": "it",
        "revision_timestamp": "2023-04-17T20:31:10+00:00",
        "revision_log": null,
        "status": true,
        "title": "Tosse",
        "created": "2023-04-17T20:31:10+00:00",
        "changed": "2023-04-17T20:31:10+00:00",
        "promote": true,
        "sticky": false,
        "default_langcode": true,
        "revision_translation_affected": true,
        "moderation_state": null,
        "metatag": null,
        "path": { "alias": null, "pid": null, "langcode": "it" },
        "private": false,
        "field_metatags": null,
        "content_translation_source": "und",
        "content_translation_outdated": false,
        "published_at": "2023-04-17T20:32:15+00:00",
        "field_answer_summary": null,
        "field_instruction": null
      },
      "relationships": {
        "node_type": {
          "data": {
            "type": "node_type--node_type",
            "id": "2b9459ba-6e80-4cd4-b243-d970bac27c44",
            "meta": { "drupal_internal__target_id": "answer" }
          },
          "links": {
            "related": {
              "href": "https://prodh2cueemw.main.acsf.baywsf.com/jsonapi/node/answer/d5c293c7-e457-4fa8-8403-6ee9c865ce68/node_type?resourceVersion=id%3A64516"
            },
            "self": {
              "href": "https://prodh2cueemw.main.acsf.baywsf.com/jsonapi/node/answer/d5c293c7-e457-4fa8-8403-6ee9c865ce68/relationships/node_type?resourceVersion=id%3A64516"
            }
          }
        },
        "revision_uid": {
          "data": {
            "type": "user--user",
            "id": "4f8a4079-386c-4b93-b029-aa9dac8e6430",
            "meta": { "drupal_internal__target_id": 3091 }
          },
          "links": {
            "related": {
              "href": "https://prodh2cueemw.main.acsf.baywsf.com/jsonapi/node/answer/d5c293c7-e457-4fa8-8403-6ee9c865ce68/revision_uid?resourceVersion=id%3A64516"
            },
            "self": {
              "href": "https://prodh2cueemw.main.acsf.baywsf.com/jsonapi/node/answer/d5c293c7-e457-4fa8-8403-6ee9c865ce68/relationships/revision_uid?resourceVersion=id%3A64516"
            }
          }
        },
        "uid": {
          "data": {
            "type": "user--user",
            "id": "4f8a4079-386c-4b93-b029-aa9dac8e6430",
            "meta": { "drupal_internal__target_id": 3091 }
          },
          "links": {
            "related": {
              "href": "https://prodh2cueemw.main.acsf.baywsf.com/jsonapi/node/answer/d5c293c7-e457-4fa8-8403-6ee9c865ce68/uid?resourceVersion=id%3A64516"
            },
            "self": {
              "href": "https://prodh2cueemw.main.acsf.baywsf.com/jsonapi/node/answer/d5c293c7-e457-4fa8-8403-6ee9c865ce68/relationships/uid?resourceVersion=id%3A64516"
            }
          }
        },
        "field_schema_json_ld_file": {
          "data": null,
          "links": {
            "related": {
              "href": "https://prodh2cueemw.main.acsf.baywsf.com/jsonapi/node/answer/d5c293c7-e457-4fa8-8403-6ee9c865ce68/field_schema_json_ld_file?resourceVersion=id%3A64516"
            },
            "self": {
              "href": "https://prodh2cueemw.main.acsf.baywsf.com/jsonapi/node/answer/d5c293c7-e457-4fa8-8403-6ee9c865ce68/relationships/field_schema_json_ld_file?resourceVersion=id%3A64516"
            }
          }
        },
        "field_answer_category": {
          "data": [],
          "links": {
            "related": {
              "href": "https://prodh2cueemw.main.acsf.baywsf.com/jsonapi/node/answer/d5c293c7-e457-4fa8-8403-6ee9c865ce68/field_answer_category?resourceVersion=id%3A64516"
            },
            "self": {
              "href": "https://prodh2cueemw.main.acsf.baywsf.com/jsonapi/node/answer/d5c293c7-e457-4fa8-8403-6ee9c865ce68/relationships/field_answer_category?resourceVersion=id%3A64516"
            }
          }
        },
        "field_next_question": {
          "data": null,
          "links": {
            "related": {
              "href": "https://prodh2cueemw.main.acsf.baywsf.com/jsonapi/node/answer/d5c293c7-e457-4fa8-8403-6ee9c865ce68/field_next_question?resourceVersion=id%3A64516"
            },
            "self": {
              "href": "https://prodh2cueemw.main.acsf.baywsf.com/jsonapi/node/answer/d5c293c7-e457-4fa8-8403-6ee9c865ce68/relationships/field_next_question?resourceVersion=id%3A64516"
            }
          }
        },
        "field_result": {
          "data": null,
          "links": {
            "related": {
              "href": "https://prodh2cueemw.main.acsf.baywsf.com/jsonapi/node/answer/d5c293c7-e457-4fa8-8403-6ee9c865ce68/field_result?resourceVersion=id%3A64516"
            },
            "self": {
              "href": "https://prodh2cueemw.main.acsf.baywsf.com/jsonapi/node/answer/d5c293c7-e457-4fa8-8403-6ee9c865ce68/relationships/field_result?resourceVersion=id%3A64516"
            }
          }
        }
      }
    }
  ],
  "links": {
    "self": {
      "href": "https://prodh2cueemw.main.acsf.baywsf.com/jsonapi/node/question/59ed2949-6982-49cf-8c94-527d33824b0f?include=field_answer"
    }
  }
}
