{
  "jsonapi": {
    "version": "1.0",
    "meta": {
      "links": { "self": { "href": "http://jsonapi.org/format/1.0/" } }
    }
  },
  "data": {
    "type": "node--question",
    "id": "688f81c0-3a9d-41c5-b2fb-8cd75e2ce5ea",
    "links": {
      "self": {
        "href": "https://prodh2cueemw.main.acsf.baywsf.com/jsonapi/node/question/688f81c0-3a9d-41c5-b2fb-8cd75e2ce5ea?resourceVersion=id%3A64531"
      }
    },
    "attributes": {
      "drupal_internal__nid": 1366,
      "drupal_internal__vid": 64531,
      "langcode": "it",
      "revision_timestamp": "2023-04-17T20:25:42+00:00",
      "revision_log": null,
      "status": true,
      "title": "Quanti anni ha la persona con i sintomi?",
      "created": "2023-04-17T20:25:42+00:00",
      "changed": "2023-04-17T20:25:42+00:00",
      "promote": false,
      "sticky": false,
      "default_langcode": true,
      "revision_translation_affected": true,
      "moderation_state": null,
      "metatag": null,
      "path": { "alias": null, "pid": null, "langcode": "it" },
      "private": false,
      "field_metatags": null,
      "content_translation_source": "und",
      "content_translation_outdated": false,
      "published_at": "2023-04-17T20:32:15+00:00",
      "field_error": null,
      "field_explanation": null,
      "field_instruction": null,
      "field_references": null
    },
    "relationships": {
      "node_type": {
        "data": {
          "type": "node_type--node_type",
          "id": "b36305cf-d6a4-4b58-94fd-9bd56dc48d0a",
          "meta": { "drupal_internal__target_id": "question" }
        },
        "links": {
          "related": {
            "href": "https://prodh2cueemw.main.acsf.baywsf.com/jsonapi/node/question/688f81c0-3a9d-41c5-b2fb-8cd75e2ce5ea/node_type?resourceVersion=id%3A64531"
          },
          "self": {
            "href": "https://prodh2cueemw.main.acsf.baywsf.com/jsonapi/node/question/688f81c0-3a9d-41c5-b2fb-8cd75e2ce5ea/relationships/node_type?resourceVersion=id%3A64531"
          }
        }
      },
      "revision_uid": {
        "data": {
          "type": "user--user",
          "id": "4f8a4079-386c-4b93-b029-aa9dac8e6430",
          "meta": { "drupal_internal__target_id": 3091 }
        },
        "links": {
          "related": {
            "href": "https://prodh2cueemw.main.acsf.baywsf.com/jsonapi/node/question/688f81c0-3a9d-41c5-b2fb-8cd75e2ce5ea/revision_uid?resourceVersion=id%3A64531"
          },
          "self": {
            "href": "https://prodh2cueemw.main.acsf.baywsf.com/jsonapi/node/question/688f81c0-3a9d-41c5-b2fb-8cd75e2ce5ea/relationships/revision_uid?resourceVersion=id%3A64531"
          }
        }
      },
      "uid": {
        "data": {
          "type": "user--user",
          "id": "4f8a4079-386c-4b93-b029-aa9dac8e6430",
          "meta": { "drupal_internal__target_id": 3091 }
        },
        "links": {
          "related": {
            "href": "https://prodh2cueemw.main.acsf.baywsf.com/jsonapi/node/question/688f81c0-3a9d-41c5-b2fb-8cd75e2ce5ea/uid?resourceVersion=id%3A64531"
          },
          "self": {
            "href": "https://prodh2cueemw.main.acsf.baywsf.com/jsonapi/node/question/688f81c0-3a9d-41c5-b2fb-8cd75e2ce5ea/relationships/uid?resourceVersion=id%3A64531"
          }
        }
      },
      "field_schema_json_ld_file": {
        "data": null,
        "links": {
          "related": {
            "href": "https://prodh2cueemw.main.acsf.baywsf.com/jsonapi/node/question/688f81c0-3a9d-41c5-b2fb-8cd75e2ce5ea/field_schema_json_ld_file?resourceVersion=id%3A64531"
          },
          "self": {
            "href": "https://prodh2cueemw.main.acsf.baywsf.com/jsonapi/node/question/688f81c0-3a9d-41c5-b2fb-8cd75e2ce5ea/relationships/field_schema_json_ld_file?resourceVersion=id%3A64531"
          }
        }
      },
      "field_actions": {
        "data": [],
        "links": {
          "related": {
            "href": "https://prodh2cueemw.main.acsf.baywsf.com/jsonapi/node/question/688f81c0-3a9d-41c5-b2fb-8cd75e2ce5ea/field_actions?resourceVersion=id%3A64531"
          },
          "self": {
            "href": "https://prodh2cueemw.main.acsf.baywsf.com/jsonapi/node/question/688f81c0-3a9d-41c5-b2fb-8cd75e2ce5ea/relationships/field_actions?resourceVersion=id%3A64531"
          }
        }
      },
      "field_answer": {
        "data": [
          {
            "type": "node--answer",
            "id": "6080fc9a-0f89-472e-9d4e-0279d70aa3cc",
            "meta": { "drupal_internal__target_id": 1356 }
          },
          {
            "type": "node--answer",
            "id": "9a202a34-705d-46cb-8eb9-2d283c6e8a8d",
            "meta": { "drupal_internal__target_id": 1361 }
          }
        ],
        "links": {
          "related": {
            "href": "https://prodh2cueemw.main.acsf.baywsf.com/jsonapi/node/question/688f81c0-3a9d-41c5-b2fb-8cd75e2ce5ea/field_answer?resourceVersion=id%3A64531"
          },
          "self": {
            "href": "https://prodh2cueemw.main.acsf.baywsf.com/jsonapi/node/question/688f81c0-3a9d-41c5-b2fb-8cd75e2ce5ea/relationships/field_answer?resourceVersion=id%3A64531"
          }
        }
      },
      "field_correct": {
        "data": [],
        "links": {
          "related": {
            "href": "https://prodh2cueemw.main.acsf.baywsf.com/jsonapi/node/question/688f81c0-3a9d-41c5-b2fb-8cd75e2ce5ea/field_correct?resourceVersion=id%3A64531"
          },
          "self": {
            "href": "https://prodh2cueemw.main.acsf.baywsf.com/jsonapi/node/question/688f81c0-3a9d-41c5-b2fb-8cd75e2ce5ea/relationships/field_correct?resourceVersion=id%3A64531"
          }
        }
      },
      "field_question_group": {
        "data": [],
        "links": {
          "related": {
            "href": "https://prodh2cueemw.main.acsf.baywsf.com/jsonapi/node/question/688f81c0-3a9d-41c5-b2fb-8cd75e2ce5ea/field_question_group?resourceVersion=id%3A64531"
          },
          "self": {
            "href": "https://prodh2cueemw.main.acsf.baywsf.com/jsonapi/node/question/688f81c0-3a9d-41c5-b2fb-8cd75e2ce5ea/relationships/field_question_group?resourceVersion=id%3A64531"
          }
        }
      }
    }
  },
  "included": [
    {
      "type": "node--answer",
      "id": "6080fc9a-0f89-472e-9d4e-0279d70aa3cc",
      "links": {
        "self": {
          "href": "https://prodh2cueemw.main.acsf.baywsf.com/jsonapi/node/answer/6080fc9a-0f89-472e-9d4e-0279d70aa3cc?resourceVersion=id%3A64521"
        }
      },
      "attributes": {
        "drupal_internal__nid": 1356,
        "drupal_internal__vid": 64521,
        "langcode": "it",
        "revision_timestamp": "2023-04-17T20:24:07+00:00",
        "revision_log": null,
        "status": true,
        "title": "Meno di 16 anni",
        "created": "2023-04-17T20:24:07+00:00",
        "changed": "2023-04-17T20:24:07+00:00",
        "promote": true,
        "sticky": false,
        "default_langcode": true,
        "revision_translation_affected": true,
        "moderation_state": null,
        "metatag": null,
        "path": { "alias": null, "pid": null, "langcode": "it" },
        "private": false,
        "field_metatags": null,
        "content_translation_source": "und",
        "content_translation_outdated": false,
        "published_at": "2023-04-17T20:32:15+00:00",
        "field_answer_summary": null,
        "field_instruction": null
      },
      "relationships": {
        "node_type": {
          "data": {
            "type": "node_type--node_type",
            "id": "2b9459ba-6e80-4cd4-b243-d970bac27c44",
            "meta": { "drupal_internal__target_id": "answer" }
          },
          "links": {
            "related": {
              "href": "https://prodh2cueemw.main.acsf.baywsf.com/jsonapi/node/answer/6080fc9a-0f89-472e-9d4e-0279d70aa3cc/node_type?resourceVersion=id%3A64521"
            },
            "self": {
              "href": "https://prodh2cueemw.main.acsf.baywsf.com/jsonapi/node/answer/6080fc9a-0f89-472e-9d4e-0279d70aa3cc/relationships/node_type?resourceVersion=id%3A64521"
            }
          }
        },
        "revision_uid": {
          "data": {
            "type": "user--user",
            "id": "4f8a4079-386c-4b93-b029-aa9dac8e6430",
            "meta": { "drupal_internal__target_id": 3091 }
          },
          "links": {
            "related": {
              "href": "https://prodh2cueemw.main.acsf.baywsf.com/jsonapi/node/answer/6080fc9a-0f89-472e-9d4e-0279d70aa3cc/revision_uid?resourceVersion=id%3A64521"
            },
            "self": {
              "href": "https://prodh2cueemw.main.acsf.baywsf.com/jsonapi/node/answer/6080fc9a-0f89-472e-9d4e-0279d70aa3cc/relationships/revision_uid?resourceVersion=id%3A64521"
            }
          }
        },
        "uid": {
          "data": {
            "type": "user--user",
            "id": "4f8a4079-386c-4b93-b029-aa9dac8e6430",
            "meta": { "drupal_internal__target_id": 3091 }
          },
          "links": {
            "related": {
              "href": "https://prodh2cueemw.main.acsf.baywsf.com/jsonapi/node/answer/6080fc9a-0f89-472e-9d4e-0279d70aa3cc/uid?resourceVersion=id%3A64521"
            },
            "self": {
              "href": "https://prodh2cueemw.main.acsf.baywsf.com/jsonapi/node/answer/6080fc9a-0f89-472e-9d4e-0279d70aa3cc/relationships/uid?resourceVersion=id%3A64521"
            }
          }
        },
        "field_schema_json_ld_file": {
          "data": null,
          "links": {
            "related": {
              "href": "https://prodh2cueemw.main.acsf.baywsf.com/jsonapi/node/answer/6080fc9a-0f89-472e-9d4e-0279d70aa3cc/field_schema_json_ld_file?resourceVersion=id%3A64521"
            },
            "self": {
              "href": "https://prodh2cueemw.main.acsf.baywsf.com/jsonapi/node/answer/6080fc9a-0f89-472e-9d4e-0279d70aa3cc/relationships/field_schema_json_ld_file?resourceVersion=id%3A64521"
            }
          }
        },
        "field_answer_category": {
          "data": [],
          "links": {
            "related": {
              "href": "https://prodh2cueemw.main.acsf.baywsf.com/jsonapi/node/answer/6080fc9a-0f89-472e-9d4e-0279d70aa3cc/field_answer_category?resourceVersion=id%3A64521"
            },
            "self": {
              "href": "https://prodh2cueemw.main.acsf.baywsf.com/jsonapi/node/answer/6080fc9a-0f89-472e-9d4e-0279d70aa3cc/relationships/field_answer_category?resourceVersion=id%3A64521"
            }
          }
        },
        "field_next_question": {
          "data": null,
          "links": {
            "related": {
              "href": "https://prodh2cueemw.main.acsf.baywsf.com/jsonapi/node/answer/6080fc9a-0f89-472e-9d4e-0279d70aa3cc/field_next_question?resourceVersion=id%3A64521"
            },
            "self": {
              "href": "https://prodh2cueemw.main.acsf.baywsf.com/jsonapi/node/answer/6080fc9a-0f89-472e-9d4e-0279d70aa3cc/relationships/field_next_question?resourceVersion=id%3A64521"
            }
          }
        },
        "field_result": {
          "data": null,
          "links": {
            "related": {
              "href": "https://prodh2cueemw.main.acsf.baywsf.com/jsonapi/node/answer/6080fc9a-0f89-472e-9d4e-0279d70aa3cc/field_result?resourceVersion=id%3A64521"
            },
            "self": {
              "href": "https://prodh2cueemw.main.acsf.baywsf.com/jsonapi/node/answer/6080fc9a-0f89-472e-9d4e-0279d70aa3cc/relationships/field_result?resourceVersion=id%3A64521"
            }
          }
        }
      }
    },
    {
      "type": "node--answer",
      "id": "9a202a34-705d-46cb-8eb9-2d283c6e8a8d",
      "links": {
        "self": {
          "href": "https://prodh2cueemw.main.acsf.baywsf.com/jsonapi/node/answer/9a202a34-705d-46cb-8eb9-2d283c6e8a8d?resourceVersion=id%3A64526"
        }
      },
      "attributes": {
        "drupal_internal__nid": 1361,
        "drupal_internal__vid": 64526,
        "langcode": "it",
        "revision_timestamp": "2023-04-17T20:25:08+00:00",
        "revision_log": null,
        "status": true,
        "title": "16 anni o pi\u00f9",
        "created": "2023-04-17T20:25:08+00:00",
        "changed": "2023-04-17T20:25:08+00:00",
        "promote": true,
        "sticky": false,
        "default_langcode": true,
        "revision_translation_affected": true,
        "moderation_state": null,
        "metatag": null,
        "path": { "alias": null, "pid": null, "langcode": "it" },
        "private": false,
        "field_metatags": null,
        "content_translation_source": "und",
        "content_translation_outdated": false,
        "published_at": "2023-04-17T20:32:15+00:00",
        "field_answer_summary": null,
        "field_instruction": null
      },
      "relationships": {
        "node_type": {
          "data": {
            "type": "node_type--node_type",
            "id": "2b9459ba-6e80-4cd4-b243-d970bac27c44",
            "meta": { "drupal_internal__target_id": "answer" }
          },
          "links": {
            "related": {
              "href": "https://prodh2cueemw.main.acsf.baywsf.com/jsonapi/node/answer/9a202a34-705d-46cb-8eb9-2d283c6e8a8d/node_type?resourceVersion=id%3A64526"
            },
            "self": {
              "href": "https://prodh2cueemw.main.acsf.baywsf.com/jsonapi/node/answer/9a202a34-705d-46cb-8eb9-2d283c6e8a8d/relationships/node_type?resourceVersion=id%3A64526"
            }
          }
        },
        "revision_uid": {
          "data": {
            "type": "user--user",
            "id": "4f8a4079-386c-4b93-b029-aa9dac8e6430",
            "meta": { "drupal_internal__target_id": 3091 }
          },
          "links": {
            "related": {
              "href": "https://prodh2cueemw.main.acsf.baywsf.com/jsonapi/node/answer/9a202a34-705d-46cb-8eb9-2d283c6e8a8d/revision_uid?resourceVersion=id%3A64526"
            },
            "self": {
              "href": "https://prodh2cueemw.main.acsf.baywsf.com/jsonapi/node/answer/9a202a34-705d-46cb-8eb9-2d283c6e8a8d/relationships/revision_uid?resourceVersion=id%3A64526"
            }
          }
        },
        "uid": {
          "data": {
            "type": "user--user",
            "id": "4f8a4079-386c-4b93-b029-aa9dac8e6430",
            "meta": { "drupal_internal__target_id": 3091 }
          },
          "links": {
            "related": {
              "href": "https://prodh2cueemw.main.acsf.baywsf.com/jsonapi/node/answer/9a202a34-705d-46cb-8eb9-2d283c6e8a8d/uid?resourceVersion=id%3A64526"
            },
            "self": {
              "href": "https://prodh2cueemw.main.acsf.baywsf.com/jsonapi/node/answer/9a202a34-705d-46cb-8eb9-2d283c6e8a8d/relationships/uid?resourceVersion=id%3A64526"
            }
          }
        },
        "field_schema_json_ld_file": {
          "data": null,
          "links": {
            "related": {
              "href": "https://prodh2cueemw.main.acsf.baywsf.com/jsonapi/node/answer/9a202a34-705d-46cb-8eb9-2d283c6e8a8d/field_schema_json_ld_file?resourceVersion=id%3A64526"
            },
            "self": {
              "href": "https://prodh2cueemw.main.acsf.baywsf.com/jsonapi/node/answer/9a202a34-705d-46cb-8eb9-2d283c6e8a8d/relationships/field_schema_json_ld_file?resourceVersion=id%3A64526"
            }
          }
        },
        "field_answer_category": {
          "data": [],
          "links": {
            "related": {
              "href": "https://prodh2cueemw.main.acsf.baywsf.com/jsonapi/node/answer/9a202a34-705d-46cb-8eb9-2d283c6e8a8d/field_answer_category?resourceVersion=id%3A64526"
            },
            "self": {
              "href": "https://prodh2cueemw.main.acsf.baywsf.com/jsonapi/node/answer/9a202a34-705d-46cb-8eb9-2d283c6e8a8d/relationships/field_answer_category?resourceVersion=id%3A64526"
            }
          }
        },
        "field_next_question": {
          "data": null,
          "links": {
            "related": {
              "href": "https://prodh2cueemw.main.acsf.baywsf.com/jsonapi/node/answer/9a202a34-705d-46cb-8eb9-2d283c6e8a8d/field_next_question?resourceVersion=id%3A64526"
            },
            "self": {
              "href": "https://prodh2cueemw.main.acsf.baywsf.com/jsonapi/node/answer/9a202a34-705d-46cb-8eb9-2d283c6e8a8d/relationships/field_next_question?resourceVersion=id%3A64526"
            }
          }
        },
        "field_result": {
          "data": null,
          "links": {
            "related": {
              "href": "https://prodh2cueemw.main.acsf.baywsf.com/jsonapi/node/answer/9a202a34-705d-46cb-8eb9-2d283c6e8a8d/field_result?resourceVersion=id%3A64526"
            },
            "self": {
              "href": "https://prodh2cueemw.main.acsf.baywsf.com/jsonapi/node/answer/9a202a34-705d-46cb-8eb9-2d283c6e8a8d/relationships/field_result?resourceVersion=id%3A64526"
            }
          }
        }
      }
    }
  ],
  "links": {
    "self": {
      "href": "https://prodh2cueemw.main.acsf.baywsf.com/jsonapi/node/question/688f81c0-3a9d-41c5-b2fb-8cd75e2ce5ea?include=field_answer"
    }
  }
}
