{
  "jsonapi": {
    "version": "1.0",
    "meta": {
      "links": { "self": { "href": "http://jsonapi.org/format/1.0/" } }
    }
  },
  "data": {
    "type": "node--question",
    "id": "6d114685-0dee-45c1-a906-686bc5d0e220",
    "links": {
      "self": {
        "href": "https://prodh2cueemw.main.acsf.baywsf.com/jsonapi/node/question/6d114685-0dee-45c1-a906-686bc5d0e220?resourceVersion=id%3A64676"
      }
    },
    "attributes": {
      "drupal_internal__nid": 1466,
      "drupal_internal__vid": 64676,
      "langcode": "it",
      "revision_timestamp": "2023-04-18T16:35:53+00:00",
      "revision_log": null,
      "status": true,
      "title": "Quanti anni ha la persona con dolore?",
      "created": "2023-04-18T16:35:53+00:00",
      "changed": "2023-04-18T16:35:53+00:00",
      "promote": false,
      "sticky": false,
      "default_langcode": true,
      "revision_translation_affected": true,
      "moderation_state": null,
      "metatag": null,
      "path": { "alias": null, "pid": null, "langcode": "it" },
      "private": false,
      "field_metatags": null,
      "content_translation_source": "und",
      "content_translation_outdated": false,
      "published_at": "2023-04-18T16:42:52+00:00",
      "field_error": null,
      "field_explanation": null,
      "field_instruction": null,
      "field_references": null
    },
    "relationships": {
      "node_type": {
        "data": {
          "type": "node_type--node_type",
          "id": "b36305cf-d6a4-4b58-94fd-9bd56dc48d0a",
          "meta": { "drupal_internal__target_id": "question" }
        },
        "links": {
          "related": {
            "href": "https://prodh2cueemw.main.acsf.baywsf.com/jsonapi/node/question/6d114685-0dee-45c1-a906-686bc5d0e220/node_type?resourceVersion=id%3A64676"
          },
          "self": {
            "href": "https://prodh2cueemw.main.acsf.baywsf.com/jsonapi/node/question/6d114685-0dee-45c1-a906-686bc5d0e220/relationships/node_type?resourceVersion=id%3A64676"
          }
        }
      },
      "revision_uid": {
        "data": {
          "type": "user--user",
          "id": "4f8a4079-386c-4b93-b029-aa9dac8e6430",
          "meta": { "drupal_internal__target_id": 3091 }
        },
        "links": {
          "related": {
            "href": "https://prodh2cueemw.main.acsf.baywsf.com/jsonapi/node/question/6d114685-0dee-45c1-a906-686bc5d0e220/revision_uid?resourceVersion=id%3A64676"
          },
          "self": {
            "href": "https://prodh2cueemw.main.acsf.baywsf.com/jsonapi/node/question/6d114685-0dee-45c1-a906-686bc5d0e220/relationships/revision_uid?resourceVersion=id%3A64676"
          }
        }
      },
      "uid": {
        "data": {
          "type": "user--user",
          "id": "4f8a4079-386c-4b93-b029-aa9dac8e6430",
          "meta": { "drupal_internal__target_id": 3091 }
        },
        "links": {
          "related": {
            "href": "https://prodh2cueemw.main.acsf.baywsf.com/jsonapi/node/question/6d114685-0dee-45c1-a906-686bc5d0e220/uid?resourceVersion=id%3A64676"
          },
          "self": {
            "href": "https://prodh2cueemw.main.acsf.baywsf.com/jsonapi/node/question/6d114685-0dee-45c1-a906-686bc5d0e220/relationships/uid?resourceVersion=id%3A64676"
          }
        }
      },
      "field_schema_json_ld_file": {
        "data": null,
        "links": {
          "related": {
            "href": "https://prodh2cueemw.main.acsf.baywsf.com/jsonapi/node/question/6d114685-0dee-45c1-a906-686bc5d0e220/field_schema_json_ld_file?resourceVersion=id%3A64676"
          },
          "self": {
            "href": "https://prodh2cueemw.main.acsf.baywsf.com/jsonapi/node/question/6d114685-0dee-45c1-a906-686bc5d0e220/relationships/field_schema_json_ld_file?resourceVersion=id%3A64676"
          }
        }
      },
      "field_actions": {
        "data": [],
        "links": {
          "related": {
            "href": "https://prodh2cueemw.main.acsf.baywsf.com/jsonapi/node/question/6d114685-0dee-45c1-a906-686bc5d0e220/field_actions?resourceVersion=id%3A64676"
          },
          "self": {
            "href": "https://prodh2cueemw.main.acsf.baywsf.com/jsonapi/node/question/6d114685-0dee-45c1-a906-686bc5d0e220/relationships/field_actions?resourceVersion=id%3A64676"
          }
        }
      },
      "field_answer": {
        "data": [
          {
            "type": "node--answer",
            "id": "b216a0d2-768e-45ad-9e4e-e5c16ec9f0ab",
            "meta": { "drupal_internal__target_id": 1456 }
          },
          {
            "type": "node--answer",
            "id": "a554b3fe-1e7a-4cbd-a051-83c66ef16f38",
            "meta": { "drupal_internal__target_id": 1461 }
          }
        ],
        "links": {
          "related": {
            "href": "https://prodh2cueemw.main.acsf.baywsf.com/jsonapi/node/question/6d114685-0dee-45c1-a906-686bc5d0e220/field_answer?resourceVersion=id%3A64676"
          },
          "self": {
            "href": "https://prodh2cueemw.main.acsf.baywsf.com/jsonapi/node/question/6d114685-0dee-45c1-a906-686bc5d0e220/relationships/field_answer?resourceVersion=id%3A64676"
          }
        }
      },
      "field_correct": {
        "data": [],
        "links": {
          "related": {
            "href": "https://prodh2cueemw.main.acsf.baywsf.com/jsonapi/node/question/6d114685-0dee-45c1-a906-686bc5d0e220/field_correct?resourceVersion=id%3A64676"
          },
          "self": {
            "href": "https://prodh2cueemw.main.acsf.baywsf.com/jsonapi/node/question/6d114685-0dee-45c1-a906-686bc5d0e220/relationships/field_correct?resourceVersion=id%3A64676"
          }
        }
      },
      "field_question_group": {
        "data": [],
        "links": {
          "related": {
            "href": "https://prodh2cueemw.main.acsf.baywsf.com/jsonapi/node/question/6d114685-0dee-45c1-a906-686bc5d0e220/field_question_group?resourceVersion=id%3A64676"
          },
          "self": {
            "href": "https://prodh2cueemw.main.acsf.baywsf.com/jsonapi/node/question/6d114685-0dee-45c1-a906-686bc5d0e220/relationships/field_question_group?resourceVersion=id%3A64676"
          }
        }
      }
    }
  },
  "included": [
    {
      "type": "node--answer",
      "id": "b216a0d2-768e-45ad-9e4e-e5c16ec9f0ab",
      "links": {
        "self": {
          "href": "https://prodh2cueemw.main.acsf.baywsf.com/jsonapi/node/answer/b216a0d2-768e-45ad-9e4e-e5c16ec9f0ab?resourceVersion=id%3A64666"
        }
      },
      "attributes": {
        "drupal_internal__nid": 1456,
        "drupal_internal__vid": 64666,
        "langcode": "it",
        "revision_timestamp": "2023-04-18T16:33:34+00:00",
        "revision_log": null,
        "status": true,
        "title": "Meno di 16 anni",
        "created": "2023-04-18T16:33:34+00:00",
        "changed": "2023-04-18T16:33:34+00:00",
        "promote": true,
        "sticky": false,
        "default_langcode": true,
        "revision_translation_affected": true,
        "moderation_state": null,
        "metatag": null,
        "path": { "alias": null, "pid": null, "langcode": "it" },
        "private": false,
        "field_metatags": null,
        "content_translation_source": "und",
        "content_translation_outdated": false,
        "published_at": "2023-04-18T16:42:52+00:00",
        "field_answer_summary": null,
        "field_instruction": null
      },
      "relationships": {
        "node_type": {
          "data": {
            "type": "node_type--node_type",
            "id": "2b9459ba-6e80-4cd4-b243-d970bac27c44",
            "meta": { "drupal_internal__target_id": "answer" }
          },
          "links": {
            "related": {
              "href": "https://prodh2cueemw.main.acsf.baywsf.com/jsonapi/node/answer/b216a0d2-768e-45ad-9e4e-e5c16ec9f0ab/node_type?resourceVersion=id%3A64666"
            },
            "self": {
              "href": "https://prodh2cueemw.main.acsf.baywsf.com/jsonapi/node/answer/b216a0d2-768e-45ad-9e4e-e5c16ec9f0ab/relationships/node_type?resourceVersion=id%3A64666"
            }
          }
        },
        "revision_uid": {
          "data": {
            "type": "user--user",
            "id": "4f8a4079-386c-4b93-b029-aa9dac8e6430",
            "meta": { "drupal_internal__target_id": 3091 }
          },
          "links": {
            "related": {
              "href": "https://prodh2cueemw.main.acsf.baywsf.com/jsonapi/node/answer/b216a0d2-768e-45ad-9e4e-e5c16ec9f0ab/revision_uid?resourceVersion=id%3A64666"
            },
            "self": {
              "href": "https://prodh2cueemw.main.acsf.baywsf.com/jsonapi/node/answer/b216a0d2-768e-45ad-9e4e-e5c16ec9f0ab/relationships/revision_uid?resourceVersion=id%3A64666"
            }
          }
        },
        "uid": {
          "data": {
            "type": "user--user",
            "id": "4f8a4079-386c-4b93-b029-aa9dac8e6430",
            "meta": { "drupal_internal__target_id": 3091 }
          },
          "links": {
            "related": {
              "href": "https://prodh2cueemw.main.acsf.baywsf.com/jsonapi/node/answer/b216a0d2-768e-45ad-9e4e-e5c16ec9f0ab/uid?resourceVersion=id%3A64666"
            },
            "self": {
              "href": "https://prodh2cueemw.main.acsf.baywsf.com/jsonapi/node/answer/b216a0d2-768e-45ad-9e4e-e5c16ec9f0ab/relationships/uid?resourceVersion=id%3A64666"
            }
          }
        },
        "field_schema_json_ld_file": {
          "data": null,
          "links": {
            "related": {
              "href": "https://prodh2cueemw.main.acsf.baywsf.com/jsonapi/node/answer/b216a0d2-768e-45ad-9e4e-e5c16ec9f0ab/field_schema_json_ld_file?resourceVersion=id%3A64666"
            },
            "self": {
              "href": "https://prodh2cueemw.main.acsf.baywsf.com/jsonapi/node/answer/b216a0d2-768e-45ad-9e4e-e5c16ec9f0ab/relationships/field_schema_json_ld_file?resourceVersion=id%3A64666"
            }
          }
        },
        "field_answer_category": {
          "data": [],
          "links": {
            "related": {
              "href": "https://prodh2cueemw.main.acsf.baywsf.com/jsonapi/node/answer/b216a0d2-768e-45ad-9e4e-e5c16ec9f0ab/field_answer_category?resourceVersion=id%3A64666"
            },
            "self": {
              "href": "https://prodh2cueemw.main.acsf.baywsf.com/jsonapi/node/answer/b216a0d2-768e-45ad-9e4e-e5c16ec9f0ab/relationships/field_answer_category?resourceVersion=id%3A64666"
            }
          }
        },
        "field_next_question": {
          "data": null,
          "links": {
            "related": {
              "href": "https://prodh2cueemw.main.acsf.baywsf.com/jsonapi/node/answer/b216a0d2-768e-45ad-9e4e-e5c16ec9f0ab/field_next_question?resourceVersion=id%3A64666"
            },
            "self": {
              "href": "https://prodh2cueemw.main.acsf.baywsf.com/jsonapi/node/answer/b216a0d2-768e-45ad-9e4e-e5c16ec9f0ab/relationships/field_next_question?resourceVersion=id%3A64666"
            }
          }
        },
        "field_result": {
          "data": null,
          "links": {
            "related": {
              "href": "https://prodh2cueemw.main.acsf.baywsf.com/jsonapi/node/answer/b216a0d2-768e-45ad-9e4e-e5c16ec9f0ab/field_result?resourceVersion=id%3A64666"
            },
            "self": {
              "href": "https://prodh2cueemw.main.acsf.baywsf.com/jsonapi/node/answer/b216a0d2-768e-45ad-9e4e-e5c16ec9f0ab/relationships/field_result?resourceVersion=id%3A64666"
            }
          }
        }
      }
    },
    {
      "type": "node--answer",
      "id": "a554b3fe-1e7a-4cbd-a051-83c66ef16f38",
      "links": {
        "self": {
          "href": "https://prodh2cueemw.main.acsf.baywsf.com/jsonapi/node/answer/a554b3fe-1e7a-4cbd-a051-83c66ef16f38?resourceVersion=id%3A64671"
        }
      },
      "attributes": {
        "drupal_internal__nid": 1461,
        "drupal_internal__vid": 64671,
        "langcode": "it",
        "revision_timestamp": "2023-04-18T16:34:50+00:00",
        "revision_log": null,
        "status": true,
        "title": "16 anni o pi\u00f9",
        "created": "2023-04-18T16:34:50+00:00",
        "changed": "2023-04-18T16:34:50+00:00",
        "promote": true,
        "sticky": false,
        "default_langcode": true,
        "revision_translation_affected": true,
        "moderation_state": null,
        "metatag": null,
        "path": { "alias": null, "pid": null, "langcode": "it" },
        "private": false,
        "field_metatags": null,
        "content_translation_source": "und",
        "content_translation_outdated": false,
        "published_at": "2023-04-18T16:42:52+00:00",
        "field_answer_summary": null,
        "field_instruction": null
      },
      "relationships": {
        "node_type": {
          "data": {
            "type": "node_type--node_type",
            "id": "2b9459ba-6e80-4cd4-b243-d970bac27c44",
            "meta": { "drupal_internal__target_id": "answer" }
          },
          "links": {
            "related": {
              "href": "https://prodh2cueemw.main.acsf.baywsf.com/jsonapi/node/answer/a554b3fe-1e7a-4cbd-a051-83c66ef16f38/node_type?resourceVersion=id%3A64671"
            },
            "self": {
              "href": "https://prodh2cueemw.main.acsf.baywsf.com/jsonapi/node/answer/a554b3fe-1e7a-4cbd-a051-83c66ef16f38/relationships/node_type?resourceVersion=id%3A64671"
            }
          }
        },
        "revision_uid": {
          "data": {
            "type": "user--user",
            "id": "4f8a4079-386c-4b93-b029-aa9dac8e6430",
            "meta": { "drupal_internal__target_id": 3091 }
          },
          "links": {
            "related": {
              "href": "https://prodh2cueemw.main.acsf.baywsf.com/jsonapi/node/answer/a554b3fe-1e7a-4cbd-a051-83c66ef16f38/revision_uid?resourceVersion=id%3A64671"
            },
            "self": {
              "href": "https://prodh2cueemw.main.acsf.baywsf.com/jsonapi/node/answer/a554b3fe-1e7a-4cbd-a051-83c66ef16f38/relationships/revision_uid?resourceVersion=id%3A64671"
            }
          }
        },
        "uid": {
          "data": {
            "type": "user--user",
            "id": "4f8a4079-386c-4b93-b029-aa9dac8e6430",
            "meta": { "drupal_internal__target_id": 3091 }
          },
          "links": {
            "related": {
              "href": "https://prodh2cueemw.main.acsf.baywsf.com/jsonapi/node/answer/a554b3fe-1e7a-4cbd-a051-83c66ef16f38/uid?resourceVersion=id%3A64671"
            },
            "self": {
              "href": "https://prodh2cueemw.main.acsf.baywsf.com/jsonapi/node/answer/a554b3fe-1e7a-4cbd-a051-83c66ef16f38/relationships/uid?resourceVersion=id%3A64671"
            }
          }
        },
        "field_schema_json_ld_file": {
          "data": null,
          "links": {
            "related": {
              "href": "https://prodh2cueemw.main.acsf.baywsf.com/jsonapi/node/answer/a554b3fe-1e7a-4cbd-a051-83c66ef16f38/field_schema_json_ld_file?resourceVersion=id%3A64671"
            },
            "self": {
              "href": "https://prodh2cueemw.main.acsf.baywsf.com/jsonapi/node/answer/a554b3fe-1e7a-4cbd-a051-83c66ef16f38/relationships/field_schema_json_ld_file?resourceVersion=id%3A64671"
            }
          }
        },
        "field_answer_category": {
          "data": [],
          "links": {
            "related": {
              "href": "https://prodh2cueemw.main.acsf.baywsf.com/jsonapi/node/answer/a554b3fe-1e7a-4cbd-a051-83c66ef16f38/field_answer_category?resourceVersion=id%3A64671"
            },
            "self": {
              "href": "https://prodh2cueemw.main.acsf.baywsf.com/jsonapi/node/answer/a554b3fe-1e7a-4cbd-a051-83c66ef16f38/relationships/field_answer_category?resourceVersion=id%3A64671"
            }
          }
        },
        "field_next_question": {
          "data": null,
          "links": {
            "related": {
              "href": "https://prodh2cueemw.main.acsf.baywsf.com/jsonapi/node/answer/a554b3fe-1e7a-4cbd-a051-83c66ef16f38/field_next_question?resourceVersion=id%3A64671"
            },
            "self": {
              "href": "https://prodh2cueemw.main.acsf.baywsf.com/jsonapi/node/answer/a554b3fe-1e7a-4cbd-a051-83c66ef16f38/relationships/field_next_question?resourceVersion=id%3A64671"
            }
          }
        },
        "field_result": {
          "data": null,
          "links": {
            "related": {
              "href": "https://prodh2cueemw.main.acsf.baywsf.com/jsonapi/node/answer/a554b3fe-1e7a-4cbd-a051-83c66ef16f38/field_result?resourceVersion=id%3A64671"
            },
            "self": {
              "href": "https://prodh2cueemw.main.acsf.baywsf.com/jsonapi/node/answer/a554b3fe-1e7a-4cbd-a051-83c66ef16f38/relationships/field_result?resourceVersion=id%3A64671"
            }
          }
        }
      }
    }
  ],
  "links": {
    "self": {
      "href": "https://prodh2cueemw.main.acsf.baywsf.com/jsonapi/node/question/6d114685-0dee-45c1-a906-686bc5d0e220?include=field_answer"
    }
  }
}
