{
  "jsonapi": {
    "version": "1.0",
    "meta": {
      "links": { "self": { "href": "http://jsonapi.org/format/1.0/" } }
    }
  },
  "data": {
    "type": "node--question",
    "id": "848be697-4122-496a-b9bc-81a29be677d7",
    "links": {
      "self": {
        "href": "https://prodh2cueemw.main.acsf.baywsf.com/jsonapi/node/question/848be697-4122-496a-b9bc-81a29be677d7?resourceVersion=id%3A64491"
      }
    },
    "attributes": {
      "drupal_internal__nid": 1326,
      "drupal_internal__vid": 64491,
      "langcode": "it",
      "revision_timestamp": "2023-04-17T20:10:02+00:00",
      "revision_log": null,
      "status": true,
      "title": "Qual \u00e8 il sintomo che si vuole trattare?",
      "created": "2023-04-17T20:10:02+00:00",
      "changed": "2023-04-17T20:10:02+00:00",
      "promote": false,
      "sticky": false,
      "default_langcode": true,
      "revision_translation_affected": true,
      "moderation_state": null,
      "metatag": null,
      "path": { "alias": null, "pid": null, "langcode": "it" },
      "private": false,
      "field_metatags": null,
      "content_translation_source": "und",
      "content_translation_outdated": false,
      "published_at": "2023-04-17T20:10:31+00:00",
      "field_error": null,
      "field_explanation": null,
      "field_instruction": null,
      "field_references": null
    },
    "relationships": {
      "node_type": {
        "data": {
          "type": "node_type--node_type",
          "id": "b36305cf-d6a4-4b58-94fd-9bd56dc48d0a",
          "meta": { "drupal_internal__target_id": "question" }
        },
        "links": {
          "related": {
            "href": "https://prodh2cueemw.main.acsf.baywsf.com/jsonapi/node/question/848be697-4122-496a-b9bc-81a29be677d7/node_type?resourceVersion=id%3A64491"
          },
          "self": {
            "href": "https://prodh2cueemw.main.acsf.baywsf.com/jsonapi/node/question/848be697-4122-496a-b9bc-81a29be677d7/relationships/node_type?resourceVersion=id%3A64491"
          }
        }
      },
      "revision_uid": {
        "data": {
          "type": "user--user",
          "id": "4f8a4079-386c-4b93-b029-aa9dac8e6430",
          "meta": { "drupal_internal__target_id": 3091 }
        },
        "links": {
          "related": {
            "href": "https://prodh2cueemw.main.acsf.baywsf.com/jsonapi/node/question/848be697-4122-496a-b9bc-81a29be677d7/revision_uid?resourceVersion=id%3A64491"
          },
          "self": {
            "href": "https://prodh2cueemw.main.acsf.baywsf.com/jsonapi/node/question/848be697-4122-496a-b9bc-81a29be677d7/relationships/revision_uid?resourceVersion=id%3A64491"
          }
        }
      },
      "uid": {
        "data": {
          "type": "user--user",
          "id": "4f8a4079-386c-4b93-b029-aa9dac8e6430",
          "meta": { "drupal_internal__target_id": 3091 }
        },
        "links": {
          "related": {
            "href": "https://prodh2cueemw.main.acsf.baywsf.com/jsonapi/node/question/848be697-4122-496a-b9bc-81a29be677d7/uid?resourceVersion=id%3A64491"
          },
          "self": {
            "href": "https://prodh2cueemw.main.acsf.baywsf.com/jsonapi/node/question/848be697-4122-496a-b9bc-81a29be677d7/relationships/uid?resourceVersion=id%3A64491"
          }
        }
      },
      "field_schema_json_ld_file": {
        "data": null,
        "links": {
          "related": {
            "href": "https://prodh2cueemw.main.acsf.baywsf.com/jsonapi/node/question/848be697-4122-496a-b9bc-81a29be677d7/field_schema_json_ld_file?resourceVersion=id%3A64491"
          },
          "self": {
            "href": "https://prodh2cueemw.main.acsf.baywsf.com/jsonapi/node/question/848be697-4122-496a-b9bc-81a29be677d7/relationships/field_schema_json_ld_file?resourceVersion=id%3A64491"
          }
        }
      },
      "field_actions": {
        "data": [],
        "links": {
          "related": {
            "href": "https://prodh2cueemw.main.acsf.baywsf.com/jsonapi/node/question/848be697-4122-496a-b9bc-81a29be677d7/field_actions?resourceVersion=id%3A64491"
          },
          "self": {
            "href": "https://prodh2cueemw.main.acsf.baywsf.com/jsonapi/node/question/848be697-4122-496a-b9bc-81a29be677d7/relationships/field_actions?resourceVersion=id%3A64491"
          }
        }
      },
      "field_answer": {
        "data": [
          {
            "type": "node--answer",
            "id": "21047c61-ed02-4f12-a9ba-3e0b183daf5e",
            "meta": { "drupal_internal__target_id": 1311 }
          },
          {
            "type": "node--answer",
            "id": "e3f9d90f-7b49-4a82-b9b8-cf37d52f035e",
            "meta": { "drupal_internal__target_id": 1316 }
          },
          {
            "type": "node--answer",
            "id": "02827f6e-6ca3-476d-8adb-6619d4ac4862",
            "meta": { "drupal_internal__target_id": 1321 }
          }
        ],
        "links": {
          "related": {
            "href": "https://prodh2cueemw.main.acsf.baywsf.com/jsonapi/node/question/848be697-4122-496a-b9bc-81a29be677d7/field_answer?resourceVersion=id%3A64491"
          },
          "self": {
            "href": "https://prodh2cueemw.main.acsf.baywsf.com/jsonapi/node/question/848be697-4122-496a-b9bc-81a29be677d7/relationships/field_answer?resourceVersion=id%3A64491"
          }
        }
      },
      "field_correct": {
        "data": [],
        "links": {
          "related": {
            "href": "https://prodh2cueemw.main.acsf.baywsf.com/jsonapi/node/question/848be697-4122-496a-b9bc-81a29be677d7/field_correct?resourceVersion=id%3A64491"
          },
          "self": {
            "href": "https://prodh2cueemw.main.acsf.baywsf.com/jsonapi/node/question/848be697-4122-496a-b9bc-81a29be677d7/relationships/field_correct?resourceVersion=id%3A64491"
          }
        }
      },
      "field_question_group": {
        "data": [],
        "links": {
          "related": {
            "href": "https://prodh2cueemw.main.acsf.baywsf.com/jsonapi/node/question/848be697-4122-496a-b9bc-81a29be677d7/field_question_group?resourceVersion=id%3A64491"
          },
          "self": {
            "href": "https://prodh2cueemw.main.acsf.baywsf.com/jsonapi/node/question/848be697-4122-496a-b9bc-81a29be677d7/relationships/field_question_group?resourceVersion=id%3A64491"
          }
        }
      }
    }
  },
  "included": [
    {
      "type": "node--answer",
      "id": "21047c61-ed02-4f12-a9ba-3e0b183daf5e",
      "links": {
        "self": {
          "href": "https://prodh2cueemw.main.acsf.baywsf.com/jsonapi/node/answer/21047c61-ed02-4f12-a9ba-3e0b183daf5e?resourceVersion=id%3A64476"
        }
      },
      "attributes": {
        "drupal_internal__nid": 1311,
        "drupal_internal__vid": 64476,
        "langcode": "it",
        "revision_timestamp": "2023-04-17T20:03:43+00:00",
        "revision_log": null,
        "status": true,
        "title": "Sintomi di raffreddore e influenza",
        "created": "2023-04-17T20:03:43+00:00",
        "changed": "2023-04-17T20:03:43+00:00",
        "promote": true,
        "sticky": false,
        "default_langcode": true,
        "revision_translation_affected": true,
        "moderation_state": null,
        "metatag": null,
        "path": { "alias": null, "pid": null, "langcode": "it" },
        "private": false,
        "field_metatags": null,
        "content_translation_source": "und",
        "content_translation_outdated": false,
        "published_at": "2023-04-17T20:10:31+00:00",
        "field_answer_summary": null,
        "field_instruction": null
      },
      "relationships": {
        "node_type": {
          "data": {
            "type": "node_type--node_type",
            "id": "2b9459ba-6e80-4cd4-b243-d970bac27c44",
            "meta": { "drupal_internal__target_id": "answer" }
          },
          "links": {
            "related": {
              "href": "https://prodh2cueemw.main.acsf.baywsf.com/jsonapi/node/answer/21047c61-ed02-4f12-a9ba-3e0b183daf5e/node_type?resourceVersion=id%3A64476"
            },
            "self": {
              "href": "https://prodh2cueemw.main.acsf.baywsf.com/jsonapi/node/answer/21047c61-ed02-4f12-a9ba-3e0b183daf5e/relationships/node_type?resourceVersion=id%3A64476"
            }
          }
        },
        "revision_uid": {
          "data": {
            "type": "user--user",
            "id": "4f8a4079-386c-4b93-b029-aa9dac8e6430",
            "meta": { "drupal_internal__target_id": 3091 }
          },
          "links": {
            "related": {
              "href": "https://prodh2cueemw.main.acsf.baywsf.com/jsonapi/node/answer/21047c61-ed02-4f12-a9ba-3e0b183daf5e/revision_uid?resourceVersion=id%3A64476"
            },
            "self": {
              "href": "https://prodh2cueemw.main.acsf.baywsf.com/jsonapi/node/answer/21047c61-ed02-4f12-a9ba-3e0b183daf5e/relationships/revision_uid?resourceVersion=id%3A64476"
            }
          }
        },
        "uid": {
          "data": {
            "type": "user--user",
            "id": "4f8a4079-386c-4b93-b029-aa9dac8e6430",
            "meta": { "drupal_internal__target_id": 3091 }
          },
          "links": {
            "related": {
              "href": "https://prodh2cueemw.main.acsf.baywsf.com/jsonapi/node/answer/21047c61-ed02-4f12-a9ba-3e0b183daf5e/uid?resourceVersion=id%3A64476"
            },
            "self": {
              "href": "https://prodh2cueemw.main.acsf.baywsf.com/jsonapi/node/answer/21047c61-ed02-4f12-a9ba-3e0b183daf5e/relationships/uid?resourceVersion=id%3A64476"
            }
          }
        },
        "field_schema_json_ld_file": {
          "data": null,
          "links": {
            "related": {
              "href": "https://prodh2cueemw.main.acsf.baywsf.com/jsonapi/node/answer/21047c61-ed02-4f12-a9ba-3e0b183daf5e/field_schema_json_ld_file?resourceVersion=id%3A64476"
            },
            "self": {
              "href": "https://prodh2cueemw.main.acsf.baywsf.com/jsonapi/node/answer/21047c61-ed02-4f12-a9ba-3e0b183daf5e/relationships/field_schema_json_ld_file?resourceVersion=id%3A64476"
            }
          }
        },
        "field_answer_category": {
          "data": [],
          "links": {
            "related": {
              "href": "https://prodh2cueemw.main.acsf.baywsf.com/jsonapi/node/answer/21047c61-ed02-4f12-a9ba-3e0b183daf5e/field_answer_category?resourceVersion=id%3A64476"
            },
            "self": {
              "href": "https://prodh2cueemw.main.acsf.baywsf.com/jsonapi/node/answer/21047c61-ed02-4f12-a9ba-3e0b183daf5e/relationships/field_answer_category?resourceVersion=id%3A64476"
            }
          }
        },
        "field_next_question": {
          "data": null,
          "links": {
            "related": {
              "href": "https://prodh2cueemw.main.acsf.baywsf.com/jsonapi/node/answer/21047c61-ed02-4f12-a9ba-3e0b183daf5e/field_next_question?resourceVersion=id%3A64476"
            },
            "self": {
              "href": "https://prodh2cueemw.main.acsf.baywsf.com/jsonapi/node/answer/21047c61-ed02-4f12-a9ba-3e0b183daf5e/relationships/field_next_question?resourceVersion=id%3A64476"
            }
          }
        },
        "field_result": {
          "data": null,
          "links": {
            "related": {
              "href": "https://prodh2cueemw.main.acsf.baywsf.com/jsonapi/node/answer/21047c61-ed02-4f12-a9ba-3e0b183daf5e/field_result?resourceVersion=id%3A64476"
            },
            "self": {
              "href": "https://prodh2cueemw.main.acsf.baywsf.com/jsonapi/node/answer/21047c61-ed02-4f12-a9ba-3e0b183daf5e/relationships/field_result?resourceVersion=id%3A64476"
            }
          }
        }
      }
    },
    {
      "type": "node--answer",
      "id": "e3f9d90f-7b49-4a82-b9b8-cf37d52f035e",
      "links": {
        "self": {
          "href": "https://prodh2cueemw.main.acsf.baywsf.com/jsonapi/node/answer/e3f9d90f-7b49-4a82-b9b8-cf37d52f035e?resourceVersion=id%3A64481"
        }
      },
      "attributes": {
        "drupal_internal__nid": 1316,
        "drupal_internal__vid": 64481,
        "langcode": "it",
        "revision_timestamp": "2023-04-17T20:04:51+00:00",
        "revision_log": null,
        "status": true,
        "title": "Mal di gola",
        "created": "2023-04-17T20:04:51+00:00",
        "changed": "2023-04-17T20:04:51+00:00",
        "promote": true,
        "sticky": false,
        "default_langcode": true,
        "revision_translation_affected": true,
        "moderation_state": null,
        "metatag": null,
        "path": { "alias": null, "pid": null, "langcode": "it" },
        "private": false,
        "field_metatags": null,
        "content_translation_source": "und",
        "content_translation_outdated": false,
        "published_at": "2023-04-17T20:10:31+00:00",
        "field_answer_summary": null,
        "field_instruction": null
      },
      "relationships": {
        "node_type": {
          "data": {
            "type": "node_type--node_type",
            "id": "2b9459ba-6e80-4cd4-b243-d970bac27c44",
            "meta": { "drupal_internal__target_id": "answer" }
          },
          "links": {
            "related": {
              "href": "https://prodh2cueemw.main.acsf.baywsf.com/jsonapi/node/answer/e3f9d90f-7b49-4a82-b9b8-cf37d52f035e/node_type?resourceVersion=id%3A64481"
            },
            "self": {
              "href": "https://prodh2cueemw.main.acsf.baywsf.com/jsonapi/node/answer/e3f9d90f-7b49-4a82-b9b8-cf37d52f035e/relationships/node_type?resourceVersion=id%3A64481"
            }
          }
        },
        "revision_uid": {
          "data": {
            "type": "user--user",
            "id": "4f8a4079-386c-4b93-b029-aa9dac8e6430",
            "meta": { "drupal_internal__target_id": 3091 }
          },
          "links": {
            "related": {
              "href": "https://prodh2cueemw.main.acsf.baywsf.com/jsonapi/node/answer/e3f9d90f-7b49-4a82-b9b8-cf37d52f035e/revision_uid?resourceVersion=id%3A64481"
            },
            "self": {
              "href": "https://prodh2cueemw.main.acsf.baywsf.com/jsonapi/node/answer/e3f9d90f-7b49-4a82-b9b8-cf37d52f035e/relationships/revision_uid?resourceVersion=id%3A64481"
            }
          }
        },
        "uid": {
          "data": {
            "type": "user--user",
            "id": "4f8a4079-386c-4b93-b029-aa9dac8e6430",
            "meta": { "drupal_internal__target_id": 3091 }
          },
          "links": {
            "related": {
              "href": "https://prodh2cueemw.main.acsf.baywsf.com/jsonapi/node/answer/e3f9d90f-7b49-4a82-b9b8-cf37d52f035e/uid?resourceVersion=id%3A64481"
            },
            "self": {
              "href": "https://prodh2cueemw.main.acsf.baywsf.com/jsonapi/node/answer/e3f9d90f-7b49-4a82-b9b8-cf37d52f035e/relationships/uid?resourceVersion=id%3A64481"
            }
          }
        },
        "field_schema_json_ld_file": {
          "data": null,
          "links": {
            "related": {
              "href": "https://prodh2cueemw.main.acsf.baywsf.com/jsonapi/node/answer/e3f9d90f-7b49-4a82-b9b8-cf37d52f035e/field_schema_json_ld_file?resourceVersion=id%3A64481"
            },
            "self": {
              "href": "https://prodh2cueemw.main.acsf.baywsf.com/jsonapi/node/answer/e3f9d90f-7b49-4a82-b9b8-cf37d52f035e/relationships/field_schema_json_ld_file?resourceVersion=id%3A64481"
            }
          }
        },
        "field_answer_category": {
          "data": [],
          "links": {
            "related": {
              "href": "https://prodh2cueemw.main.acsf.baywsf.com/jsonapi/node/answer/e3f9d90f-7b49-4a82-b9b8-cf37d52f035e/field_answer_category?resourceVersion=id%3A64481"
            },
            "self": {
              "href": "https://prodh2cueemw.main.acsf.baywsf.com/jsonapi/node/answer/e3f9d90f-7b49-4a82-b9b8-cf37d52f035e/relationships/field_answer_category?resourceVersion=id%3A64481"
            }
          }
        },
        "field_next_question": {
          "data": null,
          "links": {
            "related": {
              "href": "https://prodh2cueemw.main.acsf.baywsf.com/jsonapi/node/answer/e3f9d90f-7b49-4a82-b9b8-cf37d52f035e/field_next_question?resourceVersion=id%3A64481"
            },
            "self": {
              "href": "https://prodh2cueemw.main.acsf.baywsf.com/jsonapi/node/answer/e3f9d90f-7b49-4a82-b9b8-cf37d52f035e/relationships/field_next_question?resourceVersion=id%3A64481"
            }
          }
        },
        "field_result": {
          "data": null,
          "links": {
            "related": {
              "href": "https://prodh2cueemw.main.acsf.baywsf.com/jsonapi/node/answer/e3f9d90f-7b49-4a82-b9b8-cf37d52f035e/field_result?resourceVersion=id%3A64481"
            },
            "self": {
              "href": "https://prodh2cueemw.main.acsf.baywsf.com/jsonapi/node/answer/e3f9d90f-7b49-4a82-b9b8-cf37d52f035e/relationships/field_result?resourceVersion=id%3A64481"
            }
          }
        }
      }
    },
    {
      "type": "node--answer",
      "id": "02827f6e-6ca3-476d-8adb-6619d4ac4862",
      "links": {
        "self": {
          "href": "https://prodh2cueemw.main.acsf.baywsf.com/jsonapi/node/answer/02827f6e-6ca3-476d-8adb-6619d4ac4862?resourceVersion=id%3A64486"
        }
      },
      "attributes": {
        "drupal_internal__nid": 1321,
        "drupal_internal__vid": 64486,
        "langcode": "it",
        "revision_timestamp": "2023-04-17T20:05:59+00:00",
        "revision_log": null,
        "status": true,
        "title": "Mal di testa o dolore cervicale",
        "created": "2023-04-17T20:05:59+00:00",
        "changed": "2023-04-17T20:05:59+00:00",
        "promote": true,
        "sticky": false,
        "default_langcode": true,
        "revision_translation_affected": true,
        "moderation_state": null,
        "metatag": null,
        "path": { "alias": null, "pid": null, "langcode": "it" },
        "private": false,
        "field_metatags": null,
        "content_translation_source": "und",
        "content_translation_outdated": false,
        "published_at": "2023-04-17T20:10:31+00:00",
        "field_answer_summary": null,
        "field_instruction": null
      },
      "relationships": {
        "node_type": {
          "data": {
            "type": "node_type--node_type",
            "id": "2b9459ba-6e80-4cd4-b243-d970bac27c44",
            "meta": { "drupal_internal__target_id": "answer" }
          },
          "links": {
            "related": {
              "href": "https://prodh2cueemw.main.acsf.baywsf.com/jsonapi/node/answer/02827f6e-6ca3-476d-8adb-6619d4ac4862/node_type?resourceVersion=id%3A64486"
            },
            "self": {
              "href": "https://prodh2cueemw.main.acsf.baywsf.com/jsonapi/node/answer/02827f6e-6ca3-476d-8adb-6619d4ac4862/relationships/node_type?resourceVersion=id%3A64486"
            }
          }
        },
        "revision_uid": {
          "data": {
            "type": "user--user",
            "id": "4f8a4079-386c-4b93-b029-aa9dac8e6430",
            "meta": { "drupal_internal__target_id": 3091 }
          },
          "links": {
            "related": {
              "href": "https://prodh2cueemw.main.acsf.baywsf.com/jsonapi/node/answer/02827f6e-6ca3-476d-8adb-6619d4ac4862/revision_uid?resourceVersion=id%3A64486"
            },
            "self": {
              "href": "https://prodh2cueemw.main.acsf.baywsf.com/jsonapi/node/answer/02827f6e-6ca3-476d-8adb-6619d4ac4862/relationships/revision_uid?resourceVersion=id%3A64486"
            }
          }
        },
        "uid": {
          "data": {
            "type": "user--user",
            "id": "4f8a4079-386c-4b93-b029-aa9dac8e6430",
            "meta": { "drupal_internal__target_id": 3091 }
          },
          "links": {
            "related": {
              "href": "https://prodh2cueemw.main.acsf.baywsf.com/jsonapi/node/answer/02827f6e-6ca3-476d-8adb-6619d4ac4862/uid?resourceVersion=id%3A64486"
            },
            "self": {
              "href": "https://prodh2cueemw.main.acsf.baywsf.com/jsonapi/node/answer/02827f6e-6ca3-476d-8adb-6619d4ac4862/relationships/uid?resourceVersion=id%3A64486"
            }
          }
        },
        "field_schema_json_ld_file": {
          "data": null,
          "links": {
            "related": {
              "href": "https://prodh2cueemw.main.acsf.baywsf.com/jsonapi/node/answer/02827f6e-6ca3-476d-8adb-6619d4ac4862/field_schema_json_ld_file?resourceVersion=id%3A64486"
            },
            "self": {
              "href": "https://prodh2cueemw.main.acsf.baywsf.com/jsonapi/node/answer/02827f6e-6ca3-476d-8adb-6619d4ac4862/relationships/field_schema_json_ld_file?resourceVersion=id%3A64486"
            }
          }
        },
        "field_answer_category": {
          "data": [],
          "links": {
            "related": {
              "href": "https://prodh2cueemw.main.acsf.baywsf.com/jsonapi/node/answer/02827f6e-6ca3-476d-8adb-6619d4ac4862/field_answer_category?resourceVersion=id%3A64486"
            },
            "self": {
              "href": "https://prodh2cueemw.main.acsf.baywsf.com/jsonapi/node/answer/02827f6e-6ca3-476d-8adb-6619d4ac4862/relationships/field_answer_category?resourceVersion=id%3A64486"
            }
          }
        },
        "field_next_question": {
          "data": null,
          "links": {
            "related": {
              "href": "https://prodh2cueemw.main.acsf.baywsf.com/jsonapi/node/answer/02827f6e-6ca3-476d-8adb-6619d4ac4862/field_next_question?resourceVersion=id%3A64486"
            },
            "self": {
              "href": "https://prodh2cueemw.main.acsf.baywsf.com/jsonapi/node/answer/02827f6e-6ca3-476d-8adb-6619d4ac4862/relationships/field_next_question?resourceVersion=id%3A64486"
            }
          }
        },
        "field_result": {
          "data": null,
          "links": {
            "related": {
              "href": "https://prodh2cueemw.main.acsf.baywsf.com/jsonapi/node/answer/02827f6e-6ca3-476d-8adb-6619d4ac4862/field_result?resourceVersion=id%3A64486"
            },
            "self": {
              "href": "https://prodh2cueemw.main.acsf.baywsf.com/jsonapi/node/answer/02827f6e-6ca3-476d-8adb-6619d4ac4862/relationships/field_result?resourceVersion=id%3A64486"
            }
          }
        }
      }
    }
  ],
  "links": {
    "self": {
      "href": "https://prodh2cueemw.main.acsf.baywsf.com/jsonapi/node/question/848be697-4122-496a-b9bc-81a29be677d7?include=field_answer"
    }
  }
}
