{
  "jsonapi": {
    "version": "1.0",
    "meta": {
      "links": { "self": { "href": "http://jsonapi.org/format/1.0/" } }
    }
  },
  "data": {
    "type": "node--question",
    "id": "c800cb5f-ce7d-445c-92f3-2d5fed250af5",
    "links": {
      "self": {
        "href": "https://prodh2cueemw.main.acsf.baywsf.com/jsonapi/node/question/c800cb5f-ce7d-445c-92f3-2d5fed250af5?resourceVersion=id%3A64681"
      }
    },
    "attributes": {
      "drupal_internal__nid": 1471,
      "drupal_internal__vid": 64681,
      "langcode": "it",
      "revision_timestamp": "2023-04-18T16:42:16+00:00",
      "revision_log": null,
      "status": true,
      "title": "Che caratteristiche ha il dolore?",
      "created": "2023-04-18T16:42:16+00:00",
      "changed": "2023-04-18T16:42:16+00:00",
      "promote": false,
      "sticky": false,
      "default_langcode": true,
      "revision_translation_affected": true,
      "moderation_state": null,
      "metatag": null,
      "path": { "alias": null, "pid": null, "langcode": "it" },
      "private": false,
      "field_metatags": null,
      "content_translation_source": "und",
      "content_translation_outdated": false,
      "published_at": "2023-04-18T16:42:52+00:00",
      "field_error": null,
      "field_explanation": null,
      "field_instruction": null,
      "field_references": null
    },
    "relationships": {
      "node_type": {
        "data": {
          "type": "node_type--node_type",
          "id": "b36305cf-d6a4-4b58-94fd-9bd56dc48d0a",
          "meta": { "drupal_internal__target_id": "question" }
        },
        "links": {
          "related": {
            "href": "https://prodh2cueemw.main.acsf.baywsf.com/jsonapi/node/question/c800cb5f-ce7d-445c-92f3-2d5fed250af5/node_type?resourceVersion=id%3A64681"
          },
          "self": {
            "href": "https://prodh2cueemw.main.acsf.baywsf.com/jsonapi/node/question/c800cb5f-ce7d-445c-92f3-2d5fed250af5/relationships/node_type?resourceVersion=id%3A64681"
          }
        }
      },
      "revision_uid": {
        "data": {
          "type": "user--user",
          "id": "4f8a4079-386c-4b93-b029-aa9dac8e6430",
          "meta": { "drupal_internal__target_id": 3091 }
        },
        "links": {
          "related": {
            "href": "https://prodh2cueemw.main.acsf.baywsf.com/jsonapi/node/question/c800cb5f-ce7d-445c-92f3-2d5fed250af5/revision_uid?resourceVersion=id%3A64681"
          },
          "self": {
            "href": "https://prodh2cueemw.main.acsf.baywsf.com/jsonapi/node/question/c800cb5f-ce7d-445c-92f3-2d5fed250af5/relationships/revision_uid?resourceVersion=id%3A64681"
          }
        }
      },
      "uid": {
        "data": {
          "type": "user--user",
          "id": "4f8a4079-386c-4b93-b029-aa9dac8e6430",
          "meta": { "drupal_internal__target_id": 3091 }
        },
        "links": {
          "related": {
            "href": "https://prodh2cueemw.main.acsf.baywsf.com/jsonapi/node/question/c800cb5f-ce7d-445c-92f3-2d5fed250af5/uid?resourceVersion=id%3A64681"
          },
          "self": {
            "href": "https://prodh2cueemw.main.acsf.baywsf.com/jsonapi/node/question/c800cb5f-ce7d-445c-92f3-2d5fed250af5/relationships/uid?resourceVersion=id%3A64681"
          }
        }
      },
      "field_schema_json_ld_file": {
        "data": null,
        "links": {
          "related": {
            "href": "https://prodh2cueemw.main.acsf.baywsf.com/jsonapi/node/question/c800cb5f-ce7d-445c-92f3-2d5fed250af5/field_schema_json_ld_file?resourceVersion=id%3A64681"
          },
          "self": {
            "href": "https://prodh2cueemw.main.acsf.baywsf.com/jsonapi/node/question/c800cb5f-ce7d-445c-92f3-2d5fed250af5/relationships/field_schema_json_ld_file?resourceVersion=id%3A64681"
          }
        }
      },
      "field_actions": {
        "data": [],
        "links": {
          "related": {
            "href": "https://prodh2cueemw.main.acsf.baywsf.com/jsonapi/node/question/c800cb5f-ce7d-445c-92f3-2d5fed250af5/field_actions?resourceVersion=id%3A64681"
          },
          "self": {
            "href": "https://prodh2cueemw.main.acsf.baywsf.com/jsonapi/node/question/c800cb5f-ce7d-445c-92f3-2d5fed250af5/relationships/field_actions?resourceVersion=id%3A64681"
          }
        }
      },
      "field_answer": {
        "data": [
          {
            "type": "node--answer",
            "id": "1c9f6a7d-7bea-4e26-84e3-013e4b82d5ce",
            "meta": { "drupal_internal__target_id": 1431 }
          },
          {
            "type": "node--answer",
            "id": "3c8fa271-6779-4a4a-b412-752a2bacbdad",
            "meta": { "drupal_internal__target_id": 1436 }
          },
          {
            "type": "node--answer",
            "id": "823c1698-5ff0-4902-909b-b4b0c7e4633f",
            "meta": { "drupal_internal__target_id": 1441 }
          },
          {
            "type": "node--answer",
            "id": "b184d2e5-4a34-4bf5-93f7-4b614dfcfa55",
            "meta": { "drupal_internal__target_id": 1446 }
          },
          {
            "type": "node--answer",
            "id": "4c650e7d-3a7b-425a-9302-763a36e5c1f8",
            "meta": { "drupal_internal__target_id": 1451 }
          }
        ],
        "links": {
          "related": {
            "href": "https://prodh2cueemw.main.acsf.baywsf.com/jsonapi/node/question/c800cb5f-ce7d-445c-92f3-2d5fed250af5/field_answer?resourceVersion=id%3A64681"
          },
          "self": {
            "href": "https://prodh2cueemw.main.acsf.baywsf.com/jsonapi/node/question/c800cb5f-ce7d-445c-92f3-2d5fed250af5/relationships/field_answer?resourceVersion=id%3A64681"
          }
        }
      },
      "field_correct": {
        "data": [],
        "links": {
          "related": {
            "href": "https://prodh2cueemw.main.acsf.baywsf.com/jsonapi/node/question/c800cb5f-ce7d-445c-92f3-2d5fed250af5/field_correct?resourceVersion=id%3A64681"
          },
          "self": {
            "href": "https://prodh2cueemw.main.acsf.baywsf.com/jsonapi/node/question/c800cb5f-ce7d-445c-92f3-2d5fed250af5/relationships/field_correct?resourceVersion=id%3A64681"
          }
        }
      },
      "field_question_group": {
        "data": [],
        "links": {
          "related": {
            "href": "https://prodh2cueemw.main.acsf.baywsf.com/jsonapi/node/question/c800cb5f-ce7d-445c-92f3-2d5fed250af5/field_question_group?resourceVersion=id%3A64681"
          },
          "self": {
            "href": "https://prodh2cueemw.main.acsf.baywsf.com/jsonapi/node/question/c800cb5f-ce7d-445c-92f3-2d5fed250af5/relationships/field_question_group?resourceVersion=id%3A64681"
          }
        }
      }
    }
  },
  "included": [
    {
      "type": "node--answer",
      "id": "1c9f6a7d-7bea-4e26-84e3-013e4b82d5ce",
      "links": {
        "self": {
          "href": "https://prodh2cueemw.main.acsf.baywsf.com/jsonapi/node/answer/1c9f6a7d-7bea-4e26-84e3-013e4b82d5ce?resourceVersion=id%3A64641"
        }
      },
      "attributes": {
        "drupal_internal__nid": 1431,
        "drupal_internal__vid": 64641,
        "langcode": "it",
        "revision_timestamp": "2023-04-18T16:37:48+00:00",
        "revision_log": null,
        "status": true,
        "title": "Mal di testa lieve: dolore avvolge la testa come un casco, o preme come un peso. Non \u00e8 forte ma costante, e pu\u00f2 durare anche pi\u00f9 giorni.",
        "created": "2023-04-18T16:37:48+00:00",
        "changed": "2023-04-18T16:37:48+00:00",
        "promote": true,
        "sticky": false,
        "default_langcode": true,
        "revision_translation_affected": true,
        "moderation_state": null,
        "metatag": null,
        "path": { "alias": null, "pid": null, "langcode": "it" },
        "private": false,
        "field_metatags": null,
        "content_translation_source": "und",
        "content_translation_outdated": false,
        "published_at": "2023-04-18T16:42:52+00:00",
        "field_answer_summary": null,
        "field_instruction": null
      },
      "relationships": {
        "node_type": {
          "data": {
            "type": "node_type--node_type",
            "id": "2b9459ba-6e80-4cd4-b243-d970bac27c44",
            "meta": { "drupal_internal__target_id": "answer" }
          },
          "links": {
            "related": {
              "href": "https://prodh2cueemw.main.acsf.baywsf.com/jsonapi/node/answer/1c9f6a7d-7bea-4e26-84e3-013e4b82d5ce/node_type?resourceVersion=id%3A64641"
            },
            "self": {
              "href": "https://prodh2cueemw.main.acsf.baywsf.com/jsonapi/node/answer/1c9f6a7d-7bea-4e26-84e3-013e4b82d5ce/relationships/node_type?resourceVersion=id%3A64641"
            }
          }
        },
        "revision_uid": {
          "data": {
            "type": "user--user",
            "id": "4f8a4079-386c-4b93-b029-aa9dac8e6430",
            "meta": { "drupal_internal__target_id": 3091 }
          },
          "links": {
            "related": {
              "href": "https://prodh2cueemw.main.acsf.baywsf.com/jsonapi/node/answer/1c9f6a7d-7bea-4e26-84e3-013e4b82d5ce/revision_uid?resourceVersion=id%3A64641"
            },
            "self": {
              "href": "https://prodh2cueemw.main.acsf.baywsf.com/jsonapi/node/answer/1c9f6a7d-7bea-4e26-84e3-013e4b82d5ce/relationships/revision_uid?resourceVersion=id%3A64641"
            }
          }
        },
        "uid": {
          "data": {
            "type": "user--user",
            "id": "4f8a4079-386c-4b93-b029-aa9dac8e6430",
            "meta": { "drupal_internal__target_id": 3091 }
          },
          "links": {
            "related": {
              "href": "https://prodh2cueemw.main.acsf.baywsf.com/jsonapi/node/answer/1c9f6a7d-7bea-4e26-84e3-013e4b82d5ce/uid?resourceVersion=id%3A64641"
            },
            "self": {
              "href": "https://prodh2cueemw.main.acsf.baywsf.com/jsonapi/node/answer/1c9f6a7d-7bea-4e26-84e3-013e4b82d5ce/relationships/uid?resourceVersion=id%3A64641"
            }
          }
        },
        "field_schema_json_ld_file": {
          "data": null,
          "links": {
            "related": {
              "href": "https://prodh2cueemw.main.acsf.baywsf.com/jsonapi/node/answer/1c9f6a7d-7bea-4e26-84e3-013e4b82d5ce/field_schema_json_ld_file?resourceVersion=id%3A64641"
            },
            "self": {
              "href": "https://prodh2cueemw.main.acsf.baywsf.com/jsonapi/node/answer/1c9f6a7d-7bea-4e26-84e3-013e4b82d5ce/relationships/field_schema_json_ld_file?resourceVersion=id%3A64641"
            }
          }
        },
        "field_answer_category": {
          "data": [],
          "links": {
            "related": {
              "href": "https://prodh2cueemw.main.acsf.baywsf.com/jsonapi/node/answer/1c9f6a7d-7bea-4e26-84e3-013e4b82d5ce/field_answer_category?resourceVersion=id%3A64641"
            },
            "self": {
              "href": "https://prodh2cueemw.main.acsf.baywsf.com/jsonapi/node/answer/1c9f6a7d-7bea-4e26-84e3-013e4b82d5ce/relationships/field_answer_category?resourceVersion=id%3A64641"
            }
          }
        },
        "field_next_question": {
          "data": null,
          "links": {
            "related": {
              "href": "https://prodh2cueemw.main.acsf.baywsf.com/jsonapi/node/answer/1c9f6a7d-7bea-4e26-84e3-013e4b82d5ce/field_next_question?resourceVersion=id%3A64641"
            },
            "self": {
              "href": "https://prodh2cueemw.main.acsf.baywsf.com/jsonapi/node/answer/1c9f6a7d-7bea-4e26-84e3-013e4b82d5ce/relationships/field_next_question?resourceVersion=id%3A64641"
            }
          }
        },
        "field_result": {
          "data": null,
          "links": {
            "related": {
              "href": "https://prodh2cueemw.main.acsf.baywsf.com/jsonapi/node/answer/1c9f6a7d-7bea-4e26-84e3-013e4b82d5ce/field_result?resourceVersion=id%3A64641"
            },
            "self": {
              "href": "https://prodh2cueemw.main.acsf.baywsf.com/jsonapi/node/answer/1c9f6a7d-7bea-4e26-84e3-013e4b82d5ce/relationships/field_result?resourceVersion=id%3A64641"
            }
          }
        }
      }
    },
    {
      "type": "node--answer",
      "id": "3c8fa271-6779-4a4a-b412-752a2bacbdad",
      "links": {
        "self": {
          "href": "https://prodh2cueemw.main.acsf.baywsf.com/jsonapi/node/answer/3c8fa271-6779-4a4a-b412-752a2bacbdad?resourceVersion=id%3A64646"
        }
      },
      "attributes": {
        "drupal_internal__nid": 1436,
        "drupal_internal__vid": 64646,
        "langcode": "it",
        "revision_timestamp": "2023-04-18T16:38:46+00:00",
        "revision_log": null,
        "status": true,
        "title": "Mal di testa forte: la testa pulsa, il dolore peggiora se si cammina o si fanno le scale. Alle volte ci sono anche fastidio per la luce o per i rumori.",
        "created": "2023-04-18T16:38:46+00:00",
        "changed": "2023-04-18T16:38:46+00:00",
        "promote": true,
        "sticky": false,
        "default_langcode": true,
        "revision_translation_affected": true,
        "moderation_state": null,
        "metatag": null,
        "path": { "alias": null, "pid": null, "langcode": "it" },
        "private": false,
        "field_metatags": null,
        "content_translation_source": "und",
        "content_translation_outdated": false,
        "published_at": "2023-04-18T16:42:52+00:00",
        "field_answer_summary": null,
        "field_instruction": null
      },
      "relationships": {
        "node_type": {
          "data": {
            "type": "node_type--node_type",
            "id": "2b9459ba-6e80-4cd4-b243-d970bac27c44",
            "meta": { "drupal_internal__target_id": "answer" }
          },
          "links": {
            "related": {
              "href": "https://prodh2cueemw.main.acsf.baywsf.com/jsonapi/node/answer/3c8fa271-6779-4a4a-b412-752a2bacbdad/node_type?resourceVersion=id%3A64646"
            },
            "self": {
              "href": "https://prodh2cueemw.main.acsf.baywsf.com/jsonapi/node/answer/3c8fa271-6779-4a4a-b412-752a2bacbdad/relationships/node_type?resourceVersion=id%3A64646"
            }
          }
        },
        "revision_uid": {
          "data": {
            "type": "user--user",
            "id": "4f8a4079-386c-4b93-b029-aa9dac8e6430",
            "meta": { "drupal_internal__target_id": 3091 }
          },
          "links": {
            "related": {
              "href": "https://prodh2cueemw.main.acsf.baywsf.com/jsonapi/node/answer/3c8fa271-6779-4a4a-b412-752a2bacbdad/revision_uid?resourceVersion=id%3A64646"
            },
            "self": {
              "href": "https://prodh2cueemw.main.acsf.baywsf.com/jsonapi/node/answer/3c8fa271-6779-4a4a-b412-752a2bacbdad/relationships/revision_uid?resourceVersion=id%3A64646"
            }
          }
        },
        "uid": {
          "data": {
            "type": "user--user",
            "id": "4f8a4079-386c-4b93-b029-aa9dac8e6430",
            "meta": { "drupal_internal__target_id": 3091 }
          },
          "links": {
            "related": {
              "href": "https://prodh2cueemw.main.acsf.baywsf.com/jsonapi/node/answer/3c8fa271-6779-4a4a-b412-752a2bacbdad/uid?resourceVersion=id%3A64646"
            },
            "self": {
              "href": "https://prodh2cueemw.main.acsf.baywsf.com/jsonapi/node/answer/3c8fa271-6779-4a4a-b412-752a2bacbdad/relationships/uid?resourceVersion=id%3A64646"
            }
          }
        },
        "field_schema_json_ld_file": {
          "data": null,
          "links": {
            "related": {
              "href": "https://prodh2cueemw.main.acsf.baywsf.com/jsonapi/node/answer/3c8fa271-6779-4a4a-b412-752a2bacbdad/field_schema_json_ld_file?resourceVersion=id%3A64646"
            },
            "self": {
              "href": "https://prodh2cueemw.main.acsf.baywsf.com/jsonapi/node/answer/3c8fa271-6779-4a4a-b412-752a2bacbdad/relationships/field_schema_json_ld_file?resourceVersion=id%3A64646"
            }
          }
        },
        "field_answer_category": {
          "data": [],
          "links": {
            "related": {
              "href": "https://prodh2cueemw.main.acsf.baywsf.com/jsonapi/node/answer/3c8fa271-6779-4a4a-b412-752a2bacbdad/field_answer_category?resourceVersion=id%3A64646"
            },
            "self": {
              "href": "https://prodh2cueemw.main.acsf.baywsf.com/jsonapi/node/answer/3c8fa271-6779-4a4a-b412-752a2bacbdad/relationships/field_answer_category?resourceVersion=id%3A64646"
            }
          }
        },
        "field_next_question": {
          "data": null,
          "links": {
            "related": {
              "href": "https://prodh2cueemw.main.acsf.baywsf.com/jsonapi/node/answer/3c8fa271-6779-4a4a-b412-752a2bacbdad/field_next_question?resourceVersion=id%3A64646"
            },
            "self": {
              "href": "https://prodh2cueemw.main.acsf.baywsf.com/jsonapi/node/answer/3c8fa271-6779-4a4a-b412-752a2bacbdad/relationships/field_next_question?resourceVersion=id%3A64646"
            }
          }
        },
        "field_result": {
          "data": null,
          "links": {
            "related": {
              "href": "https://prodh2cueemw.main.acsf.baywsf.com/jsonapi/node/answer/3c8fa271-6779-4a4a-b412-752a2bacbdad/field_result?resourceVersion=id%3A64646"
            },
            "self": {
              "href": "https://prodh2cueemw.main.acsf.baywsf.com/jsonapi/node/answer/3c8fa271-6779-4a4a-b412-752a2bacbdad/relationships/field_result?resourceVersion=id%3A64646"
            }
          }
        }
      }
    },
    {
      "type": "node--answer",
      "id": "823c1698-5ff0-4902-909b-b4b0c7e4633f",
      "links": {
        "self": {
          "href": "https://prodh2cueemw.main.acsf.baywsf.com/jsonapi/node/answer/823c1698-5ff0-4902-909b-b4b0c7e4633f?resourceVersion=id%3A64651"
        }
      },
      "attributes": {
        "drupal_internal__nid": 1441,
        "drupal_internal__vid": 64651,
        "langcode": "it",
        "revision_timestamp": "2023-04-18T16:39:43+00:00",
        "revision_log": null,
        "status": true,
        "title": "Dolore cervicale: il dolore parte dal collo e risale lungo la nuca fino ad arrivare alla sommit\u00e0 del capo. Alle volte il dolore si limita al collo e alle spalle.",
        "created": "2023-04-18T16:39:43+00:00",
        "changed": "2023-04-18T16:39:43+00:00",
        "promote": true,
        "sticky": false,
        "default_langcode": true,
        "revision_translation_affected": true,
        "moderation_state": null,
        "metatag": null,
        "path": { "alias": null, "pid": null, "langcode": "it" },
        "private": false,
        "field_metatags": null,
        "content_translation_source": "und",
        "content_translation_outdated": false,
        "published_at": "2023-04-18T16:42:52+00:00",
        "field_answer_summary": null,
        "field_instruction": null
      },
      "relationships": {
        "node_type": {
          "data": {
            "type": "node_type--node_type",
            "id": "2b9459ba-6e80-4cd4-b243-d970bac27c44",
            "meta": { "drupal_internal__target_id": "answer" }
          },
          "links": {
            "related": {
              "href": "https://prodh2cueemw.main.acsf.baywsf.com/jsonapi/node/answer/823c1698-5ff0-4902-909b-b4b0c7e4633f/node_type?resourceVersion=id%3A64651"
            },
            "self": {
              "href": "https://prodh2cueemw.main.acsf.baywsf.com/jsonapi/node/answer/823c1698-5ff0-4902-909b-b4b0c7e4633f/relationships/node_type?resourceVersion=id%3A64651"
            }
          }
        },
        "revision_uid": {
          "data": {
            "type": "user--user",
            "id": "4f8a4079-386c-4b93-b029-aa9dac8e6430",
            "meta": { "drupal_internal__target_id": 3091 }
          },
          "links": {
            "related": {
              "href": "https://prodh2cueemw.main.acsf.baywsf.com/jsonapi/node/answer/823c1698-5ff0-4902-909b-b4b0c7e4633f/revision_uid?resourceVersion=id%3A64651"
            },
            "self": {
              "href": "https://prodh2cueemw.main.acsf.baywsf.com/jsonapi/node/answer/823c1698-5ff0-4902-909b-b4b0c7e4633f/relationships/revision_uid?resourceVersion=id%3A64651"
            }
          }
        },
        "uid": {
          "data": {
            "type": "user--user",
            "id": "4f8a4079-386c-4b93-b029-aa9dac8e6430",
            "meta": { "drupal_internal__target_id": 3091 }
          },
          "links": {
            "related": {
              "href": "https://prodh2cueemw.main.acsf.baywsf.com/jsonapi/node/answer/823c1698-5ff0-4902-909b-b4b0c7e4633f/uid?resourceVersion=id%3A64651"
            },
            "self": {
              "href": "https://prodh2cueemw.main.acsf.baywsf.com/jsonapi/node/answer/823c1698-5ff0-4902-909b-b4b0c7e4633f/relationships/uid?resourceVersion=id%3A64651"
            }
          }
        },
        "field_schema_json_ld_file": {
          "data": null,
          "links": {
            "related": {
              "href": "https://prodh2cueemw.main.acsf.baywsf.com/jsonapi/node/answer/823c1698-5ff0-4902-909b-b4b0c7e4633f/field_schema_json_ld_file?resourceVersion=id%3A64651"
            },
            "self": {
              "href": "https://prodh2cueemw.main.acsf.baywsf.com/jsonapi/node/answer/823c1698-5ff0-4902-909b-b4b0c7e4633f/relationships/field_schema_json_ld_file?resourceVersion=id%3A64651"
            }
          }
        },
        "field_answer_category": {
          "data": [],
          "links": {
            "related": {
              "href": "https://prodh2cueemw.main.acsf.baywsf.com/jsonapi/node/answer/823c1698-5ff0-4902-909b-b4b0c7e4633f/field_answer_category?resourceVersion=id%3A64651"
            },
            "self": {
              "href": "https://prodh2cueemw.main.acsf.baywsf.com/jsonapi/node/answer/823c1698-5ff0-4902-909b-b4b0c7e4633f/relationships/field_answer_category?resourceVersion=id%3A64651"
            }
          }
        },
        "field_next_question": {
          "data": null,
          "links": {
            "related": {
              "href": "https://prodh2cueemw.main.acsf.baywsf.com/jsonapi/node/answer/823c1698-5ff0-4902-909b-b4b0c7e4633f/field_next_question?resourceVersion=id%3A64651"
            },
            "self": {
              "href": "https://prodh2cueemw.main.acsf.baywsf.com/jsonapi/node/answer/823c1698-5ff0-4902-909b-b4b0c7e4633f/relationships/field_next_question?resourceVersion=id%3A64651"
            }
          }
        },
        "field_result": {
          "data": null,
          "links": {
            "related": {
              "href": "https://prodh2cueemw.main.acsf.baywsf.com/jsonapi/node/answer/823c1698-5ff0-4902-909b-b4b0c7e4633f/field_result?resourceVersion=id%3A64651"
            },
            "self": {
              "href": "https://prodh2cueemw.main.acsf.baywsf.com/jsonapi/node/answer/823c1698-5ff0-4902-909b-b4b0c7e4633f/relationships/field_result?resourceVersion=id%3A64651"
            }
          }
        }
      }
    },
    {
      "type": "node--answer",
      "id": "b184d2e5-4a34-4bf5-93f7-4b614dfcfa55",
      "links": {
        "self": {
          "href": "https://prodh2cueemw.main.acsf.baywsf.com/jsonapi/node/answer/b184d2e5-4a34-4bf5-93f7-4b614dfcfa55?resourceVersion=id%3A64656"
        }
      },
      "attributes": {
        "drupal_internal__nid": 1446,
        "drupal_internal__vid": 64656,
        "langcode": "it",
        "revision_timestamp": "2023-04-18T16:40:45+00:00",
        "revision_log": null,
        "status": true,
        "title": "Mal di testa da sinusite: il dolore arriva al viso, d\u00e0 una sensazione di pressione su occhi, guance e/o naso e pu\u00f2 peggiorare se si abbassa la faccia.",
        "created": "2023-04-18T16:40:45+00:00",
        "changed": "2023-04-18T16:40:45+00:00",
        "promote": true,
        "sticky": false,
        "default_langcode": true,
        "revision_translation_affected": true,
        "moderation_state": null,
        "metatag": null,
        "path": { "alias": null, "pid": null, "langcode": "it" },
        "private": false,
        "field_metatags": null,
        "content_translation_source": "und",
        "content_translation_outdated": false,
        "published_at": "2023-04-18T16:42:52+00:00",
        "field_answer_summary": null,
        "field_instruction": null
      },
      "relationships": {
        "node_type": {
          "data": {
            "type": "node_type--node_type",
            "id": "2b9459ba-6e80-4cd4-b243-d970bac27c44",
            "meta": { "drupal_internal__target_id": "answer" }
          },
          "links": {
            "related": {
              "href": "https://prodh2cueemw.main.acsf.baywsf.com/jsonapi/node/answer/b184d2e5-4a34-4bf5-93f7-4b614dfcfa55/node_type?resourceVersion=id%3A64656"
            },
            "self": {
              "href": "https://prodh2cueemw.main.acsf.baywsf.com/jsonapi/node/answer/b184d2e5-4a34-4bf5-93f7-4b614dfcfa55/relationships/node_type?resourceVersion=id%3A64656"
            }
          }
        },
        "revision_uid": {
          "data": {
            "type": "user--user",
            "id": "4f8a4079-386c-4b93-b029-aa9dac8e6430",
            "meta": { "drupal_internal__target_id": 3091 }
          },
          "links": {
            "related": {
              "href": "https://prodh2cueemw.main.acsf.baywsf.com/jsonapi/node/answer/b184d2e5-4a34-4bf5-93f7-4b614dfcfa55/revision_uid?resourceVersion=id%3A64656"
            },
            "self": {
              "href": "https://prodh2cueemw.main.acsf.baywsf.com/jsonapi/node/answer/b184d2e5-4a34-4bf5-93f7-4b614dfcfa55/relationships/revision_uid?resourceVersion=id%3A64656"
            }
          }
        },
        "uid": {
          "data": {
            "type": "user--user",
            "id": "4f8a4079-386c-4b93-b029-aa9dac8e6430",
            "meta": { "drupal_internal__target_id": 3091 }
          },
          "links": {
            "related": {
              "href": "https://prodh2cueemw.main.acsf.baywsf.com/jsonapi/node/answer/b184d2e5-4a34-4bf5-93f7-4b614dfcfa55/uid?resourceVersion=id%3A64656"
            },
            "self": {
              "href": "https://prodh2cueemw.main.acsf.baywsf.com/jsonapi/node/answer/b184d2e5-4a34-4bf5-93f7-4b614dfcfa55/relationships/uid?resourceVersion=id%3A64656"
            }
          }
        },
        "field_schema_json_ld_file": {
          "data": null,
          "links": {
            "related": {
              "href": "https://prodh2cueemw.main.acsf.baywsf.com/jsonapi/node/answer/b184d2e5-4a34-4bf5-93f7-4b614dfcfa55/field_schema_json_ld_file?resourceVersion=id%3A64656"
            },
            "self": {
              "href": "https://prodh2cueemw.main.acsf.baywsf.com/jsonapi/node/answer/b184d2e5-4a34-4bf5-93f7-4b614dfcfa55/relationships/field_schema_json_ld_file?resourceVersion=id%3A64656"
            }
          }
        },
        "field_answer_category": {
          "data": [],
          "links": {
            "related": {
              "href": "https://prodh2cueemw.main.acsf.baywsf.com/jsonapi/node/answer/b184d2e5-4a34-4bf5-93f7-4b614dfcfa55/field_answer_category?resourceVersion=id%3A64656"
            },
            "self": {
              "href": "https://prodh2cueemw.main.acsf.baywsf.com/jsonapi/node/answer/b184d2e5-4a34-4bf5-93f7-4b614dfcfa55/relationships/field_answer_category?resourceVersion=id%3A64656"
            }
          }
        },
        "field_next_question": {
          "data": null,
          "links": {
            "related": {
              "href": "https://prodh2cueemw.main.acsf.baywsf.com/jsonapi/node/answer/b184d2e5-4a34-4bf5-93f7-4b614dfcfa55/field_next_question?resourceVersion=id%3A64656"
            },
            "self": {
              "href": "https://prodh2cueemw.main.acsf.baywsf.com/jsonapi/node/answer/b184d2e5-4a34-4bf5-93f7-4b614dfcfa55/relationships/field_next_question?resourceVersion=id%3A64656"
            }
          }
        },
        "field_result": {
          "data": null,
          "links": {
            "related": {
              "href": "https://prodh2cueemw.main.acsf.baywsf.com/jsonapi/node/answer/b184d2e5-4a34-4bf5-93f7-4b614dfcfa55/field_result?resourceVersion=id%3A64656"
            },
            "self": {
              "href": "https://prodh2cueemw.main.acsf.baywsf.com/jsonapi/node/answer/b184d2e5-4a34-4bf5-93f7-4b614dfcfa55/relationships/field_result?resourceVersion=id%3A64656"
            }
          }
        }
      }
    },
    {
      "type": "node--answer",
      "id": "4c650e7d-3a7b-425a-9302-763a36e5c1f8",
      "links": {
        "self": {
          "href": "https://prodh2cueemw.main.acsf.baywsf.com/jsonapi/node/answer/4c650e7d-3a7b-425a-9302-763a36e5c1f8?resourceVersion=id%3A64661"
        }
      },
      "attributes": {
        "drupal_internal__nid": 1451,
        "drupal_internal__vid": 64661,
        "langcode": "it",
        "revision_timestamp": "2023-04-18T16:41:50+00:00",
        "revision_log": null,
        "status": true,
        "title": "Il dolore non assomiglia a nessuna delle condizioni descritte.",
        "created": "2023-04-18T16:41:50+00:00",
        "changed": "2023-04-18T16:41:50+00:00",
        "promote": true,
        "sticky": false,
        "default_langcode": true,
        "revision_translation_affected": true,
        "moderation_state": null,
        "metatag": null,
        "path": { "alias": null, "pid": null, "langcode": "it" },
        "private": false,
        "field_metatags": null,
        "content_translation_source": "und",
        "content_translation_outdated": false,
        "published_at": "2023-04-18T16:42:52+00:00",
        "field_answer_summary": null,
        "field_instruction": null
      },
      "relationships": {
        "node_type": {
          "data": {
            "type": "node_type--node_type",
            "id": "2b9459ba-6e80-4cd4-b243-d970bac27c44",
            "meta": { "drupal_internal__target_id": "answer" }
          },
          "links": {
            "related": {
              "href": "https://prodh2cueemw.main.acsf.baywsf.com/jsonapi/node/answer/4c650e7d-3a7b-425a-9302-763a36e5c1f8/node_type?resourceVersion=id%3A64661"
            },
            "self": {
              "href": "https://prodh2cueemw.main.acsf.baywsf.com/jsonapi/node/answer/4c650e7d-3a7b-425a-9302-763a36e5c1f8/relationships/node_type?resourceVersion=id%3A64661"
            }
          }
        },
        "revision_uid": {
          "data": {
            "type": "user--user",
            "id": "4f8a4079-386c-4b93-b029-aa9dac8e6430",
            "meta": { "drupal_internal__target_id": 3091 }
          },
          "links": {
            "related": {
              "href": "https://prodh2cueemw.main.acsf.baywsf.com/jsonapi/node/answer/4c650e7d-3a7b-425a-9302-763a36e5c1f8/revision_uid?resourceVersion=id%3A64661"
            },
            "self": {
              "href": "https://prodh2cueemw.main.acsf.baywsf.com/jsonapi/node/answer/4c650e7d-3a7b-425a-9302-763a36e5c1f8/relationships/revision_uid?resourceVersion=id%3A64661"
            }
          }
        },
        "uid": {
          "data": {
            "type": "user--user",
            "id": "4f8a4079-386c-4b93-b029-aa9dac8e6430",
            "meta": { "drupal_internal__target_id": 3091 }
          },
          "links": {
            "related": {
              "href": "https://prodh2cueemw.main.acsf.baywsf.com/jsonapi/node/answer/4c650e7d-3a7b-425a-9302-763a36e5c1f8/uid?resourceVersion=id%3A64661"
            },
            "self": {
              "href": "https://prodh2cueemw.main.acsf.baywsf.com/jsonapi/node/answer/4c650e7d-3a7b-425a-9302-763a36e5c1f8/relationships/uid?resourceVersion=id%3A64661"
            }
          }
        },
        "field_schema_json_ld_file": {
          "data": null,
          "links": {
            "related": {
              "href": "https://prodh2cueemw.main.acsf.baywsf.com/jsonapi/node/answer/4c650e7d-3a7b-425a-9302-763a36e5c1f8/field_schema_json_ld_file?resourceVersion=id%3A64661"
            },
            "self": {
              "href": "https://prodh2cueemw.main.acsf.baywsf.com/jsonapi/node/answer/4c650e7d-3a7b-425a-9302-763a36e5c1f8/relationships/field_schema_json_ld_file?resourceVersion=id%3A64661"
            }
          }
        },
        "field_answer_category": {
          "data": [],
          "links": {
            "related": {
              "href": "https://prodh2cueemw.main.acsf.baywsf.com/jsonapi/node/answer/4c650e7d-3a7b-425a-9302-763a36e5c1f8/field_answer_category?resourceVersion=id%3A64661"
            },
            "self": {
              "href": "https://prodh2cueemw.main.acsf.baywsf.com/jsonapi/node/answer/4c650e7d-3a7b-425a-9302-763a36e5c1f8/relationships/field_answer_category?resourceVersion=id%3A64661"
            }
          }
        },
        "field_next_question": {
          "data": null,
          "links": {
            "related": {
              "href": "https://prodh2cueemw.main.acsf.baywsf.com/jsonapi/node/answer/4c650e7d-3a7b-425a-9302-763a36e5c1f8/field_next_question?resourceVersion=id%3A64661"
            },
            "self": {
              "href": "https://prodh2cueemw.main.acsf.baywsf.com/jsonapi/node/answer/4c650e7d-3a7b-425a-9302-763a36e5c1f8/relationships/field_next_question?resourceVersion=id%3A64661"
            }
          }
        },
        "field_result": {
          "data": null,
          "links": {
            "related": {
              "href": "https://prodh2cueemw.main.acsf.baywsf.com/jsonapi/node/answer/4c650e7d-3a7b-425a-9302-763a36e5c1f8/field_result?resourceVersion=id%3A64661"
            },
            "self": {
              "href": "https://prodh2cueemw.main.acsf.baywsf.com/jsonapi/node/answer/4c650e7d-3a7b-425a-9302-763a36e5c1f8/relationships/field_result?resourceVersion=id%3A64661"
            }
          }
        }
      }
    }
  ],
  "links": {
    "self": {
      "href": "https://prodh2cueemw.main.acsf.baywsf.com/jsonapi/node/question/c800cb5f-ce7d-445c-92f3-2d5fed250af5?include=field_answer"
    }
  }
}
