{
  "jsonapi": {
    "version": "1.0",
    "meta": {
      "links": { "self": { "href": "http://jsonapi.org/format/1.0/" } }
    }
  },
  "data": {
    "type": "node--question",
    "id": "fa06a6e8-ed29-44bc-812e-1a6add427c40",
    "links": {
      "self": {
        "href": "https://prodh2cueemw.main.acsf.baywsf.com/jsonapi/node/question/fa06a6e8-ed29-44bc-812e-1a6add427c40?resourceVersion=id%3A64566"
      }
    },
    "attributes": {
      "drupal_internal__nid": 1381,
      "drupal_internal__vid": 64566,
      "langcode": "it",
      "revision_timestamp": "2023-04-18T13:09:44+00:00",
      "revision_log": null,
      "status": true,
      "title": "Quanti anni ha la persona con mal di gola?",
      "created": "2023-04-18T13:09:44+00:00",
      "changed": "2023-04-18T13:20:57+00:00",
      "promote": false,
      "sticky": false,
      "default_langcode": true,
      "revision_translation_affected": true,
      "moderation_state": null,
      "metatag": null,
      "path": { "alias": null, "pid": null, "langcode": "it" },
      "private": false,
      "field_metatags": null,
      "content_translation_source": "und",
      "content_translation_outdated": false,
      "published_at": "2023-04-18T13:10:11+00:00",
      "field_error": null,
      "field_explanation": null,
      "field_instruction": null,
      "field_references": null
    },
    "relationships": {
      "node_type": {
        "data": {
          "type": "node_type--node_type",
          "id": "b36305cf-d6a4-4b58-94fd-9bd56dc48d0a",
          "meta": { "drupal_internal__target_id": "question" }
        },
        "links": {
          "related": {
            "href": "https://prodh2cueemw.main.acsf.baywsf.com/jsonapi/node/question/fa06a6e8-ed29-44bc-812e-1a6add427c40/node_type?resourceVersion=id%3A64566"
          },
          "self": {
            "href": "https://prodh2cueemw.main.acsf.baywsf.com/jsonapi/node/question/fa06a6e8-ed29-44bc-812e-1a6add427c40/relationships/node_type?resourceVersion=id%3A64566"
          }
        }
      },
      "revision_uid": {
        "data": {
          "type": "user--user",
          "id": "4f8a4079-386c-4b93-b029-aa9dac8e6430",
          "meta": { "drupal_internal__target_id": 3091 }
        },
        "links": {
          "related": {
            "href": "https://prodh2cueemw.main.acsf.baywsf.com/jsonapi/node/question/fa06a6e8-ed29-44bc-812e-1a6add427c40/revision_uid?resourceVersion=id%3A64566"
          },
          "self": {
            "href": "https://prodh2cueemw.main.acsf.baywsf.com/jsonapi/node/question/fa06a6e8-ed29-44bc-812e-1a6add427c40/relationships/revision_uid?resourceVersion=id%3A64566"
          }
        }
      },
      "uid": {
        "data": {
          "type": "user--user",
          "id": "4f8a4079-386c-4b93-b029-aa9dac8e6430",
          "meta": { "drupal_internal__target_id": 3091 }
        },
        "links": {
          "related": {
            "href": "https://prodh2cueemw.main.acsf.baywsf.com/jsonapi/node/question/fa06a6e8-ed29-44bc-812e-1a6add427c40/uid?resourceVersion=id%3A64566"
          },
          "self": {
            "href": "https://prodh2cueemw.main.acsf.baywsf.com/jsonapi/node/question/fa06a6e8-ed29-44bc-812e-1a6add427c40/relationships/uid?resourceVersion=id%3A64566"
          }
        }
      },
      "field_schema_json_ld_file": {
        "data": null,
        "links": {
          "related": {
            "href": "https://prodh2cueemw.main.acsf.baywsf.com/jsonapi/node/question/fa06a6e8-ed29-44bc-812e-1a6add427c40/field_schema_json_ld_file?resourceVersion=id%3A64566"
          },
          "self": {
            "href": "https://prodh2cueemw.main.acsf.baywsf.com/jsonapi/node/question/fa06a6e8-ed29-44bc-812e-1a6add427c40/relationships/field_schema_json_ld_file?resourceVersion=id%3A64566"
          }
        }
      },
      "field_actions": {
        "data": [],
        "links": {
          "related": {
            "href": "https://prodh2cueemw.main.acsf.baywsf.com/jsonapi/node/question/fa06a6e8-ed29-44bc-812e-1a6add427c40/field_actions?resourceVersion=id%3A64566"
          },
          "self": {
            "href": "https://prodh2cueemw.main.acsf.baywsf.com/jsonapi/node/question/fa06a6e8-ed29-44bc-812e-1a6add427c40/relationships/field_actions?resourceVersion=id%3A64566"
          }
        }
      },
      "field_answer": {
        "data": [
          {
            "type": "node--answer",
            "id": "65ebf05d-8ccc-4496-a1a4-14d150ecbffb",
            "meta": { "drupal_internal__target_id": 1376 }
          },
          {
            "type": "node--answer",
            "id": "d6e07a33-cae8-4db5-a0bd-66336bb3afb4",
            "meta": { "drupal_internal__target_id": 1386 }
          },
          {
            "type": "node--answer",
            "id": "90385c8b-e682-4f80-b1b4-bf2c88f9b74b",
            "meta": { "drupal_internal__target_id": 1391 }
          },
          {
            "type": "node--answer",
            "id": "18eb8c83-2525-474f-851a-57e0e1643896",
            "meta": { "drupal_internal__target_id": 1396 }
          }
        ],
        "links": {
          "related": {
            "href": "https://prodh2cueemw.main.acsf.baywsf.com/jsonapi/node/question/fa06a6e8-ed29-44bc-812e-1a6add427c40/field_answer?resourceVersion=id%3A64566"
          },
          "self": {
            "href": "https://prodh2cueemw.main.acsf.baywsf.com/jsonapi/node/question/fa06a6e8-ed29-44bc-812e-1a6add427c40/relationships/field_answer?resourceVersion=id%3A64566"
          }
        }
      },
      "field_correct": {
        "data": [],
        "links": {
          "related": {
            "href": "https://prodh2cueemw.main.acsf.baywsf.com/jsonapi/node/question/fa06a6e8-ed29-44bc-812e-1a6add427c40/field_correct?resourceVersion=id%3A64566"
          },
          "self": {
            "href": "https://prodh2cueemw.main.acsf.baywsf.com/jsonapi/node/question/fa06a6e8-ed29-44bc-812e-1a6add427c40/relationships/field_correct?resourceVersion=id%3A64566"
          }
        }
      },
      "field_question_group": {
        "data": [],
        "links": {
          "related": {
            "href": "https://prodh2cueemw.main.acsf.baywsf.com/jsonapi/node/question/fa06a6e8-ed29-44bc-812e-1a6add427c40/field_question_group?resourceVersion=id%3A64566"
          },
          "self": {
            "href": "https://prodh2cueemw.main.acsf.baywsf.com/jsonapi/node/question/fa06a6e8-ed29-44bc-812e-1a6add427c40/relationships/field_question_group?resourceVersion=id%3A64566"
          }
        }
      }
    }
  },
  "included": [
    {
      "type": "node--answer",
      "id": "65ebf05d-8ccc-4496-a1a4-14d150ecbffb",
      "links": {
        "self": {
          "href": "https://prodh2cueemw.main.acsf.baywsf.com/jsonapi/node/answer/65ebf05d-8ccc-4496-a1a4-14d150ecbffb?resourceVersion=id%3A64561"
        }
      },
      "attributes": {
        "drupal_internal__nid": 1376,
        "drupal_internal__vid": 64561,
        "langcode": "it",
        "revision_timestamp": "2023-04-18T13:08:57+00:00",
        "revision_log": null,
        "status": true,
        "title": "Meno di 6 anni",
        "created": "2023-04-18T13:08:57+00:00",
        "changed": "2023-04-18T13:08:57+00:00",
        "promote": true,
        "sticky": false,
        "default_langcode": true,
        "revision_translation_affected": true,
        "moderation_state": null,
        "metatag": null,
        "path": { "alias": null, "pid": null, "langcode": "it" },
        "private": false,
        "field_metatags": null,
        "content_translation_source": "und",
        "content_translation_outdated": false,
        "published_at": "2023-04-18T13:10:11+00:00",
        "field_answer_summary": null,
        "field_instruction": null
      },
      "relationships": {
        "node_type": {
          "data": {
            "type": "node_type--node_type",
            "id": "2b9459ba-6e80-4cd4-b243-d970bac27c44",
            "meta": { "drupal_internal__target_id": "answer" }
          },
          "links": {
            "related": {
              "href": "https://prodh2cueemw.main.acsf.baywsf.com/jsonapi/node/answer/65ebf05d-8ccc-4496-a1a4-14d150ecbffb/node_type?resourceVersion=id%3A64561"
            },
            "self": {
              "href": "https://prodh2cueemw.main.acsf.baywsf.com/jsonapi/node/answer/65ebf05d-8ccc-4496-a1a4-14d150ecbffb/relationships/node_type?resourceVersion=id%3A64561"
            }
          }
        },
        "revision_uid": {
          "data": {
            "type": "user--user",
            "id": "4f8a4079-386c-4b93-b029-aa9dac8e6430",
            "meta": { "drupal_internal__target_id": 3091 }
          },
          "links": {
            "related": {
              "href": "https://prodh2cueemw.main.acsf.baywsf.com/jsonapi/node/answer/65ebf05d-8ccc-4496-a1a4-14d150ecbffb/revision_uid?resourceVersion=id%3A64561"
            },
            "self": {
              "href": "https://prodh2cueemw.main.acsf.baywsf.com/jsonapi/node/answer/65ebf05d-8ccc-4496-a1a4-14d150ecbffb/relationships/revision_uid?resourceVersion=id%3A64561"
            }
          }
        },
        "uid": {
          "data": {
            "type": "user--user",
            "id": "4f8a4079-386c-4b93-b029-aa9dac8e6430",
            "meta": { "drupal_internal__target_id": 3091 }
          },
          "links": {
            "related": {
              "href": "https://prodh2cueemw.main.acsf.baywsf.com/jsonapi/node/answer/65ebf05d-8ccc-4496-a1a4-14d150ecbffb/uid?resourceVersion=id%3A64561"
            },
            "self": {
              "href": "https://prodh2cueemw.main.acsf.baywsf.com/jsonapi/node/answer/65ebf05d-8ccc-4496-a1a4-14d150ecbffb/relationships/uid?resourceVersion=id%3A64561"
            }
          }
        },
        "field_schema_json_ld_file": {
          "data": null,
          "links": {
            "related": {
              "href": "https://prodh2cueemw.main.acsf.baywsf.com/jsonapi/node/answer/65ebf05d-8ccc-4496-a1a4-14d150ecbffb/field_schema_json_ld_file?resourceVersion=id%3A64561"
            },
            "self": {
              "href": "https://prodh2cueemw.main.acsf.baywsf.com/jsonapi/node/answer/65ebf05d-8ccc-4496-a1a4-14d150ecbffb/relationships/field_schema_json_ld_file?resourceVersion=id%3A64561"
            }
          }
        },
        "field_answer_category": {
          "data": [],
          "links": {
            "related": {
              "href": "https://prodh2cueemw.main.acsf.baywsf.com/jsonapi/node/answer/65ebf05d-8ccc-4496-a1a4-14d150ecbffb/field_answer_category?resourceVersion=id%3A64561"
            },
            "self": {
              "href": "https://prodh2cueemw.main.acsf.baywsf.com/jsonapi/node/answer/65ebf05d-8ccc-4496-a1a4-14d150ecbffb/relationships/field_answer_category?resourceVersion=id%3A64561"
            }
          }
        },
        "field_next_question": {
          "data": null,
          "links": {
            "related": {
              "href": "https://prodh2cueemw.main.acsf.baywsf.com/jsonapi/node/answer/65ebf05d-8ccc-4496-a1a4-14d150ecbffb/field_next_question?resourceVersion=id%3A64561"
            },
            "self": {
              "href": "https://prodh2cueemw.main.acsf.baywsf.com/jsonapi/node/answer/65ebf05d-8ccc-4496-a1a4-14d150ecbffb/relationships/field_next_question?resourceVersion=id%3A64561"
            }
          }
        },
        "field_result": {
          "data": null,
          "links": {
            "related": {
              "href": "https://prodh2cueemw.main.acsf.baywsf.com/jsonapi/node/answer/65ebf05d-8ccc-4496-a1a4-14d150ecbffb/field_result?resourceVersion=id%3A64561"
            },
            "self": {
              "href": "https://prodh2cueemw.main.acsf.baywsf.com/jsonapi/node/answer/65ebf05d-8ccc-4496-a1a4-14d150ecbffb/relationships/field_result?resourceVersion=id%3A64561"
            }
          }
        }
      }
    },
    {
      "type": "node--answer",
      "id": "d6e07a33-cae8-4db5-a0bd-66336bb3afb4",
      "links": {
        "self": {
          "href": "https://prodh2cueemw.main.acsf.baywsf.com/jsonapi/node/answer/d6e07a33-cae8-4db5-a0bd-66336bb3afb4?resourceVersion=id%3A64576"
        }
      },
      "attributes": {
        "drupal_internal__nid": 1386,
        "drupal_internal__vid": 64576,
        "langcode": "it",
        "revision_timestamp": "2023-04-18T13:12:49+00:00",
        "revision_log": null,
        "status": true,
        "title": "Tra i 6 e 11 anni",
        "created": "2023-04-18T13:12:49+00:00",
        "changed": "2023-04-18T13:12:49+00:00",
        "promote": true,
        "sticky": false,
        "default_langcode": true,
        "revision_translation_affected": true,
        "moderation_state": null,
        "metatag": null,
        "path": { "alias": null, "pid": null, "langcode": "it" },
        "private": false,
        "field_metatags": null,
        "content_translation_source": "und",
        "content_translation_outdated": false,
        "published_at": "2023-04-18T13:20:57+00:00",
        "field_answer_summary": null,
        "field_instruction": null
      },
      "relationships": {
        "node_type": {
          "data": {
            "type": "node_type--node_type",
            "id": "2b9459ba-6e80-4cd4-b243-d970bac27c44",
            "meta": { "drupal_internal__target_id": "answer" }
          },
          "links": {
            "related": {
              "href": "https://prodh2cueemw.main.acsf.baywsf.com/jsonapi/node/answer/d6e07a33-cae8-4db5-a0bd-66336bb3afb4/node_type?resourceVersion=id%3A64576"
            },
            "self": {
              "href": "https://prodh2cueemw.main.acsf.baywsf.com/jsonapi/node/answer/d6e07a33-cae8-4db5-a0bd-66336bb3afb4/relationships/node_type?resourceVersion=id%3A64576"
            }
          }
        },
        "revision_uid": {
          "data": {
            "type": "user--user",
            "id": "4f8a4079-386c-4b93-b029-aa9dac8e6430",
            "meta": { "drupal_internal__target_id": 3091 }
          },
          "links": {
            "related": {
              "href": "https://prodh2cueemw.main.acsf.baywsf.com/jsonapi/node/answer/d6e07a33-cae8-4db5-a0bd-66336bb3afb4/revision_uid?resourceVersion=id%3A64576"
            },
            "self": {
              "href": "https://prodh2cueemw.main.acsf.baywsf.com/jsonapi/node/answer/d6e07a33-cae8-4db5-a0bd-66336bb3afb4/relationships/revision_uid?resourceVersion=id%3A64576"
            }
          }
        },
        "uid": {
          "data": {
            "type": "user--user",
            "id": "4f8a4079-386c-4b93-b029-aa9dac8e6430",
            "meta": { "drupal_internal__target_id": 3091 }
          },
          "links": {
            "related": {
              "href": "https://prodh2cueemw.main.acsf.baywsf.com/jsonapi/node/answer/d6e07a33-cae8-4db5-a0bd-66336bb3afb4/uid?resourceVersion=id%3A64576"
            },
            "self": {
              "href": "https://prodh2cueemw.main.acsf.baywsf.com/jsonapi/node/answer/d6e07a33-cae8-4db5-a0bd-66336bb3afb4/relationships/uid?resourceVersion=id%3A64576"
            }
          }
        },
        "field_schema_json_ld_file": {
          "data": null,
          "links": {
            "related": {
              "href": "https://prodh2cueemw.main.acsf.baywsf.com/jsonapi/node/answer/d6e07a33-cae8-4db5-a0bd-66336bb3afb4/field_schema_json_ld_file?resourceVersion=id%3A64576"
            },
            "self": {
              "href": "https://prodh2cueemw.main.acsf.baywsf.com/jsonapi/node/answer/d6e07a33-cae8-4db5-a0bd-66336bb3afb4/relationships/field_schema_json_ld_file?resourceVersion=id%3A64576"
            }
          }
        },
        "field_answer_category": {
          "data": [],
          "links": {
            "related": {
              "href": "https://prodh2cueemw.main.acsf.baywsf.com/jsonapi/node/answer/d6e07a33-cae8-4db5-a0bd-66336bb3afb4/field_answer_category?resourceVersion=id%3A64576"
            },
            "self": {
              "href": "https://prodh2cueemw.main.acsf.baywsf.com/jsonapi/node/answer/d6e07a33-cae8-4db5-a0bd-66336bb3afb4/relationships/field_answer_category?resourceVersion=id%3A64576"
            }
          }
        },
        "field_next_question": {
          "data": null,
          "links": {
            "related": {
              "href": "https://prodh2cueemw.main.acsf.baywsf.com/jsonapi/node/answer/d6e07a33-cae8-4db5-a0bd-66336bb3afb4/field_next_question?resourceVersion=id%3A64576"
            },
            "self": {
              "href": "https://prodh2cueemw.main.acsf.baywsf.com/jsonapi/node/answer/d6e07a33-cae8-4db5-a0bd-66336bb3afb4/relationships/field_next_question?resourceVersion=id%3A64576"
            }
          }
        },
        "field_result": {
          "data": null,
          "links": {
            "related": {
              "href": "https://prodh2cueemw.main.acsf.baywsf.com/jsonapi/node/answer/d6e07a33-cae8-4db5-a0bd-66336bb3afb4/field_result?resourceVersion=id%3A64576"
            },
            "self": {
              "href": "https://prodh2cueemw.main.acsf.baywsf.com/jsonapi/node/answer/d6e07a33-cae8-4db5-a0bd-66336bb3afb4/relationships/field_result?resourceVersion=id%3A64576"
            }
          }
        }
      }
    },
    {
      "type": "node--answer",
      "id": "90385c8b-e682-4f80-b1b4-bf2c88f9b74b",
      "links": {
        "self": {
          "href": "https://prodh2cueemw.main.acsf.baywsf.com/jsonapi/node/answer/90385c8b-e682-4f80-b1b4-bf2c88f9b74b?resourceVersion=id%3A64581"
        }
      },
      "attributes": {
        "drupal_internal__nid": 1391,
        "drupal_internal__vid": 64581,
        "langcode": "it",
        "revision_timestamp": "2023-04-18T13:13:59+00:00",
        "revision_log": null,
        "status": true,
        "title": "Tra i 12 e 17 anni",
        "created": "2023-04-18T13:13:59+00:00",
        "changed": "2023-04-18T13:13:59+00:00",
        "promote": true,
        "sticky": false,
        "default_langcode": true,
        "revision_translation_affected": true,
        "moderation_state": null,
        "metatag": null,
        "path": { "alias": null, "pid": null, "langcode": "it" },
        "private": false,
        "field_metatags": null,
        "content_translation_source": "und",
        "content_translation_outdated": false,
        "published_at": "2023-04-18T13:20:57+00:00",
        "field_answer_summary": null,
        "field_instruction": null
      },
      "relationships": {
        "node_type": {
          "data": {
            "type": "node_type--node_type",
            "id": "2b9459ba-6e80-4cd4-b243-d970bac27c44",
            "meta": { "drupal_internal__target_id": "answer" }
          },
          "links": {
            "related": {
              "href": "https://prodh2cueemw.main.acsf.baywsf.com/jsonapi/node/answer/90385c8b-e682-4f80-b1b4-bf2c88f9b74b/node_type?resourceVersion=id%3A64581"
            },
            "self": {
              "href": "https://prodh2cueemw.main.acsf.baywsf.com/jsonapi/node/answer/90385c8b-e682-4f80-b1b4-bf2c88f9b74b/relationships/node_type?resourceVersion=id%3A64581"
            }
          }
        },
        "revision_uid": {
          "data": {
            "type": "user--user",
            "id": "4f8a4079-386c-4b93-b029-aa9dac8e6430",
            "meta": { "drupal_internal__target_id": 3091 }
          },
          "links": {
            "related": {
              "href": "https://prodh2cueemw.main.acsf.baywsf.com/jsonapi/node/answer/90385c8b-e682-4f80-b1b4-bf2c88f9b74b/revision_uid?resourceVersion=id%3A64581"
            },
            "self": {
              "href": "https://prodh2cueemw.main.acsf.baywsf.com/jsonapi/node/answer/90385c8b-e682-4f80-b1b4-bf2c88f9b74b/relationships/revision_uid?resourceVersion=id%3A64581"
            }
          }
        },
        "uid": {
          "data": {
            "type": "user--user",
            "id": "4f8a4079-386c-4b93-b029-aa9dac8e6430",
            "meta": { "drupal_internal__target_id": 3091 }
          },
          "links": {
            "related": {
              "href": "https://prodh2cueemw.main.acsf.baywsf.com/jsonapi/node/answer/90385c8b-e682-4f80-b1b4-bf2c88f9b74b/uid?resourceVersion=id%3A64581"
            },
            "self": {
              "href": "https://prodh2cueemw.main.acsf.baywsf.com/jsonapi/node/answer/90385c8b-e682-4f80-b1b4-bf2c88f9b74b/relationships/uid?resourceVersion=id%3A64581"
            }
          }
        },
        "field_schema_json_ld_file": {
          "data": null,
          "links": {
            "related": {
              "href": "https://prodh2cueemw.main.acsf.baywsf.com/jsonapi/node/answer/90385c8b-e682-4f80-b1b4-bf2c88f9b74b/field_schema_json_ld_file?resourceVersion=id%3A64581"
            },
            "self": {
              "href": "https://prodh2cueemw.main.acsf.baywsf.com/jsonapi/node/answer/90385c8b-e682-4f80-b1b4-bf2c88f9b74b/relationships/field_schema_json_ld_file?resourceVersion=id%3A64581"
            }
          }
        },
        "field_answer_category": {
          "data": [],
          "links": {
            "related": {
              "href": "https://prodh2cueemw.main.acsf.baywsf.com/jsonapi/node/answer/90385c8b-e682-4f80-b1b4-bf2c88f9b74b/field_answer_category?resourceVersion=id%3A64581"
            },
            "self": {
              "href": "https://prodh2cueemw.main.acsf.baywsf.com/jsonapi/node/answer/90385c8b-e682-4f80-b1b4-bf2c88f9b74b/relationships/field_answer_category?resourceVersion=id%3A64581"
            }
          }
        },
        "field_next_question": {
          "data": null,
          "links": {
            "related": {
              "href": "https://prodh2cueemw.main.acsf.baywsf.com/jsonapi/node/answer/90385c8b-e682-4f80-b1b4-bf2c88f9b74b/field_next_question?resourceVersion=id%3A64581"
            },
            "self": {
              "href": "https://prodh2cueemw.main.acsf.baywsf.com/jsonapi/node/answer/90385c8b-e682-4f80-b1b4-bf2c88f9b74b/relationships/field_next_question?resourceVersion=id%3A64581"
            }
          }
        },
        "field_result": {
          "data": null,
          "links": {
            "related": {
              "href": "https://prodh2cueemw.main.acsf.baywsf.com/jsonapi/node/answer/90385c8b-e682-4f80-b1b4-bf2c88f9b74b/field_result?resourceVersion=id%3A64581"
            },
            "self": {
              "href": "https://prodh2cueemw.main.acsf.baywsf.com/jsonapi/node/answer/90385c8b-e682-4f80-b1b4-bf2c88f9b74b/relationships/field_result?resourceVersion=id%3A64581"
            }
          }
        }
      }
    },
    {
      "type": "node--answer",
      "id": "18eb8c83-2525-474f-851a-57e0e1643896",
      "links": {
        "self": {
          "href": "https://prodh2cueemw.main.acsf.baywsf.com/jsonapi/node/answer/18eb8c83-2525-474f-851a-57e0e1643896?resourceVersion=id%3A64586"
        }
      },
      "attributes": {
        "drupal_internal__nid": 1396,
        "drupal_internal__vid": 64586,
        "langcode": "it",
        "revision_timestamp": "2023-04-18T13:15:04+00:00",
        "revision_log": null,
        "status": true,
        "title": "18 anni o pi\u00f9",
        "created": "2023-04-18T13:15:04+00:00",
        "changed": "2023-04-18T13:15:04+00:00",
        "promote": true,
        "sticky": false,
        "default_langcode": true,
        "revision_translation_affected": true,
        "moderation_state": null,
        "metatag": null,
        "path": { "alias": null, "pid": null, "langcode": "it" },
        "private": false,
        "field_metatags": null,
        "content_translation_source": "und",
        "content_translation_outdated": false,
        "published_at": "2023-04-18T13:20:57+00:00",
        "field_answer_summary": null,
        "field_instruction": null
      },
      "relationships": {
        "node_type": {
          "data": {
            "type": "node_type--node_type",
            "id": "2b9459ba-6e80-4cd4-b243-d970bac27c44",
            "meta": { "drupal_internal__target_id": "answer" }
          },
          "links": {
            "related": {
              "href": "https://prodh2cueemw.main.acsf.baywsf.com/jsonapi/node/answer/18eb8c83-2525-474f-851a-57e0e1643896/node_type?resourceVersion=id%3A64586"
            },
            "self": {
              "href": "https://prodh2cueemw.main.acsf.baywsf.com/jsonapi/node/answer/18eb8c83-2525-474f-851a-57e0e1643896/relationships/node_type?resourceVersion=id%3A64586"
            }
          }
        },
        "revision_uid": {
          "data": {
            "type": "user--user",
            "id": "4f8a4079-386c-4b93-b029-aa9dac8e6430",
            "meta": { "drupal_internal__target_id": 3091 }
          },
          "links": {
            "related": {
              "href": "https://prodh2cueemw.main.acsf.baywsf.com/jsonapi/node/answer/18eb8c83-2525-474f-851a-57e0e1643896/revision_uid?resourceVersion=id%3A64586"
            },
            "self": {
              "href": "https://prodh2cueemw.main.acsf.baywsf.com/jsonapi/node/answer/18eb8c83-2525-474f-851a-57e0e1643896/relationships/revision_uid?resourceVersion=id%3A64586"
            }
          }
        },
        "uid": {
          "data": {
            "type": "user--user",
            "id": "4f8a4079-386c-4b93-b029-aa9dac8e6430",
            "meta": { "drupal_internal__target_id": 3091 }
          },
          "links": {
            "related": {
              "href": "https://prodh2cueemw.main.acsf.baywsf.com/jsonapi/node/answer/18eb8c83-2525-474f-851a-57e0e1643896/uid?resourceVersion=id%3A64586"
            },
            "self": {
              "href": "https://prodh2cueemw.main.acsf.baywsf.com/jsonapi/node/answer/18eb8c83-2525-474f-851a-57e0e1643896/relationships/uid?resourceVersion=id%3A64586"
            }
          }
        },
        "field_schema_json_ld_file": {
          "data": null,
          "links": {
            "related": {
              "href": "https://prodh2cueemw.main.acsf.baywsf.com/jsonapi/node/answer/18eb8c83-2525-474f-851a-57e0e1643896/field_schema_json_ld_file?resourceVersion=id%3A64586"
            },
            "self": {
              "href": "https://prodh2cueemw.main.acsf.baywsf.com/jsonapi/node/answer/18eb8c83-2525-474f-851a-57e0e1643896/relationships/field_schema_json_ld_file?resourceVersion=id%3A64586"
            }
          }
        },
        "field_answer_category": {
          "data": [],
          "links": {
            "related": {
              "href": "https://prodh2cueemw.main.acsf.baywsf.com/jsonapi/node/answer/18eb8c83-2525-474f-851a-57e0e1643896/field_answer_category?resourceVersion=id%3A64586"
            },
            "self": {
              "href": "https://prodh2cueemw.main.acsf.baywsf.com/jsonapi/node/answer/18eb8c83-2525-474f-851a-57e0e1643896/relationships/field_answer_category?resourceVersion=id%3A64586"
            }
          }
        },
        "field_next_question": {
          "data": null,
          "links": {
            "related": {
              "href": "https://prodh2cueemw.main.acsf.baywsf.com/jsonapi/node/answer/18eb8c83-2525-474f-851a-57e0e1643896/field_next_question?resourceVersion=id%3A64586"
            },
            "self": {
              "href": "https://prodh2cueemw.main.acsf.baywsf.com/jsonapi/node/answer/18eb8c83-2525-474f-851a-57e0e1643896/relationships/field_next_question?resourceVersion=id%3A64586"
            }
          }
        },
        "field_result": {
          "data": null,
          "links": {
            "related": {
              "href": "https://prodh2cueemw.main.acsf.baywsf.com/jsonapi/node/answer/18eb8c83-2525-474f-851a-57e0e1643896/field_result?resourceVersion=id%3A64586"
            },
            "self": {
              "href": "https://prodh2cueemw.main.acsf.baywsf.com/jsonapi/node/answer/18eb8c83-2525-474f-851a-57e0e1643896/relationships/field_result?resourceVersion=id%3A64586"
            }
          }
        }
      }
    }
  ],
  "links": {
    "self": {
      "href": "https://prodh2cueemw.main.acsf.baywsf.com/jsonapi/node/question/fa06a6e8-ed29-44bc-812e-1a6add427c40?include=field_answer"
    }
  }
}
