{
  "jsonapi": {
    "version": "1.0",
    "meta": {
      "links": { "self": { "href": "http://jsonapi.org/format/1.0/" } }
    }
  },
  "data": {
    "type": "node--question",
    "id": "d69d9e29-c8ec-4010-8aa1-471231748416",
    "links": {
      "self": {
        "href": "https://prodbo27sgjr.main.acsf.baywsf.com/jsonapi/node/question/d69d9e29-c8ec-4010-8aa1-471231748416?resourceVersion=id%3A11866"
      }
    },
    "attributes": {
      "drupal_internal__nid": 496,
      "drupal_internal__vid": 11866,
      "langcode": "en",
      "revision_timestamp": "2020-07-30T11:07:40+00:00",
      "revision_log": null,
      "status": true,
      "title": "During your period, do you worry about having accidents related to bleeding?",
      "created": "2020-07-09T15:32:07+00:00",
      "changed": "2020-07-30T11:07:40+00:00",
      "promote": false,
      "sticky": false,
      "default_langcode": true,
      "revision_translation_affected": true,
      "metatag": null,
      "path": { "alias": null, "pid": null, "langcode": "en" },
      "private": false,
      "field_metatags": null,
      "last_updated_date": "2020-07-09",
      "field_subheading": null,
      "field_explanation": null,
      "field_instruction": null,
      "field_references": null,
      "field_error": null
    },
    "relationships": {
      "node_type": {
        "data": {
          "type": "node_type--node_type",
          "id": "c1c3cb29-16e3-4e33-9c1c-b0224aec1721"
        },
        "links": {
          "related": {
            "href": "https://prodbo27sgjr.main.acsf.baywsf.com/jsonapi/node/question/d69d9e29-c8ec-4010-8aa1-471231748416/node_type?resourceVersion=id%3A11866"
          },
          "self": {
            "href": "https://prodbo27sgjr.main.acsf.baywsf.com/jsonapi/node/question/d69d9e29-c8ec-4010-8aa1-471231748416/relationships/node_type?resourceVersion=id%3A11866"
          }
        }
      },
      "revision_uid": {
        "data": {
          "type": "user--user",
          "id": "6c36b155-fb86-4a91-a12b-f56fd432ccad"
        },
        "links": {
          "related": {
            "href": "https://prodbo27sgjr.main.acsf.baywsf.com/jsonapi/node/question/d69d9e29-c8ec-4010-8aa1-471231748416/revision_uid?resourceVersion=id%3A11866"
          },
          "self": {
            "href": "https://prodbo27sgjr.main.acsf.baywsf.com/jsonapi/node/question/d69d9e29-c8ec-4010-8aa1-471231748416/relationships/revision_uid?resourceVersion=id%3A11866"
          }
        }
      },
      "uid": {
        "data": {
          "type": "user--user",
          "id": "914623da-82c3-4943-9597-9d5f6f734100"
        },
        "links": {
          "related": {
            "href": "https://prodbo27sgjr.main.acsf.baywsf.com/jsonapi/node/question/d69d9e29-c8ec-4010-8aa1-471231748416/uid?resourceVersion=id%3A11866"
          },
          "self": {
            "href": "https://prodbo27sgjr.main.acsf.baywsf.com/jsonapi/node/question/d69d9e29-c8ec-4010-8aa1-471231748416/relationships/uid?resourceVersion=id%3A11866"
          }
        }
      },
      "field_related_indication": {
        "data": [],
        "links": {
          "related": {
            "href": "https://prodbo27sgjr.main.acsf.baywsf.com/jsonapi/node/question/d69d9e29-c8ec-4010-8aa1-471231748416/field_related_indication?resourceVersion=id%3A11866"
          },
          "self": {
            "href": "https://prodbo27sgjr.main.acsf.baywsf.com/jsonapi/node/question/d69d9e29-c8ec-4010-8aa1-471231748416/relationships/field_related_indication?resourceVersion=id%3A11866"
          }
        }
      },
      "audience_tag": {
        "data": {
          "type": "taxonomy_term--audience",
          "id": "b7b175de-17ed-49f3-a8de-204b01b37fe3"
        },
        "links": {
          "related": {
            "href": "https://prodbo27sgjr.main.acsf.baywsf.com/jsonapi/node/question/d69d9e29-c8ec-4010-8aa1-471231748416/audience_tag?resourceVersion=id%3A11866"
          },
          "self": {
            "href": "https://prodbo27sgjr.main.acsf.baywsf.com/jsonapi/node/question/d69d9e29-c8ec-4010-8aa1-471231748416/relationships/audience_tag?resourceVersion=id%3A11866"
          }
        }
      },
      "field_actions": {
        "data": [],
        "links": {
          "related": {
            "href": "https://prodbo27sgjr.main.acsf.baywsf.com/jsonapi/node/question/d69d9e29-c8ec-4010-8aa1-471231748416/field_actions?resourceVersion=id%3A11866"
          },
          "self": {
            "href": "https://prodbo27sgjr.main.acsf.baywsf.com/jsonapi/node/question/d69d9e29-c8ec-4010-8aa1-471231748416/relationships/field_actions?resourceVersion=id%3A11866"
          }
        }
      },
      "field_answer": {
        "data": [
          {
            "type": "node--answer",
            "id": "8b28b272-1f80-43fe-b0ac-0210b05cd274"
          },
          {
            "type": "node--answer",
            "id": "d5eea94f-8df8-40f1-bebd-653f68c09405"
          }
        ],
        "links": {
          "related": {
            "href": "https://prodbo27sgjr.main.acsf.baywsf.com/jsonapi/node/question/d69d9e29-c8ec-4010-8aa1-471231748416/field_answer?resourceVersion=id%3A11866"
          },
          "self": {
            "href": "https://prodbo27sgjr.main.acsf.baywsf.com/jsonapi/node/question/d69d9e29-c8ec-4010-8aa1-471231748416/relationships/field_answer?resourceVersion=id%3A11866"
          }
        }
      },
      "field_correct": {
        "data": [
          {
            "type": "node--answer",
            "id": "8b28b272-1f80-43fe-b0ac-0210b05cd274"
          }
        ],
        "links": {
          "related": {
            "href": "https://prodbo27sgjr.main.acsf.baywsf.com/jsonapi/node/question/d69d9e29-c8ec-4010-8aa1-471231748416/field_correct?resourceVersion=id%3A11866"
          },
          "self": {
            "href": "https://prodbo27sgjr.main.acsf.baywsf.com/jsonapi/node/question/d69d9e29-c8ec-4010-8aa1-471231748416/relationships/field_correct?resourceVersion=id%3A11866"
          }
        }
      },
      "field_question_group": {
        "data": [],
        "links": {
          "related": {
            "href": "https://prodbo27sgjr.main.acsf.baywsf.com/jsonapi/node/question/d69d9e29-c8ec-4010-8aa1-471231748416/field_question_group?resourceVersion=id%3A11866"
          },
          "self": {
            "href": "https://prodbo27sgjr.main.acsf.baywsf.com/jsonapi/node/question/d69d9e29-c8ec-4010-8aa1-471231748416/relationships/field_question_group?resourceVersion=id%3A11866"
          }
        }
      }
    }
  },
  "included": [
    {
      "type": "node--answer",
      "id": "8b28b272-1f80-43fe-b0ac-0210b05cd274",
      "links": {
        "self": {
          "href": "https://prodbo27sgjr.main.acsf.baywsf.com/jsonapi/node/answer/8b28b272-1f80-43fe-b0ac-0210b05cd274?resourceVersion=id%3A9376"
        }
      },
      "attributes": {
        "drupal_internal__nid": 476,
        "drupal_internal__vid": 9376,
        "langcode": "en",
        "revision_timestamp": "2020-07-09T15:42:35+00:00",
        "revision_log": null,
        "status": true,
        "title": "Yes",
        "created": "2020-07-09T15:27:23+00:00",
        "changed": "2020-11-03T13:34:20+00:00",
        "promote": true,
        "sticky": false,
        "default_langcode": true,
        "revision_translation_affected": true,
        "metatag": null,
        "path": { "alias": null, "pid": null, "langcode": "en" },
        "private": false,
        "field_metatags": null,
        "last_updated_date": "2020-07-09",
        "field_subheading": null,
        "field_answer_summary": null,
        "field_instruction": null
      },
      "relationships": {
        "node_type": {
          "data": {
            "type": "node_type--node_type",
            "id": "2f4d3cb1-0d20-4796-8e06-90249851c4a7"
          },
          "links": {
            "related": {
              "href": "https://prodbo27sgjr.main.acsf.baywsf.com/jsonapi/node/answer/8b28b272-1f80-43fe-b0ac-0210b05cd274/node_type?resourceVersion=id%3A9376"
            },
            "self": {
              "href": "https://prodbo27sgjr.main.acsf.baywsf.com/jsonapi/node/answer/8b28b272-1f80-43fe-b0ac-0210b05cd274/relationships/node_type?resourceVersion=id%3A9376"
            }
          }
        },
        "revision_uid": {
          "data": {
            "type": "user--user",
            "id": "914623da-82c3-4943-9597-9d5f6f734100"
          },
          "links": {
            "related": {
              "href": "https://prodbo27sgjr.main.acsf.baywsf.com/jsonapi/node/answer/8b28b272-1f80-43fe-b0ac-0210b05cd274/revision_uid?resourceVersion=id%3A9376"
            },
            "self": {
              "href": "https://prodbo27sgjr.main.acsf.baywsf.com/jsonapi/node/answer/8b28b272-1f80-43fe-b0ac-0210b05cd274/relationships/revision_uid?resourceVersion=id%3A9376"
            }
          }
        },
        "uid": {
          "data": {
            "type": "user--user",
            "id": "914623da-82c3-4943-9597-9d5f6f734100"
          },
          "links": {
            "related": {
              "href": "https://prodbo27sgjr.main.acsf.baywsf.com/jsonapi/node/answer/8b28b272-1f80-43fe-b0ac-0210b05cd274/uid?resourceVersion=id%3A9376"
            },
            "self": {
              "href": "https://prodbo27sgjr.main.acsf.baywsf.com/jsonapi/node/answer/8b28b272-1f80-43fe-b0ac-0210b05cd274/relationships/uid?resourceVersion=id%3A9376"
            }
          }
        },
        "field_related_indication": {
          "data": [],
          "links": {
            "related": {
              "href": "https://prodbo27sgjr.main.acsf.baywsf.com/jsonapi/node/answer/8b28b272-1f80-43fe-b0ac-0210b05cd274/field_related_indication?resourceVersion=id%3A9376"
            },
            "self": {
              "href": "https://prodbo27sgjr.main.acsf.baywsf.com/jsonapi/node/answer/8b28b272-1f80-43fe-b0ac-0210b05cd274/relationships/field_related_indication?resourceVersion=id%3A9376"
            }
          }
        },
        "audience_tag": {
          "data": {
            "type": "taxonomy_term--audience",
            "id": "b7b175de-17ed-49f3-a8de-204b01b37fe3"
          },
          "links": {
            "related": {
              "href": "https://prodbo27sgjr.main.acsf.baywsf.com/jsonapi/node/answer/8b28b272-1f80-43fe-b0ac-0210b05cd274/audience_tag?resourceVersion=id%3A9376"
            },
            "self": {
              "href": "https://prodbo27sgjr.main.acsf.baywsf.com/jsonapi/node/answer/8b28b272-1f80-43fe-b0ac-0210b05cd274/relationships/audience_tag?resourceVersion=id%3A9376"
            }
          }
        },
        "field_next_question": {
          "data": null,
          "links": {
            "related": {
              "href": "https://prodbo27sgjr.main.acsf.baywsf.com/jsonapi/node/answer/8b28b272-1f80-43fe-b0ac-0210b05cd274/field_next_question?resourceVersion=id%3A9376"
            },
            "self": {
              "href": "https://prodbo27sgjr.main.acsf.baywsf.com/jsonapi/node/answer/8b28b272-1f80-43fe-b0ac-0210b05cd274/relationships/field_next_question?resourceVersion=id%3A9376"
            }
          }
        },
        "field_result": {
          "data": null,
          "links": {
            "related": {
              "href": "https://prodbo27sgjr.main.acsf.baywsf.com/jsonapi/node/answer/8b28b272-1f80-43fe-b0ac-0210b05cd274/field_result?resourceVersion=id%3A9376"
            },
            "self": {
              "href": "https://prodbo27sgjr.main.acsf.baywsf.com/jsonapi/node/answer/8b28b272-1f80-43fe-b0ac-0210b05cd274/relationships/field_result?resourceVersion=id%3A9376"
            }
          }
        }
      }
    },
    {
      "type": "node--answer",
      "id": "d5eea94f-8df8-40f1-bebd-653f68c09405",
      "links": {
        "self": {
          "href": "https://prodbo27sgjr.main.acsf.baywsf.com/jsonapi/node/answer/d5eea94f-8df8-40f1-bebd-653f68c09405?resourceVersion=id%3A9381"
        }
      },
      "attributes": {
        "drupal_internal__nid": 481,
        "drupal_internal__vid": 9381,
        "langcode": "en",
        "revision_timestamp": "2020-07-09T15:42:49+00:00",
        "revision_log": null,
        "status": true,
        "title": "No",
        "created": "2020-07-09T15:27:34+00:00",
        "changed": "2020-11-03T13:34:20+00:00",
        "promote": true,
        "sticky": false,
        "default_langcode": true,
        "revision_translation_affected": true,
        "metatag": null,
        "path": { "alias": null, "pid": null, "langcode": "en" },
        "private": false,
        "field_metatags": null,
        "last_updated_date": "2020-07-09",
        "field_subheading": null,
        "field_answer_summary": null,
        "field_instruction": null
      },
      "relationships": {
        "node_type": {
          "data": {
            "type": "node_type--node_type",
            "id": "2f4d3cb1-0d20-4796-8e06-90249851c4a7"
          },
          "links": {
            "related": {
              "href": "https://prodbo27sgjr.main.acsf.baywsf.com/jsonapi/node/answer/d5eea94f-8df8-40f1-bebd-653f68c09405/node_type?resourceVersion=id%3A9381"
            },
            "self": {
              "href": "https://prodbo27sgjr.main.acsf.baywsf.com/jsonapi/node/answer/d5eea94f-8df8-40f1-bebd-653f68c09405/relationships/node_type?resourceVersion=id%3A9381"
            }
          }
        },
        "revision_uid": {
          "data": {
            "type": "user--user",
            "id": "914623da-82c3-4943-9597-9d5f6f734100"
          },
          "links": {
            "related": {
              "href": "https://prodbo27sgjr.main.acsf.baywsf.com/jsonapi/node/answer/d5eea94f-8df8-40f1-bebd-653f68c09405/revision_uid?resourceVersion=id%3A9381"
            },
            "self": {
              "href": "https://prodbo27sgjr.main.acsf.baywsf.com/jsonapi/node/answer/d5eea94f-8df8-40f1-bebd-653f68c09405/relationships/revision_uid?resourceVersion=id%3A9381"
            }
          }
        },
        "uid": {
          "data": {
            "type": "user--user",
            "id": "914623da-82c3-4943-9597-9d5f6f734100"
          },
          "links": {
            "related": {
              "href": "https://prodbo27sgjr.main.acsf.baywsf.com/jsonapi/node/answer/d5eea94f-8df8-40f1-bebd-653f68c09405/uid?resourceVersion=id%3A9381"
            },
            "self": {
              "href": "https://prodbo27sgjr.main.acsf.baywsf.com/jsonapi/node/answer/d5eea94f-8df8-40f1-bebd-653f68c09405/relationships/uid?resourceVersion=id%3A9381"
            }
          }
        },
        "field_related_indication": {
          "data": [],
          "links": {
            "related": {
              "href": "https://prodbo27sgjr.main.acsf.baywsf.com/jsonapi/node/answer/d5eea94f-8df8-40f1-bebd-653f68c09405/field_related_indication?resourceVersion=id%3A9381"
            },
            "self": {
              "href": "https://prodbo27sgjr.main.acsf.baywsf.com/jsonapi/node/answer/d5eea94f-8df8-40f1-bebd-653f68c09405/relationships/field_related_indication?resourceVersion=id%3A9381"
            }
          }
        },
        "audience_tag": {
          "data": {
            "type": "taxonomy_term--audience",
            "id": "b7b175de-17ed-49f3-a8de-204b01b37fe3"
          },
          "links": {
            "related": {
              "href": "https://prodbo27sgjr.main.acsf.baywsf.com/jsonapi/node/answer/d5eea94f-8df8-40f1-bebd-653f68c09405/audience_tag?resourceVersion=id%3A9381"
            },
            "self": {
              "href": "https://prodbo27sgjr.main.acsf.baywsf.com/jsonapi/node/answer/d5eea94f-8df8-40f1-bebd-653f68c09405/relationships/audience_tag?resourceVersion=id%3A9381"
            }
          }
        },
        "field_next_question": {
          "data": null,
          "links": {
            "related": {
              "href": "https://prodbo27sgjr.main.acsf.baywsf.com/jsonapi/node/answer/d5eea94f-8df8-40f1-bebd-653f68c09405/field_next_question?resourceVersion=id%3A9381"
            },
            "self": {
              "href": "https://prodbo27sgjr.main.acsf.baywsf.com/jsonapi/node/answer/d5eea94f-8df8-40f1-bebd-653f68c09405/relationships/field_next_question?resourceVersion=id%3A9381"
            }
          }
        },
        "field_result": {
          "data": {
            "type": "node--result",
            "id": "e831c9c7-3a2c-4dc5-8c16-67f25e232d8d"
          },
          "links": {
            "related": {
              "href": "https://prodbo27sgjr.main.acsf.baywsf.com/jsonapi/node/answer/d5eea94f-8df8-40f1-bebd-653f68c09405/field_result?resourceVersion=id%3A9381"
            },
            "self": {
              "href": "https://prodbo27sgjr.main.acsf.baywsf.com/jsonapi/node/answer/d5eea94f-8df8-40f1-bebd-653f68c09405/relationships/field_result?resourceVersion=id%3A9381"
            }
          }
        }
      }
    }
  ],
  "links": {
    "self": {
      "href": "https://prodbo27sgjr.main.acsf.baywsf.com/jsonapi/node/question/d69d9e29-c8ec-4010-8aa1-471231748416?include=field_answer%2Cfield_actions"
    }
  }
}
