{
  "jsonapi": {
    "version": "1.0",
    "meta": {
      "links": { "self": { "href": "http://jsonapi.org/format/1.0/" } }
    }
  },
  "data": {
    "type": "node--question",
    "id": "1ba50a1d-7ec5-4332-bee6-9710a09acdf1",
    "links": {
      "self": {
        "href": "https://prod3acc9ym8.main.acsf.baywsf.com/jsonapi/node/question/1ba50a1d-7ec5-4332-bee6-9710a09acdf1?resourceVersion=id%3A61766"
      }
    },
    "attributes": {
      "drupal_internal__nid": 1466,
      "drupal_internal__vid": 61766,
      "langcode": "it",
      "revision_timestamp": "2023-06-15T13:56:29+00:00",
      "revision_log": null,
      "status": true,
      "title": "Che caratteristiche ha il dolore?",
      "created": "2023-06-15T13:56:29+00:00",
      "changed": "2023-06-15T14:17:21+00:00",
      "promote": false,
      "sticky": false,
      "default_langcode": true,
      "revision_translation_affected": true,
      "moderation_state": null,
      "metatag": null,
      "path": { "alias": null, "pid": null, "langcode": "it" },
      "private": false,
      "field_metatags": null,
      "content_translation_source": "und",
      "content_translation_outdated": false,
      "published_at": "2023-06-15T13:58:57+00:00",
      "field_error": null,
      "field_explanation": null,
      "field_instruction": null,
      "field_references": null
    },
    "relationships": {
      "node_type": {
        "data": {
          "type": "node_type--node_type",
          "id": "b36305cf-d6a4-4b58-94fd-9bd56dc48d0a",
          "meta": { "drupal_internal__target_id": "question" }
        },
        "links": {
          "related": {
            "href": "https://prod3acc9ym8.main.acsf.baywsf.com/jsonapi/node/question/1ba50a1d-7ec5-4332-bee6-9710a09acdf1/node_type?resourceVersion=id%3A61766"
          },
          "self": {
            "href": "https://prod3acc9ym8.main.acsf.baywsf.com/jsonapi/node/question/1ba50a1d-7ec5-4332-bee6-9710a09acdf1/relationships/node_type?resourceVersion=id%3A61766"
          }
        }
      },
      "revision_uid": {
        "data": {
          "type": "user--user",
          "id": "9131ddbc-9152-4466-9af1-b7cbe7f92c9a",
          "meta": { "drupal_internal__target_id": 3091 }
        },
        "links": {
          "related": {
            "href": "https://prod3acc9ym8.main.acsf.baywsf.com/jsonapi/node/question/1ba50a1d-7ec5-4332-bee6-9710a09acdf1/revision_uid?resourceVersion=id%3A61766"
          },
          "self": {
            "href": "https://prod3acc9ym8.main.acsf.baywsf.com/jsonapi/node/question/1ba50a1d-7ec5-4332-bee6-9710a09acdf1/relationships/revision_uid?resourceVersion=id%3A61766"
          }
        }
      },
      "uid": {
        "data": {
          "type": "user--user",
          "id": "9131ddbc-9152-4466-9af1-b7cbe7f92c9a",
          "meta": { "drupal_internal__target_id": 3091 }
        },
        "links": {
          "related": {
            "href": "https://prod3acc9ym8.main.acsf.baywsf.com/jsonapi/node/question/1ba50a1d-7ec5-4332-bee6-9710a09acdf1/uid?resourceVersion=id%3A61766"
          },
          "self": {
            "href": "https://prod3acc9ym8.main.acsf.baywsf.com/jsonapi/node/question/1ba50a1d-7ec5-4332-bee6-9710a09acdf1/relationships/uid?resourceVersion=id%3A61766"
          }
        }
      },
      "field_schema_json_ld_file": {
        "data": null,
        "links": {
          "related": {
            "href": "https://prod3acc9ym8.main.acsf.baywsf.com/jsonapi/node/question/1ba50a1d-7ec5-4332-bee6-9710a09acdf1/field_schema_json_ld_file?resourceVersion=id%3A61766"
          },
          "self": {
            "href": "https://prod3acc9ym8.main.acsf.baywsf.com/jsonapi/node/question/1ba50a1d-7ec5-4332-bee6-9710a09acdf1/relationships/field_schema_json_ld_file?resourceVersion=id%3A61766"
          }
        }
      },
      "field_actions": {
        "data": [],
        "links": {
          "related": {
            "href": "https://prod3acc9ym8.main.acsf.baywsf.com/jsonapi/node/question/1ba50a1d-7ec5-4332-bee6-9710a09acdf1/field_actions?resourceVersion=id%3A61766"
          },
          "self": {
            "href": "https://prod3acc9ym8.main.acsf.baywsf.com/jsonapi/node/question/1ba50a1d-7ec5-4332-bee6-9710a09acdf1/relationships/field_actions?resourceVersion=id%3A61766"
          }
        }
      },
      "field_answer": {
        "data": [
          {
            "type": "node--answer",
            "id": "8b806aef-851b-4523-b8f4-a1a1fcee42d5",
            "meta": { "drupal_internal__target_id": 1456 }
          },
          {
            "type": "node--answer",
            "id": "195900f5-c824-4a25-a3ea-54037498c63b",
            "meta": { "drupal_internal__target_id": 1461 }
          },
          {
            "type": "node--answer",
            "id": "eb8e5615-b06e-43a6-b5a0-5bde1a84a42f",
            "meta": { "drupal_internal__target_id": 1471 }
          },
          {
            "type": "node--answer",
            "id": "435fba2e-d260-4b69-bf13-72005d889f49",
            "meta": { "drupal_internal__target_id": 1476 }
          },
          {
            "type": "node--answer",
            "id": "c3178fe0-ee93-4367-8a46-6181c60c7fed",
            "meta": { "drupal_internal__target_id": 1481 }
          }
        ],
        "links": {
          "related": {
            "href": "https://prod3acc9ym8.main.acsf.baywsf.com/jsonapi/node/question/1ba50a1d-7ec5-4332-bee6-9710a09acdf1/field_answer?resourceVersion=id%3A61766"
          },
          "self": {
            "href": "https://prod3acc9ym8.main.acsf.baywsf.com/jsonapi/node/question/1ba50a1d-7ec5-4332-bee6-9710a09acdf1/relationships/field_answer?resourceVersion=id%3A61766"
          }
        }
      },
      "field_correct": {
        "data": [],
        "links": {
          "related": {
            "href": "https://prod3acc9ym8.main.acsf.baywsf.com/jsonapi/node/question/1ba50a1d-7ec5-4332-bee6-9710a09acdf1/field_correct?resourceVersion=id%3A61766"
          },
          "self": {
            "href": "https://prod3acc9ym8.main.acsf.baywsf.com/jsonapi/node/question/1ba50a1d-7ec5-4332-bee6-9710a09acdf1/relationships/field_correct?resourceVersion=id%3A61766"
          }
        }
      },
      "field_question_group": {
        "data": [],
        "links": {
          "related": {
            "href": "https://prod3acc9ym8.main.acsf.baywsf.com/jsonapi/node/question/1ba50a1d-7ec5-4332-bee6-9710a09acdf1/field_question_group?resourceVersion=id%3A61766"
          },
          "self": {
            "href": "https://prod3acc9ym8.main.acsf.baywsf.com/jsonapi/node/question/1ba50a1d-7ec5-4332-bee6-9710a09acdf1/relationships/field_question_group?resourceVersion=id%3A61766"
          }
        }
      }
    }
  },
  "included": [
    {
      "type": "node--answer",
      "id": "8b806aef-851b-4523-b8f4-a1a1fcee42d5",
      "links": {
        "self": {
          "href": "https://prod3acc9ym8.main.acsf.baywsf.com/jsonapi/node/answer/8b806aef-851b-4523-b8f4-a1a1fcee42d5?resourceVersion=id%3A61756"
        }
      },
      "attributes": {
        "drupal_internal__nid": 1456,
        "drupal_internal__vid": 61756,
        "langcode": "it",
        "revision_timestamp": "2023-06-15T13:52:17+00:00",
        "revision_log": null,
        "status": true,
        "title": "Mal di testa lieve: dolore avvolge la testa come un casco, o preme come un peso. Non \u00e8 forte ma costante, e pu\u00f2 durare anche pi\u00f9 giorni.",
        "created": "2023-06-15T13:52:17+00:00",
        "changed": "2023-06-15T13:52:17+00:00",
        "promote": true,
        "sticky": false,
        "default_langcode": true,
        "revision_translation_affected": true,
        "moderation_state": null,
        "metatag": null,
        "path": { "alias": null, "pid": null, "langcode": "it" },
        "private": false,
        "field_metatags": null,
        "content_translation_source": "und",
        "content_translation_outdated": false,
        "published_at": "2023-06-15T13:58:57+00:00",
        "field_answer_summary": null,
        "field_instruction": null
      },
      "relationships": {
        "node_type": {
          "data": {
            "type": "node_type--node_type",
            "id": "2b9459ba-6e80-4cd4-b243-d970bac27c44",
            "meta": { "drupal_internal__target_id": "answer" }
          },
          "links": {
            "related": {
              "href": "https://prod3acc9ym8.main.acsf.baywsf.com/jsonapi/node/answer/8b806aef-851b-4523-b8f4-a1a1fcee42d5/node_type?resourceVersion=id%3A61756"
            },
            "self": {
              "href": "https://prod3acc9ym8.main.acsf.baywsf.com/jsonapi/node/answer/8b806aef-851b-4523-b8f4-a1a1fcee42d5/relationships/node_type?resourceVersion=id%3A61756"
            }
          }
        },
        "revision_uid": {
          "data": {
            "type": "user--user",
            "id": "9131ddbc-9152-4466-9af1-b7cbe7f92c9a",
            "meta": { "drupal_internal__target_id": 3091 }
          },
          "links": {
            "related": {
              "href": "https://prod3acc9ym8.main.acsf.baywsf.com/jsonapi/node/answer/8b806aef-851b-4523-b8f4-a1a1fcee42d5/revision_uid?resourceVersion=id%3A61756"
            },
            "self": {
              "href": "https://prod3acc9ym8.main.acsf.baywsf.com/jsonapi/node/answer/8b806aef-851b-4523-b8f4-a1a1fcee42d5/relationships/revision_uid?resourceVersion=id%3A61756"
            }
          }
        },
        "uid": {
          "data": {
            "type": "user--user",
            "id": "9131ddbc-9152-4466-9af1-b7cbe7f92c9a",
            "meta": { "drupal_internal__target_id": 3091 }
          },
          "links": {
            "related": {
              "href": "https://prod3acc9ym8.main.acsf.baywsf.com/jsonapi/node/answer/8b806aef-851b-4523-b8f4-a1a1fcee42d5/uid?resourceVersion=id%3A61756"
            },
            "self": {
              "href": "https://prod3acc9ym8.main.acsf.baywsf.com/jsonapi/node/answer/8b806aef-851b-4523-b8f4-a1a1fcee42d5/relationships/uid?resourceVersion=id%3A61756"
            }
          }
        },
        "field_schema_json_ld_file": {
          "data": null,
          "links": {
            "related": {
              "href": "https://prod3acc9ym8.main.acsf.baywsf.com/jsonapi/node/answer/8b806aef-851b-4523-b8f4-a1a1fcee42d5/field_schema_json_ld_file?resourceVersion=id%3A61756"
            },
            "self": {
              "href": "https://prod3acc9ym8.main.acsf.baywsf.com/jsonapi/node/answer/8b806aef-851b-4523-b8f4-a1a1fcee42d5/relationships/field_schema_json_ld_file?resourceVersion=id%3A61756"
            }
          }
        },
        "field_answer_category": {
          "data": [],
          "links": {
            "related": {
              "href": "https://prod3acc9ym8.main.acsf.baywsf.com/jsonapi/node/answer/8b806aef-851b-4523-b8f4-a1a1fcee42d5/field_answer_category?resourceVersion=id%3A61756"
            },
            "self": {
              "href": "https://prod3acc9ym8.main.acsf.baywsf.com/jsonapi/node/answer/8b806aef-851b-4523-b8f4-a1a1fcee42d5/relationships/field_answer_category?resourceVersion=id%3A61756"
            }
          }
        },
        "field_next_question": {
          "data": null,
          "links": {
            "related": {
              "href": "https://prod3acc9ym8.main.acsf.baywsf.com/jsonapi/node/answer/8b806aef-851b-4523-b8f4-a1a1fcee42d5/field_next_question?resourceVersion=id%3A61756"
            },
            "self": {
              "href": "https://prod3acc9ym8.main.acsf.baywsf.com/jsonapi/node/answer/8b806aef-851b-4523-b8f4-a1a1fcee42d5/relationships/field_next_question?resourceVersion=id%3A61756"
            }
          }
        },
        "field_result": {
          "data": null,
          "links": {
            "related": {
              "href": "https://prod3acc9ym8.main.acsf.baywsf.com/jsonapi/node/answer/8b806aef-851b-4523-b8f4-a1a1fcee42d5/field_result?resourceVersion=id%3A61756"
            },
            "self": {
              "href": "https://prod3acc9ym8.main.acsf.baywsf.com/jsonapi/node/answer/8b806aef-851b-4523-b8f4-a1a1fcee42d5/relationships/field_result?resourceVersion=id%3A61756"
            }
          }
        }
      }
    },
    {
      "type": "node--answer",
      "id": "195900f5-c824-4a25-a3ea-54037498c63b",
      "links": {
        "self": {
          "href": "https://prod3acc9ym8.main.acsf.baywsf.com/jsonapi/node/answer/195900f5-c824-4a25-a3ea-54037498c63b?resourceVersion=id%3A61761"
        }
      },
      "attributes": {
        "drupal_internal__nid": 1461,
        "drupal_internal__vid": 61761,
        "langcode": "it",
        "revision_timestamp": "2023-06-15T13:54:04+00:00",
        "revision_log": null,
        "status": true,
        "title": "Mal di testa forte: la testa pulsa, il dolore peggiora se si cammina o si fanno le scale. Alle volte ci sono anche fastidio per la luce o per i rumori.",
        "created": "2023-06-15T13:54:04+00:00",
        "changed": "2023-06-15T13:54:04+00:00",
        "promote": true,
        "sticky": false,
        "default_langcode": true,
        "revision_translation_affected": true,
        "moderation_state": null,
        "metatag": null,
        "path": { "alias": null, "pid": null, "langcode": "it" },
        "private": false,
        "field_metatags": null,
        "content_translation_source": "und",
        "content_translation_outdated": false,
        "published_at": "2023-06-15T13:58:57+00:00",
        "field_answer_summary": null,
        "field_instruction": null
      },
      "relationships": {
        "node_type": {
          "data": {
            "type": "node_type--node_type",
            "id": "2b9459ba-6e80-4cd4-b243-d970bac27c44",
            "meta": { "drupal_internal__target_id": "answer" }
          },
          "links": {
            "related": {
              "href": "https://prod3acc9ym8.main.acsf.baywsf.com/jsonapi/node/answer/195900f5-c824-4a25-a3ea-54037498c63b/node_type?resourceVersion=id%3A61761"
            },
            "self": {
              "href": "https://prod3acc9ym8.main.acsf.baywsf.com/jsonapi/node/answer/195900f5-c824-4a25-a3ea-54037498c63b/relationships/node_type?resourceVersion=id%3A61761"
            }
          }
        },
        "revision_uid": {
          "data": {
            "type": "user--user",
            "id": "9131ddbc-9152-4466-9af1-b7cbe7f92c9a",
            "meta": { "drupal_internal__target_id": 3091 }
          },
          "links": {
            "related": {
              "href": "https://prod3acc9ym8.main.acsf.baywsf.com/jsonapi/node/answer/195900f5-c824-4a25-a3ea-54037498c63b/revision_uid?resourceVersion=id%3A61761"
            },
            "self": {
              "href": "https://prod3acc9ym8.main.acsf.baywsf.com/jsonapi/node/answer/195900f5-c824-4a25-a3ea-54037498c63b/relationships/revision_uid?resourceVersion=id%3A61761"
            }
          }
        },
        "uid": {
          "data": {
            "type": "user--user",
            "id": "9131ddbc-9152-4466-9af1-b7cbe7f92c9a",
            "meta": { "drupal_internal__target_id": 3091 }
          },
          "links": {
            "related": {
              "href": "https://prod3acc9ym8.main.acsf.baywsf.com/jsonapi/node/answer/195900f5-c824-4a25-a3ea-54037498c63b/uid?resourceVersion=id%3A61761"
            },
            "self": {
              "href": "https://prod3acc9ym8.main.acsf.baywsf.com/jsonapi/node/answer/195900f5-c824-4a25-a3ea-54037498c63b/relationships/uid?resourceVersion=id%3A61761"
            }
          }
        },
        "field_schema_json_ld_file": {
          "data": null,
          "links": {
            "related": {
              "href": "https://prod3acc9ym8.main.acsf.baywsf.com/jsonapi/node/answer/195900f5-c824-4a25-a3ea-54037498c63b/field_schema_json_ld_file?resourceVersion=id%3A61761"
            },
            "self": {
              "href": "https://prod3acc9ym8.main.acsf.baywsf.com/jsonapi/node/answer/195900f5-c824-4a25-a3ea-54037498c63b/relationships/field_schema_json_ld_file?resourceVersion=id%3A61761"
            }
          }
        },
        "field_answer_category": {
          "data": [],
          "links": {
            "related": {
              "href": "https://prod3acc9ym8.main.acsf.baywsf.com/jsonapi/node/answer/195900f5-c824-4a25-a3ea-54037498c63b/field_answer_category?resourceVersion=id%3A61761"
            },
            "self": {
              "href": "https://prod3acc9ym8.main.acsf.baywsf.com/jsonapi/node/answer/195900f5-c824-4a25-a3ea-54037498c63b/relationships/field_answer_category?resourceVersion=id%3A61761"
            }
          }
        },
        "field_next_question": {
          "data": null,
          "links": {
            "related": {
              "href": "https://prod3acc9ym8.main.acsf.baywsf.com/jsonapi/node/answer/195900f5-c824-4a25-a3ea-54037498c63b/field_next_question?resourceVersion=id%3A61761"
            },
            "self": {
              "href": "https://prod3acc9ym8.main.acsf.baywsf.com/jsonapi/node/answer/195900f5-c824-4a25-a3ea-54037498c63b/relationships/field_next_question?resourceVersion=id%3A61761"
            }
          }
        },
        "field_result": {
          "data": null,
          "links": {
            "related": {
              "href": "https://prod3acc9ym8.main.acsf.baywsf.com/jsonapi/node/answer/195900f5-c824-4a25-a3ea-54037498c63b/field_result?resourceVersion=id%3A61761"
            },
            "self": {
              "href": "https://prod3acc9ym8.main.acsf.baywsf.com/jsonapi/node/answer/195900f5-c824-4a25-a3ea-54037498c63b/relationships/field_result?resourceVersion=id%3A61761"
            }
          }
        }
      }
    },
    {
      "type": "node--answer",
      "id": "eb8e5615-b06e-43a6-b5a0-5bde1a84a42f",
      "links": {
        "self": {
          "href": "https://prod3acc9ym8.main.acsf.baywsf.com/jsonapi/node/answer/eb8e5615-b06e-43a6-b5a0-5bde1a84a42f?resourceVersion=id%3A61776"
        }
      },
      "attributes": {
        "drupal_internal__nid": 1471,
        "drupal_internal__vid": 61776,
        "langcode": "it",
        "revision_timestamp": "2023-06-15T14:11:59+00:00",
        "revision_log": null,
        "status": true,
        "title": "Dolore cervicale: il dolore parte dal collo e risale lungo la nuca fino ad arrivare alla sommit\u00e0 del capo. Alle volte il dolore si limita al collo e alle spalle.",
        "created": "2023-06-15T14:11:59+00:00",
        "changed": "2023-06-15T14:11:59+00:00",
        "promote": true,
        "sticky": false,
        "default_langcode": true,
        "revision_translation_affected": true,
        "moderation_state": null,
        "metatag": null,
        "path": { "alias": null, "pid": null, "langcode": "it" },
        "private": false,
        "field_metatags": null,
        "content_translation_source": "und",
        "content_translation_outdated": false,
        "published_at": "2023-06-15T14:17:21+00:00",
        "field_answer_summary": null,
        "field_instruction": null
      },
      "relationships": {
        "node_type": {
          "data": {
            "type": "node_type--node_type",
            "id": "2b9459ba-6e80-4cd4-b243-d970bac27c44",
            "meta": { "drupal_internal__target_id": "answer" }
          },
          "links": {
            "related": {
              "href": "https://prod3acc9ym8.main.acsf.baywsf.com/jsonapi/node/answer/eb8e5615-b06e-43a6-b5a0-5bde1a84a42f/node_type?resourceVersion=id%3A61776"
            },
            "self": {
              "href": "https://prod3acc9ym8.main.acsf.baywsf.com/jsonapi/node/answer/eb8e5615-b06e-43a6-b5a0-5bde1a84a42f/relationships/node_type?resourceVersion=id%3A61776"
            }
          }
        },
        "revision_uid": {
          "data": {
            "type": "user--user",
            "id": "9131ddbc-9152-4466-9af1-b7cbe7f92c9a",
            "meta": { "drupal_internal__target_id": 3091 }
          },
          "links": {
            "related": {
              "href": "https://prod3acc9ym8.main.acsf.baywsf.com/jsonapi/node/answer/eb8e5615-b06e-43a6-b5a0-5bde1a84a42f/revision_uid?resourceVersion=id%3A61776"
            },
            "self": {
              "href": "https://prod3acc9ym8.main.acsf.baywsf.com/jsonapi/node/answer/eb8e5615-b06e-43a6-b5a0-5bde1a84a42f/relationships/revision_uid?resourceVersion=id%3A61776"
            }
          }
        },
        "uid": {
          "data": {
            "type": "user--user",
            "id": "9131ddbc-9152-4466-9af1-b7cbe7f92c9a",
            "meta": { "drupal_internal__target_id": 3091 }
          },
          "links": {
            "related": {
              "href": "https://prod3acc9ym8.main.acsf.baywsf.com/jsonapi/node/answer/eb8e5615-b06e-43a6-b5a0-5bde1a84a42f/uid?resourceVersion=id%3A61776"
            },
            "self": {
              "href": "https://prod3acc9ym8.main.acsf.baywsf.com/jsonapi/node/answer/eb8e5615-b06e-43a6-b5a0-5bde1a84a42f/relationships/uid?resourceVersion=id%3A61776"
            }
          }
        },
        "field_schema_json_ld_file": {
          "data": null,
          "links": {
            "related": {
              "href": "https://prod3acc9ym8.main.acsf.baywsf.com/jsonapi/node/answer/eb8e5615-b06e-43a6-b5a0-5bde1a84a42f/field_schema_json_ld_file?resourceVersion=id%3A61776"
            },
            "self": {
              "href": "https://prod3acc9ym8.main.acsf.baywsf.com/jsonapi/node/answer/eb8e5615-b06e-43a6-b5a0-5bde1a84a42f/relationships/field_schema_json_ld_file?resourceVersion=id%3A61776"
            }
          }
        },
        "field_answer_category": {
          "data": [],
          "links": {
            "related": {
              "href": "https://prod3acc9ym8.main.acsf.baywsf.com/jsonapi/node/answer/eb8e5615-b06e-43a6-b5a0-5bde1a84a42f/field_answer_category?resourceVersion=id%3A61776"
            },
            "self": {
              "href": "https://prod3acc9ym8.main.acsf.baywsf.com/jsonapi/node/answer/eb8e5615-b06e-43a6-b5a0-5bde1a84a42f/relationships/field_answer_category?resourceVersion=id%3A61776"
            }
          }
        },
        "field_next_question": {
          "data": null,
          "links": {
            "related": {
              "href": "https://prod3acc9ym8.main.acsf.baywsf.com/jsonapi/node/answer/eb8e5615-b06e-43a6-b5a0-5bde1a84a42f/field_next_question?resourceVersion=id%3A61776"
            },
            "self": {
              "href": "https://prod3acc9ym8.main.acsf.baywsf.com/jsonapi/node/answer/eb8e5615-b06e-43a6-b5a0-5bde1a84a42f/relationships/field_next_question?resourceVersion=id%3A61776"
            }
          }
        },
        "field_result": {
          "data": null,
          "links": {
            "related": {
              "href": "https://prod3acc9ym8.main.acsf.baywsf.com/jsonapi/node/answer/eb8e5615-b06e-43a6-b5a0-5bde1a84a42f/field_result?resourceVersion=id%3A61776"
            },
            "self": {
              "href": "https://prod3acc9ym8.main.acsf.baywsf.com/jsonapi/node/answer/eb8e5615-b06e-43a6-b5a0-5bde1a84a42f/relationships/field_result?resourceVersion=id%3A61776"
            }
          }
        }
      }
    },
    {
      "type": "node--answer",
      "id": "435fba2e-d260-4b69-bf13-72005d889f49",
      "links": {
        "self": {
          "href": "https://prod3acc9ym8.main.acsf.baywsf.com/jsonapi/node/answer/435fba2e-d260-4b69-bf13-72005d889f49?resourceVersion=id%3A61781"
        }
      },
      "attributes": {
        "drupal_internal__nid": 1476,
        "drupal_internal__vid": 61781,
        "langcode": "it",
        "revision_timestamp": "2023-06-15T14:13:10+00:00",
        "revision_log": null,
        "status": true,
        "title": "Mal di testa da sinusite: il dolore arriva al viso, d\u00e0 una sensazione di pressione su occhi, guance e/o naso e pu\u00f2 peggiorare se si abbassa la faccia.",
        "created": "2023-06-15T14:13:10+00:00",
        "changed": "2023-06-15T14:13:10+00:00",
        "promote": true,
        "sticky": false,
        "default_langcode": true,
        "revision_translation_affected": true,
        "moderation_state": null,
        "metatag": null,
        "path": { "alias": null, "pid": null, "langcode": "it" },
        "private": false,
        "field_metatags": null,
        "content_translation_source": "und",
        "content_translation_outdated": false,
        "published_at": "2023-06-15T14:17:21+00:00",
        "field_answer_summary": null,
        "field_instruction": null
      },
      "relationships": {
        "node_type": {
          "data": {
            "type": "node_type--node_type",
            "id": "2b9459ba-6e80-4cd4-b243-d970bac27c44",
            "meta": { "drupal_internal__target_id": "answer" }
          },
          "links": {
            "related": {
              "href": "https://prod3acc9ym8.main.acsf.baywsf.com/jsonapi/node/answer/435fba2e-d260-4b69-bf13-72005d889f49/node_type?resourceVersion=id%3A61781"
            },
            "self": {
              "href": "https://prod3acc9ym8.main.acsf.baywsf.com/jsonapi/node/answer/435fba2e-d260-4b69-bf13-72005d889f49/relationships/node_type?resourceVersion=id%3A61781"
            }
          }
        },
        "revision_uid": {
          "data": {
            "type": "user--user",
            "id": "9131ddbc-9152-4466-9af1-b7cbe7f92c9a",
            "meta": { "drupal_internal__target_id": 3091 }
          },
          "links": {
            "related": {
              "href": "https://prod3acc9ym8.main.acsf.baywsf.com/jsonapi/node/answer/435fba2e-d260-4b69-bf13-72005d889f49/revision_uid?resourceVersion=id%3A61781"
            },
            "self": {
              "href": "https://prod3acc9ym8.main.acsf.baywsf.com/jsonapi/node/answer/435fba2e-d260-4b69-bf13-72005d889f49/relationships/revision_uid?resourceVersion=id%3A61781"
            }
          }
        },
        "uid": {
          "data": {
            "type": "user--user",
            "id": "9131ddbc-9152-4466-9af1-b7cbe7f92c9a",
            "meta": { "drupal_internal__target_id": 3091 }
          },
          "links": {
            "related": {
              "href": "https://prod3acc9ym8.main.acsf.baywsf.com/jsonapi/node/answer/435fba2e-d260-4b69-bf13-72005d889f49/uid?resourceVersion=id%3A61781"
            },
            "self": {
              "href": "https://prod3acc9ym8.main.acsf.baywsf.com/jsonapi/node/answer/435fba2e-d260-4b69-bf13-72005d889f49/relationships/uid?resourceVersion=id%3A61781"
            }
          }
        },
        "field_schema_json_ld_file": {
          "data": null,
          "links": {
            "related": {
              "href": "https://prod3acc9ym8.main.acsf.baywsf.com/jsonapi/node/answer/435fba2e-d260-4b69-bf13-72005d889f49/field_schema_json_ld_file?resourceVersion=id%3A61781"
            },
            "self": {
              "href": "https://prod3acc9ym8.main.acsf.baywsf.com/jsonapi/node/answer/435fba2e-d260-4b69-bf13-72005d889f49/relationships/field_schema_json_ld_file?resourceVersion=id%3A61781"
            }
          }
        },
        "field_answer_category": {
          "data": [],
          "links": {
            "related": {
              "href": "https://prod3acc9ym8.main.acsf.baywsf.com/jsonapi/node/answer/435fba2e-d260-4b69-bf13-72005d889f49/field_answer_category?resourceVersion=id%3A61781"
            },
            "self": {
              "href": "https://prod3acc9ym8.main.acsf.baywsf.com/jsonapi/node/answer/435fba2e-d260-4b69-bf13-72005d889f49/relationships/field_answer_category?resourceVersion=id%3A61781"
            }
          }
        },
        "field_next_question": {
          "data": null,
          "links": {
            "related": {
              "href": "https://prod3acc9ym8.main.acsf.baywsf.com/jsonapi/node/answer/435fba2e-d260-4b69-bf13-72005d889f49/field_next_question?resourceVersion=id%3A61781"
            },
            "self": {
              "href": "https://prod3acc9ym8.main.acsf.baywsf.com/jsonapi/node/answer/435fba2e-d260-4b69-bf13-72005d889f49/relationships/field_next_question?resourceVersion=id%3A61781"
            }
          }
        },
        "field_result": {
          "data": null,
          "links": {
            "related": {
              "href": "https://prod3acc9ym8.main.acsf.baywsf.com/jsonapi/node/answer/435fba2e-d260-4b69-bf13-72005d889f49/field_result?resourceVersion=id%3A61781"
            },
            "self": {
              "href": "https://prod3acc9ym8.main.acsf.baywsf.com/jsonapi/node/answer/435fba2e-d260-4b69-bf13-72005d889f49/relationships/field_result?resourceVersion=id%3A61781"
            }
          }
        }
      }
    },
    {
      "type": "node--answer",
      "id": "c3178fe0-ee93-4367-8a46-6181c60c7fed",
      "links": {
        "self": {
          "href": "https://prod3acc9ym8.main.acsf.baywsf.com/jsonapi/node/answer/c3178fe0-ee93-4367-8a46-6181c60c7fed?resourceVersion=id%3A61786"
        }
      },
      "attributes": {
        "drupal_internal__nid": 1481,
        "drupal_internal__vid": 61786,
        "langcode": "it",
        "revision_timestamp": "2023-06-15T14:14:07+00:00",
        "revision_log": null,
        "status": true,
        "title": "Il dolore non assomiglia a nessuna delle condizioni descritte.",
        "created": "2023-06-15T14:14:07+00:00",
        "changed": "2023-06-15T14:14:07+00:00",
        "promote": true,
        "sticky": false,
        "default_langcode": true,
        "revision_translation_affected": true,
        "moderation_state": null,
        "metatag": null,
        "path": { "alias": null, "pid": null, "langcode": "it" },
        "private": false,
        "field_metatags": null,
        "content_translation_source": "und",
        "content_translation_outdated": false,
        "published_at": "2023-06-15T14:17:21+00:00",
        "field_answer_summary": null,
        "field_instruction": null
      },
      "relationships": {
        "node_type": {
          "data": {
            "type": "node_type--node_type",
            "id": "2b9459ba-6e80-4cd4-b243-d970bac27c44",
            "meta": { "drupal_internal__target_id": "answer" }
          },
          "links": {
            "related": {
              "href": "https://prod3acc9ym8.main.acsf.baywsf.com/jsonapi/node/answer/c3178fe0-ee93-4367-8a46-6181c60c7fed/node_type?resourceVersion=id%3A61786"
            },
            "self": {
              "href": "https://prod3acc9ym8.main.acsf.baywsf.com/jsonapi/node/answer/c3178fe0-ee93-4367-8a46-6181c60c7fed/relationships/node_type?resourceVersion=id%3A61786"
            }
          }
        },
        "revision_uid": {
          "data": {
            "type": "user--user",
            "id": "9131ddbc-9152-4466-9af1-b7cbe7f92c9a",
            "meta": { "drupal_internal__target_id": 3091 }
          },
          "links": {
            "related": {
              "href": "https://prod3acc9ym8.main.acsf.baywsf.com/jsonapi/node/answer/c3178fe0-ee93-4367-8a46-6181c60c7fed/revision_uid?resourceVersion=id%3A61786"
            },
            "self": {
              "href": "https://prod3acc9ym8.main.acsf.baywsf.com/jsonapi/node/answer/c3178fe0-ee93-4367-8a46-6181c60c7fed/relationships/revision_uid?resourceVersion=id%3A61786"
            }
          }
        },
        "uid": {
          "data": {
            "type": "user--user",
            "id": "9131ddbc-9152-4466-9af1-b7cbe7f92c9a",
            "meta": { "drupal_internal__target_id": 3091 }
          },
          "links": {
            "related": {
              "href": "https://prod3acc9ym8.main.acsf.baywsf.com/jsonapi/node/answer/c3178fe0-ee93-4367-8a46-6181c60c7fed/uid?resourceVersion=id%3A61786"
            },
            "self": {
              "href": "https://prod3acc9ym8.main.acsf.baywsf.com/jsonapi/node/answer/c3178fe0-ee93-4367-8a46-6181c60c7fed/relationships/uid?resourceVersion=id%3A61786"
            }
          }
        },
        "field_schema_json_ld_file": {
          "data": null,
          "links": {
            "related": {
              "href": "https://prod3acc9ym8.main.acsf.baywsf.com/jsonapi/node/answer/c3178fe0-ee93-4367-8a46-6181c60c7fed/field_schema_json_ld_file?resourceVersion=id%3A61786"
            },
            "self": {
              "href": "https://prod3acc9ym8.main.acsf.baywsf.com/jsonapi/node/answer/c3178fe0-ee93-4367-8a46-6181c60c7fed/relationships/field_schema_json_ld_file?resourceVersion=id%3A61786"
            }
          }
        },
        "field_answer_category": {
          "data": [],
          "links": {
            "related": {
              "href": "https://prod3acc9ym8.main.acsf.baywsf.com/jsonapi/node/answer/c3178fe0-ee93-4367-8a46-6181c60c7fed/field_answer_category?resourceVersion=id%3A61786"
            },
            "self": {
              "href": "https://prod3acc9ym8.main.acsf.baywsf.com/jsonapi/node/answer/c3178fe0-ee93-4367-8a46-6181c60c7fed/relationships/field_answer_category?resourceVersion=id%3A61786"
            }
          }
        },
        "field_next_question": {
          "data": null,
          "links": {
            "related": {
              "href": "https://prod3acc9ym8.main.acsf.baywsf.com/jsonapi/node/answer/c3178fe0-ee93-4367-8a46-6181c60c7fed/field_next_question?resourceVersion=id%3A61786"
            },
            "self": {
              "href": "https://prod3acc9ym8.main.acsf.baywsf.com/jsonapi/node/answer/c3178fe0-ee93-4367-8a46-6181c60c7fed/relationships/field_next_question?resourceVersion=id%3A61786"
            }
          }
        },
        "field_result": {
          "data": null,
          "links": {
            "related": {
              "href": "https://prod3acc9ym8.main.acsf.baywsf.com/jsonapi/node/answer/c3178fe0-ee93-4367-8a46-6181c60c7fed/field_result?resourceVersion=id%3A61786"
            },
            "self": {
              "href": "https://prod3acc9ym8.main.acsf.baywsf.com/jsonapi/node/answer/c3178fe0-ee93-4367-8a46-6181c60c7fed/relationships/field_result?resourceVersion=id%3A61786"
            }
          }
        }
      }
    }
  ],
  "links": {
    "self": {
      "href": "https://prod3acc9ym8.main.acsf.baywsf.com/jsonapi/node/question/1ba50a1d-7ec5-4332-bee6-9710a09acdf1?include=field_answer"
    }
  }
}
