{
  "jsonapi": {
    "version": "1.0",
    "meta": {
      "links": { "self": { "href": "http://jsonapi.org/format/1.0/" } }
    }
  },
  "data": {
    "type": "node--question",
    "id": "66d28607-2c33-44d2-8363-b41e79faf4c0",
    "links": {
      "self": {
        "href": "https://prod3acc9ym8.main.acsf.baywsf.com/jsonapi/node/question/66d28607-2c33-44d2-8363-b41e79faf4c0?resourceVersion=id%3A61626"
      }
    },
    "attributes": {
      "drupal_internal__nid": 1361,
      "drupal_internal__vid": 61626,
      "langcode": "it",
      "revision_timestamp": "2023-06-15T12:37:31+00:00",
      "revision_log": null,
      "status": true,
      "title": "Qual \u00e8 il sintomo prevalente che prova e che vuoi trattare?",
      "created": "2023-06-15T12:37:31+00:00",
      "changed": "2023-06-15T12:48:44+00:00",
      "promote": false,
      "sticky": false,
      "default_langcode": true,
      "revision_translation_affected": true,
      "moderation_state": null,
      "metatag": null,
      "path": { "alias": null, "pid": null, "langcode": "it" },
      "private": false,
      "field_metatags": null,
      "content_translation_source": "und",
      "content_translation_outdated": false,
      "published_at": "2023-06-15T12:38:07+00:00",
      "field_error": null,
      "field_explanation": null,
      "field_instruction": null,
      "field_references": null
    },
    "relationships": {
      "node_type": {
        "data": {
          "type": "node_type--node_type",
          "id": "b36305cf-d6a4-4b58-94fd-9bd56dc48d0a",
          "meta": { "drupal_internal__target_id": "question" }
        },
        "links": {
          "related": {
            "href": "https://prod3acc9ym8.main.acsf.baywsf.com/jsonapi/node/question/66d28607-2c33-44d2-8363-b41e79faf4c0/node_type?resourceVersion=id%3A61626"
          },
          "self": {
            "href": "https://prod3acc9ym8.main.acsf.baywsf.com/jsonapi/node/question/66d28607-2c33-44d2-8363-b41e79faf4c0/relationships/node_type?resourceVersion=id%3A61626"
          }
        }
      },
      "revision_uid": {
        "data": {
          "type": "user--user",
          "id": "9131ddbc-9152-4466-9af1-b7cbe7f92c9a",
          "meta": { "drupal_internal__target_id": 3091 }
        },
        "links": {
          "related": {
            "href": "https://prod3acc9ym8.main.acsf.baywsf.com/jsonapi/node/question/66d28607-2c33-44d2-8363-b41e79faf4c0/revision_uid?resourceVersion=id%3A61626"
          },
          "self": {
            "href": "https://prod3acc9ym8.main.acsf.baywsf.com/jsonapi/node/question/66d28607-2c33-44d2-8363-b41e79faf4c0/relationships/revision_uid?resourceVersion=id%3A61626"
          }
        }
      },
      "uid": {
        "data": {
          "type": "user--user",
          "id": "9131ddbc-9152-4466-9af1-b7cbe7f92c9a",
          "meta": { "drupal_internal__target_id": 3091 }
        },
        "links": {
          "related": {
            "href": "https://prod3acc9ym8.main.acsf.baywsf.com/jsonapi/node/question/66d28607-2c33-44d2-8363-b41e79faf4c0/uid?resourceVersion=id%3A61626"
          },
          "self": {
            "href": "https://prod3acc9ym8.main.acsf.baywsf.com/jsonapi/node/question/66d28607-2c33-44d2-8363-b41e79faf4c0/relationships/uid?resourceVersion=id%3A61626"
          }
        }
      },
      "field_schema_json_ld_file": {
        "data": null,
        "links": {
          "related": {
            "href": "https://prod3acc9ym8.main.acsf.baywsf.com/jsonapi/node/question/66d28607-2c33-44d2-8363-b41e79faf4c0/field_schema_json_ld_file?resourceVersion=id%3A61626"
          },
          "self": {
            "href": "https://prod3acc9ym8.main.acsf.baywsf.com/jsonapi/node/question/66d28607-2c33-44d2-8363-b41e79faf4c0/relationships/field_schema_json_ld_file?resourceVersion=id%3A61626"
          }
        }
      },
      "field_actions": {
        "data": [],
        "links": {
          "related": {
            "href": "https://prod3acc9ym8.main.acsf.baywsf.com/jsonapi/node/question/66d28607-2c33-44d2-8363-b41e79faf4c0/field_actions?resourceVersion=id%3A61626"
          },
          "self": {
            "href": "https://prod3acc9ym8.main.acsf.baywsf.com/jsonapi/node/question/66d28607-2c33-44d2-8363-b41e79faf4c0/relationships/field_actions?resourceVersion=id%3A61626"
          }
        }
      },
      "field_answer": {
        "data": [
          {
            "type": "node--answer",
            "id": "2aa635cc-83d0-4fa0-ad6a-6da4fc0768d4",
            "meta": { "drupal_internal__target_id": 1356 }
          },
          {
            "type": "node--answer",
            "id": "3dfeab93-edef-433d-b38a-f7412fd608eb",
            "meta": { "drupal_internal__target_id": 1366 }
          },
          {
            "type": "node--answer",
            "id": "7d41bb7e-128a-4e3d-a6e6-60c162d5d93f",
            "meta": { "drupal_internal__target_id": 1371 }
          },
          {
            "type": "node--answer",
            "id": "f6e8655c-49c9-401f-a60b-7fced3fa6f65",
            "meta": { "drupal_internal__target_id": 1376 }
          }
        ],
        "links": {
          "related": {
            "href": "https://prod3acc9ym8.main.acsf.baywsf.com/jsonapi/node/question/66d28607-2c33-44d2-8363-b41e79faf4c0/field_answer?resourceVersion=id%3A61626"
          },
          "self": {
            "href": "https://prod3acc9ym8.main.acsf.baywsf.com/jsonapi/node/question/66d28607-2c33-44d2-8363-b41e79faf4c0/relationships/field_answer?resourceVersion=id%3A61626"
          }
        }
      },
      "field_correct": {
        "data": [],
        "links": {
          "related": {
            "href": "https://prod3acc9ym8.main.acsf.baywsf.com/jsonapi/node/question/66d28607-2c33-44d2-8363-b41e79faf4c0/field_correct?resourceVersion=id%3A61626"
          },
          "self": {
            "href": "https://prod3acc9ym8.main.acsf.baywsf.com/jsonapi/node/question/66d28607-2c33-44d2-8363-b41e79faf4c0/relationships/field_correct?resourceVersion=id%3A61626"
          }
        }
      },
      "field_question_group": {
        "data": [],
        "links": {
          "related": {
            "href": "https://prod3acc9ym8.main.acsf.baywsf.com/jsonapi/node/question/66d28607-2c33-44d2-8363-b41e79faf4c0/field_question_group?resourceVersion=id%3A61626"
          },
          "self": {
            "href": "https://prod3acc9ym8.main.acsf.baywsf.com/jsonapi/node/question/66d28607-2c33-44d2-8363-b41e79faf4c0/relationships/field_question_group?resourceVersion=id%3A61626"
          }
        }
      }
    }
  },
  "included": [
    {
      "type": "node--answer",
      "id": "2aa635cc-83d0-4fa0-ad6a-6da4fc0768d4",
      "links": {
        "self": {
          "href": "https://prod3acc9ym8.main.acsf.baywsf.com/jsonapi/node/answer/2aa635cc-83d0-4fa0-ad6a-6da4fc0768d4?resourceVersion=id%3A61621"
        }
      },
      "attributes": {
        "drupal_internal__nid": 1356,
        "drupal_internal__vid": 61621,
        "langcode": "it",
        "revision_timestamp": "2023-06-15T12:36:57+00:00",
        "revision_log": null,
        "status": true,
        "title": "Primi sintomi di raffreddore e influenza",
        "created": "2023-06-15T12:36:57+00:00",
        "changed": "2023-06-15T12:36:57+00:00",
        "promote": true,
        "sticky": false,
        "default_langcode": true,
        "revision_translation_affected": true,
        "moderation_state": null,
        "metatag": null,
        "path": { "alias": null, "pid": null, "langcode": "it" },
        "private": false,
        "field_metatags": null,
        "content_translation_source": "und",
        "content_translation_outdated": false,
        "published_at": "2023-06-15T12:38:07+00:00",
        "field_answer_summary": null,
        "field_instruction": null
      },
      "relationships": {
        "node_type": {
          "data": {
            "type": "node_type--node_type",
            "id": "2b9459ba-6e80-4cd4-b243-d970bac27c44",
            "meta": { "drupal_internal__target_id": "answer" }
          },
          "links": {
            "related": {
              "href": "https://prod3acc9ym8.main.acsf.baywsf.com/jsonapi/node/answer/2aa635cc-83d0-4fa0-ad6a-6da4fc0768d4/node_type?resourceVersion=id%3A61621"
            },
            "self": {
              "href": "https://prod3acc9ym8.main.acsf.baywsf.com/jsonapi/node/answer/2aa635cc-83d0-4fa0-ad6a-6da4fc0768d4/relationships/node_type?resourceVersion=id%3A61621"
            }
          }
        },
        "revision_uid": {
          "data": {
            "type": "user--user",
            "id": "9131ddbc-9152-4466-9af1-b7cbe7f92c9a",
            "meta": { "drupal_internal__target_id": 3091 }
          },
          "links": {
            "related": {
              "href": "https://prod3acc9ym8.main.acsf.baywsf.com/jsonapi/node/answer/2aa635cc-83d0-4fa0-ad6a-6da4fc0768d4/revision_uid?resourceVersion=id%3A61621"
            },
            "self": {
              "href": "https://prod3acc9ym8.main.acsf.baywsf.com/jsonapi/node/answer/2aa635cc-83d0-4fa0-ad6a-6da4fc0768d4/relationships/revision_uid?resourceVersion=id%3A61621"
            }
          }
        },
        "uid": {
          "data": {
            "type": "user--user",
            "id": "9131ddbc-9152-4466-9af1-b7cbe7f92c9a",
            "meta": { "drupal_internal__target_id": 3091 }
          },
          "links": {
            "related": {
              "href": "https://prod3acc9ym8.main.acsf.baywsf.com/jsonapi/node/answer/2aa635cc-83d0-4fa0-ad6a-6da4fc0768d4/uid?resourceVersion=id%3A61621"
            },
            "self": {
              "href": "https://prod3acc9ym8.main.acsf.baywsf.com/jsonapi/node/answer/2aa635cc-83d0-4fa0-ad6a-6da4fc0768d4/relationships/uid?resourceVersion=id%3A61621"
            }
          }
        },
        "field_schema_json_ld_file": {
          "data": null,
          "links": {
            "related": {
              "href": "https://prod3acc9ym8.main.acsf.baywsf.com/jsonapi/node/answer/2aa635cc-83d0-4fa0-ad6a-6da4fc0768d4/field_schema_json_ld_file?resourceVersion=id%3A61621"
            },
            "self": {
              "href": "https://prod3acc9ym8.main.acsf.baywsf.com/jsonapi/node/answer/2aa635cc-83d0-4fa0-ad6a-6da4fc0768d4/relationships/field_schema_json_ld_file?resourceVersion=id%3A61621"
            }
          }
        },
        "field_answer_category": {
          "data": [],
          "links": {
            "related": {
              "href": "https://prod3acc9ym8.main.acsf.baywsf.com/jsonapi/node/answer/2aa635cc-83d0-4fa0-ad6a-6da4fc0768d4/field_answer_category?resourceVersion=id%3A61621"
            },
            "self": {
              "href": "https://prod3acc9ym8.main.acsf.baywsf.com/jsonapi/node/answer/2aa635cc-83d0-4fa0-ad6a-6da4fc0768d4/relationships/field_answer_category?resourceVersion=id%3A61621"
            }
          }
        },
        "field_next_question": {
          "data": null,
          "links": {
            "related": {
              "href": "https://prod3acc9ym8.main.acsf.baywsf.com/jsonapi/node/answer/2aa635cc-83d0-4fa0-ad6a-6da4fc0768d4/field_next_question?resourceVersion=id%3A61621"
            },
            "self": {
              "href": "https://prod3acc9ym8.main.acsf.baywsf.com/jsonapi/node/answer/2aa635cc-83d0-4fa0-ad6a-6da4fc0768d4/relationships/field_next_question?resourceVersion=id%3A61621"
            }
          }
        },
        "field_result": {
          "data": null,
          "links": {
            "related": {
              "href": "https://prod3acc9ym8.main.acsf.baywsf.com/jsonapi/node/answer/2aa635cc-83d0-4fa0-ad6a-6da4fc0768d4/field_result?resourceVersion=id%3A61621"
            },
            "self": {
              "href": "https://prod3acc9ym8.main.acsf.baywsf.com/jsonapi/node/answer/2aa635cc-83d0-4fa0-ad6a-6da4fc0768d4/relationships/field_result?resourceVersion=id%3A61621"
            }
          }
        }
      }
    },
    {
      "type": "node--answer",
      "id": "3dfeab93-edef-433d-b38a-f7412fd608eb",
      "links": {
        "self": {
          "href": "https://prod3acc9ym8.main.acsf.baywsf.com/jsonapi/node/answer/3dfeab93-edef-433d-b38a-f7412fd608eb?resourceVersion=id%3A61636"
        }
      },
      "attributes": {
        "drupal_internal__nid": 1366,
        "drupal_internal__vid": 61636,
        "langcode": "it",
        "revision_timestamp": "2023-06-15T12:39:36+00:00",
        "revision_log": null,
        "status": true,
        "title": "Febbre",
        "created": "2023-06-15T12:39:36+00:00",
        "changed": "2023-06-15T12:39:36+00:00",
        "promote": true,
        "sticky": false,
        "default_langcode": true,
        "revision_translation_affected": true,
        "moderation_state": null,
        "metatag": null,
        "path": { "alias": null, "pid": null, "langcode": "it" },
        "private": false,
        "field_metatags": null,
        "content_translation_source": "und",
        "content_translation_outdated": false,
        "published_at": "2023-06-15T12:43:36+00:00",
        "field_answer_summary": null,
        "field_instruction": null
      },
      "relationships": {
        "node_type": {
          "data": {
            "type": "node_type--node_type",
            "id": "2b9459ba-6e80-4cd4-b243-d970bac27c44",
            "meta": { "drupal_internal__target_id": "answer" }
          },
          "links": {
            "related": {
              "href": "https://prod3acc9ym8.main.acsf.baywsf.com/jsonapi/node/answer/3dfeab93-edef-433d-b38a-f7412fd608eb/node_type?resourceVersion=id%3A61636"
            },
            "self": {
              "href": "https://prod3acc9ym8.main.acsf.baywsf.com/jsonapi/node/answer/3dfeab93-edef-433d-b38a-f7412fd608eb/relationships/node_type?resourceVersion=id%3A61636"
            }
          }
        },
        "revision_uid": {
          "data": {
            "type": "user--user",
            "id": "9131ddbc-9152-4466-9af1-b7cbe7f92c9a",
            "meta": { "drupal_internal__target_id": 3091 }
          },
          "links": {
            "related": {
              "href": "https://prod3acc9ym8.main.acsf.baywsf.com/jsonapi/node/answer/3dfeab93-edef-433d-b38a-f7412fd608eb/revision_uid?resourceVersion=id%3A61636"
            },
            "self": {
              "href": "https://prod3acc9ym8.main.acsf.baywsf.com/jsonapi/node/answer/3dfeab93-edef-433d-b38a-f7412fd608eb/relationships/revision_uid?resourceVersion=id%3A61636"
            }
          }
        },
        "uid": {
          "data": {
            "type": "user--user",
            "id": "9131ddbc-9152-4466-9af1-b7cbe7f92c9a",
            "meta": { "drupal_internal__target_id": 3091 }
          },
          "links": {
            "related": {
              "href": "https://prod3acc9ym8.main.acsf.baywsf.com/jsonapi/node/answer/3dfeab93-edef-433d-b38a-f7412fd608eb/uid?resourceVersion=id%3A61636"
            },
            "self": {
              "href": "https://prod3acc9ym8.main.acsf.baywsf.com/jsonapi/node/answer/3dfeab93-edef-433d-b38a-f7412fd608eb/relationships/uid?resourceVersion=id%3A61636"
            }
          }
        },
        "field_schema_json_ld_file": {
          "data": null,
          "links": {
            "related": {
              "href": "https://prod3acc9ym8.main.acsf.baywsf.com/jsonapi/node/answer/3dfeab93-edef-433d-b38a-f7412fd608eb/field_schema_json_ld_file?resourceVersion=id%3A61636"
            },
            "self": {
              "href": "https://prod3acc9ym8.main.acsf.baywsf.com/jsonapi/node/answer/3dfeab93-edef-433d-b38a-f7412fd608eb/relationships/field_schema_json_ld_file?resourceVersion=id%3A61636"
            }
          }
        },
        "field_answer_category": {
          "data": [],
          "links": {
            "related": {
              "href": "https://prod3acc9ym8.main.acsf.baywsf.com/jsonapi/node/answer/3dfeab93-edef-433d-b38a-f7412fd608eb/field_answer_category?resourceVersion=id%3A61636"
            },
            "self": {
              "href": "https://prod3acc9ym8.main.acsf.baywsf.com/jsonapi/node/answer/3dfeab93-edef-433d-b38a-f7412fd608eb/relationships/field_answer_category?resourceVersion=id%3A61636"
            }
          }
        },
        "field_next_question": {
          "data": null,
          "links": {
            "related": {
              "href": "https://prod3acc9ym8.main.acsf.baywsf.com/jsonapi/node/answer/3dfeab93-edef-433d-b38a-f7412fd608eb/field_next_question?resourceVersion=id%3A61636"
            },
            "self": {
              "href": "https://prod3acc9ym8.main.acsf.baywsf.com/jsonapi/node/answer/3dfeab93-edef-433d-b38a-f7412fd608eb/relationships/field_next_question?resourceVersion=id%3A61636"
            }
          }
        },
        "field_result": {
          "data": null,
          "links": {
            "related": {
              "href": "https://prod3acc9ym8.main.acsf.baywsf.com/jsonapi/node/answer/3dfeab93-edef-433d-b38a-f7412fd608eb/field_result?resourceVersion=id%3A61636"
            },
            "self": {
              "href": "https://prod3acc9ym8.main.acsf.baywsf.com/jsonapi/node/answer/3dfeab93-edef-433d-b38a-f7412fd608eb/relationships/field_result?resourceVersion=id%3A61636"
            }
          }
        }
      }
    },
    {
      "type": "node--answer",
      "id": "7d41bb7e-128a-4e3d-a6e6-60c162d5d93f",
      "links": {
        "self": {
          "href": "https://prod3acc9ym8.main.acsf.baywsf.com/jsonapi/node/answer/7d41bb7e-128a-4e3d-a6e6-60c162d5d93f?resourceVersion=id%3A61641"
        }
      },
      "attributes": {
        "drupal_internal__nid": 1371,
        "drupal_internal__vid": 61641,
        "langcode": "it",
        "revision_timestamp": "2023-06-15T12:42:03+00:00",
        "revision_log": null,
        "status": true,
        "title": "Naso congestionato (difficolt\u00e0 a respirare con il naso)",
        "created": "2023-06-15T12:42:03+00:00",
        "changed": "2023-06-15T12:42:03+00:00",
        "promote": true,
        "sticky": false,
        "default_langcode": true,
        "revision_translation_affected": true,
        "moderation_state": null,
        "metatag": null,
        "path": { "alias": null, "pid": null, "langcode": "it" },
        "private": false,
        "field_metatags": null,
        "content_translation_source": "und",
        "content_translation_outdated": false,
        "published_at": "2023-06-15T12:43:36+00:00",
        "field_answer_summary": null,
        "field_instruction": null
      },
      "relationships": {
        "node_type": {
          "data": {
            "type": "node_type--node_type",
            "id": "2b9459ba-6e80-4cd4-b243-d970bac27c44",
            "meta": { "drupal_internal__target_id": "answer" }
          },
          "links": {
            "related": {
              "href": "https://prod3acc9ym8.main.acsf.baywsf.com/jsonapi/node/answer/7d41bb7e-128a-4e3d-a6e6-60c162d5d93f/node_type?resourceVersion=id%3A61641"
            },
            "self": {
              "href": "https://prod3acc9ym8.main.acsf.baywsf.com/jsonapi/node/answer/7d41bb7e-128a-4e3d-a6e6-60c162d5d93f/relationships/node_type?resourceVersion=id%3A61641"
            }
          }
        },
        "revision_uid": {
          "data": {
            "type": "user--user",
            "id": "9131ddbc-9152-4466-9af1-b7cbe7f92c9a",
            "meta": { "drupal_internal__target_id": 3091 }
          },
          "links": {
            "related": {
              "href": "https://prod3acc9ym8.main.acsf.baywsf.com/jsonapi/node/answer/7d41bb7e-128a-4e3d-a6e6-60c162d5d93f/revision_uid?resourceVersion=id%3A61641"
            },
            "self": {
              "href": "https://prod3acc9ym8.main.acsf.baywsf.com/jsonapi/node/answer/7d41bb7e-128a-4e3d-a6e6-60c162d5d93f/relationships/revision_uid?resourceVersion=id%3A61641"
            }
          }
        },
        "uid": {
          "data": {
            "type": "user--user",
            "id": "9131ddbc-9152-4466-9af1-b7cbe7f92c9a",
            "meta": { "drupal_internal__target_id": 3091 }
          },
          "links": {
            "related": {
              "href": "https://prod3acc9ym8.main.acsf.baywsf.com/jsonapi/node/answer/7d41bb7e-128a-4e3d-a6e6-60c162d5d93f/uid?resourceVersion=id%3A61641"
            },
            "self": {
              "href": "https://prod3acc9ym8.main.acsf.baywsf.com/jsonapi/node/answer/7d41bb7e-128a-4e3d-a6e6-60c162d5d93f/relationships/uid?resourceVersion=id%3A61641"
            }
          }
        },
        "field_schema_json_ld_file": {
          "data": null,
          "links": {
            "related": {
              "href": "https://prod3acc9ym8.main.acsf.baywsf.com/jsonapi/node/answer/7d41bb7e-128a-4e3d-a6e6-60c162d5d93f/field_schema_json_ld_file?resourceVersion=id%3A61641"
            },
            "self": {
              "href": "https://prod3acc9ym8.main.acsf.baywsf.com/jsonapi/node/answer/7d41bb7e-128a-4e3d-a6e6-60c162d5d93f/relationships/field_schema_json_ld_file?resourceVersion=id%3A61641"
            }
          }
        },
        "field_answer_category": {
          "data": [],
          "links": {
            "related": {
              "href": "https://prod3acc9ym8.main.acsf.baywsf.com/jsonapi/node/answer/7d41bb7e-128a-4e3d-a6e6-60c162d5d93f/field_answer_category?resourceVersion=id%3A61641"
            },
            "self": {
              "href": "https://prod3acc9ym8.main.acsf.baywsf.com/jsonapi/node/answer/7d41bb7e-128a-4e3d-a6e6-60c162d5d93f/relationships/field_answer_category?resourceVersion=id%3A61641"
            }
          }
        },
        "field_next_question": {
          "data": null,
          "links": {
            "related": {
              "href": "https://prod3acc9ym8.main.acsf.baywsf.com/jsonapi/node/answer/7d41bb7e-128a-4e3d-a6e6-60c162d5d93f/field_next_question?resourceVersion=id%3A61641"
            },
            "self": {
              "href": "https://prod3acc9ym8.main.acsf.baywsf.com/jsonapi/node/answer/7d41bb7e-128a-4e3d-a6e6-60c162d5d93f/relationships/field_next_question?resourceVersion=id%3A61641"
            }
          }
        },
        "field_result": {
          "data": null,
          "links": {
            "related": {
              "href": "https://prod3acc9ym8.main.acsf.baywsf.com/jsonapi/node/answer/7d41bb7e-128a-4e3d-a6e6-60c162d5d93f/field_result?resourceVersion=id%3A61641"
            },
            "self": {
              "href": "https://prod3acc9ym8.main.acsf.baywsf.com/jsonapi/node/answer/7d41bb7e-128a-4e3d-a6e6-60c162d5d93f/relationships/field_result?resourceVersion=id%3A61641"
            }
          }
        }
      }
    },
    {
      "type": "node--answer",
      "id": "f6e8655c-49c9-401f-a60b-7fced3fa6f65",
      "links": {
        "self": {
          "href": "https://prod3acc9ym8.main.acsf.baywsf.com/jsonapi/node/answer/f6e8655c-49c9-401f-a60b-7fced3fa6f65?resourceVersion=id%3A61651"
        }
      },
      "attributes": {
        "drupal_internal__nid": 1376,
        "drupal_internal__vid": 61651,
        "langcode": "it",
        "revision_timestamp": "2023-06-15T12:45:13+00:00",
        "revision_log": null,
        "status": true,
        "title": "Tosse",
        "created": "2023-06-15T12:45:13+00:00",
        "changed": "2023-06-15T12:45:13+00:00",
        "promote": true,
        "sticky": false,
        "default_langcode": true,
        "revision_translation_affected": true,
        "moderation_state": null,
        "metatag": null,
        "path": { "alias": null, "pid": null, "langcode": "it" },
        "private": false,
        "field_metatags": null,
        "content_translation_source": "und",
        "content_translation_outdated": false,
        "published_at": "2023-06-15T12:48:44+00:00",
        "field_answer_summary": null,
        "field_instruction": null
      },
      "relationships": {
        "node_type": {
          "data": {
            "type": "node_type--node_type",
            "id": "2b9459ba-6e80-4cd4-b243-d970bac27c44",
            "meta": { "drupal_internal__target_id": "answer" }
          },
          "links": {
            "related": {
              "href": "https://prod3acc9ym8.main.acsf.baywsf.com/jsonapi/node/answer/f6e8655c-49c9-401f-a60b-7fced3fa6f65/node_type?resourceVersion=id%3A61651"
            },
            "self": {
              "href": "https://prod3acc9ym8.main.acsf.baywsf.com/jsonapi/node/answer/f6e8655c-49c9-401f-a60b-7fced3fa6f65/relationships/node_type?resourceVersion=id%3A61651"
            }
          }
        },
        "revision_uid": {
          "data": {
            "type": "user--user",
            "id": "9131ddbc-9152-4466-9af1-b7cbe7f92c9a",
            "meta": { "drupal_internal__target_id": 3091 }
          },
          "links": {
            "related": {
              "href": "https://prod3acc9ym8.main.acsf.baywsf.com/jsonapi/node/answer/f6e8655c-49c9-401f-a60b-7fced3fa6f65/revision_uid?resourceVersion=id%3A61651"
            },
            "self": {
              "href": "https://prod3acc9ym8.main.acsf.baywsf.com/jsonapi/node/answer/f6e8655c-49c9-401f-a60b-7fced3fa6f65/relationships/revision_uid?resourceVersion=id%3A61651"
            }
          }
        },
        "uid": {
          "data": {
            "type": "user--user",
            "id": "9131ddbc-9152-4466-9af1-b7cbe7f92c9a",
            "meta": { "drupal_internal__target_id": 3091 }
          },
          "links": {
            "related": {
              "href": "https://prod3acc9ym8.main.acsf.baywsf.com/jsonapi/node/answer/f6e8655c-49c9-401f-a60b-7fced3fa6f65/uid?resourceVersion=id%3A61651"
            },
            "self": {
              "href": "https://prod3acc9ym8.main.acsf.baywsf.com/jsonapi/node/answer/f6e8655c-49c9-401f-a60b-7fced3fa6f65/relationships/uid?resourceVersion=id%3A61651"
            }
          }
        },
        "field_schema_json_ld_file": {
          "data": null,
          "links": {
            "related": {
              "href": "https://prod3acc9ym8.main.acsf.baywsf.com/jsonapi/node/answer/f6e8655c-49c9-401f-a60b-7fced3fa6f65/field_schema_json_ld_file?resourceVersion=id%3A61651"
            },
            "self": {
              "href": "https://prod3acc9ym8.main.acsf.baywsf.com/jsonapi/node/answer/f6e8655c-49c9-401f-a60b-7fced3fa6f65/relationships/field_schema_json_ld_file?resourceVersion=id%3A61651"
            }
          }
        },
        "field_answer_category": {
          "data": [],
          "links": {
            "related": {
              "href": "https://prod3acc9ym8.main.acsf.baywsf.com/jsonapi/node/answer/f6e8655c-49c9-401f-a60b-7fced3fa6f65/field_answer_category?resourceVersion=id%3A61651"
            },
            "self": {
              "href": "https://prod3acc9ym8.main.acsf.baywsf.com/jsonapi/node/answer/f6e8655c-49c9-401f-a60b-7fced3fa6f65/relationships/field_answer_category?resourceVersion=id%3A61651"
            }
          }
        },
        "field_next_question": {
          "data": null,
          "links": {
            "related": {
              "href": "https://prod3acc9ym8.main.acsf.baywsf.com/jsonapi/node/answer/f6e8655c-49c9-401f-a60b-7fced3fa6f65/field_next_question?resourceVersion=id%3A61651"
            },
            "self": {
              "href": "https://prod3acc9ym8.main.acsf.baywsf.com/jsonapi/node/answer/f6e8655c-49c9-401f-a60b-7fced3fa6f65/relationships/field_next_question?resourceVersion=id%3A61651"
            }
          }
        },
        "field_result": {
          "data": null,
          "links": {
            "related": {
              "href": "https://prod3acc9ym8.main.acsf.baywsf.com/jsonapi/node/answer/f6e8655c-49c9-401f-a60b-7fced3fa6f65/field_result?resourceVersion=id%3A61651"
            },
            "self": {
              "href": "https://prod3acc9ym8.main.acsf.baywsf.com/jsonapi/node/answer/f6e8655c-49c9-401f-a60b-7fced3fa6f65/relationships/field_result?resourceVersion=id%3A61651"
            }
          }
        }
      }
    }
  ],
  "links": {
    "self": {
      "href": "https://prod3acc9ym8.main.acsf.baywsf.com/jsonapi/node/question/66d28607-2c33-44d2-8363-b41e79faf4c0?include=field_answer"
    }
  }
}
