{
  "jsonapi": {
    "version": "1.0",
    "meta": {
      "links": { "self": { "href": "http://jsonapi.org/format/1.0/" } }
    }
  },
  "data": {
    "type": "node--question",
    "id": "6f9f7f1c-7c91-421b-ac02-a253daa7563f",
    "links": {
      "self": {
        "href": "https://prod3acc9ym8.main.acsf.baywsf.com/jsonapi/node/question/6f9f7f1c-7c91-421b-ac02-a253daa7563f?resourceVersion=id%3A61241"
      }
    },
    "attributes": {
      "drupal_internal__nid": 1331,
      "drupal_internal__vid": 61241,
      "langcode": "it",
      "revision_timestamp": "2023-05-23T14:06:00+00:00",
      "revision_log": null,
      "status": true,
      "title": "Qual \u00e8 il sintomo che si vuole trattare?",
      "created": "2023-05-23T14:06:00+00:00",
      "changed": "2023-05-23T14:06:00+00:00",
      "promote": false,
      "sticky": false,
      "default_langcode": true,
      "revision_translation_affected": true,
      "moderation_state": null,
      "metatag": null,
      "path": { "alias": null, "pid": null, "langcode": "it" },
      "private": false,
      "field_metatags": null,
      "content_translation_source": "und",
      "content_translation_outdated": false,
      "published_at": "2023-05-23T14:06:00+00:00",
      "field_error": null,
      "field_explanation": null,
      "field_instruction": null,
      "field_references": null
    },
    "relationships": {
      "node_type": {
        "data": {
          "type": "node_type--node_type",
          "id": "b36305cf-d6a4-4b58-94fd-9bd56dc48d0a",
          "meta": { "drupal_internal__target_id": "question" }
        },
        "links": {
          "related": {
            "href": "https://prod3acc9ym8.main.acsf.baywsf.com/jsonapi/node/question/6f9f7f1c-7c91-421b-ac02-a253daa7563f/node_type?resourceVersion=id%3A61241"
          },
          "self": {
            "href": "https://prod3acc9ym8.main.acsf.baywsf.com/jsonapi/node/question/6f9f7f1c-7c91-421b-ac02-a253daa7563f/relationships/node_type?resourceVersion=id%3A61241"
          }
        }
      },
      "revision_uid": {
        "data": {
          "type": "user--user",
          "id": "9131ddbc-9152-4466-9af1-b7cbe7f92c9a",
          "meta": { "drupal_internal__target_id": 3091 }
        },
        "links": {
          "related": {
            "href": "https://prod3acc9ym8.main.acsf.baywsf.com/jsonapi/node/question/6f9f7f1c-7c91-421b-ac02-a253daa7563f/revision_uid?resourceVersion=id%3A61241"
          },
          "self": {
            "href": "https://prod3acc9ym8.main.acsf.baywsf.com/jsonapi/node/question/6f9f7f1c-7c91-421b-ac02-a253daa7563f/relationships/revision_uid?resourceVersion=id%3A61241"
          }
        }
      },
      "uid": {
        "data": {
          "type": "user--user",
          "id": "9131ddbc-9152-4466-9af1-b7cbe7f92c9a",
          "meta": { "drupal_internal__target_id": 3091 }
        },
        "links": {
          "related": {
            "href": "https://prod3acc9ym8.main.acsf.baywsf.com/jsonapi/node/question/6f9f7f1c-7c91-421b-ac02-a253daa7563f/uid?resourceVersion=id%3A61241"
          },
          "self": {
            "href": "https://prod3acc9ym8.main.acsf.baywsf.com/jsonapi/node/question/6f9f7f1c-7c91-421b-ac02-a253daa7563f/relationships/uid?resourceVersion=id%3A61241"
          }
        }
      },
      "field_schema_json_ld_file": {
        "data": null,
        "links": {
          "related": {
            "href": "https://prod3acc9ym8.main.acsf.baywsf.com/jsonapi/node/question/6f9f7f1c-7c91-421b-ac02-a253daa7563f/field_schema_json_ld_file?resourceVersion=id%3A61241"
          },
          "self": {
            "href": "https://prod3acc9ym8.main.acsf.baywsf.com/jsonapi/node/question/6f9f7f1c-7c91-421b-ac02-a253daa7563f/relationships/field_schema_json_ld_file?resourceVersion=id%3A61241"
          }
        }
      },
      "field_actions": {
        "data": [],
        "links": {
          "related": {
            "href": "https://prod3acc9ym8.main.acsf.baywsf.com/jsonapi/node/question/6f9f7f1c-7c91-421b-ac02-a253daa7563f/field_actions?resourceVersion=id%3A61241"
          },
          "self": {
            "href": "https://prod3acc9ym8.main.acsf.baywsf.com/jsonapi/node/question/6f9f7f1c-7c91-421b-ac02-a253daa7563f/relationships/field_actions?resourceVersion=id%3A61241"
          }
        }
      },
      "field_answer": {
        "data": [
          {
            "type": "node--answer",
            "id": "66b6ac2a-3205-4505-8620-d39e35b61139",
            "meta": { "drupal_internal__target_id": 1316 }
          },
          {
            "type": "node--answer",
            "id": "b4a09897-4606-41d1-b2cd-bad1e13be4e1",
            "meta": { "drupal_internal__target_id": 1321 }
          },
          {
            "type": "node--answer",
            "id": "35923780-c9e1-4b55-bfdd-de0bf217cdd9",
            "meta": { "drupal_internal__target_id": 1326 }
          }
        ],
        "links": {
          "related": {
            "href": "https://prod3acc9ym8.main.acsf.baywsf.com/jsonapi/node/question/6f9f7f1c-7c91-421b-ac02-a253daa7563f/field_answer?resourceVersion=id%3A61241"
          },
          "self": {
            "href": "https://prod3acc9ym8.main.acsf.baywsf.com/jsonapi/node/question/6f9f7f1c-7c91-421b-ac02-a253daa7563f/relationships/field_answer?resourceVersion=id%3A61241"
          }
        }
      },
      "field_correct": {
        "data": [],
        "links": {
          "related": {
            "href": "https://prod3acc9ym8.main.acsf.baywsf.com/jsonapi/node/question/6f9f7f1c-7c91-421b-ac02-a253daa7563f/field_correct?resourceVersion=id%3A61241"
          },
          "self": {
            "href": "https://prod3acc9ym8.main.acsf.baywsf.com/jsonapi/node/question/6f9f7f1c-7c91-421b-ac02-a253daa7563f/relationships/field_correct?resourceVersion=id%3A61241"
          }
        }
      },
      "field_question_group": {
        "data": [],
        "links": {
          "related": {
            "href": "https://prod3acc9ym8.main.acsf.baywsf.com/jsonapi/node/question/6f9f7f1c-7c91-421b-ac02-a253daa7563f/field_question_group?resourceVersion=id%3A61241"
          },
          "self": {
            "href": "https://prod3acc9ym8.main.acsf.baywsf.com/jsonapi/node/question/6f9f7f1c-7c91-421b-ac02-a253daa7563f/relationships/field_question_group?resourceVersion=id%3A61241"
          }
        }
      }
    }
  },
  "included": [
    {
      "type": "node--answer",
      "id": "66b6ac2a-3205-4505-8620-d39e35b61139",
      "links": {
        "self": {
          "href": "https://prod3acc9ym8.main.acsf.baywsf.com/jsonapi/node/answer/66b6ac2a-3205-4505-8620-d39e35b61139?resourceVersion=id%3A61226"
        }
      },
      "attributes": {
        "drupal_internal__nid": 1316,
        "drupal_internal__vid": 61226,
        "langcode": "it",
        "revision_timestamp": "2023-05-23T14:03:34+00:00",
        "revision_log": null,
        "status": true,
        "title": "Sintomi di raffreddore e influenza",
        "created": "2023-05-23T14:03:34+00:00",
        "changed": "2023-05-23T14:03:34+00:00",
        "promote": true,
        "sticky": false,
        "default_langcode": true,
        "revision_translation_affected": true,
        "moderation_state": null,
        "metatag": null,
        "path": { "alias": null, "pid": null, "langcode": "it" },
        "private": false,
        "field_metatags": null,
        "content_translation_source": "und",
        "content_translation_outdated": false,
        "published_at": "2023-05-23T14:06:00+00:00",
        "field_answer_summary": null,
        "field_instruction": null
      },
      "relationships": {
        "node_type": {
          "data": {
            "type": "node_type--node_type",
            "id": "2b9459ba-6e80-4cd4-b243-d970bac27c44",
            "meta": { "drupal_internal__target_id": "answer" }
          },
          "links": {
            "related": {
              "href": "https://prod3acc9ym8.main.acsf.baywsf.com/jsonapi/node/answer/66b6ac2a-3205-4505-8620-d39e35b61139/node_type?resourceVersion=id%3A61226"
            },
            "self": {
              "href": "https://prod3acc9ym8.main.acsf.baywsf.com/jsonapi/node/answer/66b6ac2a-3205-4505-8620-d39e35b61139/relationships/node_type?resourceVersion=id%3A61226"
            }
          }
        },
        "revision_uid": {
          "data": {
            "type": "user--user",
            "id": "9131ddbc-9152-4466-9af1-b7cbe7f92c9a",
            "meta": { "drupal_internal__target_id": 3091 }
          },
          "links": {
            "related": {
              "href": "https://prod3acc9ym8.main.acsf.baywsf.com/jsonapi/node/answer/66b6ac2a-3205-4505-8620-d39e35b61139/revision_uid?resourceVersion=id%3A61226"
            },
            "self": {
              "href": "https://prod3acc9ym8.main.acsf.baywsf.com/jsonapi/node/answer/66b6ac2a-3205-4505-8620-d39e35b61139/relationships/revision_uid?resourceVersion=id%3A61226"
            }
          }
        },
        "uid": {
          "data": {
            "type": "user--user",
            "id": "9131ddbc-9152-4466-9af1-b7cbe7f92c9a",
            "meta": { "drupal_internal__target_id": 3091 }
          },
          "links": {
            "related": {
              "href": "https://prod3acc9ym8.main.acsf.baywsf.com/jsonapi/node/answer/66b6ac2a-3205-4505-8620-d39e35b61139/uid?resourceVersion=id%3A61226"
            },
            "self": {
              "href": "https://prod3acc9ym8.main.acsf.baywsf.com/jsonapi/node/answer/66b6ac2a-3205-4505-8620-d39e35b61139/relationships/uid?resourceVersion=id%3A61226"
            }
          }
        },
        "field_schema_json_ld_file": {
          "data": null,
          "links": {
            "related": {
              "href": "https://prod3acc9ym8.main.acsf.baywsf.com/jsonapi/node/answer/66b6ac2a-3205-4505-8620-d39e35b61139/field_schema_json_ld_file?resourceVersion=id%3A61226"
            },
            "self": {
              "href": "https://prod3acc9ym8.main.acsf.baywsf.com/jsonapi/node/answer/66b6ac2a-3205-4505-8620-d39e35b61139/relationships/field_schema_json_ld_file?resourceVersion=id%3A61226"
            }
          }
        },
        "field_answer_category": {
          "data": [],
          "links": {
            "related": {
              "href": "https://prod3acc9ym8.main.acsf.baywsf.com/jsonapi/node/answer/66b6ac2a-3205-4505-8620-d39e35b61139/field_answer_category?resourceVersion=id%3A61226"
            },
            "self": {
              "href": "https://prod3acc9ym8.main.acsf.baywsf.com/jsonapi/node/answer/66b6ac2a-3205-4505-8620-d39e35b61139/relationships/field_answer_category?resourceVersion=id%3A61226"
            }
          }
        },
        "field_next_question": {
          "data": null,
          "links": {
            "related": {
              "href": "https://prod3acc9ym8.main.acsf.baywsf.com/jsonapi/node/answer/66b6ac2a-3205-4505-8620-d39e35b61139/field_next_question?resourceVersion=id%3A61226"
            },
            "self": {
              "href": "https://prod3acc9ym8.main.acsf.baywsf.com/jsonapi/node/answer/66b6ac2a-3205-4505-8620-d39e35b61139/relationships/field_next_question?resourceVersion=id%3A61226"
            }
          }
        },
        "field_result": {
          "data": null,
          "links": {
            "related": {
              "href": "https://prod3acc9ym8.main.acsf.baywsf.com/jsonapi/node/answer/66b6ac2a-3205-4505-8620-d39e35b61139/field_result?resourceVersion=id%3A61226"
            },
            "self": {
              "href": "https://prod3acc9ym8.main.acsf.baywsf.com/jsonapi/node/answer/66b6ac2a-3205-4505-8620-d39e35b61139/relationships/field_result?resourceVersion=id%3A61226"
            }
          }
        }
      }
    },
    {
      "type": "node--answer",
      "id": "b4a09897-4606-41d1-b2cd-bad1e13be4e1",
      "links": {
        "self": {
          "href": "https://prod3acc9ym8.main.acsf.baywsf.com/jsonapi/node/answer/b4a09897-4606-41d1-b2cd-bad1e13be4e1?resourceVersion=id%3A61231"
        }
      },
      "attributes": {
        "drupal_internal__nid": 1321,
        "drupal_internal__vid": 61231,
        "langcode": "it",
        "revision_timestamp": "2023-05-23T14:04:32+00:00",
        "revision_log": null,
        "status": true,
        "title": "Mal di gola",
        "created": "2023-05-23T14:04:32+00:00",
        "changed": "2023-05-23T14:04:32+00:00",
        "promote": true,
        "sticky": false,
        "default_langcode": true,
        "revision_translation_affected": true,
        "moderation_state": null,
        "metatag": null,
        "path": { "alias": null, "pid": null, "langcode": "it" },
        "private": false,
        "field_metatags": null,
        "content_translation_source": "und",
        "content_translation_outdated": false,
        "published_at": "2023-05-23T14:06:00+00:00",
        "field_answer_summary": null,
        "field_instruction": null
      },
      "relationships": {
        "node_type": {
          "data": {
            "type": "node_type--node_type",
            "id": "2b9459ba-6e80-4cd4-b243-d970bac27c44",
            "meta": { "drupal_internal__target_id": "answer" }
          },
          "links": {
            "related": {
              "href": "https://prod3acc9ym8.main.acsf.baywsf.com/jsonapi/node/answer/b4a09897-4606-41d1-b2cd-bad1e13be4e1/node_type?resourceVersion=id%3A61231"
            },
            "self": {
              "href": "https://prod3acc9ym8.main.acsf.baywsf.com/jsonapi/node/answer/b4a09897-4606-41d1-b2cd-bad1e13be4e1/relationships/node_type?resourceVersion=id%3A61231"
            }
          }
        },
        "revision_uid": {
          "data": {
            "type": "user--user",
            "id": "9131ddbc-9152-4466-9af1-b7cbe7f92c9a",
            "meta": { "drupal_internal__target_id": 3091 }
          },
          "links": {
            "related": {
              "href": "https://prod3acc9ym8.main.acsf.baywsf.com/jsonapi/node/answer/b4a09897-4606-41d1-b2cd-bad1e13be4e1/revision_uid?resourceVersion=id%3A61231"
            },
            "self": {
              "href": "https://prod3acc9ym8.main.acsf.baywsf.com/jsonapi/node/answer/b4a09897-4606-41d1-b2cd-bad1e13be4e1/relationships/revision_uid?resourceVersion=id%3A61231"
            }
          }
        },
        "uid": {
          "data": {
            "type": "user--user",
            "id": "9131ddbc-9152-4466-9af1-b7cbe7f92c9a",
            "meta": { "drupal_internal__target_id": 3091 }
          },
          "links": {
            "related": {
              "href": "https://prod3acc9ym8.main.acsf.baywsf.com/jsonapi/node/answer/b4a09897-4606-41d1-b2cd-bad1e13be4e1/uid?resourceVersion=id%3A61231"
            },
            "self": {
              "href": "https://prod3acc9ym8.main.acsf.baywsf.com/jsonapi/node/answer/b4a09897-4606-41d1-b2cd-bad1e13be4e1/relationships/uid?resourceVersion=id%3A61231"
            }
          }
        },
        "field_schema_json_ld_file": {
          "data": null,
          "links": {
            "related": {
              "href": "https://prod3acc9ym8.main.acsf.baywsf.com/jsonapi/node/answer/b4a09897-4606-41d1-b2cd-bad1e13be4e1/field_schema_json_ld_file?resourceVersion=id%3A61231"
            },
            "self": {
              "href": "https://prod3acc9ym8.main.acsf.baywsf.com/jsonapi/node/answer/b4a09897-4606-41d1-b2cd-bad1e13be4e1/relationships/field_schema_json_ld_file?resourceVersion=id%3A61231"
            }
          }
        },
        "field_answer_category": {
          "data": [],
          "links": {
            "related": {
              "href": "https://prod3acc9ym8.main.acsf.baywsf.com/jsonapi/node/answer/b4a09897-4606-41d1-b2cd-bad1e13be4e1/field_answer_category?resourceVersion=id%3A61231"
            },
            "self": {
              "href": "https://prod3acc9ym8.main.acsf.baywsf.com/jsonapi/node/answer/b4a09897-4606-41d1-b2cd-bad1e13be4e1/relationships/field_answer_category?resourceVersion=id%3A61231"
            }
          }
        },
        "field_next_question": {
          "data": null,
          "links": {
            "related": {
              "href": "https://prod3acc9ym8.main.acsf.baywsf.com/jsonapi/node/answer/b4a09897-4606-41d1-b2cd-bad1e13be4e1/field_next_question?resourceVersion=id%3A61231"
            },
            "self": {
              "href": "https://prod3acc9ym8.main.acsf.baywsf.com/jsonapi/node/answer/b4a09897-4606-41d1-b2cd-bad1e13be4e1/relationships/field_next_question?resourceVersion=id%3A61231"
            }
          }
        },
        "field_result": {
          "data": null,
          "links": {
            "related": {
              "href": "https://prod3acc9ym8.main.acsf.baywsf.com/jsonapi/node/answer/b4a09897-4606-41d1-b2cd-bad1e13be4e1/field_result?resourceVersion=id%3A61231"
            },
            "self": {
              "href": "https://prod3acc9ym8.main.acsf.baywsf.com/jsonapi/node/answer/b4a09897-4606-41d1-b2cd-bad1e13be4e1/relationships/field_result?resourceVersion=id%3A61231"
            }
          }
        }
      }
    },
    {
      "type": "node--answer",
      "id": "35923780-c9e1-4b55-bfdd-de0bf217cdd9",
      "links": {
        "self": {
          "href": "https://prod3acc9ym8.main.acsf.baywsf.com/jsonapi/node/answer/35923780-c9e1-4b55-bfdd-de0bf217cdd9?resourceVersion=id%3A61236"
        }
      },
      "attributes": {
        "drupal_internal__nid": 1326,
        "drupal_internal__vid": 61236,
        "langcode": "it",
        "revision_timestamp": "2023-05-23T14:05:28+00:00",
        "revision_log": null,
        "status": true,
        "title": "Mal di testa o dolore cervicale",
        "created": "2023-05-23T14:05:28+00:00",
        "changed": "2023-05-23T14:05:28+00:00",
        "promote": true,
        "sticky": false,
        "default_langcode": true,
        "revision_translation_affected": true,
        "moderation_state": null,
        "metatag": null,
        "path": { "alias": null, "pid": null, "langcode": "it" },
        "private": false,
        "field_metatags": null,
        "content_translation_source": "und",
        "content_translation_outdated": false,
        "published_at": "2023-05-23T14:06:00+00:00",
        "field_answer_summary": null,
        "field_instruction": null
      },
      "relationships": {
        "node_type": {
          "data": {
            "type": "node_type--node_type",
            "id": "2b9459ba-6e80-4cd4-b243-d970bac27c44",
            "meta": { "drupal_internal__target_id": "answer" }
          },
          "links": {
            "related": {
              "href": "https://prod3acc9ym8.main.acsf.baywsf.com/jsonapi/node/answer/35923780-c9e1-4b55-bfdd-de0bf217cdd9/node_type?resourceVersion=id%3A61236"
            },
            "self": {
              "href": "https://prod3acc9ym8.main.acsf.baywsf.com/jsonapi/node/answer/35923780-c9e1-4b55-bfdd-de0bf217cdd9/relationships/node_type?resourceVersion=id%3A61236"
            }
          }
        },
        "revision_uid": {
          "data": {
            "type": "user--user",
            "id": "9131ddbc-9152-4466-9af1-b7cbe7f92c9a",
            "meta": { "drupal_internal__target_id": 3091 }
          },
          "links": {
            "related": {
              "href": "https://prod3acc9ym8.main.acsf.baywsf.com/jsonapi/node/answer/35923780-c9e1-4b55-bfdd-de0bf217cdd9/revision_uid?resourceVersion=id%3A61236"
            },
            "self": {
              "href": "https://prod3acc9ym8.main.acsf.baywsf.com/jsonapi/node/answer/35923780-c9e1-4b55-bfdd-de0bf217cdd9/relationships/revision_uid?resourceVersion=id%3A61236"
            }
          }
        },
        "uid": {
          "data": {
            "type": "user--user",
            "id": "9131ddbc-9152-4466-9af1-b7cbe7f92c9a",
            "meta": { "drupal_internal__target_id": 3091 }
          },
          "links": {
            "related": {
              "href": "https://prod3acc9ym8.main.acsf.baywsf.com/jsonapi/node/answer/35923780-c9e1-4b55-bfdd-de0bf217cdd9/uid?resourceVersion=id%3A61236"
            },
            "self": {
              "href": "https://prod3acc9ym8.main.acsf.baywsf.com/jsonapi/node/answer/35923780-c9e1-4b55-bfdd-de0bf217cdd9/relationships/uid?resourceVersion=id%3A61236"
            }
          }
        },
        "field_schema_json_ld_file": {
          "data": null,
          "links": {
            "related": {
              "href": "https://prod3acc9ym8.main.acsf.baywsf.com/jsonapi/node/answer/35923780-c9e1-4b55-bfdd-de0bf217cdd9/field_schema_json_ld_file?resourceVersion=id%3A61236"
            },
            "self": {
              "href": "https://prod3acc9ym8.main.acsf.baywsf.com/jsonapi/node/answer/35923780-c9e1-4b55-bfdd-de0bf217cdd9/relationships/field_schema_json_ld_file?resourceVersion=id%3A61236"
            }
          }
        },
        "field_answer_category": {
          "data": [],
          "links": {
            "related": {
              "href": "https://prod3acc9ym8.main.acsf.baywsf.com/jsonapi/node/answer/35923780-c9e1-4b55-bfdd-de0bf217cdd9/field_answer_category?resourceVersion=id%3A61236"
            },
            "self": {
              "href": "https://prod3acc9ym8.main.acsf.baywsf.com/jsonapi/node/answer/35923780-c9e1-4b55-bfdd-de0bf217cdd9/relationships/field_answer_category?resourceVersion=id%3A61236"
            }
          }
        },
        "field_next_question": {
          "data": null,
          "links": {
            "related": {
              "href": "https://prod3acc9ym8.main.acsf.baywsf.com/jsonapi/node/answer/35923780-c9e1-4b55-bfdd-de0bf217cdd9/field_next_question?resourceVersion=id%3A61236"
            },
            "self": {
              "href": "https://prod3acc9ym8.main.acsf.baywsf.com/jsonapi/node/answer/35923780-c9e1-4b55-bfdd-de0bf217cdd9/relationships/field_next_question?resourceVersion=id%3A61236"
            }
          }
        },
        "field_result": {
          "data": null,
          "links": {
            "related": {
              "href": "https://prod3acc9ym8.main.acsf.baywsf.com/jsonapi/node/answer/35923780-c9e1-4b55-bfdd-de0bf217cdd9/field_result?resourceVersion=id%3A61236"
            },
            "self": {
              "href": "https://prod3acc9ym8.main.acsf.baywsf.com/jsonapi/node/answer/35923780-c9e1-4b55-bfdd-de0bf217cdd9/relationships/field_result?resourceVersion=id%3A61236"
            }
          }
        }
      }
    }
  ],
  "links": {
    "self": {
      "href": "https://prod3acc9ym8.main.acsf.baywsf.com/jsonapi/node/question/6f9f7f1c-7c91-421b-ac02-a253daa7563f?include=field_answer"
    }
  }
}
