{
  "jsonapi": {
    "version": "1.0",
    "meta": {
      "links": { "self": { "href": "http://jsonapi.org/format/1.0/" } }
    }
  },
  "data": {
    "type": "node--question",
    "id": "70f31355-ecc4-4c80-ae96-a4347f5d19b3",
    "links": {
      "self": {
        "href": "https://prod3acc9ym8.main.acsf.baywsf.com/jsonapi/node/question/70f31355-ecc4-4c80-ae96-a4347f5d19b3?resourceVersion=id%3A61601"
      }
    },
    "attributes": {
      "drupal_internal__nid": 1346,
      "drupal_internal__vid": 61601,
      "langcode": "it",
      "revision_timestamp": "2023-06-15T12:28:10+00:00",
      "revision_log": null,
      "status": true,
      "title": "Quanti anni ha la persona con i sintomi?",
      "created": "2023-06-15T12:28:10+00:00",
      "changed": "2023-06-15T12:32:50+00:00",
      "promote": false,
      "sticky": false,
      "default_langcode": true,
      "revision_translation_affected": true,
      "moderation_state": null,
      "metatag": null,
      "path": { "alias": null, "pid": null, "langcode": "it" },
      "private": false,
      "field_metatags": null,
      "content_translation_source": "und",
      "content_translation_outdated": false,
      "published_at": "2023-06-15T12:28:39+00:00",
      "field_error": null,
      "field_explanation": null,
      "field_instruction": null,
      "field_references": null
    },
    "relationships": {
      "node_type": {
        "data": {
          "type": "node_type--node_type",
          "id": "b36305cf-d6a4-4b58-94fd-9bd56dc48d0a",
          "meta": { "drupal_internal__target_id": "question" }
        },
        "links": {
          "related": {
            "href": "https://prod3acc9ym8.main.acsf.baywsf.com/jsonapi/node/question/70f31355-ecc4-4c80-ae96-a4347f5d19b3/node_type?resourceVersion=id%3A61601"
          },
          "self": {
            "href": "https://prod3acc9ym8.main.acsf.baywsf.com/jsonapi/node/question/70f31355-ecc4-4c80-ae96-a4347f5d19b3/relationships/node_type?resourceVersion=id%3A61601"
          }
        }
      },
      "revision_uid": {
        "data": {
          "type": "user--user",
          "id": "9131ddbc-9152-4466-9af1-b7cbe7f92c9a",
          "meta": { "drupal_internal__target_id": 3091 }
        },
        "links": {
          "related": {
            "href": "https://prod3acc9ym8.main.acsf.baywsf.com/jsonapi/node/question/70f31355-ecc4-4c80-ae96-a4347f5d19b3/revision_uid?resourceVersion=id%3A61601"
          },
          "self": {
            "href": "https://prod3acc9ym8.main.acsf.baywsf.com/jsonapi/node/question/70f31355-ecc4-4c80-ae96-a4347f5d19b3/relationships/revision_uid?resourceVersion=id%3A61601"
          }
        }
      },
      "uid": {
        "data": {
          "type": "user--user",
          "id": "9131ddbc-9152-4466-9af1-b7cbe7f92c9a",
          "meta": { "drupal_internal__target_id": 3091 }
        },
        "links": {
          "related": {
            "href": "https://prod3acc9ym8.main.acsf.baywsf.com/jsonapi/node/question/70f31355-ecc4-4c80-ae96-a4347f5d19b3/uid?resourceVersion=id%3A61601"
          },
          "self": {
            "href": "https://prod3acc9ym8.main.acsf.baywsf.com/jsonapi/node/question/70f31355-ecc4-4c80-ae96-a4347f5d19b3/relationships/uid?resourceVersion=id%3A61601"
          }
        }
      },
      "field_schema_json_ld_file": {
        "data": null,
        "links": {
          "related": {
            "href": "https://prod3acc9ym8.main.acsf.baywsf.com/jsonapi/node/question/70f31355-ecc4-4c80-ae96-a4347f5d19b3/field_schema_json_ld_file?resourceVersion=id%3A61601"
          },
          "self": {
            "href": "https://prod3acc9ym8.main.acsf.baywsf.com/jsonapi/node/question/70f31355-ecc4-4c80-ae96-a4347f5d19b3/relationships/field_schema_json_ld_file?resourceVersion=id%3A61601"
          }
        }
      },
      "field_actions": {
        "data": [],
        "links": {
          "related": {
            "href": "https://prod3acc9ym8.main.acsf.baywsf.com/jsonapi/node/question/70f31355-ecc4-4c80-ae96-a4347f5d19b3/field_actions?resourceVersion=id%3A61601"
          },
          "self": {
            "href": "https://prod3acc9ym8.main.acsf.baywsf.com/jsonapi/node/question/70f31355-ecc4-4c80-ae96-a4347f5d19b3/relationships/field_actions?resourceVersion=id%3A61601"
          }
        }
      },
      "field_answer": {
        "data": [
          {
            "type": "node--answer",
            "id": "f2a07d0b-bece-4e82-90c4-1266645ce0da",
            "meta": { "drupal_internal__target_id": 1341 }
          },
          {
            "type": "node--answer",
            "id": "98e03874-cfe8-426b-88ff-fd903681b382",
            "meta": { "drupal_internal__target_id": 1351 }
          }
        ],
        "links": {
          "related": {
            "href": "https://prod3acc9ym8.main.acsf.baywsf.com/jsonapi/node/question/70f31355-ecc4-4c80-ae96-a4347f5d19b3/field_answer?resourceVersion=id%3A61601"
          },
          "self": {
            "href": "https://prod3acc9ym8.main.acsf.baywsf.com/jsonapi/node/question/70f31355-ecc4-4c80-ae96-a4347f5d19b3/relationships/field_answer?resourceVersion=id%3A61601"
          }
        }
      },
      "field_correct": {
        "data": [],
        "links": {
          "related": {
            "href": "https://prod3acc9ym8.main.acsf.baywsf.com/jsonapi/node/question/70f31355-ecc4-4c80-ae96-a4347f5d19b3/field_correct?resourceVersion=id%3A61601"
          },
          "self": {
            "href": "https://prod3acc9ym8.main.acsf.baywsf.com/jsonapi/node/question/70f31355-ecc4-4c80-ae96-a4347f5d19b3/relationships/field_correct?resourceVersion=id%3A61601"
          }
        }
      },
      "field_question_group": {
        "data": [],
        "links": {
          "related": {
            "href": "https://prod3acc9ym8.main.acsf.baywsf.com/jsonapi/node/question/70f31355-ecc4-4c80-ae96-a4347f5d19b3/field_question_group?resourceVersion=id%3A61601"
          },
          "self": {
            "href": "https://prod3acc9ym8.main.acsf.baywsf.com/jsonapi/node/question/70f31355-ecc4-4c80-ae96-a4347f5d19b3/relationships/field_question_group?resourceVersion=id%3A61601"
          }
        }
      }
    }
  },
  "included": [
    {
      "type": "node--answer",
      "id": "f2a07d0b-bece-4e82-90c4-1266645ce0da",
      "links": {
        "self": {
          "href": "https://prod3acc9ym8.main.acsf.baywsf.com/jsonapi/node/answer/f2a07d0b-bece-4e82-90c4-1266645ce0da?resourceVersion=id%3A61596"
        }
      },
      "attributes": {
        "drupal_internal__nid": 1341,
        "drupal_internal__vid": 61596,
        "langcode": "it",
        "revision_timestamp": "2023-06-15T12:27:43+00:00",
        "revision_log": null,
        "status": true,
        "title": "Meno di 16 anni",
        "created": "2023-06-15T12:27:43+00:00",
        "changed": "2023-06-15T12:27:43+00:00",
        "promote": true,
        "sticky": false,
        "default_langcode": true,
        "revision_translation_affected": true,
        "moderation_state": null,
        "metatag": null,
        "path": { "alias": null, "pid": null, "langcode": "it" },
        "private": false,
        "field_metatags": null,
        "content_translation_source": "und",
        "content_translation_outdated": false,
        "published_at": "2023-06-15T12:28:39+00:00",
        "field_answer_summary": null,
        "field_instruction": null
      },
      "relationships": {
        "node_type": {
          "data": {
            "type": "node_type--node_type",
            "id": "2b9459ba-6e80-4cd4-b243-d970bac27c44",
            "meta": { "drupal_internal__target_id": "answer" }
          },
          "links": {
            "related": {
              "href": "https://prod3acc9ym8.main.acsf.baywsf.com/jsonapi/node/answer/f2a07d0b-bece-4e82-90c4-1266645ce0da/node_type?resourceVersion=id%3A61596"
            },
            "self": {
              "href": "https://prod3acc9ym8.main.acsf.baywsf.com/jsonapi/node/answer/f2a07d0b-bece-4e82-90c4-1266645ce0da/relationships/node_type?resourceVersion=id%3A61596"
            }
          }
        },
        "revision_uid": {
          "data": {
            "type": "user--user",
            "id": "9131ddbc-9152-4466-9af1-b7cbe7f92c9a",
            "meta": { "drupal_internal__target_id": 3091 }
          },
          "links": {
            "related": {
              "href": "https://prod3acc9ym8.main.acsf.baywsf.com/jsonapi/node/answer/f2a07d0b-bece-4e82-90c4-1266645ce0da/revision_uid?resourceVersion=id%3A61596"
            },
            "self": {
              "href": "https://prod3acc9ym8.main.acsf.baywsf.com/jsonapi/node/answer/f2a07d0b-bece-4e82-90c4-1266645ce0da/relationships/revision_uid?resourceVersion=id%3A61596"
            }
          }
        },
        "uid": {
          "data": {
            "type": "user--user",
            "id": "9131ddbc-9152-4466-9af1-b7cbe7f92c9a",
            "meta": { "drupal_internal__target_id": 3091 }
          },
          "links": {
            "related": {
              "href": "https://prod3acc9ym8.main.acsf.baywsf.com/jsonapi/node/answer/f2a07d0b-bece-4e82-90c4-1266645ce0da/uid?resourceVersion=id%3A61596"
            },
            "self": {
              "href": "https://prod3acc9ym8.main.acsf.baywsf.com/jsonapi/node/answer/f2a07d0b-bece-4e82-90c4-1266645ce0da/relationships/uid?resourceVersion=id%3A61596"
            }
          }
        },
        "field_schema_json_ld_file": {
          "data": null,
          "links": {
            "related": {
              "href": "https://prod3acc9ym8.main.acsf.baywsf.com/jsonapi/node/answer/f2a07d0b-bece-4e82-90c4-1266645ce0da/field_schema_json_ld_file?resourceVersion=id%3A61596"
            },
            "self": {
              "href": "https://prod3acc9ym8.main.acsf.baywsf.com/jsonapi/node/answer/f2a07d0b-bece-4e82-90c4-1266645ce0da/relationships/field_schema_json_ld_file?resourceVersion=id%3A61596"
            }
          }
        },
        "field_answer_category": {
          "data": [],
          "links": {
            "related": {
              "href": "https://prod3acc9ym8.main.acsf.baywsf.com/jsonapi/node/answer/f2a07d0b-bece-4e82-90c4-1266645ce0da/field_answer_category?resourceVersion=id%3A61596"
            },
            "self": {
              "href": "https://prod3acc9ym8.main.acsf.baywsf.com/jsonapi/node/answer/f2a07d0b-bece-4e82-90c4-1266645ce0da/relationships/field_answer_category?resourceVersion=id%3A61596"
            }
          }
        },
        "field_next_question": {
          "data": null,
          "links": {
            "related": {
              "href": "https://prod3acc9ym8.main.acsf.baywsf.com/jsonapi/node/answer/f2a07d0b-bece-4e82-90c4-1266645ce0da/field_next_question?resourceVersion=id%3A61596"
            },
            "self": {
              "href": "https://prod3acc9ym8.main.acsf.baywsf.com/jsonapi/node/answer/f2a07d0b-bece-4e82-90c4-1266645ce0da/relationships/field_next_question?resourceVersion=id%3A61596"
            }
          }
        },
        "field_result": {
          "data": null,
          "links": {
            "related": {
              "href": "https://prod3acc9ym8.main.acsf.baywsf.com/jsonapi/node/answer/f2a07d0b-bece-4e82-90c4-1266645ce0da/field_result?resourceVersion=id%3A61596"
            },
            "self": {
              "href": "https://prod3acc9ym8.main.acsf.baywsf.com/jsonapi/node/answer/f2a07d0b-bece-4e82-90c4-1266645ce0da/relationships/field_result?resourceVersion=id%3A61596"
            }
          }
        }
      }
    },
    {
      "type": "node--answer",
      "id": "98e03874-cfe8-426b-88ff-fd903681b382",
      "links": {
        "self": {
          "href": "https://prod3acc9ym8.main.acsf.baywsf.com/jsonapi/node/answer/98e03874-cfe8-426b-88ff-fd903681b382?resourceVersion=id%3A61611"
        }
      },
      "attributes": {
        "drupal_internal__nid": 1351,
        "drupal_internal__vid": 61611,
        "langcode": "it",
        "revision_timestamp": "2023-06-15T12:31:13+00:00",
        "revision_log": null,
        "status": true,
        "title": "16 anni o pi\u00f9",
        "created": "2023-06-15T12:31:13+00:00",
        "changed": "2023-06-15T12:31:13+00:00",
        "promote": true,
        "sticky": false,
        "default_langcode": true,
        "revision_translation_affected": true,
        "moderation_state": null,
        "metatag": null,
        "path": { "alias": null, "pid": null, "langcode": "it" },
        "private": false,
        "field_metatags": null,
        "content_translation_source": "und",
        "content_translation_outdated": false,
        "published_at": "2023-06-15T12:32:50+00:00",
        "field_answer_summary": null,
        "field_instruction": null
      },
      "relationships": {
        "node_type": {
          "data": {
            "type": "node_type--node_type",
            "id": "2b9459ba-6e80-4cd4-b243-d970bac27c44",
            "meta": { "drupal_internal__target_id": "answer" }
          },
          "links": {
            "related": {
              "href": "https://prod3acc9ym8.main.acsf.baywsf.com/jsonapi/node/answer/98e03874-cfe8-426b-88ff-fd903681b382/node_type?resourceVersion=id%3A61611"
            },
            "self": {
              "href": "https://prod3acc9ym8.main.acsf.baywsf.com/jsonapi/node/answer/98e03874-cfe8-426b-88ff-fd903681b382/relationships/node_type?resourceVersion=id%3A61611"
            }
          }
        },
        "revision_uid": {
          "data": {
            "type": "user--user",
            "id": "9131ddbc-9152-4466-9af1-b7cbe7f92c9a",
            "meta": { "drupal_internal__target_id": 3091 }
          },
          "links": {
            "related": {
              "href": "https://prod3acc9ym8.main.acsf.baywsf.com/jsonapi/node/answer/98e03874-cfe8-426b-88ff-fd903681b382/revision_uid?resourceVersion=id%3A61611"
            },
            "self": {
              "href": "https://prod3acc9ym8.main.acsf.baywsf.com/jsonapi/node/answer/98e03874-cfe8-426b-88ff-fd903681b382/relationships/revision_uid?resourceVersion=id%3A61611"
            }
          }
        },
        "uid": {
          "data": {
            "type": "user--user",
            "id": "9131ddbc-9152-4466-9af1-b7cbe7f92c9a",
            "meta": { "drupal_internal__target_id": 3091 }
          },
          "links": {
            "related": {
              "href": "https://prod3acc9ym8.main.acsf.baywsf.com/jsonapi/node/answer/98e03874-cfe8-426b-88ff-fd903681b382/uid?resourceVersion=id%3A61611"
            },
            "self": {
              "href": "https://prod3acc9ym8.main.acsf.baywsf.com/jsonapi/node/answer/98e03874-cfe8-426b-88ff-fd903681b382/relationships/uid?resourceVersion=id%3A61611"
            }
          }
        },
        "field_schema_json_ld_file": {
          "data": null,
          "links": {
            "related": {
              "href": "https://prod3acc9ym8.main.acsf.baywsf.com/jsonapi/node/answer/98e03874-cfe8-426b-88ff-fd903681b382/field_schema_json_ld_file?resourceVersion=id%3A61611"
            },
            "self": {
              "href": "https://prod3acc9ym8.main.acsf.baywsf.com/jsonapi/node/answer/98e03874-cfe8-426b-88ff-fd903681b382/relationships/field_schema_json_ld_file?resourceVersion=id%3A61611"
            }
          }
        },
        "field_answer_category": {
          "data": [],
          "links": {
            "related": {
              "href": "https://prod3acc9ym8.main.acsf.baywsf.com/jsonapi/node/answer/98e03874-cfe8-426b-88ff-fd903681b382/field_answer_category?resourceVersion=id%3A61611"
            },
            "self": {
              "href": "https://prod3acc9ym8.main.acsf.baywsf.com/jsonapi/node/answer/98e03874-cfe8-426b-88ff-fd903681b382/relationships/field_answer_category?resourceVersion=id%3A61611"
            }
          }
        },
        "field_next_question": {
          "data": null,
          "links": {
            "related": {
              "href": "https://prod3acc9ym8.main.acsf.baywsf.com/jsonapi/node/answer/98e03874-cfe8-426b-88ff-fd903681b382/field_next_question?resourceVersion=id%3A61611"
            },
            "self": {
              "href": "https://prod3acc9ym8.main.acsf.baywsf.com/jsonapi/node/answer/98e03874-cfe8-426b-88ff-fd903681b382/relationships/field_next_question?resourceVersion=id%3A61611"
            }
          }
        },
        "field_result": {
          "data": null,
          "links": {
            "related": {
              "href": "https://prod3acc9ym8.main.acsf.baywsf.com/jsonapi/node/answer/98e03874-cfe8-426b-88ff-fd903681b382/field_result?resourceVersion=id%3A61611"
            },
            "self": {
              "href": "https://prod3acc9ym8.main.acsf.baywsf.com/jsonapi/node/answer/98e03874-cfe8-426b-88ff-fd903681b382/relationships/field_result?resourceVersion=id%3A61611"
            }
          }
        }
      }
    }
  ],
  "links": {
    "self": {
      "href": "https://prod3acc9ym8.main.acsf.baywsf.com/jsonapi/node/question/70f31355-ecc4-4c80-ae96-a4347f5d19b3?include=field_answer"
    }
  }
}
