{
  "jsonapi": {
    "version": "1.0",
    "meta": {
      "links": { "self": { "href": "http://jsonapi.org/format/1.0/" } }
    }
  },
  "data": {
    "type": "node--question",
    "id": "aa71603c-0935-4819-adfa-18110f988efa",
    "links": {
      "self": {
        "href": "https://prod3acc9ym8.main.acsf.baywsf.com/jsonapi/node/question/aa71603c-0935-4819-adfa-18110f988efa?resourceVersion=id%3A61681"
      }
    },
    "attributes": {
      "drupal_internal__nid": 1401,
      "drupal_internal__vid": 61681,
      "langcode": "it",
      "revision_timestamp": "2023-06-15T12:56:24+00:00",
      "revision_log": null,
      "status": true,
      "title": "Quanti anni ha la persona con mal di gola?",
      "created": "2023-06-15T12:56:24+00:00",
      "changed": "2023-06-15T12:56:24+00:00",
      "promote": false,
      "sticky": false,
      "default_langcode": true,
      "revision_translation_affected": true,
      "moderation_state": null,
      "metatag": null,
      "path": { "alias": null, "pid": null, "langcode": "it" },
      "private": false,
      "field_metatags": null,
      "content_translation_source": "und",
      "content_translation_outdated": false,
      "published_at": "2023-06-15T12:56:48+00:00",
      "field_error": null,
      "field_explanation": null,
      "field_instruction": null,
      "field_references": null
    },
    "relationships": {
      "node_type": {
        "data": {
          "type": "node_type--node_type",
          "id": "b36305cf-d6a4-4b58-94fd-9bd56dc48d0a",
          "meta": { "drupal_internal__target_id": "question" }
        },
        "links": {
          "related": {
            "href": "https://prod3acc9ym8.main.acsf.baywsf.com/jsonapi/node/question/aa71603c-0935-4819-adfa-18110f988efa/node_type?resourceVersion=id%3A61681"
          },
          "self": {
            "href": "https://prod3acc9ym8.main.acsf.baywsf.com/jsonapi/node/question/aa71603c-0935-4819-adfa-18110f988efa/relationships/node_type?resourceVersion=id%3A61681"
          }
        }
      },
      "revision_uid": {
        "data": {
          "type": "user--user",
          "id": "9131ddbc-9152-4466-9af1-b7cbe7f92c9a",
          "meta": { "drupal_internal__target_id": 3091 }
        },
        "links": {
          "related": {
            "href": "https://prod3acc9ym8.main.acsf.baywsf.com/jsonapi/node/question/aa71603c-0935-4819-adfa-18110f988efa/revision_uid?resourceVersion=id%3A61681"
          },
          "self": {
            "href": "https://prod3acc9ym8.main.acsf.baywsf.com/jsonapi/node/question/aa71603c-0935-4819-adfa-18110f988efa/relationships/revision_uid?resourceVersion=id%3A61681"
          }
        }
      },
      "uid": {
        "data": {
          "type": "user--user",
          "id": "9131ddbc-9152-4466-9af1-b7cbe7f92c9a",
          "meta": { "drupal_internal__target_id": 3091 }
        },
        "links": {
          "related": {
            "href": "https://prod3acc9ym8.main.acsf.baywsf.com/jsonapi/node/question/aa71603c-0935-4819-adfa-18110f988efa/uid?resourceVersion=id%3A61681"
          },
          "self": {
            "href": "https://prod3acc9ym8.main.acsf.baywsf.com/jsonapi/node/question/aa71603c-0935-4819-adfa-18110f988efa/relationships/uid?resourceVersion=id%3A61681"
          }
        }
      },
      "field_schema_json_ld_file": {
        "data": null,
        "links": {
          "related": {
            "href": "https://prod3acc9ym8.main.acsf.baywsf.com/jsonapi/node/question/aa71603c-0935-4819-adfa-18110f988efa/field_schema_json_ld_file?resourceVersion=id%3A61681"
          },
          "self": {
            "href": "https://prod3acc9ym8.main.acsf.baywsf.com/jsonapi/node/question/aa71603c-0935-4819-adfa-18110f988efa/relationships/field_schema_json_ld_file?resourceVersion=id%3A61681"
          }
        }
      },
      "field_actions": {
        "data": [],
        "links": {
          "related": {
            "href": "https://prod3acc9ym8.main.acsf.baywsf.com/jsonapi/node/question/aa71603c-0935-4819-adfa-18110f988efa/field_actions?resourceVersion=id%3A61681"
          },
          "self": {
            "href": "https://prod3acc9ym8.main.acsf.baywsf.com/jsonapi/node/question/aa71603c-0935-4819-adfa-18110f988efa/relationships/field_actions?resourceVersion=id%3A61681"
          }
        }
      },
      "field_answer": {
        "data": [
          {
            "type": "node--answer",
            "id": "079af2a7-ce68-4e14-b7bd-ad7725c9b386",
            "meta": { "drupal_internal__target_id": 1381 }
          },
          {
            "type": "node--answer",
            "id": "b416f1dd-3b95-4cb6-95f2-85538dc854fe",
            "meta": { "drupal_internal__target_id": 1386 }
          },
          {
            "type": "node--answer",
            "id": "e26a7c79-e278-4926-9365-d8cfeca69c3a",
            "meta": { "drupal_internal__target_id": 1391 }
          },
          {
            "type": "node--answer",
            "id": "68b579ef-5fb9-4317-9a98-0634b8e8848f",
            "meta": { "drupal_internal__target_id": 1396 }
          }
        ],
        "links": {
          "related": {
            "href": "https://prod3acc9ym8.main.acsf.baywsf.com/jsonapi/node/question/aa71603c-0935-4819-adfa-18110f988efa/field_answer?resourceVersion=id%3A61681"
          },
          "self": {
            "href": "https://prod3acc9ym8.main.acsf.baywsf.com/jsonapi/node/question/aa71603c-0935-4819-adfa-18110f988efa/relationships/field_answer?resourceVersion=id%3A61681"
          }
        }
      },
      "field_correct": {
        "data": [],
        "links": {
          "related": {
            "href": "https://prod3acc9ym8.main.acsf.baywsf.com/jsonapi/node/question/aa71603c-0935-4819-adfa-18110f988efa/field_correct?resourceVersion=id%3A61681"
          },
          "self": {
            "href": "https://prod3acc9ym8.main.acsf.baywsf.com/jsonapi/node/question/aa71603c-0935-4819-adfa-18110f988efa/relationships/field_correct?resourceVersion=id%3A61681"
          }
        }
      },
      "field_question_group": {
        "data": [],
        "links": {
          "related": {
            "href": "https://prod3acc9ym8.main.acsf.baywsf.com/jsonapi/node/question/aa71603c-0935-4819-adfa-18110f988efa/field_question_group?resourceVersion=id%3A61681"
          },
          "self": {
            "href": "https://prod3acc9ym8.main.acsf.baywsf.com/jsonapi/node/question/aa71603c-0935-4819-adfa-18110f988efa/relationships/field_question_group?resourceVersion=id%3A61681"
          }
        }
      }
    }
  },
  "included": [
    {
      "type": "node--answer",
      "id": "079af2a7-ce68-4e14-b7bd-ad7725c9b386",
      "links": {
        "self": {
          "href": "https://prod3acc9ym8.main.acsf.baywsf.com/jsonapi/node/answer/079af2a7-ce68-4e14-b7bd-ad7725c9b386?resourceVersion=id%3A61661"
        }
      },
      "attributes": {
        "drupal_internal__nid": 1381,
        "drupal_internal__vid": 61661,
        "langcode": "it",
        "revision_timestamp": "2023-06-15T12:52:47+00:00",
        "revision_log": null,
        "status": true,
        "title": "Meno di 6 anni",
        "created": "2023-06-15T12:52:47+00:00",
        "changed": "2023-06-15T12:52:47+00:00",
        "promote": true,
        "sticky": false,
        "default_langcode": true,
        "revision_translation_affected": true,
        "moderation_state": null,
        "metatag": null,
        "path": { "alias": null, "pid": null, "langcode": "it" },
        "private": false,
        "field_metatags": null,
        "content_translation_source": "und",
        "content_translation_outdated": false,
        "published_at": "2023-06-15T12:56:48+00:00",
        "field_answer_summary": null,
        "field_instruction": null
      },
      "relationships": {
        "node_type": {
          "data": {
            "type": "node_type--node_type",
            "id": "2b9459ba-6e80-4cd4-b243-d970bac27c44",
            "meta": { "drupal_internal__target_id": "answer" }
          },
          "links": {
            "related": {
              "href": "https://prod3acc9ym8.main.acsf.baywsf.com/jsonapi/node/answer/079af2a7-ce68-4e14-b7bd-ad7725c9b386/node_type?resourceVersion=id%3A61661"
            },
            "self": {
              "href": "https://prod3acc9ym8.main.acsf.baywsf.com/jsonapi/node/answer/079af2a7-ce68-4e14-b7bd-ad7725c9b386/relationships/node_type?resourceVersion=id%3A61661"
            }
          }
        },
        "revision_uid": {
          "data": {
            "type": "user--user",
            "id": "9131ddbc-9152-4466-9af1-b7cbe7f92c9a",
            "meta": { "drupal_internal__target_id": 3091 }
          },
          "links": {
            "related": {
              "href": "https://prod3acc9ym8.main.acsf.baywsf.com/jsonapi/node/answer/079af2a7-ce68-4e14-b7bd-ad7725c9b386/revision_uid?resourceVersion=id%3A61661"
            },
            "self": {
              "href": "https://prod3acc9ym8.main.acsf.baywsf.com/jsonapi/node/answer/079af2a7-ce68-4e14-b7bd-ad7725c9b386/relationships/revision_uid?resourceVersion=id%3A61661"
            }
          }
        },
        "uid": {
          "data": {
            "type": "user--user",
            "id": "9131ddbc-9152-4466-9af1-b7cbe7f92c9a",
            "meta": { "drupal_internal__target_id": 3091 }
          },
          "links": {
            "related": {
              "href": "https://prod3acc9ym8.main.acsf.baywsf.com/jsonapi/node/answer/079af2a7-ce68-4e14-b7bd-ad7725c9b386/uid?resourceVersion=id%3A61661"
            },
            "self": {
              "href": "https://prod3acc9ym8.main.acsf.baywsf.com/jsonapi/node/answer/079af2a7-ce68-4e14-b7bd-ad7725c9b386/relationships/uid?resourceVersion=id%3A61661"
            }
          }
        },
        "field_schema_json_ld_file": {
          "data": null,
          "links": {
            "related": {
              "href": "https://prod3acc9ym8.main.acsf.baywsf.com/jsonapi/node/answer/079af2a7-ce68-4e14-b7bd-ad7725c9b386/field_schema_json_ld_file?resourceVersion=id%3A61661"
            },
            "self": {
              "href": "https://prod3acc9ym8.main.acsf.baywsf.com/jsonapi/node/answer/079af2a7-ce68-4e14-b7bd-ad7725c9b386/relationships/field_schema_json_ld_file?resourceVersion=id%3A61661"
            }
          }
        },
        "field_answer_category": {
          "data": [],
          "links": {
            "related": {
              "href": "https://prod3acc9ym8.main.acsf.baywsf.com/jsonapi/node/answer/079af2a7-ce68-4e14-b7bd-ad7725c9b386/field_answer_category?resourceVersion=id%3A61661"
            },
            "self": {
              "href": "https://prod3acc9ym8.main.acsf.baywsf.com/jsonapi/node/answer/079af2a7-ce68-4e14-b7bd-ad7725c9b386/relationships/field_answer_category?resourceVersion=id%3A61661"
            }
          }
        },
        "field_next_question": {
          "data": null,
          "links": {
            "related": {
              "href": "https://prod3acc9ym8.main.acsf.baywsf.com/jsonapi/node/answer/079af2a7-ce68-4e14-b7bd-ad7725c9b386/field_next_question?resourceVersion=id%3A61661"
            },
            "self": {
              "href": "https://prod3acc9ym8.main.acsf.baywsf.com/jsonapi/node/answer/079af2a7-ce68-4e14-b7bd-ad7725c9b386/relationships/field_next_question?resourceVersion=id%3A61661"
            }
          }
        },
        "field_result": {
          "data": null,
          "links": {
            "related": {
              "href": "https://prod3acc9ym8.main.acsf.baywsf.com/jsonapi/node/answer/079af2a7-ce68-4e14-b7bd-ad7725c9b386/field_result?resourceVersion=id%3A61661"
            },
            "self": {
              "href": "https://prod3acc9ym8.main.acsf.baywsf.com/jsonapi/node/answer/079af2a7-ce68-4e14-b7bd-ad7725c9b386/relationships/field_result?resourceVersion=id%3A61661"
            }
          }
        }
      }
    },
    {
      "type": "node--answer",
      "id": "b416f1dd-3b95-4cb6-95f2-85538dc854fe",
      "links": {
        "self": {
          "href": "https://prod3acc9ym8.main.acsf.baywsf.com/jsonapi/node/answer/b416f1dd-3b95-4cb6-95f2-85538dc854fe?resourceVersion=id%3A61666"
        }
      },
      "attributes": {
        "drupal_internal__nid": 1386,
        "drupal_internal__vid": 61666,
        "langcode": "it",
        "revision_timestamp": "2023-06-15T12:53:56+00:00",
        "revision_log": null,
        "status": true,
        "title": "Tra i 6 e 11 anni",
        "created": "2023-06-15T12:53:56+00:00",
        "changed": "2023-06-15T12:53:56+00:00",
        "promote": true,
        "sticky": false,
        "default_langcode": true,
        "revision_translation_affected": true,
        "moderation_state": null,
        "metatag": null,
        "path": { "alias": null, "pid": null, "langcode": "it" },
        "private": false,
        "field_metatags": null,
        "content_translation_source": "und",
        "content_translation_outdated": false,
        "published_at": "2023-06-15T12:56:48+00:00",
        "field_answer_summary": null,
        "field_instruction": null
      },
      "relationships": {
        "node_type": {
          "data": {
            "type": "node_type--node_type",
            "id": "2b9459ba-6e80-4cd4-b243-d970bac27c44",
            "meta": { "drupal_internal__target_id": "answer" }
          },
          "links": {
            "related": {
              "href": "https://prod3acc9ym8.main.acsf.baywsf.com/jsonapi/node/answer/b416f1dd-3b95-4cb6-95f2-85538dc854fe/node_type?resourceVersion=id%3A61666"
            },
            "self": {
              "href": "https://prod3acc9ym8.main.acsf.baywsf.com/jsonapi/node/answer/b416f1dd-3b95-4cb6-95f2-85538dc854fe/relationships/node_type?resourceVersion=id%3A61666"
            }
          }
        },
        "revision_uid": {
          "data": {
            "type": "user--user",
            "id": "9131ddbc-9152-4466-9af1-b7cbe7f92c9a",
            "meta": { "drupal_internal__target_id": 3091 }
          },
          "links": {
            "related": {
              "href": "https://prod3acc9ym8.main.acsf.baywsf.com/jsonapi/node/answer/b416f1dd-3b95-4cb6-95f2-85538dc854fe/revision_uid?resourceVersion=id%3A61666"
            },
            "self": {
              "href": "https://prod3acc9ym8.main.acsf.baywsf.com/jsonapi/node/answer/b416f1dd-3b95-4cb6-95f2-85538dc854fe/relationships/revision_uid?resourceVersion=id%3A61666"
            }
          }
        },
        "uid": {
          "data": {
            "type": "user--user",
            "id": "9131ddbc-9152-4466-9af1-b7cbe7f92c9a",
            "meta": { "drupal_internal__target_id": 3091 }
          },
          "links": {
            "related": {
              "href": "https://prod3acc9ym8.main.acsf.baywsf.com/jsonapi/node/answer/b416f1dd-3b95-4cb6-95f2-85538dc854fe/uid?resourceVersion=id%3A61666"
            },
            "self": {
              "href": "https://prod3acc9ym8.main.acsf.baywsf.com/jsonapi/node/answer/b416f1dd-3b95-4cb6-95f2-85538dc854fe/relationships/uid?resourceVersion=id%3A61666"
            }
          }
        },
        "field_schema_json_ld_file": {
          "data": null,
          "links": {
            "related": {
              "href": "https://prod3acc9ym8.main.acsf.baywsf.com/jsonapi/node/answer/b416f1dd-3b95-4cb6-95f2-85538dc854fe/field_schema_json_ld_file?resourceVersion=id%3A61666"
            },
            "self": {
              "href": "https://prod3acc9ym8.main.acsf.baywsf.com/jsonapi/node/answer/b416f1dd-3b95-4cb6-95f2-85538dc854fe/relationships/field_schema_json_ld_file?resourceVersion=id%3A61666"
            }
          }
        },
        "field_answer_category": {
          "data": [],
          "links": {
            "related": {
              "href": "https://prod3acc9ym8.main.acsf.baywsf.com/jsonapi/node/answer/b416f1dd-3b95-4cb6-95f2-85538dc854fe/field_answer_category?resourceVersion=id%3A61666"
            },
            "self": {
              "href": "https://prod3acc9ym8.main.acsf.baywsf.com/jsonapi/node/answer/b416f1dd-3b95-4cb6-95f2-85538dc854fe/relationships/field_answer_category?resourceVersion=id%3A61666"
            }
          }
        },
        "field_next_question": {
          "data": null,
          "links": {
            "related": {
              "href": "https://prod3acc9ym8.main.acsf.baywsf.com/jsonapi/node/answer/b416f1dd-3b95-4cb6-95f2-85538dc854fe/field_next_question?resourceVersion=id%3A61666"
            },
            "self": {
              "href": "https://prod3acc9ym8.main.acsf.baywsf.com/jsonapi/node/answer/b416f1dd-3b95-4cb6-95f2-85538dc854fe/relationships/field_next_question?resourceVersion=id%3A61666"
            }
          }
        },
        "field_result": {
          "data": null,
          "links": {
            "related": {
              "href": "https://prod3acc9ym8.main.acsf.baywsf.com/jsonapi/node/answer/b416f1dd-3b95-4cb6-95f2-85538dc854fe/field_result?resourceVersion=id%3A61666"
            },
            "self": {
              "href": "https://prod3acc9ym8.main.acsf.baywsf.com/jsonapi/node/answer/b416f1dd-3b95-4cb6-95f2-85538dc854fe/relationships/field_result?resourceVersion=id%3A61666"
            }
          }
        }
      }
    },
    {
      "type": "node--answer",
      "id": "e26a7c79-e278-4926-9365-d8cfeca69c3a",
      "links": {
        "self": {
          "href": "https://prod3acc9ym8.main.acsf.baywsf.com/jsonapi/node/answer/e26a7c79-e278-4926-9365-d8cfeca69c3a?resourceVersion=id%3A61671"
        }
      },
      "attributes": {
        "drupal_internal__nid": 1391,
        "drupal_internal__vid": 61671,
        "langcode": "it",
        "revision_timestamp": "2023-06-15T12:54:50+00:00",
        "revision_log": null,
        "status": true,
        "title": "Tra i 12 e 17 anni",
        "created": "2023-06-15T12:54:50+00:00",
        "changed": "2023-06-15T12:54:50+00:00",
        "promote": true,
        "sticky": false,
        "default_langcode": true,
        "revision_translation_affected": true,
        "moderation_state": null,
        "metatag": null,
        "path": { "alias": null, "pid": null, "langcode": "it" },
        "private": false,
        "field_metatags": null,
        "content_translation_source": "und",
        "content_translation_outdated": false,
        "published_at": "2023-06-15T12:56:48+00:00",
        "field_answer_summary": null,
        "field_instruction": null
      },
      "relationships": {
        "node_type": {
          "data": {
            "type": "node_type--node_type",
            "id": "2b9459ba-6e80-4cd4-b243-d970bac27c44",
            "meta": { "drupal_internal__target_id": "answer" }
          },
          "links": {
            "related": {
              "href": "https://prod3acc9ym8.main.acsf.baywsf.com/jsonapi/node/answer/e26a7c79-e278-4926-9365-d8cfeca69c3a/node_type?resourceVersion=id%3A61671"
            },
            "self": {
              "href": "https://prod3acc9ym8.main.acsf.baywsf.com/jsonapi/node/answer/e26a7c79-e278-4926-9365-d8cfeca69c3a/relationships/node_type?resourceVersion=id%3A61671"
            }
          }
        },
        "revision_uid": {
          "data": {
            "type": "user--user",
            "id": "9131ddbc-9152-4466-9af1-b7cbe7f92c9a",
            "meta": { "drupal_internal__target_id": 3091 }
          },
          "links": {
            "related": {
              "href": "https://prod3acc9ym8.main.acsf.baywsf.com/jsonapi/node/answer/e26a7c79-e278-4926-9365-d8cfeca69c3a/revision_uid?resourceVersion=id%3A61671"
            },
            "self": {
              "href": "https://prod3acc9ym8.main.acsf.baywsf.com/jsonapi/node/answer/e26a7c79-e278-4926-9365-d8cfeca69c3a/relationships/revision_uid?resourceVersion=id%3A61671"
            }
          }
        },
        "uid": {
          "data": {
            "type": "user--user",
            "id": "9131ddbc-9152-4466-9af1-b7cbe7f92c9a",
            "meta": { "drupal_internal__target_id": 3091 }
          },
          "links": {
            "related": {
              "href": "https://prod3acc9ym8.main.acsf.baywsf.com/jsonapi/node/answer/e26a7c79-e278-4926-9365-d8cfeca69c3a/uid?resourceVersion=id%3A61671"
            },
            "self": {
              "href": "https://prod3acc9ym8.main.acsf.baywsf.com/jsonapi/node/answer/e26a7c79-e278-4926-9365-d8cfeca69c3a/relationships/uid?resourceVersion=id%3A61671"
            }
          }
        },
        "field_schema_json_ld_file": {
          "data": null,
          "links": {
            "related": {
              "href": "https://prod3acc9ym8.main.acsf.baywsf.com/jsonapi/node/answer/e26a7c79-e278-4926-9365-d8cfeca69c3a/field_schema_json_ld_file?resourceVersion=id%3A61671"
            },
            "self": {
              "href": "https://prod3acc9ym8.main.acsf.baywsf.com/jsonapi/node/answer/e26a7c79-e278-4926-9365-d8cfeca69c3a/relationships/field_schema_json_ld_file?resourceVersion=id%3A61671"
            }
          }
        },
        "field_answer_category": {
          "data": [],
          "links": {
            "related": {
              "href": "https://prod3acc9ym8.main.acsf.baywsf.com/jsonapi/node/answer/e26a7c79-e278-4926-9365-d8cfeca69c3a/field_answer_category?resourceVersion=id%3A61671"
            },
            "self": {
              "href": "https://prod3acc9ym8.main.acsf.baywsf.com/jsonapi/node/answer/e26a7c79-e278-4926-9365-d8cfeca69c3a/relationships/field_answer_category?resourceVersion=id%3A61671"
            }
          }
        },
        "field_next_question": {
          "data": null,
          "links": {
            "related": {
              "href": "https://prod3acc9ym8.main.acsf.baywsf.com/jsonapi/node/answer/e26a7c79-e278-4926-9365-d8cfeca69c3a/field_next_question?resourceVersion=id%3A61671"
            },
            "self": {
              "href": "https://prod3acc9ym8.main.acsf.baywsf.com/jsonapi/node/answer/e26a7c79-e278-4926-9365-d8cfeca69c3a/relationships/field_next_question?resourceVersion=id%3A61671"
            }
          }
        },
        "field_result": {
          "data": null,
          "links": {
            "related": {
              "href": "https://prod3acc9ym8.main.acsf.baywsf.com/jsonapi/node/answer/e26a7c79-e278-4926-9365-d8cfeca69c3a/field_result?resourceVersion=id%3A61671"
            },
            "self": {
              "href": "https://prod3acc9ym8.main.acsf.baywsf.com/jsonapi/node/answer/e26a7c79-e278-4926-9365-d8cfeca69c3a/relationships/field_result?resourceVersion=id%3A61671"
            }
          }
        }
      }
    },
    {
      "type": "node--answer",
      "id": "68b579ef-5fb9-4317-9a98-0634b8e8848f",
      "links": {
        "self": {
          "href": "https://prod3acc9ym8.main.acsf.baywsf.com/jsonapi/node/answer/68b579ef-5fb9-4317-9a98-0634b8e8848f?resourceVersion=id%3A61676"
        }
      },
      "attributes": {
        "drupal_internal__nid": 1396,
        "drupal_internal__vid": 61676,
        "langcode": "it",
        "revision_timestamp": "2023-06-15T12:55:47+00:00",
        "revision_log": null,
        "status": true,
        "title": "18 anni o pi\u00f9",
        "created": "2023-06-15T12:55:47+00:00",
        "changed": "2023-06-15T12:55:47+00:00",
        "promote": true,
        "sticky": false,
        "default_langcode": true,
        "revision_translation_affected": true,
        "moderation_state": null,
        "metatag": null,
        "path": { "alias": null, "pid": null, "langcode": "it" },
        "private": false,
        "field_metatags": null,
        "content_translation_source": "und",
        "content_translation_outdated": false,
        "published_at": "2023-06-15T12:56:48+00:00",
        "field_answer_summary": null,
        "field_instruction": null
      },
      "relationships": {
        "node_type": {
          "data": {
            "type": "node_type--node_type",
            "id": "2b9459ba-6e80-4cd4-b243-d970bac27c44",
            "meta": { "drupal_internal__target_id": "answer" }
          },
          "links": {
            "related": {
              "href": "https://prod3acc9ym8.main.acsf.baywsf.com/jsonapi/node/answer/68b579ef-5fb9-4317-9a98-0634b8e8848f/node_type?resourceVersion=id%3A61676"
            },
            "self": {
              "href": "https://prod3acc9ym8.main.acsf.baywsf.com/jsonapi/node/answer/68b579ef-5fb9-4317-9a98-0634b8e8848f/relationships/node_type?resourceVersion=id%3A61676"
            }
          }
        },
        "revision_uid": {
          "data": {
            "type": "user--user",
            "id": "9131ddbc-9152-4466-9af1-b7cbe7f92c9a",
            "meta": { "drupal_internal__target_id": 3091 }
          },
          "links": {
            "related": {
              "href": "https://prod3acc9ym8.main.acsf.baywsf.com/jsonapi/node/answer/68b579ef-5fb9-4317-9a98-0634b8e8848f/revision_uid?resourceVersion=id%3A61676"
            },
            "self": {
              "href": "https://prod3acc9ym8.main.acsf.baywsf.com/jsonapi/node/answer/68b579ef-5fb9-4317-9a98-0634b8e8848f/relationships/revision_uid?resourceVersion=id%3A61676"
            }
          }
        },
        "uid": {
          "data": {
            "type": "user--user",
            "id": "9131ddbc-9152-4466-9af1-b7cbe7f92c9a",
            "meta": { "drupal_internal__target_id": 3091 }
          },
          "links": {
            "related": {
              "href": "https://prod3acc9ym8.main.acsf.baywsf.com/jsonapi/node/answer/68b579ef-5fb9-4317-9a98-0634b8e8848f/uid?resourceVersion=id%3A61676"
            },
            "self": {
              "href": "https://prod3acc9ym8.main.acsf.baywsf.com/jsonapi/node/answer/68b579ef-5fb9-4317-9a98-0634b8e8848f/relationships/uid?resourceVersion=id%3A61676"
            }
          }
        },
        "field_schema_json_ld_file": {
          "data": null,
          "links": {
            "related": {
              "href": "https://prod3acc9ym8.main.acsf.baywsf.com/jsonapi/node/answer/68b579ef-5fb9-4317-9a98-0634b8e8848f/field_schema_json_ld_file?resourceVersion=id%3A61676"
            },
            "self": {
              "href": "https://prod3acc9ym8.main.acsf.baywsf.com/jsonapi/node/answer/68b579ef-5fb9-4317-9a98-0634b8e8848f/relationships/field_schema_json_ld_file?resourceVersion=id%3A61676"
            }
          }
        },
        "field_answer_category": {
          "data": [],
          "links": {
            "related": {
              "href": "https://prod3acc9ym8.main.acsf.baywsf.com/jsonapi/node/answer/68b579ef-5fb9-4317-9a98-0634b8e8848f/field_answer_category?resourceVersion=id%3A61676"
            },
            "self": {
              "href": "https://prod3acc9ym8.main.acsf.baywsf.com/jsonapi/node/answer/68b579ef-5fb9-4317-9a98-0634b8e8848f/relationships/field_answer_category?resourceVersion=id%3A61676"
            }
          }
        },
        "field_next_question": {
          "data": null,
          "links": {
            "related": {
              "href": "https://prod3acc9ym8.main.acsf.baywsf.com/jsonapi/node/answer/68b579ef-5fb9-4317-9a98-0634b8e8848f/field_next_question?resourceVersion=id%3A61676"
            },
            "self": {
              "href": "https://prod3acc9ym8.main.acsf.baywsf.com/jsonapi/node/answer/68b579ef-5fb9-4317-9a98-0634b8e8848f/relationships/field_next_question?resourceVersion=id%3A61676"
            }
          }
        },
        "field_result": {
          "data": null,
          "links": {
            "related": {
              "href": "https://prod3acc9ym8.main.acsf.baywsf.com/jsonapi/node/answer/68b579ef-5fb9-4317-9a98-0634b8e8848f/field_result?resourceVersion=id%3A61676"
            },
            "self": {
              "href": "https://prod3acc9ym8.main.acsf.baywsf.com/jsonapi/node/answer/68b579ef-5fb9-4317-9a98-0634b8e8848f/relationships/field_result?resourceVersion=id%3A61676"
            }
          }
        }
      }
    }
  ],
  "links": {
    "self": {
      "href": "https://prod3acc9ym8.main.acsf.baywsf.com/jsonapi/node/question/aa71603c-0935-4819-adfa-18110f988efa?include=field_answer"
    }
  }
}
