{
  "jsonapi": {
    "version": "1.0",
    "meta": {
      "links": { "self": { "href": "http://jsonapi.org/format/1.0/" } }
    }
  },
  "data": {
    "type": "node--question",
    "id": "be2a84c4-4031-437d-9898-7dee4f2e4dc2",
    "links": {
      "self": {
        "href": "https://prod3acc9ym8.main.acsf.baywsf.com/jsonapi/node/question/be2a84c4-4031-437d-9898-7dee4f2e4dc2?resourceVersion=id%3A61746"
      }
    },
    "attributes": {
      "drupal_internal__nid": 1451,
      "drupal_internal__vid": 61746,
      "langcode": "it",
      "revision_timestamp": "2023-06-15T13:48:47+00:00",
      "revision_log": null,
      "status": true,
      "title": "Quanti anni ha la persona con dolore?",
      "created": "2023-06-15T13:48:47+00:00",
      "changed": "2023-06-15T13:48:47+00:00",
      "promote": false,
      "sticky": false,
      "default_langcode": true,
      "revision_translation_affected": true,
      "moderation_state": null,
      "metatag": null,
      "path": { "alias": null, "pid": null, "langcode": "it" },
      "private": false,
      "field_metatags": null,
      "content_translation_source": "und",
      "content_translation_outdated": false,
      "published_at": "2023-06-15T13:49:18+00:00",
      "field_error": null,
      "field_explanation": null,
      "field_instruction": null,
      "field_references": null
    },
    "relationships": {
      "node_type": {
        "data": {
          "type": "node_type--node_type",
          "id": "b36305cf-d6a4-4b58-94fd-9bd56dc48d0a",
          "meta": { "drupal_internal__target_id": "question" }
        },
        "links": {
          "related": {
            "href": "https://prod3acc9ym8.main.acsf.baywsf.com/jsonapi/node/question/be2a84c4-4031-437d-9898-7dee4f2e4dc2/node_type?resourceVersion=id%3A61746"
          },
          "self": {
            "href": "https://prod3acc9ym8.main.acsf.baywsf.com/jsonapi/node/question/be2a84c4-4031-437d-9898-7dee4f2e4dc2/relationships/node_type?resourceVersion=id%3A61746"
          }
        }
      },
      "revision_uid": {
        "data": {
          "type": "user--user",
          "id": "9131ddbc-9152-4466-9af1-b7cbe7f92c9a",
          "meta": { "drupal_internal__target_id": 3091 }
        },
        "links": {
          "related": {
            "href": "https://prod3acc9ym8.main.acsf.baywsf.com/jsonapi/node/question/be2a84c4-4031-437d-9898-7dee4f2e4dc2/revision_uid?resourceVersion=id%3A61746"
          },
          "self": {
            "href": "https://prod3acc9ym8.main.acsf.baywsf.com/jsonapi/node/question/be2a84c4-4031-437d-9898-7dee4f2e4dc2/relationships/revision_uid?resourceVersion=id%3A61746"
          }
        }
      },
      "uid": {
        "data": {
          "type": "user--user",
          "id": "9131ddbc-9152-4466-9af1-b7cbe7f92c9a",
          "meta": { "drupal_internal__target_id": 3091 }
        },
        "links": {
          "related": {
            "href": "https://prod3acc9ym8.main.acsf.baywsf.com/jsonapi/node/question/be2a84c4-4031-437d-9898-7dee4f2e4dc2/uid?resourceVersion=id%3A61746"
          },
          "self": {
            "href": "https://prod3acc9ym8.main.acsf.baywsf.com/jsonapi/node/question/be2a84c4-4031-437d-9898-7dee4f2e4dc2/relationships/uid?resourceVersion=id%3A61746"
          }
        }
      },
      "field_schema_json_ld_file": {
        "data": null,
        "links": {
          "related": {
            "href": "https://prod3acc9ym8.main.acsf.baywsf.com/jsonapi/node/question/be2a84c4-4031-437d-9898-7dee4f2e4dc2/field_schema_json_ld_file?resourceVersion=id%3A61746"
          },
          "self": {
            "href": "https://prod3acc9ym8.main.acsf.baywsf.com/jsonapi/node/question/be2a84c4-4031-437d-9898-7dee4f2e4dc2/relationships/field_schema_json_ld_file?resourceVersion=id%3A61746"
          }
        }
      },
      "field_actions": {
        "data": [],
        "links": {
          "related": {
            "href": "https://prod3acc9ym8.main.acsf.baywsf.com/jsonapi/node/question/be2a84c4-4031-437d-9898-7dee4f2e4dc2/field_actions?resourceVersion=id%3A61746"
          },
          "self": {
            "href": "https://prod3acc9ym8.main.acsf.baywsf.com/jsonapi/node/question/be2a84c4-4031-437d-9898-7dee4f2e4dc2/relationships/field_actions?resourceVersion=id%3A61746"
          }
        }
      },
      "field_answer": {
        "data": [
          {
            "type": "node--answer",
            "id": "9da2f57f-4d98-4645-9a2d-e62d73db9ab9",
            "meta": { "drupal_internal__target_id": 1441 }
          },
          {
            "type": "node--answer",
            "id": "2d5ae6e3-8ba9-4d86-b3f5-4d6d473279c8",
            "meta": { "drupal_internal__target_id": 1446 }
          }
        ],
        "links": {
          "related": {
            "href": "https://prod3acc9ym8.main.acsf.baywsf.com/jsonapi/node/question/be2a84c4-4031-437d-9898-7dee4f2e4dc2/field_answer?resourceVersion=id%3A61746"
          },
          "self": {
            "href": "https://prod3acc9ym8.main.acsf.baywsf.com/jsonapi/node/question/be2a84c4-4031-437d-9898-7dee4f2e4dc2/relationships/field_answer?resourceVersion=id%3A61746"
          }
        }
      },
      "field_correct": {
        "data": [],
        "links": {
          "related": {
            "href": "https://prod3acc9ym8.main.acsf.baywsf.com/jsonapi/node/question/be2a84c4-4031-437d-9898-7dee4f2e4dc2/field_correct?resourceVersion=id%3A61746"
          },
          "self": {
            "href": "https://prod3acc9ym8.main.acsf.baywsf.com/jsonapi/node/question/be2a84c4-4031-437d-9898-7dee4f2e4dc2/relationships/field_correct?resourceVersion=id%3A61746"
          }
        }
      },
      "field_question_group": {
        "data": [],
        "links": {
          "related": {
            "href": "https://prod3acc9ym8.main.acsf.baywsf.com/jsonapi/node/question/be2a84c4-4031-437d-9898-7dee4f2e4dc2/field_question_group?resourceVersion=id%3A61746"
          },
          "self": {
            "href": "https://prod3acc9ym8.main.acsf.baywsf.com/jsonapi/node/question/be2a84c4-4031-437d-9898-7dee4f2e4dc2/relationships/field_question_group?resourceVersion=id%3A61746"
          }
        }
      }
    }
  },
  "included": [
    {
      "type": "node--answer",
      "id": "9da2f57f-4d98-4645-9a2d-e62d73db9ab9",
      "links": {
        "self": {
          "href": "https://prod3acc9ym8.main.acsf.baywsf.com/jsonapi/node/answer/9da2f57f-4d98-4645-9a2d-e62d73db9ab9?resourceVersion=id%3A61736"
        }
      },
      "attributes": {
        "drupal_internal__nid": 1441,
        "drupal_internal__vid": 61736,
        "langcode": "it",
        "revision_timestamp": "2023-06-15T13:47:21+00:00",
        "revision_log": null,
        "status": true,
        "title": "Meno di 16 anni",
        "created": "2023-06-15T13:47:21+00:00",
        "changed": "2023-06-15T13:47:21+00:00",
        "promote": true,
        "sticky": false,
        "default_langcode": true,
        "revision_translation_affected": true,
        "moderation_state": null,
        "metatag": null,
        "path": { "alias": null, "pid": null, "langcode": "it" },
        "private": false,
        "field_metatags": null,
        "content_translation_source": "und",
        "content_translation_outdated": false,
        "published_at": "2023-06-15T13:49:18+00:00",
        "field_answer_summary": null,
        "field_instruction": null
      },
      "relationships": {
        "node_type": {
          "data": {
            "type": "node_type--node_type",
            "id": "2b9459ba-6e80-4cd4-b243-d970bac27c44",
            "meta": { "drupal_internal__target_id": "answer" }
          },
          "links": {
            "related": {
              "href": "https://prod3acc9ym8.main.acsf.baywsf.com/jsonapi/node/answer/9da2f57f-4d98-4645-9a2d-e62d73db9ab9/node_type?resourceVersion=id%3A61736"
            },
            "self": {
              "href": "https://prod3acc9ym8.main.acsf.baywsf.com/jsonapi/node/answer/9da2f57f-4d98-4645-9a2d-e62d73db9ab9/relationships/node_type?resourceVersion=id%3A61736"
            }
          }
        },
        "revision_uid": {
          "data": {
            "type": "user--user",
            "id": "9131ddbc-9152-4466-9af1-b7cbe7f92c9a",
            "meta": { "drupal_internal__target_id": 3091 }
          },
          "links": {
            "related": {
              "href": "https://prod3acc9ym8.main.acsf.baywsf.com/jsonapi/node/answer/9da2f57f-4d98-4645-9a2d-e62d73db9ab9/revision_uid?resourceVersion=id%3A61736"
            },
            "self": {
              "href": "https://prod3acc9ym8.main.acsf.baywsf.com/jsonapi/node/answer/9da2f57f-4d98-4645-9a2d-e62d73db9ab9/relationships/revision_uid?resourceVersion=id%3A61736"
            }
          }
        },
        "uid": {
          "data": {
            "type": "user--user",
            "id": "9131ddbc-9152-4466-9af1-b7cbe7f92c9a",
            "meta": { "drupal_internal__target_id": 3091 }
          },
          "links": {
            "related": {
              "href": "https://prod3acc9ym8.main.acsf.baywsf.com/jsonapi/node/answer/9da2f57f-4d98-4645-9a2d-e62d73db9ab9/uid?resourceVersion=id%3A61736"
            },
            "self": {
              "href": "https://prod3acc9ym8.main.acsf.baywsf.com/jsonapi/node/answer/9da2f57f-4d98-4645-9a2d-e62d73db9ab9/relationships/uid?resourceVersion=id%3A61736"
            }
          }
        },
        "field_schema_json_ld_file": {
          "data": null,
          "links": {
            "related": {
              "href": "https://prod3acc9ym8.main.acsf.baywsf.com/jsonapi/node/answer/9da2f57f-4d98-4645-9a2d-e62d73db9ab9/field_schema_json_ld_file?resourceVersion=id%3A61736"
            },
            "self": {
              "href": "https://prod3acc9ym8.main.acsf.baywsf.com/jsonapi/node/answer/9da2f57f-4d98-4645-9a2d-e62d73db9ab9/relationships/field_schema_json_ld_file?resourceVersion=id%3A61736"
            }
          }
        },
        "field_answer_category": {
          "data": [],
          "links": {
            "related": {
              "href": "https://prod3acc9ym8.main.acsf.baywsf.com/jsonapi/node/answer/9da2f57f-4d98-4645-9a2d-e62d73db9ab9/field_answer_category?resourceVersion=id%3A61736"
            },
            "self": {
              "href": "https://prod3acc9ym8.main.acsf.baywsf.com/jsonapi/node/answer/9da2f57f-4d98-4645-9a2d-e62d73db9ab9/relationships/field_answer_category?resourceVersion=id%3A61736"
            }
          }
        },
        "field_next_question": {
          "data": null,
          "links": {
            "related": {
              "href": "https://prod3acc9ym8.main.acsf.baywsf.com/jsonapi/node/answer/9da2f57f-4d98-4645-9a2d-e62d73db9ab9/field_next_question?resourceVersion=id%3A61736"
            },
            "self": {
              "href": "https://prod3acc9ym8.main.acsf.baywsf.com/jsonapi/node/answer/9da2f57f-4d98-4645-9a2d-e62d73db9ab9/relationships/field_next_question?resourceVersion=id%3A61736"
            }
          }
        },
        "field_result": {
          "data": null,
          "links": {
            "related": {
              "href": "https://prod3acc9ym8.main.acsf.baywsf.com/jsonapi/node/answer/9da2f57f-4d98-4645-9a2d-e62d73db9ab9/field_result?resourceVersion=id%3A61736"
            },
            "self": {
              "href": "https://prod3acc9ym8.main.acsf.baywsf.com/jsonapi/node/answer/9da2f57f-4d98-4645-9a2d-e62d73db9ab9/relationships/field_result?resourceVersion=id%3A61736"
            }
          }
        }
      }
    },
    {
      "type": "node--answer",
      "id": "2d5ae6e3-8ba9-4d86-b3f5-4d6d473279c8",
      "links": {
        "self": {
          "href": "https://prod3acc9ym8.main.acsf.baywsf.com/jsonapi/node/answer/2d5ae6e3-8ba9-4d86-b3f5-4d6d473279c8?resourceVersion=id%3A61741"
        }
      },
      "attributes": {
        "drupal_internal__nid": 1446,
        "drupal_internal__vid": 61741,
        "langcode": "it",
        "revision_timestamp": "2023-06-15T13:48:19+00:00",
        "revision_log": null,
        "status": true,
        "title": "16 anni o pi\u00f9",
        "created": "2023-06-15T13:48:19+00:00",
        "changed": "2023-06-15T13:48:19+00:00",
        "promote": true,
        "sticky": false,
        "default_langcode": true,
        "revision_translation_affected": true,
        "moderation_state": null,
        "metatag": null,
        "path": { "alias": null, "pid": null, "langcode": "it" },
        "private": false,
        "field_metatags": null,
        "content_translation_source": "und",
        "content_translation_outdated": false,
        "published_at": "2023-06-15T13:49:18+00:00",
        "field_answer_summary": null,
        "field_instruction": null
      },
      "relationships": {
        "node_type": {
          "data": {
            "type": "node_type--node_type",
            "id": "2b9459ba-6e80-4cd4-b243-d970bac27c44",
            "meta": { "drupal_internal__target_id": "answer" }
          },
          "links": {
            "related": {
              "href": "https://prod3acc9ym8.main.acsf.baywsf.com/jsonapi/node/answer/2d5ae6e3-8ba9-4d86-b3f5-4d6d473279c8/node_type?resourceVersion=id%3A61741"
            },
            "self": {
              "href": "https://prod3acc9ym8.main.acsf.baywsf.com/jsonapi/node/answer/2d5ae6e3-8ba9-4d86-b3f5-4d6d473279c8/relationships/node_type?resourceVersion=id%3A61741"
            }
          }
        },
        "revision_uid": {
          "data": {
            "type": "user--user",
            "id": "9131ddbc-9152-4466-9af1-b7cbe7f92c9a",
            "meta": { "drupal_internal__target_id": 3091 }
          },
          "links": {
            "related": {
              "href": "https://prod3acc9ym8.main.acsf.baywsf.com/jsonapi/node/answer/2d5ae6e3-8ba9-4d86-b3f5-4d6d473279c8/revision_uid?resourceVersion=id%3A61741"
            },
            "self": {
              "href": "https://prod3acc9ym8.main.acsf.baywsf.com/jsonapi/node/answer/2d5ae6e3-8ba9-4d86-b3f5-4d6d473279c8/relationships/revision_uid?resourceVersion=id%3A61741"
            }
          }
        },
        "uid": {
          "data": {
            "type": "user--user",
            "id": "9131ddbc-9152-4466-9af1-b7cbe7f92c9a",
            "meta": { "drupal_internal__target_id": 3091 }
          },
          "links": {
            "related": {
              "href": "https://prod3acc9ym8.main.acsf.baywsf.com/jsonapi/node/answer/2d5ae6e3-8ba9-4d86-b3f5-4d6d473279c8/uid?resourceVersion=id%3A61741"
            },
            "self": {
              "href": "https://prod3acc9ym8.main.acsf.baywsf.com/jsonapi/node/answer/2d5ae6e3-8ba9-4d86-b3f5-4d6d473279c8/relationships/uid?resourceVersion=id%3A61741"
            }
          }
        },
        "field_schema_json_ld_file": {
          "data": null,
          "links": {
            "related": {
              "href": "https://prod3acc9ym8.main.acsf.baywsf.com/jsonapi/node/answer/2d5ae6e3-8ba9-4d86-b3f5-4d6d473279c8/field_schema_json_ld_file?resourceVersion=id%3A61741"
            },
            "self": {
              "href": "https://prod3acc9ym8.main.acsf.baywsf.com/jsonapi/node/answer/2d5ae6e3-8ba9-4d86-b3f5-4d6d473279c8/relationships/field_schema_json_ld_file?resourceVersion=id%3A61741"
            }
          }
        },
        "field_answer_category": {
          "data": [],
          "links": {
            "related": {
              "href": "https://prod3acc9ym8.main.acsf.baywsf.com/jsonapi/node/answer/2d5ae6e3-8ba9-4d86-b3f5-4d6d473279c8/field_answer_category?resourceVersion=id%3A61741"
            },
            "self": {
              "href": "https://prod3acc9ym8.main.acsf.baywsf.com/jsonapi/node/answer/2d5ae6e3-8ba9-4d86-b3f5-4d6d473279c8/relationships/field_answer_category?resourceVersion=id%3A61741"
            }
          }
        },
        "field_next_question": {
          "data": null,
          "links": {
            "related": {
              "href": "https://prod3acc9ym8.main.acsf.baywsf.com/jsonapi/node/answer/2d5ae6e3-8ba9-4d86-b3f5-4d6d473279c8/field_next_question?resourceVersion=id%3A61741"
            },
            "self": {
              "href": "https://prod3acc9ym8.main.acsf.baywsf.com/jsonapi/node/answer/2d5ae6e3-8ba9-4d86-b3f5-4d6d473279c8/relationships/field_next_question?resourceVersion=id%3A61741"
            }
          }
        },
        "field_result": {
          "data": null,
          "links": {
            "related": {
              "href": "https://prod3acc9ym8.main.acsf.baywsf.com/jsonapi/node/answer/2d5ae6e3-8ba9-4d86-b3f5-4d6d473279c8/field_result?resourceVersion=id%3A61741"
            },
            "self": {
              "href": "https://prod3acc9ym8.main.acsf.baywsf.com/jsonapi/node/answer/2d5ae6e3-8ba9-4d86-b3f5-4d6d473279c8/relationships/field_result?resourceVersion=id%3A61741"
            }
          }
        }
      }
    }
  ],
  "links": {
    "self": {
      "href": "https://prod3acc9ym8.main.acsf.baywsf.com/jsonapi/node/question/be2a84c4-4031-437d-9898-7dee4f2e4dc2?include=field_answer"
    }
  }
}
