{
  "jsonapi": {
    "version": "1.0",
    "meta": {
      "links": { "self": { "href": "http://jsonapi.org/format/1.0/" } }
    }
  },
  "data": {
    "type": "node--question",
    "id": "d7e9fe60-6eb9-4718-8d4b-44022af3a26e",
    "links": {
      "self": {
        "href": "https://prod3acc9ym8.main.acsf.baywsf.com/jsonapi/node/question/d7e9fe60-6eb9-4718-8d4b-44022af3a26e?resourceVersion=id%3A61701"
      }
    },
    "attributes": {
      "drupal_internal__nid": 1416,
      "drupal_internal__vid": 61701,
      "langcode": "it",
      "revision_timestamp": "2023-06-15T13:02:15+00:00",
      "revision_log": null,
      "status": true,
      "title": "Quanto \u00e8 intenso il mal di gola?",
      "created": "2023-06-15T13:02:15+00:00",
      "changed": "2023-06-15T13:02:15+00:00",
      "promote": false,
      "sticky": false,
      "default_langcode": true,
      "revision_translation_affected": true,
      "moderation_state": null,
      "metatag": null,
      "path": { "alias": null, "pid": null, "langcode": "it" },
      "private": false,
      "field_metatags": null,
      "content_translation_source": "und",
      "content_translation_outdated": false,
      "published_at": "2023-06-15T13:02:44+00:00",
      "field_error": null,
      "field_explanation": null,
      "field_instruction": null,
      "field_references": null
    },
    "relationships": {
      "node_type": {
        "data": {
          "type": "node_type--node_type",
          "id": "b36305cf-d6a4-4b58-94fd-9bd56dc48d0a",
          "meta": { "drupal_internal__target_id": "question" }
        },
        "links": {
          "related": {
            "href": "https://prod3acc9ym8.main.acsf.baywsf.com/jsonapi/node/question/d7e9fe60-6eb9-4718-8d4b-44022af3a26e/node_type?resourceVersion=id%3A61701"
          },
          "self": {
            "href": "https://prod3acc9ym8.main.acsf.baywsf.com/jsonapi/node/question/d7e9fe60-6eb9-4718-8d4b-44022af3a26e/relationships/node_type?resourceVersion=id%3A61701"
          }
        }
      },
      "revision_uid": {
        "data": {
          "type": "user--user",
          "id": "9131ddbc-9152-4466-9af1-b7cbe7f92c9a",
          "meta": { "drupal_internal__target_id": 3091 }
        },
        "links": {
          "related": {
            "href": "https://prod3acc9ym8.main.acsf.baywsf.com/jsonapi/node/question/d7e9fe60-6eb9-4718-8d4b-44022af3a26e/revision_uid?resourceVersion=id%3A61701"
          },
          "self": {
            "href": "https://prod3acc9ym8.main.acsf.baywsf.com/jsonapi/node/question/d7e9fe60-6eb9-4718-8d4b-44022af3a26e/relationships/revision_uid?resourceVersion=id%3A61701"
          }
        }
      },
      "uid": {
        "data": {
          "type": "user--user",
          "id": "9131ddbc-9152-4466-9af1-b7cbe7f92c9a",
          "meta": { "drupal_internal__target_id": 3091 }
        },
        "links": {
          "related": {
            "href": "https://prod3acc9ym8.main.acsf.baywsf.com/jsonapi/node/question/d7e9fe60-6eb9-4718-8d4b-44022af3a26e/uid?resourceVersion=id%3A61701"
          },
          "self": {
            "href": "https://prod3acc9ym8.main.acsf.baywsf.com/jsonapi/node/question/d7e9fe60-6eb9-4718-8d4b-44022af3a26e/relationships/uid?resourceVersion=id%3A61701"
          }
        }
      },
      "field_schema_json_ld_file": {
        "data": null,
        "links": {
          "related": {
            "href": "https://prod3acc9ym8.main.acsf.baywsf.com/jsonapi/node/question/d7e9fe60-6eb9-4718-8d4b-44022af3a26e/field_schema_json_ld_file?resourceVersion=id%3A61701"
          },
          "self": {
            "href": "https://prod3acc9ym8.main.acsf.baywsf.com/jsonapi/node/question/d7e9fe60-6eb9-4718-8d4b-44022af3a26e/relationships/field_schema_json_ld_file?resourceVersion=id%3A61701"
          }
        }
      },
      "field_actions": {
        "data": [],
        "links": {
          "related": {
            "href": "https://prod3acc9ym8.main.acsf.baywsf.com/jsonapi/node/question/d7e9fe60-6eb9-4718-8d4b-44022af3a26e/field_actions?resourceVersion=id%3A61701"
          },
          "self": {
            "href": "https://prod3acc9ym8.main.acsf.baywsf.com/jsonapi/node/question/d7e9fe60-6eb9-4718-8d4b-44022af3a26e/relationships/field_actions?resourceVersion=id%3A61701"
          }
        }
      },
      "field_answer": {
        "data": [
          {
            "type": "node--answer",
            "id": "1133e4f0-b00f-443e-8705-a6fda8fca2ce",
            "meta": { "drupal_internal__target_id": 1406 }
          },
          {
            "type": "node--answer",
            "id": "f69cd860-9b98-42cd-8571-3dd08c28dcfb",
            "meta": { "drupal_internal__target_id": 1411 }
          }
        ],
        "links": {
          "related": {
            "href": "https://prod3acc9ym8.main.acsf.baywsf.com/jsonapi/node/question/d7e9fe60-6eb9-4718-8d4b-44022af3a26e/field_answer?resourceVersion=id%3A61701"
          },
          "self": {
            "href": "https://prod3acc9ym8.main.acsf.baywsf.com/jsonapi/node/question/d7e9fe60-6eb9-4718-8d4b-44022af3a26e/relationships/field_answer?resourceVersion=id%3A61701"
          }
        }
      },
      "field_correct": {
        "data": [],
        "links": {
          "related": {
            "href": "https://prod3acc9ym8.main.acsf.baywsf.com/jsonapi/node/question/d7e9fe60-6eb9-4718-8d4b-44022af3a26e/field_correct?resourceVersion=id%3A61701"
          },
          "self": {
            "href": "https://prod3acc9ym8.main.acsf.baywsf.com/jsonapi/node/question/d7e9fe60-6eb9-4718-8d4b-44022af3a26e/relationships/field_correct?resourceVersion=id%3A61701"
          }
        }
      },
      "field_question_group": {
        "data": [],
        "links": {
          "related": {
            "href": "https://prod3acc9ym8.main.acsf.baywsf.com/jsonapi/node/question/d7e9fe60-6eb9-4718-8d4b-44022af3a26e/field_question_group?resourceVersion=id%3A61701"
          },
          "self": {
            "href": "https://prod3acc9ym8.main.acsf.baywsf.com/jsonapi/node/question/d7e9fe60-6eb9-4718-8d4b-44022af3a26e/relationships/field_question_group?resourceVersion=id%3A61701"
          }
        }
      }
    }
  },
  "included": [
    {
      "type": "node--answer",
      "id": "1133e4f0-b00f-443e-8705-a6fda8fca2ce",
      "links": {
        "self": {
          "href": "https://prod3acc9ym8.main.acsf.baywsf.com/jsonapi/node/answer/1133e4f0-b00f-443e-8705-a6fda8fca2ce?resourceVersion=id%3A61691"
        }
      },
      "attributes": {
        "drupal_internal__nid": 1406,
        "drupal_internal__vid": 61691,
        "langcode": "it",
        "revision_timestamp": "2023-06-15T13:00:14+00:00",
        "revision_log": null,
        "status": true,
        "title": "Lieve: gola secca, senso di irritazione che quando aumenta induce la tosse",
        "created": "2023-06-15T13:00:14+00:00",
        "changed": "2023-06-15T13:00:14+00:00",
        "promote": true,
        "sticky": false,
        "default_langcode": true,
        "revision_translation_affected": true,
        "moderation_state": null,
        "metatag": null,
        "path": { "alias": null, "pid": null, "langcode": "it" },
        "private": false,
        "field_metatags": null,
        "content_translation_source": "und",
        "content_translation_outdated": false,
        "published_at": "2023-06-15T13:02:44+00:00",
        "field_answer_summary": null,
        "field_instruction": null
      },
      "relationships": {
        "node_type": {
          "data": {
            "type": "node_type--node_type",
            "id": "2b9459ba-6e80-4cd4-b243-d970bac27c44",
            "meta": { "drupal_internal__target_id": "answer" }
          },
          "links": {
            "related": {
              "href": "https://prod3acc9ym8.main.acsf.baywsf.com/jsonapi/node/answer/1133e4f0-b00f-443e-8705-a6fda8fca2ce/node_type?resourceVersion=id%3A61691"
            },
            "self": {
              "href": "https://prod3acc9ym8.main.acsf.baywsf.com/jsonapi/node/answer/1133e4f0-b00f-443e-8705-a6fda8fca2ce/relationships/node_type?resourceVersion=id%3A61691"
            }
          }
        },
        "revision_uid": {
          "data": {
            "type": "user--user",
            "id": "9131ddbc-9152-4466-9af1-b7cbe7f92c9a",
            "meta": { "drupal_internal__target_id": 3091 }
          },
          "links": {
            "related": {
              "href": "https://prod3acc9ym8.main.acsf.baywsf.com/jsonapi/node/answer/1133e4f0-b00f-443e-8705-a6fda8fca2ce/revision_uid?resourceVersion=id%3A61691"
            },
            "self": {
              "href": "https://prod3acc9ym8.main.acsf.baywsf.com/jsonapi/node/answer/1133e4f0-b00f-443e-8705-a6fda8fca2ce/relationships/revision_uid?resourceVersion=id%3A61691"
            }
          }
        },
        "uid": {
          "data": {
            "type": "user--user",
            "id": "9131ddbc-9152-4466-9af1-b7cbe7f92c9a",
            "meta": { "drupal_internal__target_id": 3091 }
          },
          "links": {
            "related": {
              "href": "https://prod3acc9ym8.main.acsf.baywsf.com/jsonapi/node/answer/1133e4f0-b00f-443e-8705-a6fda8fca2ce/uid?resourceVersion=id%3A61691"
            },
            "self": {
              "href": "https://prod3acc9ym8.main.acsf.baywsf.com/jsonapi/node/answer/1133e4f0-b00f-443e-8705-a6fda8fca2ce/relationships/uid?resourceVersion=id%3A61691"
            }
          }
        },
        "field_schema_json_ld_file": {
          "data": null,
          "links": {
            "related": {
              "href": "https://prod3acc9ym8.main.acsf.baywsf.com/jsonapi/node/answer/1133e4f0-b00f-443e-8705-a6fda8fca2ce/field_schema_json_ld_file?resourceVersion=id%3A61691"
            },
            "self": {
              "href": "https://prod3acc9ym8.main.acsf.baywsf.com/jsonapi/node/answer/1133e4f0-b00f-443e-8705-a6fda8fca2ce/relationships/field_schema_json_ld_file?resourceVersion=id%3A61691"
            }
          }
        },
        "field_answer_category": {
          "data": [],
          "links": {
            "related": {
              "href": "https://prod3acc9ym8.main.acsf.baywsf.com/jsonapi/node/answer/1133e4f0-b00f-443e-8705-a6fda8fca2ce/field_answer_category?resourceVersion=id%3A61691"
            },
            "self": {
              "href": "https://prod3acc9ym8.main.acsf.baywsf.com/jsonapi/node/answer/1133e4f0-b00f-443e-8705-a6fda8fca2ce/relationships/field_answer_category?resourceVersion=id%3A61691"
            }
          }
        },
        "field_next_question": {
          "data": null,
          "links": {
            "related": {
              "href": "https://prod3acc9ym8.main.acsf.baywsf.com/jsonapi/node/answer/1133e4f0-b00f-443e-8705-a6fda8fca2ce/field_next_question?resourceVersion=id%3A61691"
            },
            "self": {
              "href": "https://prod3acc9ym8.main.acsf.baywsf.com/jsonapi/node/answer/1133e4f0-b00f-443e-8705-a6fda8fca2ce/relationships/field_next_question?resourceVersion=id%3A61691"
            }
          }
        },
        "field_result": {
          "data": null,
          "links": {
            "related": {
              "href": "https://prod3acc9ym8.main.acsf.baywsf.com/jsonapi/node/answer/1133e4f0-b00f-443e-8705-a6fda8fca2ce/field_result?resourceVersion=id%3A61691"
            },
            "self": {
              "href": "https://prod3acc9ym8.main.acsf.baywsf.com/jsonapi/node/answer/1133e4f0-b00f-443e-8705-a6fda8fca2ce/relationships/field_result?resourceVersion=id%3A61691"
            }
          }
        }
      }
    },
    {
      "type": "node--answer",
      "id": "f69cd860-9b98-42cd-8571-3dd08c28dcfb",
      "links": {
        "self": {
          "href": "https://prod3acc9ym8.main.acsf.baywsf.com/jsonapi/node/answer/f69cd860-9b98-42cd-8571-3dd08c28dcfb?resourceVersion=id%3A61696"
        }
      },
      "attributes": {
        "drupal_internal__nid": 1411,
        "drupal_internal__vid": 61696,
        "langcode": "it",
        "revision_timestamp": "2023-06-15T13:01:07+00:00",
        "revision_log": null,
        "status": true,
        "title": "Moderato-intenso: dolore e tosse che possono peggiorare quando si deglutisce",
        "created": "2023-06-15T13:01:07+00:00",
        "changed": "2023-06-15T13:01:07+00:00",
        "promote": true,
        "sticky": false,
        "default_langcode": true,
        "revision_translation_affected": true,
        "moderation_state": null,
        "metatag": null,
        "path": { "alias": null, "pid": null, "langcode": "it" },
        "private": false,
        "field_metatags": null,
        "content_translation_source": "und",
        "content_translation_outdated": false,
        "published_at": "2023-06-15T13:02:44+00:00",
        "field_answer_summary": null,
        "field_instruction": null
      },
      "relationships": {
        "node_type": {
          "data": {
            "type": "node_type--node_type",
            "id": "2b9459ba-6e80-4cd4-b243-d970bac27c44",
            "meta": { "drupal_internal__target_id": "answer" }
          },
          "links": {
            "related": {
              "href": "https://prod3acc9ym8.main.acsf.baywsf.com/jsonapi/node/answer/f69cd860-9b98-42cd-8571-3dd08c28dcfb/node_type?resourceVersion=id%3A61696"
            },
            "self": {
              "href": "https://prod3acc9ym8.main.acsf.baywsf.com/jsonapi/node/answer/f69cd860-9b98-42cd-8571-3dd08c28dcfb/relationships/node_type?resourceVersion=id%3A61696"
            }
          }
        },
        "revision_uid": {
          "data": {
            "type": "user--user",
            "id": "9131ddbc-9152-4466-9af1-b7cbe7f92c9a",
            "meta": { "drupal_internal__target_id": 3091 }
          },
          "links": {
            "related": {
              "href": "https://prod3acc9ym8.main.acsf.baywsf.com/jsonapi/node/answer/f69cd860-9b98-42cd-8571-3dd08c28dcfb/revision_uid?resourceVersion=id%3A61696"
            },
            "self": {
              "href": "https://prod3acc9ym8.main.acsf.baywsf.com/jsonapi/node/answer/f69cd860-9b98-42cd-8571-3dd08c28dcfb/relationships/revision_uid?resourceVersion=id%3A61696"
            }
          }
        },
        "uid": {
          "data": {
            "type": "user--user",
            "id": "9131ddbc-9152-4466-9af1-b7cbe7f92c9a",
            "meta": { "drupal_internal__target_id": 3091 }
          },
          "links": {
            "related": {
              "href": "https://prod3acc9ym8.main.acsf.baywsf.com/jsonapi/node/answer/f69cd860-9b98-42cd-8571-3dd08c28dcfb/uid?resourceVersion=id%3A61696"
            },
            "self": {
              "href": "https://prod3acc9ym8.main.acsf.baywsf.com/jsonapi/node/answer/f69cd860-9b98-42cd-8571-3dd08c28dcfb/relationships/uid?resourceVersion=id%3A61696"
            }
          }
        },
        "field_schema_json_ld_file": {
          "data": null,
          "links": {
            "related": {
              "href": "https://prod3acc9ym8.main.acsf.baywsf.com/jsonapi/node/answer/f69cd860-9b98-42cd-8571-3dd08c28dcfb/field_schema_json_ld_file?resourceVersion=id%3A61696"
            },
            "self": {
              "href": "https://prod3acc9ym8.main.acsf.baywsf.com/jsonapi/node/answer/f69cd860-9b98-42cd-8571-3dd08c28dcfb/relationships/field_schema_json_ld_file?resourceVersion=id%3A61696"
            }
          }
        },
        "field_answer_category": {
          "data": [],
          "links": {
            "related": {
              "href": "https://prod3acc9ym8.main.acsf.baywsf.com/jsonapi/node/answer/f69cd860-9b98-42cd-8571-3dd08c28dcfb/field_answer_category?resourceVersion=id%3A61696"
            },
            "self": {
              "href": "https://prod3acc9ym8.main.acsf.baywsf.com/jsonapi/node/answer/f69cd860-9b98-42cd-8571-3dd08c28dcfb/relationships/field_answer_category?resourceVersion=id%3A61696"
            }
          }
        },
        "field_next_question": {
          "data": null,
          "links": {
            "related": {
              "href": "https://prod3acc9ym8.main.acsf.baywsf.com/jsonapi/node/answer/f69cd860-9b98-42cd-8571-3dd08c28dcfb/field_next_question?resourceVersion=id%3A61696"
            },
            "self": {
              "href": "https://prod3acc9ym8.main.acsf.baywsf.com/jsonapi/node/answer/f69cd860-9b98-42cd-8571-3dd08c28dcfb/relationships/field_next_question?resourceVersion=id%3A61696"
            }
          }
        },
        "field_result": {
          "data": null,
          "links": {
            "related": {
              "href": "https://prod3acc9ym8.main.acsf.baywsf.com/jsonapi/node/answer/f69cd860-9b98-42cd-8571-3dd08c28dcfb/field_result?resourceVersion=id%3A61696"
            },
            "self": {
              "href": "https://prod3acc9ym8.main.acsf.baywsf.com/jsonapi/node/answer/f69cd860-9b98-42cd-8571-3dd08c28dcfb/relationships/field_result?resourceVersion=id%3A61696"
            }
          }
        }
      }
    }
  ],
  "links": {
    "self": {
      "href": "https://prod3acc9ym8.main.acsf.baywsf.com/jsonapi/node/question/d7e9fe60-6eb9-4718-8d4b-44022af3a26e?include=field_answer"
    }
  }
}
