{
  "jsonapi": {
    "version": "1.0",
    "meta": {
      "links": { "self": { "href": "http://jsonapi.org/format/1.0/" } }
    }
  },
  "data": {
    "type": "node--question",
    "id": "e9f40901-c081-4a28-b34c-2a2a775ec1b4",
    "links": {
      "self": {
        "href": "https://prod3acc9ym8.main.acsf.baywsf.com/jsonapi/node/question/e9f40901-c081-4a28-b34c-2a2a775ec1b4?resourceVersion=id%3A61726"
      }
    },
    "attributes": {
      "drupal_internal__nid": 1436,
      "drupal_internal__vid": 61726,
      "langcode": "it",
      "revision_timestamp": "2023-06-15T13:29:32+00:00",
      "revision_log": null,
      "status": true,
      "title": "Quanto \u00e8 intenso il mal di gola?",
      "created": "2023-06-15T13:29:32+00:00",
      "changed": "2023-06-15T13:29:32+00:00",
      "promote": false,
      "sticky": false,
      "default_langcode": true,
      "revision_translation_affected": true,
      "moderation_state": null,
      "metatag": null,
      "path": { "alias": null, "pid": null, "langcode": "it" },
      "private": false,
      "field_metatags": null,
      "content_translation_source": "und",
      "content_translation_outdated": false,
      "published_at": "2023-06-15T13:30:07+00:00",
      "field_error": null,
      "field_explanation": null,
      "field_instruction": null,
      "field_references": null
    },
    "relationships": {
      "node_type": {
        "data": {
          "type": "node_type--node_type",
          "id": "b36305cf-d6a4-4b58-94fd-9bd56dc48d0a",
          "meta": { "drupal_internal__target_id": "question" }
        },
        "links": {
          "related": {
            "href": "https://prod3acc9ym8.main.acsf.baywsf.com/jsonapi/node/question/e9f40901-c081-4a28-b34c-2a2a775ec1b4/node_type?resourceVersion=id%3A61726"
          },
          "self": {
            "href": "https://prod3acc9ym8.main.acsf.baywsf.com/jsonapi/node/question/e9f40901-c081-4a28-b34c-2a2a775ec1b4/relationships/node_type?resourceVersion=id%3A61726"
          }
        }
      },
      "revision_uid": {
        "data": {
          "type": "user--user",
          "id": "9131ddbc-9152-4466-9af1-b7cbe7f92c9a",
          "meta": { "drupal_internal__target_id": 3091 }
        },
        "links": {
          "related": {
            "href": "https://prod3acc9ym8.main.acsf.baywsf.com/jsonapi/node/question/e9f40901-c081-4a28-b34c-2a2a775ec1b4/revision_uid?resourceVersion=id%3A61726"
          },
          "self": {
            "href": "https://prod3acc9ym8.main.acsf.baywsf.com/jsonapi/node/question/e9f40901-c081-4a28-b34c-2a2a775ec1b4/relationships/revision_uid?resourceVersion=id%3A61726"
          }
        }
      },
      "uid": {
        "data": {
          "type": "user--user",
          "id": "9131ddbc-9152-4466-9af1-b7cbe7f92c9a",
          "meta": { "drupal_internal__target_id": 3091 }
        },
        "links": {
          "related": {
            "href": "https://prod3acc9ym8.main.acsf.baywsf.com/jsonapi/node/question/e9f40901-c081-4a28-b34c-2a2a775ec1b4/uid?resourceVersion=id%3A61726"
          },
          "self": {
            "href": "https://prod3acc9ym8.main.acsf.baywsf.com/jsonapi/node/question/e9f40901-c081-4a28-b34c-2a2a775ec1b4/relationships/uid?resourceVersion=id%3A61726"
          }
        }
      },
      "field_schema_json_ld_file": {
        "data": null,
        "links": {
          "related": {
            "href": "https://prod3acc9ym8.main.acsf.baywsf.com/jsonapi/node/question/e9f40901-c081-4a28-b34c-2a2a775ec1b4/field_schema_json_ld_file?resourceVersion=id%3A61726"
          },
          "self": {
            "href": "https://prod3acc9ym8.main.acsf.baywsf.com/jsonapi/node/question/e9f40901-c081-4a28-b34c-2a2a775ec1b4/relationships/field_schema_json_ld_file?resourceVersion=id%3A61726"
          }
        }
      },
      "field_actions": {
        "data": [],
        "links": {
          "related": {
            "href": "https://prod3acc9ym8.main.acsf.baywsf.com/jsonapi/node/question/e9f40901-c081-4a28-b34c-2a2a775ec1b4/field_actions?resourceVersion=id%3A61726"
          },
          "self": {
            "href": "https://prod3acc9ym8.main.acsf.baywsf.com/jsonapi/node/question/e9f40901-c081-4a28-b34c-2a2a775ec1b4/relationships/field_actions?resourceVersion=id%3A61726"
          }
        }
      },
      "field_answer": {
        "data": [
          {
            "type": "node--answer",
            "id": "3db51d58-467c-4b6b-9adc-2e6b25d4b84b",
            "meta": { "drupal_internal__target_id": 1421 }
          },
          {
            "type": "node--answer",
            "id": "bad2f573-de56-4e1d-81ee-e7d5c6474a5b",
            "meta": { "drupal_internal__target_id": 1426 }
          },
          {
            "type": "node--answer",
            "id": "3cf4732e-c0fa-4008-a0c2-c9114dba312e",
            "meta": { "drupal_internal__target_id": 1431 }
          }
        ],
        "links": {
          "related": {
            "href": "https://prod3acc9ym8.main.acsf.baywsf.com/jsonapi/node/question/e9f40901-c081-4a28-b34c-2a2a775ec1b4/field_answer?resourceVersion=id%3A61726"
          },
          "self": {
            "href": "https://prod3acc9ym8.main.acsf.baywsf.com/jsonapi/node/question/e9f40901-c081-4a28-b34c-2a2a775ec1b4/relationships/field_answer?resourceVersion=id%3A61726"
          }
        }
      },
      "field_correct": {
        "data": [],
        "links": {
          "related": {
            "href": "https://prod3acc9ym8.main.acsf.baywsf.com/jsonapi/node/question/e9f40901-c081-4a28-b34c-2a2a775ec1b4/field_correct?resourceVersion=id%3A61726"
          },
          "self": {
            "href": "https://prod3acc9ym8.main.acsf.baywsf.com/jsonapi/node/question/e9f40901-c081-4a28-b34c-2a2a775ec1b4/relationships/field_correct?resourceVersion=id%3A61726"
          }
        }
      },
      "field_question_group": {
        "data": [],
        "links": {
          "related": {
            "href": "https://prod3acc9ym8.main.acsf.baywsf.com/jsonapi/node/question/e9f40901-c081-4a28-b34c-2a2a775ec1b4/field_question_group?resourceVersion=id%3A61726"
          },
          "self": {
            "href": "https://prod3acc9ym8.main.acsf.baywsf.com/jsonapi/node/question/e9f40901-c081-4a28-b34c-2a2a775ec1b4/relationships/field_question_group?resourceVersion=id%3A61726"
          }
        }
      }
    }
  },
  "included": [
    {
      "type": "node--answer",
      "id": "3db51d58-467c-4b6b-9adc-2e6b25d4b84b",
      "links": {
        "self": {
          "href": "https://prod3acc9ym8.main.acsf.baywsf.com/jsonapi/node/answer/3db51d58-467c-4b6b-9adc-2e6b25d4b84b?resourceVersion=id%3A61711"
        }
      },
      "attributes": {
        "drupal_internal__nid": 1421,
        "drupal_internal__vid": 61711,
        "langcode": "it",
        "revision_timestamp": "2023-06-15T13:27:16+00:00",
        "revision_log": null,
        "status": true,
        "title": "Lieve: gola secca, senso di irritazione che quando aumenta induce la tosse",
        "created": "2023-06-15T13:27:16+00:00",
        "changed": "2023-06-15T13:27:16+00:00",
        "promote": true,
        "sticky": false,
        "default_langcode": true,
        "revision_translation_affected": true,
        "moderation_state": null,
        "metatag": null,
        "path": { "alias": null, "pid": null, "langcode": "it" },
        "private": false,
        "field_metatags": null,
        "content_translation_source": "und",
        "content_translation_outdated": false,
        "published_at": "2023-06-15T13:30:07+00:00",
        "field_answer_summary": null,
        "field_instruction": null
      },
      "relationships": {
        "node_type": {
          "data": {
            "type": "node_type--node_type",
            "id": "2b9459ba-6e80-4cd4-b243-d970bac27c44",
            "meta": { "drupal_internal__target_id": "answer" }
          },
          "links": {
            "related": {
              "href": "https://prod3acc9ym8.main.acsf.baywsf.com/jsonapi/node/answer/3db51d58-467c-4b6b-9adc-2e6b25d4b84b/node_type?resourceVersion=id%3A61711"
            },
            "self": {
              "href": "https://prod3acc9ym8.main.acsf.baywsf.com/jsonapi/node/answer/3db51d58-467c-4b6b-9adc-2e6b25d4b84b/relationships/node_type?resourceVersion=id%3A61711"
            }
          }
        },
        "revision_uid": {
          "data": {
            "type": "user--user",
            "id": "9131ddbc-9152-4466-9af1-b7cbe7f92c9a",
            "meta": { "drupal_internal__target_id": 3091 }
          },
          "links": {
            "related": {
              "href": "https://prod3acc9ym8.main.acsf.baywsf.com/jsonapi/node/answer/3db51d58-467c-4b6b-9adc-2e6b25d4b84b/revision_uid?resourceVersion=id%3A61711"
            },
            "self": {
              "href": "https://prod3acc9ym8.main.acsf.baywsf.com/jsonapi/node/answer/3db51d58-467c-4b6b-9adc-2e6b25d4b84b/relationships/revision_uid?resourceVersion=id%3A61711"
            }
          }
        },
        "uid": {
          "data": {
            "type": "user--user",
            "id": "9131ddbc-9152-4466-9af1-b7cbe7f92c9a",
            "meta": { "drupal_internal__target_id": 3091 }
          },
          "links": {
            "related": {
              "href": "https://prod3acc9ym8.main.acsf.baywsf.com/jsonapi/node/answer/3db51d58-467c-4b6b-9adc-2e6b25d4b84b/uid?resourceVersion=id%3A61711"
            },
            "self": {
              "href": "https://prod3acc9ym8.main.acsf.baywsf.com/jsonapi/node/answer/3db51d58-467c-4b6b-9adc-2e6b25d4b84b/relationships/uid?resourceVersion=id%3A61711"
            }
          }
        },
        "field_schema_json_ld_file": {
          "data": null,
          "links": {
            "related": {
              "href": "https://prod3acc9ym8.main.acsf.baywsf.com/jsonapi/node/answer/3db51d58-467c-4b6b-9adc-2e6b25d4b84b/field_schema_json_ld_file?resourceVersion=id%3A61711"
            },
            "self": {
              "href": "https://prod3acc9ym8.main.acsf.baywsf.com/jsonapi/node/answer/3db51d58-467c-4b6b-9adc-2e6b25d4b84b/relationships/field_schema_json_ld_file?resourceVersion=id%3A61711"
            }
          }
        },
        "field_answer_category": {
          "data": [],
          "links": {
            "related": {
              "href": "https://prod3acc9ym8.main.acsf.baywsf.com/jsonapi/node/answer/3db51d58-467c-4b6b-9adc-2e6b25d4b84b/field_answer_category?resourceVersion=id%3A61711"
            },
            "self": {
              "href": "https://prod3acc9ym8.main.acsf.baywsf.com/jsonapi/node/answer/3db51d58-467c-4b6b-9adc-2e6b25d4b84b/relationships/field_answer_category?resourceVersion=id%3A61711"
            }
          }
        },
        "field_next_question": {
          "data": null,
          "links": {
            "related": {
              "href": "https://prod3acc9ym8.main.acsf.baywsf.com/jsonapi/node/answer/3db51d58-467c-4b6b-9adc-2e6b25d4b84b/field_next_question?resourceVersion=id%3A61711"
            },
            "self": {
              "href": "https://prod3acc9ym8.main.acsf.baywsf.com/jsonapi/node/answer/3db51d58-467c-4b6b-9adc-2e6b25d4b84b/relationships/field_next_question?resourceVersion=id%3A61711"
            }
          }
        },
        "field_result": {
          "data": null,
          "links": {
            "related": {
              "href": "https://prod3acc9ym8.main.acsf.baywsf.com/jsonapi/node/answer/3db51d58-467c-4b6b-9adc-2e6b25d4b84b/field_result?resourceVersion=id%3A61711"
            },
            "self": {
              "href": "https://prod3acc9ym8.main.acsf.baywsf.com/jsonapi/node/answer/3db51d58-467c-4b6b-9adc-2e6b25d4b84b/relationships/field_result?resourceVersion=id%3A61711"
            }
          }
        }
      }
    },
    {
      "type": "node--answer",
      "id": "bad2f573-de56-4e1d-81ee-e7d5c6474a5b",
      "links": {
        "self": {
          "href": "https://prod3acc9ym8.main.acsf.baywsf.com/jsonapi/node/answer/bad2f573-de56-4e1d-81ee-e7d5c6474a5b?resourceVersion=id%3A61716"
        }
      },
      "attributes": {
        "drupal_internal__nid": 1426,
        "drupal_internal__vid": 61716,
        "langcode": "it",
        "revision_timestamp": "2023-06-15T13:28:06+00:00",
        "revision_log": null,
        "status": true,
        "title": "Moderato-intenso: dolore e tosse che possono peggiorare quando si deglutisce",
        "created": "2023-06-15T13:28:06+00:00",
        "changed": "2023-06-15T13:28:06+00:00",
        "promote": true,
        "sticky": false,
        "default_langcode": true,
        "revision_translation_affected": true,
        "moderation_state": null,
        "metatag": null,
        "path": { "alias": null, "pid": null, "langcode": "it" },
        "private": false,
        "field_metatags": null,
        "content_translation_source": "und",
        "content_translation_outdated": false,
        "published_at": "2023-06-15T13:30:07+00:00",
        "field_answer_summary": null,
        "field_instruction": null
      },
      "relationships": {
        "node_type": {
          "data": {
            "type": "node_type--node_type",
            "id": "2b9459ba-6e80-4cd4-b243-d970bac27c44",
            "meta": { "drupal_internal__target_id": "answer" }
          },
          "links": {
            "related": {
              "href": "https://prod3acc9ym8.main.acsf.baywsf.com/jsonapi/node/answer/bad2f573-de56-4e1d-81ee-e7d5c6474a5b/node_type?resourceVersion=id%3A61716"
            },
            "self": {
              "href": "https://prod3acc9ym8.main.acsf.baywsf.com/jsonapi/node/answer/bad2f573-de56-4e1d-81ee-e7d5c6474a5b/relationships/node_type?resourceVersion=id%3A61716"
            }
          }
        },
        "revision_uid": {
          "data": {
            "type": "user--user",
            "id": "9131ddbc-9152-4466-9af1-b7cbe7f92c9a",
            "meta": { "drupal_internal__target_id": 3091 }
          },
          "links": {
            "related": {
              "href": "https://prod3acc9ym8.main.acsf.baywsf.com/jsonapi/node/answer/bad2f573-de56-4e1d-81ee-e7d5c6474a5b/revision_uid?resourceVersion=id%3A61716"
            },
            "self": {
              "href": "https://prod3acc9ym8.main.acsf.baywsf.com/jsonapi/node/answer/bad2f573-de56-4e1d-81ee-e7d5c6474a5b/relationships/revision_uid?resourceVersion=id%3A61716"
            }
          }
        },
        "uid": {
          "data": {
            "type": "user--user",
            "id": "9131ddbc-9152-4466-9af1-b7cbe7f92c9a",
            "meta": { "drupal_internal__target_id": 3091 }
          },
          "links": {
            "related": {
              "href": "https://prod3acc9ym8.main.acsf.baywsf.com/jsonapi/node/answer/bad2f573-de56-4e1d-81ee-e7d5c6474a5b/uid?resourceVersion=id%3A61716"
            },
            "self": {
              "href": "https://prod3acc9ym8.main.acsf.baywsf.com/jsonapi/node/answer/bad2f573-de56-4e1d-81ee-e7d5c6474a5b/relationships/uid?resourceVersion=id%3A61716"
            }
          }
        },
        "field_schema_json_ld_file": {
          "data": null,
          "links": {
            "related": {
              "href": "https://prod3acc9ym8.main.acsf.baywsf.com/jsonapi/node/answer/bad2f573-de56-4e1d-81ee-e7d5c6474a5b/field_schema_json_ld_file?resourceVersion=id%3A61716"
            },
            "self": {
              "href": "https://prod3acc9ym8.main.acsf.baywsf.com/jsonapi/node/answer/bad2f573-de56-4e1d-81ee-e7d5c6474a5b/relationships/field_schema_json_ld_file?resourceVersion=id%3A61716"
            }
          }
        },
        "field_answer_category": {
          "data": [],
          "links": {
            "related": {
              "href": "https://prod3acc9ym8.main.acsf.baywsf.com/jsonapi/node/answer/bad2f573-de56-4e1d-81ee-e7d5c6474a5b/field_answer_category?resourceVersion=id%3A61716"
            },
            "self": {
              "href": "https://prod3acc9ym8.main.acsf.baywsf.com/jsonapi/node/answer/bad2f573-de56-4e1d-81ee-e7d5c6474a5b/relationships/field_answer_category?resourceVersion=id%3A61716"
            }
          }
        },
        "field_next_question": {
          "data": null,
          "links": {
            "related": {
              "href": "https://prod3acc9ym8.main.acsf.baywsf.com/jsonapi/node/answer/bad2f573-de56-4e1d-81ee-e7d5c6474a5b/field_next_question?resourceVersion=id%3A61716"
            },
            "self": {
              "href": "https://prod3acc9ym8.main.acsf.baywsf.com/jsonapi/node/answer/bad2f573-de56-4e1d-81ee-e7d5c6474a5b/relationships/field_next_question?resourceVersion=id%3A61716"
            }
          }
        },
        "field_result": {
          "data": null,
          "links": {
            "related": {
              "href": "https://prod3acc9ym8.main.acsf.baywsf.com/jsonapi/node/answer/bad2f573-de56-4e1d-81ee-e7d5c6474a5b/field_result?resourceVersion=id%3A61716"
            },
            "self": {
              "href": "https://prod3acc9ym8.main.acsf.baywsf.com/jsonapi/node/answer/bad2f573-de56-4e1d-81ee-e7d5c6474a5b/relationships/field_result?resourceVersion=id%3A61716"
            }
          }
        }
      }
    },
    {
      "type": "node--answer",
      "id": "3cf4732e-c0fa-4008-a0c2-c9114dba312e",
      "links": {
        "self": {
          "href": "https://prod3acc9ym8.main.acsf.baywsf.com/jsonapi/node/answer/3cf4732e-c0fa-4008-a0c2-c9114dba312e?resourceVersion=id%3A61721"
        }
      },
      "attributes": {
        "drupal_internal__nid": 1431,
        "drupal_internal__vid": 61721,
        "langcode": "it",
        "revision_timestamp": "2023-06-15T13:29:04+00:00",
        "revision_log": null,
        "status": true,
        "title": "Intenso: dolore, bruciore e tosse che peggiorano quando si deglutisce. Sensazione di gola gonfia",
        "created": "2023-06-15T13:29:04+00:00",
        "changed": "2023-06-15T13:29:04+00:00",
        "promote": true,
        "sticky": false,
        "default_langcode": true,
        "revision_translation_affected": true,
        "moderation_state": null,
        "metatag": null,
        "path": { "alias": null, "pid": null, "langcode": "it" },
        "private": false,
        "field_metatags": null,
        "content_translation_source": "und",
        "content_translation_outdated": false,
        "published_at": "2023-06-15T13:30:07+00:00",
        "field_answer_summary": null,
        "field_instruction": null
      },
      "relationships": {
        "node_type": {
          "data": {
            "type": "node_type--node_type",
            "id": "2b9459ba-6e80-4cd4-b243-d970bac27c44",
            "meta": { "drupal_internal__target_id": "answer" }
          },
          "links": {
            "related": {
              "href": "https://prod3acc9ym8.main.acsf.baywsf.com/jsonapi/node/answer/3cf4732e-c0fa-4008-a0c2-c9114dba312e/node_type?resourceVersion=id%3A61721"
            },
            "self": {
              "href": "https://prod3acc9ym8.main.acsf.baywsf.com/jsonapi/node/answer/3cf4732e-c0fa-4008-a0c2-c9114dba312e/relationships/node_type?resourceVersion=id%3A61721"
            }
          }
        },
        "revision_uid": {
          "data": {
            "type": "user--user",
            "id": "9131ddbc-9152-4466-9af1-b7cbe7f92c9a",
            "meta": { "drupal_internal__target_id": 3091 }
          },
          "links": {
            "related": {
              "href": "https://prod3acc9ym8.main.acsf.baywsf.com/jsonapi/node/answer/3cf4732e-c0fa-4008-a0c2-c9114dba312e/revision_uid?resourceVersion=id%3A61721"
            },
            "self": {
              "href": "https://prod3acc9ym8.main.acsf.baywsf.com/jsonapi/node/answer/3cf4732e-c0fa-4008-a0c2-c9114dba312e/relationships/revision_uid?resourceVersion=id%3A61721"
            }
          }
        },
        "uid": {
          "data": {
            "type": "user--user",
            "id": "9131ddbc-9152-4466-9af1-b7cbe7f92c9a",
            "meta": { "drupal_internal__target_id": 3091 }
          },
          "links": {
            "related": {
              "href": "https://prod3acc9ym8.main.acsf.baywsf.com/jsonapi/node/answer/3cf4732e-c0fa-4008-a0c2-c9114dba312e/uid?resourceVersion=id%3A61721"
            },
            "self": {
              "href": "https://prod3acc9ym8.main.acsf.baywsf.com/jsonapi/node/answer/3cf4732e-c0fa-4008-a0c2-c9114dba312e/relationships/uid?resourceVersion=id%3A61721"
            }
          }
        },
        "field_schema_json_ld_file": {
          "data": null,
          "links": {
            "related": {
              "href": "https://prod3acc9ym8.main.acsf.baywsf.com/jsonapi/node/answer/3cf4732e-c0fa-4008-a0c2-c9114dba312e/field_schema_json_ld_file?resourceVersion=id%3A61721"
            },
            "self": {
              "href": "https://prod3acc9ym8.main.acsf.baywsf.com/jsonapi/node/answer/3cf4732e-c0fa-4008-a0c2-c9114dba312e/relationships/field_schema_json_ld_file?resourceVersion=id%3A61721"
            }
          }
        },
        "field_answer_category": {
          "data": [],
          "links": {
            "related": {
              "href": "https://prod3acc9ym8.main.acsf.baywsf.com/jsonapi/node/answer/3cf4732e-c0fa-4008-a0c2-c9114dba312e/field_answer_category?resourceVersion=id%3A61721"
            },
            "self": {
              "href": "https://prod3acc9ym8.main.acsf.baywsf.com/jsonapi/node/answer/3cf4732e-c0fa-4008-a0c2-c9114dba312e/relationships/field_answer_category?resourceVersion=id%3A61721"
            }
          }
        },
        "field_next_question": {
          "data": null,
          "links": {
            "related": {
              "href": "https://prod3acc9ym8.main.acsf.baywsf.com/jsonapi/node/answer/3cf4732e-c0fa-4008-a0c2-c9114dba312e/field_next_question?resourceVersion=id%3A61721"
            },
            "self": {
              "href": "https://prod3acc9ym8.main.acsf.baywsf.com/jsonapi/node/answer/3cf4732e-c0fa-4008-a0c2-c9114dba312e/relationships/field_next_question?resourceVersion=id%3A61721"
            }
          }
        },
        "field_result": {
          "data": null,
          "links": {
            "related": {
              "href": "https://prod3acc9ym8.main.acsf.baywsf.com/jsonapi/node/answer/3cf4732e-c0fa-4008-a0c2-c9114dba312e/field_result?resourceVersion=id%3A61721"
            },
            "self": {
              "href": "https://prod3acc9ym8.main.acsf.baywsf.com/jsonapi/node/answer/3cf4732e-c0fa-4008-a0c2-c9114dba312e/relationships/field_result?resourceVersion=id%3A61721"
            }
          }
        }
      }
    }
  ],
  "links": {
    "self": {
      "href": "https://prod3acc9ym8.main.acsf.baywsf.com/jsonapi/node/question/e9f40901-c081-4a28-b34c-2a2a775ec1b4?include=field_answer"
    }
  }
}
