{
  "jsonapi": {
    "version": "1.0",
    "meta": {
      "links": { "self": { "href": "http://jsonapi.org/format/1.0/" } }
    }
  },
  "data": [
    {
      "type": "node--result",
      "id": "b762a963-c552-4aaa-9f3e-468455595563",
      "links": {
        "self": {
          "href": "https://prod30y1a5s6.main.acsf.baywsf.com/jsonapi/node/result/b762a963-c552-4aaa-9f3e-468455595563?resourceVersion=id%3A30236"
        }
      },
      "attributes": {
        "drupal_internal__nid": 851,
        "drupal_internal__vid": 30236,
        "langcode": "en",
        "revision_timestamp": "2020-09-09T10:28:02+00:00",
        "revision_log": null,
        "status": true,
        "title": "Congratulations on your results!",
        "created": "2020-08-20T14:07:10+00:00",
        "changed": "2020-09-09T10:28:02+00:00",
        "promote": false,
        "sticky": false,
        "default_langcode": true,
        "revision_translation_affected": true,
        "moderation_state": null,
        "metatag": null,
        "path": { "alias": null, "pid": null, "langcode": "en" },
        "private": false,
        "field_metatags": null,
        "content_translation_source": "und",
        "content_translation_outdated": false,
        "published_at": "2020-08-20T14:07:10+00:00",
        "field_error": "Sorry!, You didn\u0027t give enough answer.",
        "field_instruction": {
          "value": "\u003Cp\u003EYou can learn even more about female intimate conditions from symptoms to prevention at our dedicated \u003Ca href=\u0022/intimate-health\u0022\u003Eintimate health page\u003C/a\u003E.\u003C/p\u003E\r\n",
          "format": "cohesion_without_glossify",
          "processed": "\u003Cp\u003EYou can learn even more about female intimate conditions from symptoms to prevention at our dedicated \u003Ca href=\u0022/intimate-health\u0022\u003Eintimate health page\u003C/a\u003E.\u003C/p\u003E\n"
        },
        "field_references": {
          "value": "\u003Cp\u003EYou know more about about \u003Ca href=\u0022/intimate-health/thrush\u0022\u003Ethrush\u003C/a\u003E\u0026nbsp;than many women, so why not share your results and encourage intimate health education?\u003C/p\u003E\r\n",
          "format": "cohesion_without_glossify",
          "processed": "\u003Cp\u003EYou know more about about \u003Ca href=\u0022/intimate-health/thrush\u0022\u003Ethrush\u003C/a\u003E\u00a0than many women, so why not share your results and encourage intimate health education?\u003C/p\u003E\n"
        }
      },
      "relationships": {
        "node_type": {
          "data": {
            "type": "node_type--node_type",
            "id": "c1aa7a26-ea4d-403b-9942-a00c297f8b2f"
          },
          "links": {
            "related": {
              "href": "https://prod30y1a5s6.main.acsf.baywsf.com/jsonapi/node/result/b762a963-c552-4aaa-9f3e-468455595563/node_type?resourceVersion=id%3A30236"
            },
            "self": {
              "href": "https://prod30y1a5s6.main.acsf.baywsf.com/jsonapi/node/result/b762a963-c552-4aaa-9f3e-468455595563/relationships/node_type?resourceVersion=id%3A30236"
            }
          }
        },
        "revision_uid": {
          "data": {
            "type": "user--user",
            "id": "53f441ad-076c-4f63-a406-c1b514336f4f"
          },
          "links": {
            "related": {
              "href": "https://prod30y1a5s6.main.acsf.baywsf.com/jsonapi/node/result/b762a963-c552-4aaa-9f3e-468455595563/revision_uid?resourceVersion=id%3A30236"
            },
            "self": {
              "href": "https://prod30y1a5s6.main.acsf.baywsf.com/jsonapi/node/result/b762a963-c552-4aaa-9f3e-468455595563/relationships/revision_uid?resourceVersion=id%3A30236"
            }
          }
        },
        "uid": {
          "data": {
            "type": "user--user",
            "id": "1e093df3-d6e4-4cbb-8941-1dee979e3331"
          },
          "links": {
            "related": {
              "href": "https://prod30y1a5s6.main.acsf.baywsf.com/jsonapi/node/result/b762a963-c552-4aaa-9f3e-468455595563/uid?resourceVersion=id%3A30236"
            },
            "self": {
              "href": "https://prod30y1a5s6.main.acsf.baywsf.com/jsonapi/node/result/b762a963-c552-4aaa-9f3e-468455595563/relationships/uid?resourceVersion=id%3A30236"
            }
          }
        },
        "field_schema_json_ld_file": {
          "data": null,
          "links": {
            "related": {
              "href": "https://prod30y1a5s6.main.acsf.baywsf.com/jsonapi/node/result/b762a963-c552-4aaa-9f3e-468455595563/field_schema_json_ld_file?resourceVersion=id%3A30236"
            },
            "self": {
              "href": "https://prod30y1a5s6.main.acsf.baywsf.com/jsonapi/node/result/b762a963-c552-4aaa-9f3e-468455595563/relationships/field_schema_json_ld_file?resourceVersion=id%3A30236"
            }
          }
        },
        "field_actions": {
          "data": [],
          "links": {
            "related": {
              "href": "https://prod30y1a5s6.main.acsf.baywsf.com/jsonapi/node/result/b762a963-c552-4aaa-9f3e-468455595563/field_actions?resourceVersion=id%3A30236"
            },
            "self": {
              "href": "https://prod30y1a5s6.main.acsf.baywsf.com/jsonapi/node/result/b762a963-c552-4aaa-9f3e-468455595563/relationships/field_actions?resourceVersion=id%3A30236"
            }
          }
        }
      }
    },
    {
      "type": "node--result",
      "id": "0e1de040-0751-4c00-bef3-c6b9ae77e64d",
      "links": {
        "self": {
          "href": "https://prod30y1a5s6.main.acsf.baywsf.com/jsonapi/node/result/0e1de040-0751-4c00-bef3-c6b9ae77e64d?resourceVersion=id%3A30241"
        }
      },
      "attributes": {
        "drupal_internal__nid": 856,
        "drupal_internal__vid": 30241,
        "langcode": "en",
        "revision_timestamp": "2020-09-09T10:28:10+00:00",
        "revision_log": null,
        "status": true,
        "title": "Congratulations on your results! 2",
        "created": "2020-08-20T14:10:30+00:00",
        "changed": "2020-09-09T10:28:10+00:00",
        "promote": false,
        "sticky": false,
        "default_langcode": true,
        "revision_translation_affected": true,
        "moderation_state": null,
        "metatag": null,
        "path": { "alias": null, "pid": null, "langcode": "en" },
        "private": false,
        "field_metatags": null,
        "content_translation_source": "und",
        "content_translation_outdated": false,
        "published_at": "2020-08-20T14:10:30+00:00",
        "field_error": "Sorry!, You didn\u0027t score well.",
        "field_instruction": {
          "value": "\u003Cp\u003EMany women believe we all need better intimate health education, and we all know sometimes it can be hard to tell fact from fiction. If you would like to learn more about \u003Ca href=\u0022/intimate-health/thrush\u0022\u003Ethrush\u003C/a\u003E\u0026nbsp;and other intimate conditions, find out more at our \u003Ca href=\u0022/intimate-health\u0022\u003Eintimate health page\u003C/a\u003E.\u003C/p\u003E\r\n",
          "format": "cohesion_without_glossify",
          "processed": "\u003Cp\u003EMany women believe we all need better intimate health education, and we all know sometimes it can be hard to tell fact from fiction. If you would like to learn more about \u003Ca href=\u0022/intimate-health/thrush\u0022\u003Ethrush\u003C/a\u003E\u00a0and other intimate conditions, find out more at our \u003Ca href=\u0022/intimate-health\u0022\u003Eintimate health page\u003C/a\u003E.\u003C/p\u003E\n"
        },
        "field_references": null
      },
      "relationships": {
        "node_type": {
          "data": {
            "type": "node_type--node_type",
            "id": "c1aa7a26-ea4d-403b-9942-a00c297f8b2f"
          },
          "links": {
            "related": {
              "href": "https://prod30y1a5s6.main.acsf.baywsf.com/jsonapi/node/result/0e1de040-0751-4c00-bef3-c6b9ae77e64d/node_type?resourceVersion=id%3A30241"
            },
            "self": {
              "href": "https://prod30y1a5s6.main.acsf.baywsf.com/jsonapi/node/result/0e1de040-0751-4c00-bef3-c6b9ae77e64d/relationships/node_type?resourceVersion=id%3A30241"
            }
          }
        },
        "revision_uid": {
          "data": {
            "type": "user--user",
            "id": "53f441ad-076c-4f63-a406-c1b514336f4f"
          },
          "links": {
            "related": {
              "href": "https://prod30y1a5s6.main.acsf.baywsf.com/jsonapi/node/result/0e1de040-0751-4c00-bef3-c6b9ae77e64d/revision_uid?resourceVersion=id%3A30241"
            },
            "self": {
              "href": "https://prod30y1a5s6.main.acsf.baywsf.com/jsonapi/node/result/0e1de040-0751-4c00-bef3-c6b9ae77e64d/relationships/revision_uid?resourceVersion=id%3A30241"
            }
          }
        },
        "uid": {
          "data": {
            "type": "user--user",
            "id": "1e093df3-d6e4-4cbb-8941-1dee979e3331"
          },
          "links": {
            "related": {
              "href": "https://prod30y1a5s6.main.acsf.baywsf.com/jsonapi/node/result/0e1de040-0751-4c00-bef3-c6b9ae77e64d/uid?resourceVersion=id%3A30241"
            },
            "self": {
              "href": "https://prod30y1a5s6.main.acsf.baywsf.com/jsonapi/node/result/0e1de040-0751-4c00-bef3-c6b9ae77e64d/relationships/uid?resourceVersion=id%3A30241"
            }
          }
        },
        "field_schema_json_ld_file": {
          "data": null,
          "links": {
            "related": {
              "href": "https://prod30y1a5s6.main.acsf.baywsf.com/jsonapi/node/result/0e1de040-0751-4c00-bef3-c6b9ae77e64d/field_schema_json_ld_file?resourceVersion=id%3A30241"
            },
            "self": {
              "href": "https://prod30y1a5s6.main.acsf.baywsf.com/jsonapi/node/result/0e1de040-0751-4c00-bef3-c6b9ae77e64d/relationships/field_schema_json_ld_file?resourceVersion=id%3A30241"
            }
          }
        },
        "field_actions": {
          "data": [],
          "links": {
            "related": {
              "href": "https://prod30y1a5s6.main.acsf.baywsf.com/jsonapi/node/result/0e1de040-0751-4c00-bef3-c6b9ae77e64d/field_actions?resourceVersion=id%3A30241"
            },
            "self": {
              "href": "https://prod30y1a5s6.main.acsf.baywsf.com/jsonapi/node/result/0e1de040-0751-4c00-bef3-c6b9ae77e64d/relationships/field_actions?resourceVersion=id%3A30241"
            }
          }
        }
      }
    },
    {
      "type": "node--result",
      "id": "e53a7395-f6d5-4f66-8976-01338297ba1c",
      "links": {
        "self": {
          "href": "https://prod30y1a5s6.main.acsf.baywsf.com/jsonapi/node/result/e53a7395-f6d5-4f66-8976-01338297ba1c?resourceVersion=id%3A45441"
        }
      },
      "attributes": {
        "drupal_internal__nid": 2041,
        "drupal_internal__vid": 45441,
        "langcode": "en",
        "revision_timestamp": "2021-10-28T09:47:57+00:00",
        "revision_log": null,
        "status": true,
        "title": "Your personal Symptom \u0026 Solution Advisor",
        "created": "2021-10-28T09:47:57+00:00",
        "changed": "2021-10-28T09:47:57+00:00",
        "promote": false,
        "sticky": false,
        "default_langcode": true,
        "revision_translation_affected": true,
        "moderation_state": null,
        "metatag": null,
        "path": { "alias": null, "pid": null, "langcode": "en" },
        "private": false,
        "field_metatags": null,
        "content_translation_source": "und",
        "content_translation_outdated": false,
        "published_at": "2021-10-28T09:47:57+00:00",
        "field_error": "Sorry!, You didn\u0027t score well.",
        "field_instruction": {
          "value": "\u003Cp\u003EYou have completed the Canesten Symptom \u0026amp; Solution Advisor. Based on your responses, below are the recommended treatment options. Show this to your local\u0026nbsp; harmacist, who will be able to help you manage your condition\u003C/p\u003E\r\n",
          "format": "cohesion_without_glossify",
          "processed": "\u003Cp\u003EYou have completed the Canesten Symptom \u0026amp; Solution Advisor. Based on your responses, below are the recommended treatment options. Show this to your local\u00a0 harmacist, who will be able to help you manage your condition\u003C/p\u003E\n"
        },
        "field_references": {
          "value": "\u003Cp\u003E{\u0022result\u0022:\u00221\u0022}\u003C/p\u003E\r\n",
          "format": "cohesion_without_glossify",
          "processed": "\u003Cp\u003E{\u0022result\u0022:\u00221\u0022}\u003C/p\u003E\n"
        }
      },
      "relationships": {
        "node_type": {
          "data": {
            "type": "node_type--node_type",
            "id": "c1aa7a26-ea4d-403b-9942-a00c297f8b2f"
          },
          "links": {
            "related": {
              "href": "https://prod30y1a5s6.main.acsf.baywsf.com/jsonapi/node/result/e53a7395-f6d5-4f66-8976-01338297ba1c/node_type?resourceVersion=id%3A45441"
            },
            "self": {
              "href": "https://prod30y1a5s6.main.acsf.baywsf.com/jsonapi/node/result/e53a7395-f6d5-4f66-8976-01338297ba1c/relationships/node_type?resourceVersion=id%3A45441"
            }
          }
        },
        "revision_uid": {
          "data": {
            "type": "user--user",
            "id": "041f4482-fdb0-482d-b2c2-dfaeffadd4f0"
          },
          "links": {
            "related": {
              "href": "https://prod30y1a5s6.main.acsf.baywsf.com/jsonapi/node/result/e53a7395-f6d5-4f66-8976-01338297ba1c/revision_uid?resourceVersion=id%3A45441"
            },
            "self": {
              "href": "https://prod30y1a5s6.main.acsf.baywsf.com/jsonapi/node/result/e53a7395-f6d5-4f66-8976-01338297ba1c/relationships/revision_uid?resourceVersion=id%3A45441"
            }
          }
        },
        "uid": {
          "data": {
            "type": "user--user",
            "id": "041f4482-fdb0-482d-b2c2-dfaeffadd4f0"
          },
          "links": {
            "related": {
              "href": "https://prod30y1a5s6.main.acsf.baywsf.com/jsonapi/node/result/e53a7395-f6d5-4f66-8976-01338297ba1c/uid?resourceVersion=id%3A45441"
            },
            "self": {
              "href": "https://prod30y1a5s6.main.acsf.baywsf.com/jsonapi/node/result/e53a7395-f6d5-4f66-8976-01338297ba1c/relationships/uid?resourceVersion=id%3A45441"
            }
          }
        },
        "field_schema_json_ld_file": {
          "data": null,
          "links": {
            "related": {
              "href": "https://prod30y1a5s6.main.acsf.baywsf.com/jsonapi/node/result/e53a7395-f6d5-4f66-8976-01338297ba1c/field_schema_json_ld_file?resourceVersion=id%3A45441"
            },
            "self": {
              "href": "https://prod30y1a5s6.main.acsf.baywsf.com/jsonapi/node/result/e53a7395-f6d5-4f66-8976-01338297ba1c/relationships/field_schema_json_ld_file?resourceVersion=id%3A45441"
            }
          }
        },
        "field_actions": {
          "data": [],
          "links": {
            "related": {
              "href": "https://prod30y1a5s6.main.acsf.baywsf.com/jsonapi/node/result/e53a7395-f6d5-4f66-8976-01338297ba1c/field_actions?resourceVersion=id%3A45441"
            },
            "self": {
              "href": "https://prod30y1a5s6.main.acsf.baywsf.com/jsonapi/node/result/e53a7395-f6d5-4f66-8976-01338297ba1c/relationships/field_actions?resourceVersion=id%3A45441"
            }
          }
        }
      }
    },
    {
      "type": "node--result",
      "id": "2adfd22c-5be7-4e11-af0a-ee14134b2c51",
      "links": {
        "self": {
          "href": "https://prod30y1a5s6.main.acsf.baywsf.com/jsonapi/node/result/2adfd22c-5be7-4e11-af0a-ee14134b2c51?resourceVersion=id%3A45446"
        }
      },
      "attributes": {
        "drupal_internal__nid": 2046,
        "drupal_internal__vid": 45446,
        "langcode": "en",
        "revision_timestamp": "2021-10-28T09:50:14+00:00",
        "revision_log": null,
        "status": true,
        "title": "Your personal Symptom \u0026 Solution Advisor",
        "created": "2021-10-28T09:50:14+00:00",
        "changed": "2021-10-28T09:50:14+00:00",
        "promote": false,
        "sticky": false,
        "default_langcode": true,
        "revision_translation_affected": true,
        "moderation_state": null,
        "metatag": null,
        "path": { "alias": null, "pid": null, "langcode": "en" },
        "private": false,
        "field_metatags": null,
        "content_translation_source": "und",
        "content_translation_outdated": false,
        "published_at": "2021-10-28T09:50:14+00:00",
        "field_error": "Sorry!, You didn\u0027t score well.",
        "field_instruction": {
          "value": "\u003Cp\u003EYou have completed the Canesten Symptom \u0026amp; Solution Advisor. Based on your responses, below are the recommended treatment options. Show this to your local\u0026nbsp; harmacist, who will be able to help you manage your condition.\u003C/p\u003E\r\n",
          "format": "cohesion_without_glossify",
          "processed": "\u003Cp\u003EYou have completed the Canesten Symptom \u0026amp; Solution Advisor. Based on your responses, below are the recommended treatment options. Show this to your local\u00a0 harmacist, who will be able to help you manage your condition.\u003C/p\u003E\n"
        },
        "field_references": {
          "value": "\u003Cp\u003E{\u0022result\u0022:\u0022yes\u0022}\u003C/p\u003E\r\n",
          "format": "cohesion_without_glossify",
          "processed": "\u003Cp\u003E{\u0022result\u0022:\u0022yes\u0022}\u003C/p\u003E\n"
        }
      },
      "relationships": {
        "node_type": {
          "data": {
            "type": "node_type--node_type",
            "id": "c1aa7a26-ea4d-403b-9942-a00c297f8b2f"
          },
          "links": {
            "related": {
              "href": "https://prod30y1a5s6.main.acsf.baywsf.com/jsonapi/node/result/2adfd22c-5be7-4e11-af0a-ee14134b2c51/node_type?resourceVersion=id%3A45446"
            },
            "self": {
              "href": "https://prod30y1a5s6.main.acsf.baywsf.com/jsonapi/node/result/2adfd22c-5be7-4e11-af0a-ee14134b2c51/relationships/node_type?resourceVersion=id%3A45446"
            }
          }
        },
        "revision_uid": {
          "data": {
            "type": "user--user",
            "id": "041f4482-fdb0-482d-b2c2-dfaeffadd4f0"
          },
          "links": {
            "related": {
              "href": "https://prod30y1a5s6.main.acsf.baywsf.com/jsonapi/node/result/2adfd22c-5be7-4e11-af0a-ee14134b2c51/revision_uid?resourceVersion=id%3A45446"
            },
            "self": {
              "href": "https://prod30y1a5s6.main.acsf.baywsf.com/jsonapi/node/result/2adfd22c-5be7-4e11-af0a-ee14134b2c51/relationships/revision_uid?resourceVersion=id%3A45446"
            }
          }
        },
        "uid": {
          "data": {
            "type": "user--user",
            "id": "041f4482-fdb0-482d-b2c2-dfaeffadd4f0"
          },
          "links": {
            "related": {
              "href": "https://prod30y1a5s6.main.acsf.baywsf.com/jsonapi/node/result/2adfd22c-5be7-4e11-af0a-ee14134b2c51/uid?resourceVersion=id%3A45446"
            },
            "self": {
              "href": "https://prod30y1a5s6.main.acsf.baywsf.com/jsonapi/node/result/2adfd22c-5be7-4e11-af0a-ee14134b2c51/relationships/uid?resourceVersion=id%3A45446"
            }
          }
        },
        "field_schema_json_ld_file": {
          "data": null,
          "links": {
            "related": {
              "href": "https://prod30y1a5s6.main.acsf.baywsf.com/jsonapi/node/result/2adfd22c-5be7-4e11-af0a-ee14134b2c51/field_schema_json_ld_file?resourceVersion=id%3A45446"
            },
            "self": {
              "href": "https://prod30y1a5s6.main.acsf.baywsf.com/jsonapi/node/result/2adfd22c-5be7-4e11-af0a-ee14134b2c51/relationships/field_schema_json_ld_file?resourceVersion=id%3A45446"
            }
          }
        },
        "field_actions": {
          "data": [],
          "links": {
            "related": {
              "href": "https://prod30y1a5s6.main.acsf.baywsf.com/jsonapi/node/result/2adfd22c-5be7-4e11-af0a-ee14134b2c51/field_actions?resourceVersion=id%3A45446"
            },
            "self": {
              "href": "https://prod30y1a5s6.main.acsf.baywsf.com/jsonapi/node/result/2adfd22c-5be7-4e11-af0a-ee14134b2c51/relationships/field_actions?resourceVersion=id%3A45446"
            }
          }
        }
      }
    },
    {
      "type": "node--result",
      "id": "880944fa-b665-4009-bde1-334ac3021a6d",
      "links": {
        "self": {
          "href": "https://prod30y1a5s6.main.acsf.baywsf.com/jsonapi/node/result/880944fa-b665-4009-bde1-334ac3021a6d?resourceVersion=id%3A45451"
        }
      },
      "attributes": {
        "drupal_internal__nid": 2051,
        "drupal_internal__vid": 45451,
        "langcode": "en",
        "revision_timestamp": "2021-10-28T09:52:41+00:00",
        "revision_log": null,
        "status": true,
        "title": "Your personal Symptom \u0026 Solution Advisor",
        "created": "2021-10-28T09:52:41+00:00",
        "changed": "2021-10-28T09:52:41+00:00",
        "promote": false,
        "sticky": false,
        "default_langcode": true,
        "revision_translation_affected": true,
        "moderation_state": null,
        "metatag": null,
        "path": { "alias": null, "pid": null, "langcode": "en" },
        "private": false,
        "field_metatags": null,
        "content_translation_source": "und",
        "content_translation_outdated": false,
        "published_at": "2021-10-28T09:52:41+00:00",
        "field_error": "Sorry!, You didn\u0027t give enough answer.",
        "field_instruction": {
          "value": "\u003Cp\u003EYou have completed the Canesten Symptom \u0026amp; Solution Advisor. Based on your responses, below are the recommended treatment options. Show this to your local\u0026nbsp; harmacist, who will be able to help you manage your condition\u003C/p\u003E\r\n",
          "format": "cohesion_without_glossify",
          "processed": "\u003Cp\u003EYou have completed the Canesten Symptom \u0026amp; Solution Advisor. Based on your responses, below are the recommended treatment options. Show this to your local\u00a0 harmacist, who will be able to help you manage your condition\u003C/p\u003E\n"
        },
        "field_references": {
          "value": "\u003Cp\u003E{\u0022result\u0022:\u00223\u0022}\u003C/p\u003E\r\n",
          "format": "cohesion_without_glossify",
          "processed": "\u003Cp\u003E{\u0022result\u0022:\u00223\u0022}\u003C/p\u003E\n"
        }
      },
      "relationships": {
        "node_type": {
          "data": {
            "type": "node_type--node_type",
            "id": "c1aa7a26-ea4d-403b-9942-a00c297f8b2f"
          },
          "links": {
            "related": {
              "href": "https://prod30y1a5s6.main.acsf.baywsf.com/jsonapi/node/result/880944fa-b665-4009-bde1-334ac3021a6d/node_type?resourceVersion=id%3A45451"
            },
            "self": {
              "href": "https://prod30y1a5s6.main.acsf.baywsf.com/jsonapi/node/result/880944fa-b665-4009-bde1-334ac3021a6d/relationships/node_type?resourceVersion=id%3A45451"
            }
          }
        },
        "revision_uid": {
          "data": {
            "type": "user--user",
            "id": "041f4482-fdb0-482d-b2c2-dfaeffadd4f0"
          },
          "links": {
            "related": {
              "href": "https://prod30y1a5s6.main.acsf.baywsf.com/jsonapi/node/result/880944fa-b665-4009-bde1-334ac3021a6d/revision_uid?resourceVersion=id%3A45451"
            },
            "self": {
              "href": "https://prod30y1a5s6.main.acsf.baywsf.com/jsonapi/node/result/880944fa-b665-4009-bde1-334ac3021a6d/relationships/revision_uid?resourceVersion=id%3A45451"
            }
          }
        },
        "uid": {
          "data": {
            "type": "user--user",
            "id": "041f4482-fdb0-482d-b2c2-dfaeffadd4f0"
          },
          "links": {
            "related": {
              "href": "https://prod30y1a5s6.main.acsf.baywsf.com/jsonapi/node/result/880944fa-b665-4009-bde1-334ac3021a6d/uid?resourceVersion=id%3A45451"
            },
            "self": {
              "href": "https://prod30y1a5s6.main.acsf.baywsf.com/jsonapi/node/result/880944fa-b665-4009-bde1-334ac3021a6d/relationships/uid?resourceVersion=id%3A45451"
            }
          }
        },
        "field_schema_json_ld_file": {
          "data": null,
          "links": {
            "related": {
              "href": "https://prod30y1a5s6.main.acsf.baywsf.com/jsonapi/node/result/880944fa-b665-4009-bde1-334ac3021a6d/field_schema_json_ld_file?resourceVersion=id%3A45451"
            },
            "self": {
              "href": "https://prod30y1a5s6.main.acsf.baywsf.com/jsonapi/node/result/880944fa-b665-4009-bde1-334ac3021a6d/relationships/field_schema_json_ld_file?resourceVersion=id%3A45451"
            }
          }
        },
        "field_actions": {
          "data": [],
          "links": {
            "related": {
              "href": "https://prod30y1a5s6.main.acsf.baywsf.com/jsonapi/node/result/880944fa-b665-4009-bde1-334ac3021a6d/field_actions?resourceVersion=id%3A45451"
            },
            "self": {
              "href": "https://prod30y1a5s6.main.acsf.baywsf.com/jsonapi/node/result/880944fa-b665-4009-bde1-334ac3021a6d/relationships/field_actions?resourceVersion=id%3A45451"
            }
          }
        }
      }
    },
    {
      "type": "node--result",
      "id": "fbbd6f36-95f7-459e-90b5-176be74f5ce1",
      "links": {
        "self": {
          "href": "https://prod30y1a5s6.main.acsf.baywsf.com/jsonapi/node/result/fbbd6f36-95f7-459e-90b5-176be74f5ce1?resourceVersion=id%3A45456"
        }
      },
      "attributes": {
        "drupal_internal__nid": 2056,
        "drupal_internal__vid": 45456,
        "langcode": "en",
        "revision_timestamp": "2021-10-28T09:53:37+00:00",
        "revision_log": null,
        "status": true,
        "title": "Your personal Symptom \u0026 Solution Advisor",
        "created": "2021-10-28T09:53:37+00:00",
        "changed": "2021-10-28T09:53:37+00:00",
        "promote": false,
        "sticky": false,
        "default_langcode": true,
        "revision_translation_affected": true,
        "moderation_state": null,
        "metatag": null,
        "path": { "alias": null, "pid": null, "langcode": "en" },
        "private": false,
        "field_metatags": null,
        "content_translation_source": "und",
        "content_translation_outdated": false,
        "published_at": "2021-10-28T09:53:37+00:00",
        "field_error": null,
        "field_instruction": {
          "value": "\u003Cp\u003EYou have completed the Canesten Symptom \u0026amp; Solution Advisor. Based on your responses, below are the recommended treatment options. Show this to your local\u0026nbsp; harmacist, who will be able to help you manage your condition\u003C/p\u003E\r\n",
          "format": "cohesion_without_glossify",
          "processed": "\u003Cp\u003EYou have completed the Canesten Symptom \u0026amp; Solution Advisor. Based on your responses, below are the recommended treatment options. Show this to your local\u00a0 harmacist, who will be able to help you manage your condition\u003C/p\u003E\n"
        },
        "field_references": {
          "value": "\u003Cp\u003E{\u0022result\u0022:\u00222\u0022}\u003C/p\u003E\r\n",
          "format": "cohesion_without_glossify",
          "processed": "\u003Cp\u003E{\u0022result\u0022:\u00222\u0022}\u003C/p\u003E\n"
        }
      },
      "relationships": {
        "node_type": {
          "data": {
            "type": "node_type--node_type",
            "id": "c1aa7a26-ea4d-403b-9942-a00c297f8b2f"
          },
          "links": {
            "related": {
              "href": "https://prod30y1a5s6.main.acsf.baywsf.com/jsonapi/node/result/fbbd6f36-95f7-459e-90b5-176be74f5ce1/node_type?resourceVersion=id%3A45456"
            },
            "self": {
              "href": "https://prod30y1a5s6.main.acsf.baywsf.com/jsonapi/node/result/fbbd6f36-95f7-459e-90b5-176be74f5ce1/relationships/node_type?resourceVersion=id%3A45456"
            }
          }
        },
        "revision_uid": {
          "data": {
            "type": "user--user",
            "id": "041f4482-fdb0-482d-b2c2-dfaeffadd4f0"
          },
          "links": {
            "related": {
              "href": "https://prod30y1a5s6.main.acsf.baywsf.com/jsonapi/node/result/fbbd6f36-95f7-459e-90b5-176be74f5ce1/revision_uid?resourceVersion=id%3A45456"
            },
            "self": {
              "href": "https://prod30y1a5s6.main.acsf.baywsf.com/jsonapi/node/result/fbbd6f36-95f7-459e-90b5-176be74f5ce1/relationships/revision_uid?resourceVersion=id%3A45456"
            }
          }
        },
        "uid": {
          "data": {
            "type": "user--user",
            "id": "041f4482-fdb0-482d-b2c2-dfaeffadd4f0"
          },
          "links": {
            "related": {
              "href": "https://prod30y1a5s6.main.acsf.baywsf.com/jsonapi/node/result/fbbd6f36-95f7-459e-90b5-176be74f5ce1/uid?resourceVersion=id%3A45456"
            },
            "self": {
              "href": "https://prod30y1a5s6.main.acsf.baywsf.com/jsonapi/node/result/fbbd6f36-95f7-459e-90b5-176be74f5ce1/relationships/uid?resourceVersion=id%3A45456"
            }
          }
        },
        "field_schema_json_ld_file": {
          "data": null,
          "links": {
            "related": {
              "href": "https://prod30y1a5s6.main.acsf.baywsf.com/jsonapi/node/result/fbbd6f36-95f7-459e-90b5-176be74f5ce1/field_schema_json_ld_file?resourceVersion=id%3A45456"
            },
            "self": {
              "href": "https://prod30y1a5s6.main.acsf.baywsf.com/jsonapi/node/result/fbbd6f36-95f7-459e-90b5-176be74f5ce1/relationships/field_schema_json_ld_file?resourceVersion=id%3A45456"
            }
          }
        },
        "field_actions": {
          "data": [],
          "links": {
            "related": {
              "href": "https://prod30y1a5s6.main.acsf.baywsf.com/jsonapi/node/result/fbbd6f36-95f7-459e-90b5-176be74f5ce1/field_actions?resourceVersion=id%3A45456"
            },
            "self": {
              "href": "https://prod30y1a5s6.main.acsf.baywsf.com/jsonapi/node/result/fbbd6f36-95f7-459e-90b5-176be74f5ce1/relationships/field_actions?resourceVersion=id%3A45456"
            }
          }
        }
      }
    }
  ],
  "links": {
    "self": {
      "href": "https://prod30y1a5s6.main.acsf.baywsf.com/jsonapi/node/result"
    }
  }
}
